RecordID,OriginalExcelRow,x1,y1,z1,x2,y2,z2,SegmentLength,ux,uy,uz,DirectionFamily,TouchXMin,TouchXMax,TouchYMin,TouchYMax,TouchZMin,TouchZMax
1,3,-5000,-4872.85737033347,2556.81333101074,-337.119122805609,-4694.65516508342,3967.32057366848,4874.80715336013,0.956526223602577,0.0365557445953975,0.289346265048762,1,1,0,0,0,0,0
2,4,-5000,-4866.08250706701,-1349.01698940725,-2499.66714527227,-4677.41226432862,-3842.98260498987,3536.54143714368,0.706999451064582,0.0533488002591512,-0.705199036942967,2,1,0,0,0,0,0
3,5,-5000,-4706.61459072279,-4108.45905076322,-3426.45917816233,-5000,-4884.93993835393,1779.05263698407,0.884482442579779,-0.164911033646857,-0.436457511963802,3,1,0,1,0,0,0
4,6,-5000,-4560.01742740096,964.359666454309,-3605.47101992416,-4152.45454528847,692.569672330724,1478.06913913149,0.943480208845483,0.275740066091883,-0.183881786668849,4,1,0,0,0,0,0
5,7,-5000,-4547.39384234608,-410.884225856586,-2483.39752786214,-4066.21125355775,-4015.92273037563,4422.79632196514,0.569007091653654,0.108796009076568,-0.815103894026315,5,1,0,0,0,0,0
6,8,-5000,-4519.66210305138,3025.31565018178,-1558.37167667412,-4567.34509022482,2994.96538491327,3442.09243364942,0.999865166223022,-0.0138529072337796,-0.00881738821764626,6,1,0,0,0,0,0
7,9,-5000,-4435.68841088378,396.827175517224,-2524.18638177167,-4309.12018384298,92.9776044016462,2497.59827637837,0.991277757373522,0.0506759746905055,-0.121656702756927,7,1,0,0,0,0,0
8,10,-5000,-4427.31798471068,-2547.29172280084,-2520.22920639355,-4593.9107173629,-2789.43457736672,2497.12824849134,0.993049033466594,-0.0667137271595354,-0.0969685296348607,8,1,0,0,0,0,0
9,11,-5000,-4266.16628897089,-3773.88172280203,-3485.9825070119,-1935.54048003478,-2931.73384790774,2904.01079087906,0.52135394873302,0.802554114556377,0.289994747106076,9,1,0,0,0,0,0
10,12,-5000,-4209.37005304343,1282.30863091672,-759.049103205538,-3308.26191366606,1520.79841217019,4342.18122187873,0.976686757205296,0.207524304798013,0.0549239585054175,10,1,0,0,0,0,0
11,13,-5000,-4113.79464480424,-1483.19311457291,-4778.60000563849,-5000,-1494.68012704236,913.515101427663,0.242360519290268,-0.970104767628666,-0.0125745184195619,11,1,0,1,0,0,0
12,14,-5000,-4073.06844973178,4316.19087821228,-3052.51274483836,-4340.69143386373,3699.06174568995,2060.38274038113,0.945206546819252,-0.129889936897085,-0.299521598791966,12,1,0,0,0,0,0
13,15,-5000,-3998.61005755231,1241.72274558076,-646.677960123347,-4404.32707824943,2419.94434435375,4528.15914247438,0.961388922717457,-0.0895986664628175,0.260198805232176,13,1,0,0,0,0,0
14,16,-5000,-3934.96314704756,923.476102249517,-1497.00732366556,-3996.37334061972,1135.33399657542,3509.93057904505,0.998023350446864,-0.0174961276837753,0.0603595682463736,14,1,0,0,0,0,0
15,17,-5000,-3809.67060242485,-2329.36103653559,-4270.0171209558,-3898.40520002173,-2002.07012722856,804.902585300458,0.906920778210332,-0.110242654474462,0.406621764278291,15,1,0,0,0,0,0
16,18,-5000,-3505.79987614971,2439.60639803962,-2576.92489156017,-3456.76012690378,1835.03092185925,2497.84094460506,0.97006781543608,0.0196328550670322,-0.242039220906422,16,1,0,0,0,0,0
17,19,-5000,-3160.9915908559,3668.52224946907,-4102.34949606856,-2841.41616101726,3433.53825557183,981.387976262608,0.914674446440578,0.325636178115479,-0.239440465525289,17,1,0,0,0,0,0
18,20,-5000,-2897.59141411251,288.901642274303,-4040.0246999422,-3964.39042857365,-34.9576720364012,1471.2231541959,0.652501489879337,-0.725110267207699,-0.220129294041536,18,1,0,0,0,0,0
19,21,-5000,-2779.71438908079,-3244.96239808851,-4573.14946376295,-2163.19389376176,-3710.10735315639,882.416415678777,0.483729142673197,0.698672967053528,-0.527126362115645,19,1,0,0,0,0,0
20,22,-5000,-2778.66251188592,2206.82508489744,-3419.62099703407,-3553.43041143183,2744.81331658726,1840.46038496326,0.858686780697797,-0.420964181503628,0.292311769427496,20,1,0,0,0,0,0
21,23,-5000,-2691.57323766101,-1126.55329185837,-1842.85902237545,-2262.68910855129,-937.535580783762,3191.74066050144,0.989159619606608,0.134373113209749,0.0592208864002478,21,1,0,0,0,0,0
22,24,-5000,-2602.2578268195,2880.14555663,-2957.09873840603,-4028.25170916487,4080.1097010496,2765.28806184841,0.738766166816064,-0.515676432419193,0.433938207369798,22,1,0,0,0,0,0
23,25,-5000,-2564.86128944441,-1330.47391306341,-3403.74489856223,-4013.07197165803,-4024.44102447742,3450.04396005675,0.462676742649827,-0.419765863560126,-0.780850082666684,23,1,0,0,0,0,0
24,26,-5000,-2456.20339955356,-2657.38387812609,-3477.9024015447,-539.990915338504,269.997026244971,3815.52228969526,0.398922475847171,0.502214988860175,0.767229407171113,24,1,0,0,0,0,0
25,27,-5000,-2432.17457103533,-3042.63852110194,-3051.86907793065,-3726.31167480155,-220.009212959164,3665.68426682574,0.531450823438297,-0.353041072161642,0.770014300928051,25,1,0,0,0,0,0
26,28,-5000,-2429.63780368038,1192.46496680503,-1136.48576879498,-3251.23992689051,-909.346550295275,4474.30261795094,0.863489701323413,-0.183626856152701,-0.469751757216381,26,1,0,0,0,0,0
27,29,-5000,-2285.37593637789,-1294.23920020719,-3064.99376678937,-3445.2491194506,-817.752309061515,2305.77420421187,0.839200225970101,-0.503029820072587,0.206649415313648,27,1,0,0,0,0,0
28,30,-5000,-1980.646304769,3104.21465993047,-1296.39293705433,-544.587260835758,3821.61080121073,4036.5366439421,0.917520981384852,0.355765144876966,0.177725660525566,28,1,0,0,0,0,0
29,31,-5000,-1885.81724045037,4304.47317215295,-1952.21256355269,148.897971568059,3715.77168678109,3711.55542740026,0.821161773295171,0.548210919065713,-0.158613146667788,29,1,0,0,0,0,0
30,32,-5000,-1832.60798588856,-4442.89166913915,-4193.73371013477,-2022.79385410491,-4369.53273436392,831.635453761807,0.96949485043979,-0.228688985487651,0.088210446588585,30,1,0,0,0,0,0
31,33,-5000,-1823.22140012199,290.683235674212,-3995.73616419977,-2209.34600138377,3386.92990346057,3277.86233502475,0.306377673360296,-0.117797686966883,0.944593259668723,31,1,0,0,0,0,0
32,34,-5000,-1770.83504212766,2589.6427585874,-1386.52055894232,-3296.09996253492,2900.10227380758,3934.46970492368,0.918415876105411,-0.387667216880209,0.0789075881894997,32,1,0,0,0,0,0
33,35,-5000,-1730.49364760457,-1584.90290947253,-1780.69058860293,-1643.08063301096,-2771.82605077521,3432.25591481607,0.937957276874439,0.0254680935114054,-0.345814289715132,33,1,0,0,0,0,0
34,36,-5000,-1690.28799022273,1083.3790173988,-1037.62963183377,-1563.14982673259,981.243942181346,3965.72498047042,0.999154098602221,0.0320592487165004,-0.0257544523940585,34,1,0,0,0,0,0
35,37,-5000,-1568.74135130602,-712.470563064057,-2354.47254035077,51.3673451435429,-675.743671616226,3102.40496915297,0.85273440635686,0.522210579391862,0.0118382003036368,35,1,0,0,0,0,0
36,38,-5000,-1525.23346506892,2224.38202222794,-2413.6764685915,-2347.43049850611,-939.89490181865,4168.65995530506,0.62042084486098,-0.197232933905021,-0.759063334014498,36,1,0,0,0,0,0
37,39,-5000,-1332.26025692466,4449.60978106156,-4085.87573408055,-1200.84449151643,5000,1075.09193562398,0.850275437503769,0.122236769762353,0.511947118847094,37,1,0,0,0,0,1
38,40,-5000,-1194.62051862425,2791.97432075776,-4599.65698133606,-1583.8638820847,2730.79813773728,561.718304811153,0.712711363035487,-0.692951182339183,-0.108909007409056,38,1,0,0,0,0,0
39,41,-5000,-1126.71993264818,4747.84309165573,-4262.20940972175,-903.476370917789,5000,811.0214235043,0.90970542688055,0.275262225214458,0.310912758943825,39,1,0,0,0,0,1
40,42,-5000,-1113.88857078746,3782.59616936743,-3038.77279122151,-908.420118048348,4797.51561919305,2217.8121965483,0.884307161729406,0.0926446581270016,0.457621908385747,40,1,0,0,0,0,0
41,43,-5000,-1099.7597181318,-3498.00726232382,-859.593581892434,-464.39271979464,-3300.67349476013,4193.51846848242,0.987334728397159,0.151511672861927,0.0470568495278626,41,1,0,0,0,0,0
42,44,-5000,-1032.75823239689,-3930.21641597039,-3841.2940835211,-642.904872072403,-3919.37008726385,1222.58033939938,0.947754416734803,0.318877498484893,0.00887166949851995,42,1,0,0,0,0,0
43,45,-5000,-1028.65263600888,0.015221859663427,-3464.03861965299,-1273.96671209501,-218.561818589242,1570.71075645864,0.977876654903681,-0.156180299318265,-0.139158046476815,43,1,0,0,0,0,0
44,46,-5000,-961.751027590173,3156.62516012837,-4188.73500491925,-770.048269359104,2601.05951025203,1001.77543944703,0.809827195931815,0.191363004803638,-0.55458102484825,44,1,0,0,0,0,0
45,47,-5000,-731.749344336892,-1448.85070583919,-2327.24705257705,-763.909003116404,-1950.45099072288,2719.60390634487,0.982772874089268,-0.011825125969441,-0.184438727902049,45,1,0,0,0,0,0
46,48,-5000,-730.487962622236,1855.54491806651,-3941.26413545687,-1135.38813308892,1827.14762813308,1133.87485420103,0.933732554893949,-0.357094232195486,-0.0250444657346599,46,1,0,0,0,0,0
47,49,-5000,-561.292731474646,2432.06024610751,-3516.89101459389,-899.92465203099,2440.27368559865,1521.29921475044,0.974896306410971,-0.222593896896144,0.00539896386687307,47,1,0,0,0,0,0
48,50,-5000,-514.068744165381,4019.84708744789,-3411.10095297855,-424.909542548987,5000,1869.02361591365,0.850122509685217,0.0477036249607845,0.524419758106146,48,1,0,0,0,0,1
49,51,-5000,-476.615832602555,-1280.5382244246,-673.118996697684,-2802.85269639203,-2157.83239774665,4990.28278053823,0.867061285620298,-0.466153315571944,-0.175800493058918,49,1,0,0,0,0,0
50,52,-5000,-424.768298245947,2438.90343590154,-1347.73176400929,-169.264629335002,3420.55206799234,3790.51176351418,0.963529059887337,0.0674061142271902,0.258975223752034,50,1,0,0,0,0,0
51,53,-5000,-283.275356566054,933.891906571597,-4379.75247074549,-1271.17341410157,934.480040778632,1166.46899467179,0.531730832184725,-0.846913258773313,0.00050420046286823,51,1,0,0,0,0,0
52,54,-5000,-281.724644649797,3536.49433861641,-463.63770658839,124.771338411342,4513.20773858641,4658.08876117796,0.973867722577367,0.087266688958143,0.209681148223334,52,1,0,0,0,0,0
53,55,-5000,-164.470951784556,-3645.76776975669,-2688.10956364959,-2232.55516649171,-2354.21718604344,3360.04652037727,0.688053103529895,-0.61549273266459,0.384384732735257,53,1,0,0,0,0,0
54,56,-5000,-26.7677428770708,-3530.30197874937,-2660.91141296876,-61.3227277094073,-3300.85596774969,2350.56906661349,0.995115872260331,-0.014700689004693,0.0976129628602008,54,1,0,0,0,0,0
55,57,-5000,127.505239762082,-1252.26830164535,-2248.85280868866,1511.80528368367,-1705.40359744172,3112.94540205222,0.883776242749917,0.44469139838077,-0.145564806725373,55,1,0,0,0,0,0
56,58,-5000,215.344816075578,-4722.96002279038,-4554.82293054323,156.107720828442,-5000,527.676800319801,0.843654807615133,-0.112260185043639,-0.525018301054203,56,1,0,0,0,1,0
57,59,-5000,219.832056652714,1547.39993402217,-1243.59092220063,1068.96624807133,1309.39443422368,3858.5340030566,0.973532713414906,0.220066530642457,-0.0616828825688591,57,1,0,0,0,0,0
58,60,-5000,346.991808315544,-355.331480048224,-3168.03348944253,304.854789176287,-452.564454844165,1835.02890319845,0.998331147462775,-0.0229625915242055,-0.052987162559927,58,1,0,0,0,0,0
59,61,-5000,365.573051258324,-447.706374220298,-1191.75117865526,518.842460481699,-1001.89852117701,3851.41266716847,0.988792723721432,0.0397956340877015,-0.143893213957815,59,1,0,0,0,0,0
60,62,-5000,598.350872167653,-242.484499556541,-3939.3627919814,3784.94787024668,-848.530426292623,3412.71788762464,0.310789594377178,0.933741698847837,-0.177584537219955,60,1,0,0,0,0,0
61,63,-5000,749.662862224878,3843.64876445069,-1140.56253982493,30.9393602218937,3260.29982847812,3968.89366983223,0.972421480955979,-0.18108913006817,-0.14698023794556,61,1,0,0,0,0,0
62,64,-5000,1000.775202406,1139.47708819548,-2314.34446694224,992.637982139226,1146.10089740263,2685.67602875809,0.999992368513509,-0.00302985921594451,0.00246634707098787,62,1,0,0,0,0,0
63,65,-5000,1003.09122308877,-3286.42572353727,-68.3151146029868,637.107139705193,-3979.21483066616,4993.53751413764,0.98761346469001,-0.0732915457924182,-0.138737138785375,63,1,0,0,0,0,0
64,66,-5000,1026.01054918311,-4860.53209466251,-1712.1759605972,2828.3771307533,-3353.05775855939,4041.13735010894,0.813588788145042,0.446004781679,0.373032195023632,64,1,0,0,0,0,0
65,67,-5000,1046.11706766861,1788.56189644159,-2378.37015958896,3020.94096491727,1117.71913924,3350.06006665072,0.7825620401583,0.589489101078424,-0.200247978798863,65,1,0,0,0,0,0
66,68,-5000,1194.16708449381,2524.20597801391,-4278.74995388142,479.023569555252,2797.94365905574,1051.93355018598,0.685642211897378,-0.679837157786363,0.260223358208731,66,1,0,0,0,0,0
67,69,-5000,1267.55444478739,-4446.96716704255,-1321.90725800691,3096.10853520288,-1973.78722751036,4794.64235304177,0.767125568742301,0.38137445001616,0.515821568622982,67,1,0,0,0,0,0
68,70,-5000,1627.86460746779,450.994674718855,-1426.58171239957,-365.593857143029,378.317336970383,4092.49030587831,0.873164753125426,-0.487101572787475,-0.0177587073680006,68,1,0,0,0,0,0
69,71,-5000,1846.30617244491,-923.970593359659,-4303.035218537,1847.3209924815,-827.154160731464,703.657841629242,0.99048818932971,0.00144220667567674,0.137590213453782,69,1,0,0,0,0,0
70,72,-5000,2079.61755137113,2353.86167246439,-2619.29098444703,4561.01415799683,4115.29691397877,3863.64577130947,0.616182009549519,0.642242263784111,0.455899775956271,70,1,0,0,0,0,0
71,73,-5000,2103.41205632157,-2260.48027008985,-2625.59151327081,3326.08016801863,-1178.90185466049,2881.41368809394,0.824042898296864,0.424329250863612,0.375363808362007,71,1,0,0,0,0,0
72,74,-5000,2297.16565005442,-2351.88553803245,-2038.66394048171,1713.47815093003,-954.593023176349,3326.05302515012,0.890345414557734,-0.175489535106869,0.420105303280014,72,1,0,0,0,0,0
73,75,-5000,2315.81765375918,4091.04323119117,-967.459659485311,312.620083606072,5000,4593.51548495366,0.877876727252477,-0.436092482264337,0.197878242010106,73,1,0,0,0,0,1
74,76,-5000,2352.95881316785,-4333.08370987709,-4360.93868271287,2198.50476408577,-4544.80591895259,690.711020866485,0.92522241281953,-0.22361601945821,-0.306527914973615,74,1,0,0,0,0,0
75,77,-5000,2627.09113694637,1730.26194557632,-2642.21389292369,3910.39189723333,4313.9614353286,3725.79108665815,0.632828318130721,0.344437122328836,0.69346332890332,75,1,0,0,0,0,0
76,78,-5000,2685.05139773563,-3256.3901885425,-2620.55874300038,2573.00278259517,-5000,2952.02824550811,0.806036073882506,-0.0379564847697363,-0.590648078693226,76,1,0,0,0,1,0
77,79,-5000,2818.62465634076,378.700572215921,-685.553343817277,2637.72908546581,233.884409242303,4320.66486523392,0.998560821252018,-0.0418675311595028,-0.0335171015319601,77,1,0,0,0,0,0
78,80,-5000,3028.59273721468,3838.84536454666,-4106.5715338784,2850.17217161023,3962.38128470717,919.407116503299,0.9717441273671,-0.194060457442423,0.13436476392563,78,1,0,0,0,0,0
79,81,-5000,3254.23450499493,1899.31110932199,-2603.65870441669,1039.7209558079,944.056882182582,3399.85771804035,0.704835759116573,-0.651354772123657,-0.280968883512575,79,1,0,0,0,0,0
80,82,-5000,3411.9230946411,3287.08706342088,-4482.53829449633,3883.67840956613,2963.6904047954,771.300909264929,0.670894717337783,0.61163588588872,-0.419287277819607,80,1,0,0,0,0,0
81,83,-5000,3498.43532509654,-3572.39428580983,-4149.95874864043,5000,-4293.25167629091,1870.00052923577,0.454567385447192,0.802975534727317,-0.385485126453776,81,1,0,0,1,0,0
82,84,-5000,3565.49103718811,-2132.46832683517,-4546.36479139988,4224.19290758382,-1992.40497257619,811.96724056501,0.558686589725536,0.811241928845984,0.17249877490318,82,1,0,0,0,0,0
83,85,-5000,3661.40876230168,200.799658762158,-2587.39716625327,3249.44185661583,-601.851704214715,2575.77529595882,0.936651126956572,-0.159938992478184,-0.311615444187296,83,1,0,0,0,0,0
84,86,-5000,3806.1067662756,-3937.37836358058,-1042.20617861071,3853.29927026519,-4962.64609087465,4088.70798391017,0.967981532788339,0.0115421556578022,-0.25075591882049,84,1,0,0,0,0,0
85,87,-5000,4268.99144661317,2473.37106164901,-3946.69720504164,5000,3540.84755127942,1668.3304045978,0.631351434976868,0.438167734264281,0.63984717097316,85,1,0,0,1,0,0
86,88,-5000,4321.31901781948,-3598.00449626768,-2504.86390859264,2456.65557167601,-1802.23708289236,3595.47694819031,0.693965258952145,-0.518613656272222,0.499451794366022,86,1,0,0,0,0,0
87,89,-5000,4516.05011482006,127.577383940598,-4467.32729598824,4063.70432695529,174.563232702057,700.403163458043,0.760522984193616,-0.645836300383682,0.06708400420335,87,1,0,0,0,0,0
88,90,-5000,4583.30546841803,-4734.57668717026,-4250.34906526807,4355.45710117692,-5000,827.249017764548,0.906197431044029,-0.275428997010861,-0.32085056268424,88,1,0,0,0,1,0
89,91,-5000,4590.6972436687,-422.156804273222,-3023.20894546589,4221.01331886411,-899.307553840379,2066.89184897457,0.956407591192951,-0.178859830033196,-0.230854241262736,89,1,0,0,0,0,0
90,92,-5000,4726.03596082898,3929.70319677292,-3460.34701963225,4970.55812487301,4265.37900658388,1594.67885104065,0.965494073846287,0.153336305855226,0.210497436265557,90,1,0,0,0,0,0
91,93,-5000,4917.7334003533,2912.43041845257,-4364.3405761474,5000,3075.00067848884,661.256218116935,0.961290656234241,0.124409566810535,0.245850633358463,91,1,0,0,1,0,0
92,94,-4995.91838936805,1956.76737973369,1769.17430952256,-4139.83987317681,148.224702947496,5000,3800.25416017011,0.225268753117534,-0.475900453117389,0.850160424620869,92,0,0,0,0,0,1
93,95,-4902.46883794863,-94.4166207700482,672.934600297983,97.3763590855169,-82.0764201731013,710.294005322419,5000,0.99996903940683,0.00246804011938938,0.0074718810048872,93,0,0,0,0,0,0
94,96,-4897.9224016491,-4362.03473939685,1312.21633831054,-3012.14751113252,238.568230852889,1839.76289779741,5000,0.377154978103316,0.920120594049948,0.105509311897374,94,0,0,0,0,0,0
95,97,-4845.08073283386,1462.43827903822,-85.8584979188063,-257.976588278578,-503.036407640955,222.985836701638,5000,0.917420828911057,-0.393094937335835,0.0617688669240889,95,0,0,0,0,0,0
96,98,-4833.38316603981,1700.44016001606,-4028.8396946924,-4383.69077915118,605.021236298684,-5000,1531.44317552721,0.293639616588333,-0.715285386504966,-0.634147137044944,96,0,0,0,0,1,0
97,99,-4801.86959698975,-3582.07213390288,-1984.64462751909,-2690.87373362849,-3968.24918667436,2531.38944551273,5000,0.422199172672252,-0.077235410554296,0.903206814606364,97,0,0,0,0,0,0
98,100,-4779.75109652657,-2344.06989304822,-3220.67869193697,183.472108314943,-1901.26852208205,-3633.40422397159,5000,0.992644640968302,0.0885602741932339,-0.0825451064069239,98,0,0,0,0,0,0
99,101,-4778.60000563849,5000,-1494.68012704236,-4462.99576928441,3736.72009258158,-1511.05478779547,1302.20977112235,0.242360519290274,-0.970104767628664,-0.0125745184195608,11,0,0,0,1,0,0
100,102,-4745.53953435397,3309.54611875961,-4101.31881632114,-3133.25193614438,-375.504264302602,-1131.31336599743,4999.99999999999,0.322457519641918,-0.737010076612443,0.594001090064743,99,0,0,0,0,0,0
101,103,-4741.19356786378,-378.567447110398,1578.804023168,169.012165270613,561.698729085063,1654.82491632829,5000,0.982041146626879,0.188053235239092,0.015204178632058,100,0,0,0,0,0,0
102,104,-4737.93168805124,-5000,3732.66449817433,-3894.04947168852,-4160.76206070917,3732.52092145894,1190.15021507902,0.709055214771093,0.705152953516129,-0.000120637473800522,101,0,0,1,0,0,0
103,105,-4677.06527617311,1542.78684951119,-2987.78613940108,-232.43418966324,1953.7437089671,-734.706255221154,5000,0.888926217301974,0.082191371891182,0.450615976835985,102,0,0,0,0,0,0
104,106,-4668.25542612177,2564.41390693882,1131.01493516207,-4242.63293207097,5000,-1891.82706138378,3905.22827248758,0.108987865587607,0.623673169176802,-0.774050013373568,103,0,0,0,1,0,0
105,107,-4645.06298240691,-4013.03042006628,-4280.17502219044,-1825.07983650809,-4061.56376308928,-5000,2910.80889568809,0.968797075643195,-0.0166734900030348,-0.247293794819669,104,0,0,0,0,1,0
106,108,-4642.45937836692,-4593.49833680742,3474.40935702149,-1330.03038400753,-3673.72855897134,-156.270705047679,5000,0.662485798871878,0.183953955567216,-0.726136012413834,105,0,0,0,0,0,0
107,109,-4628.93500514492,-4623.92424534162,-3379.01806989156,347.663690561501,-4719.99669224236,-3852.55318668825,5000,0.995319739141284,-0.019214489380148,-0.094707023359338,106,0,0,0,0,0,0
108,110,-4571.84128933919,-731.76490888297,4020.15092057908,-918.340568478979,-4145.25624114645,4017.08379880479,5000,0.730700144172043,-0.682698266452696,-0.000613424354857944,107,0,0,0,0,0,0
109,111,-4565.75792650676,973.668456715803,-249.852342702499,-3598.81024182215,5000,2206.34902198435,4814.48425745186,0.200841384658797,0.836295504975895,0.510169154854986,108,0,0,0,1,0,0
110,112,-4554.82293054323,156.107720828442,5000,-3643.57413195483,34.8532008198337,4432.91700378619,1080.12043594506,0.843654807615128,-0.112260185043639,-0.52501830105421,56,0,0,0,0,0,1
111,113,-4537.55944532078,2428.70864022709,-631.52951422848,-418.27972558606,-214.860659395111,-1652.84041139802,5000,0.823855943946944,-0.52871385992444,-0.204262179433908,109,0,0,0,0,0,0
112,114,-4531.87720662466,656.546568365086,-4461.362601052,-4275.03899601177,280.742455792943,-5000,705.212623967009,0.364199678060365,-0.532894760814327,-0.763794323360267,110,0,0,0,0,1,0
113,115,-4518.7611476125,2882.08375528358,694.061209470425,-105.926251516752,2788.08677966835,3043.11479514591,5000,0.882566979219149,-0.018799395123046,0.469810717135097,111,0,0,0,0,0,0
114,116,-4464.31365797202,-3357.94869264603,1667.83281348784,-3780.03862899474,1578.01319683164,2077.76928459312,5000.00000000001,0.136855005795456,0.987192377895532,0.0819872942210559,112,0,0,0,0,0,0
115,117,-4463.68735379139,-4886.22789661029,-2725.99859426592,-1902.45867861374,-608.74850625676,-3104.51905414699,5000,0.51224573503553,0.855495878070705,-0.075704091976214,113,0,0,0,0,0,0
116,118,-4437.424910375,-1542.88317408878,3661.64513403437,393.788811329587,-1730.25327255817,2387.17802131123,5000,0.966242744340918,-0.037474019693878,-0.254893422544628,114,0,0,0,0,0,0
117,119,-4422.28950725118,715.442990850514,4148.53114128022,-528.062227498771,345.954062170818,1034.29418414043,5000,0.778845455950482,-0.0738977857359392,-0.622847391427958,115,0,0,0,0,0,0
118,120,-4410.28259747553,-1045.28868406092,-5000,-1643.83896399538,2545.40656668242,-3320.95510371989,4833.7867686378,0.572313957129671,0.742832777407602,0.347356012303637,116,0,0,0,0,1,0
119,121,-4403.60727755624,-4592.70038720672,-3723.58682101653,-1184.96159580262,-871.28701203014,-2833.97878014365,5000.00000000001,0.643729136350723,0.744282675035315,0.177921608174576,117,0,0,0,0,0,0
120,122,-4397.29493631101,1830.1361867125,-2506.42937971872,-327.237248089884,2386.60773512022,344.003890920108,5000,0.814011537644226,0.111294309681544,0.570086654127766,118,0,0,0,0,0,0
121,123,-4383.69077915118,605.021236298684,5000,-3365.18508309814,-1875.98677250877,2800.42462008289,3468.55682447278,0.293639616588335,-0.715285386504967,-0.634147137044942,96,0,0,0,0,0,1
122,124,-4367.72812969583,2076.92333379447,1425.12626491372,423.899947702362,3460.13217657474,1068.7084410836,5000,0.958325615479638,0.276641768556054,-0.071283564766024,119,0,0,0,0,0,0
123,125,-4366.88748213927,-3819.61253713339,-2675.94087134222,-4310.41849023409,-5000,-4411.12283861205,2099.37127947342,0.0268980491718186,-0.562257602744134,-0.82652458106651,120,0,0,1,0,0,0
124,126,-4364.3405761474,-5000,3075.00067848884,-785.813656439914,-4536.86953991139,3990.21097830275,3722.62738277933,0.961290656234237,0.124409566810534,0.245850633358477,91,0,0,1,0,0,0
125,127,-4326.70685705914,-3313.35506887951,-3148.29031733543,611.160511270979,-2743.99181004891,-3689.85410145916,5000,0.987573473666023,0.11387265176612,-0.108312756824746,121,0,0,0,0,0,0
126,128,-4325.93534522974,-1636.01576929022,687.287707327499,283.385320464921,194.607517827582,52.4795619306548,5000,0.921864133138931,0.36612465742356,-0.126961629079369,122,0,0,0,0,0,0
127,129,-4314.49442587369,3019.10780590509,406.19185737708,-4052.34173484081,5000,1355.7031235774,2212.29056922531,0.118498308802482,0.895403262867304,0.429198261480098,123,0,0,0,1,0,0
128,130,-4313.76832575146,-563.93752595661,-133.083517332063,-2857.92470190704,-2445.58479963247,4264.63439999503,5000,0.291168724768884,-0.376329454735172,0.879543583465419,124,0,0,0,0,0,0
129,131,-4310.41849023409,5000,-4411.12283861205,-4291.2543332253,4599.40615360099,-5000,712.473863303729,0.0268980491718343,-0.562257602744139,-0.826524581066507,120,0,0,0,1,1,0
130,132,-4291.2543332253,4599.40615360099,5000,-4232.39723628016,3369.09944914594,3191.43622332523,2188.15485722285,0.0268980491718215,-0.562257602744132,-0.826524581066511,120,0,0,0,0,0,1
131,133,-4283.65344231607,782.214621001764,4731.05726019267,-441.016747520069,-925.388000762852,2025.83332899032,5000,0.7685273389592,-0.341520524352923,-0.54104478624047,125,0,0,0,0,0,0
132,134,-4275.03899601177,280.742455792943,5000,-2710.87881632285,-2007.92723570653,1719.66578214666,4294.78737603298,0.364199678060362,-0.532894760814324,-0.76379432336027,110,0,0,0,0,0,1
133,135,-4262.20940972175,-903.476370917789,-5000,-1005.2872507959,82.0158712142527,-3886.8719212006,3580.19427244057,0.909705426880549,0.275262225214456,0.310912758943831,39,0,0,0,0,1,0
134,136,-4250.34906526807,4355.45710117692,5000,-1847.3691289889,3625.09710343992,4149.19482415013,2651.71788614618,0.906197431044029,-0.27542899701086,-0.320850562684242,88,0,0,0,0,0,1
135,137,-4242.63293207097,-5000,-1891.82706138378,-4123.31609818374,-4317.22024717717,-2739.23513170577,1094.77172751241,0.108987865587602,0.623673169176802,-0.774050013373569,103,0,0,1,0,0,0
136,138,-4224.87904616298,1018.43605070981,1905.69831751946,751.900062945494,1373.51986922207,2230.63705170217,5000,0.995355821821694,0.0710167637024519,0.0649877468365419,126,0,0,0,0,0,0
137,139,-4223.07600315043,-1771.37115843877,1892.94507460088,433.368702860982,-644.452482854297,3323.88078191874,5000,0.931288941202282,0.225383735116894,0.286187141463572,127,0,0,0,0,0,0
138,140,-4210.6959543032,-1730.15353464306,-1888.43185450096,-3056.33359422777,999.467459856282,-5000,4297.11991408837,0.26863629201754,0.6352210431806,-0.72410549570599,128,0,0,0,0,1,0
139,141,-4149.95874864043,-5000,-4293.25167629091,-3677.69359568689,-4165.76205010203,-4693.74497614987,1038.93321006507,0.454567385447193,0.802975534727317,-0.385485126453774,81,0,0,1,0,0,0
140,142,-4139.83987317681,148.224702947496,-5000,-3869.57462378038,-422.734885853251,-3980.0235673731,1199.74583982989,0.225268753117536,-0.475900453117389,0.850160424620868,92,0,0,0,0,1,0
141,143,-4102.31621428781,4431.47429291086,-2415.60705080457,894.504935331985,4605.85934665772,-2378.61716378044,5000,0.999364229923958,0.0348770107493721,0.00739797740482599,129,0,0,0,0,0,0
142,144,-4085.87573408055,-1200.84449151643,-5000,-2821.0453594091,-1019.01073215131,-4238.45116819516,1487.55370187422,0.850275437503768,0.122236769762343,0.511947118847098,37,0,0,0,0,1,0
143,145,-4052.34173484081,-5000,1355.7031235774,-3722.00288186128,-2503.8758797584,2552.18316477757,2787.70943077468,0.118498308802482,0.895403262867303,0.429198261480099,123,0,0,1,0,0,0
144,146,-4012.39270998318,-1834.8453603863,3726.07429706474,344.762915275798,-943.423431913583,1441.21942142996,5000,0.871431125051796,0.178284385694543,-0.456970975126956,130,0,0,0,0,0,0
145,147,-3949.01857827991,-2074.5740788911,-4102.45285721345,-3353.52228170234,-2658.59118070843,-5000,1225.26841466554,0.486012933533523,-0.47664421511816,-0.732531037316872,131,0,0,0,0,1,0
146,148,-3946.69720504164,-5000,3540.84755127942,-2835.61847855312,-4228.89404980516,4666.87743018227,1759.84192786261,0.631351434976868,0.438167734264278,0.639847170973162,85,0,0,1,0,0,0
147,149,-3941.62191782659,-2541.21008300394,4386.14290663014,127.47594178968,-3896.30340931817,5000,4332.51149395308,0.939200707325425,-0.312773163603961,0.141686200769836,132,0,0,0,0,0,1
148,150,-3936.74189396395,-815.010304383299,5000,19.8734899426172,1651.04826883585,3841.45871502447,4804.00542169829,0.82360760169747,0.51333384472896,-0.24116152736688,133,0,0,0,0,0,1
149,151,-3935.66950286621,-221.024131726583,1238.27483308518,-924.248509871287,-1698.47073322929,4946.17115615808,5000,0.602284198598985,-0.295489320300542,0.741579264614581,134,0,0,0,0,0,0
150,152,-3927.63123837517,3971.44880669682,3989.56636951461,-2318.33342960861,5000,3077.37824990617,2116.56423481571,0.760334972260683,0.485953214357671,-0.430975873353479,135,0,0,0,1,0,0
151,153,-3902.89572773884,-3088.9993237149,1630.40870061951,476.949011720593,-766.260515050205,980.91313870055,5000,0.875968947891887,0.464547761732939,-0.129899112383792,136,0,0,0,0,0,0
152,154,-3868.12247744941,1284.55208881491,2507.95188151583,-2994.47150044517,5000,1259.87007037014,4015.66027169416,0.217560978243724,0.925239601909249,-0.310803635442781,137,0,0,0,1,0,0
153,155,-3831.21985516059,3507.15877538373,965.904437966886,-3543.18800486655,5000,1968.08629923084,1820.96286391131,0.158175576230789,0.819808714500493,0.550358209453723,138,0,0,0,1,0,0
154,156,-3786.81574078267,4843.24926450574,1101.85560042605,-1801.77961053379,1129.35410692689,-1593.81023942112,5000,0.397007226049776,-0.74277903151577,-0.539133167969434,139,0,0,0,0,0,0
155,157,-3779.58706323983,2768.76779575297,-2930.32195471563,-2949.65479393071,601.473047834658,1498.4528085801,5000,0.165986453861824,-0.433458949583662,0.885754952659145,140,0,0,0,0,0,0
156,158,-3767.53791624575,756.658513759222,2570.50459685003,-1139.28564155133,-881.152943100944,5000,3936.06202969232,0.667736497765475,-0.416104076740933,0.617240120918491,141,0,0,0,0,0,1
157,159,-3736.69743835885,-973.397803807633,2686.98807733915,-1053.83607794081,-4905.37937369601,4217.27427764092,5000,0.536572272083608,-0.786396313977675,0.306057240060354,142,0,0,0,0,0,0
158,160,-3655.86794161053,-2561.94305782553,5000,324.917711790812,-2983.52391990687,2664.20596181481,4634.68646516899,0.858911532272592,-0.090962110436087,-0.503981025629103,143,0,0,0,0,0,1
159,161,-3634.45936732771,1213.13905013493,4050.24673685265,-1090.27763432926,5000,4187.86395752528,4564.22118696735,0.557418588797382,0.829683925195837,0.0301513040309224,144,0,0,0,1,0,0
160,162,-3628.8074308068,-4587.61306219392,4681.3589361279,346.901667158697,-3755.04279473817,1765.78627915242,5000,0.795141819593099,0.16651405349115,-0.583114531395096,145,0,0,0,0,0,0
161,163,-3558.93159825572,-5000,3336.89271681722,-3253.21910971766,-52.5884890382549,2701.62965415288,4997.38931275427,0.0611744391732348,0.989999217858618,-0.127118986116017,146,0,0,1,0,0,0
162,164,-3543.18800486655,-5000,1968.08629923084,-3040.34197400664,-2393.79765211381,3717.69548523551,3179.03713608869,0.15817557623079,0.819808714500491,0.550358209453725,138,0,0,1,0,0,0
163,165,-3496.54007033917,-4290.83309731229,1172.81001896321,-1606.50179312531,-5000,314.908956809084,2193.43489022273,0.861679681324819,-0.323313404855933,-0.391122191945717,147,0,0,1,0,0,0
164,166,-3496.37091092846,-696.631470477054,1531.62191440463,247.096691063384,2229.7953930502,3088.05248634269,5000,0.748693520398369,0.585285372705451,0.311286114387612,148,0,0,0,0,0,0
165,167,-3482.77574037465,2116.61032978454,4198.39286257169,-2074.82170008288,2676.84055965415,5000,1714.28308421033,0.821307783562673,0.32680146880623,0.467604880904231,149,0,0,0,0,0,1
166,168,-3457.83167560648,-4229.12624197928,1555.86418738945,445.692382111427,-5000,1744.71416539256,3983.39186299556,0.979949799561625,-0.193521949266878,0.0474093397030471,150,0,0,1,0,0,0
167,169,-3453.7495830052,-2903.72992487522,4589.29175869421,-3183.76253826938,-2636.9787828253,5000,559.223064247723,0.482789537836769,0.477003112181645,0.73442650627846,151,0,0,0,0,0,1
168,170,-3418.29014619929,5000,1434.77003819485,-2896.96682537518,1031.94875525788,3561.56028795574,4532.156821229,0.115027643876352,-0.875532644006367,0.469266694347121,152,0,0,0,1,0,0
169,171,-3411.10095297855,-424.909542548987,-5000,-2384.35372529927,-367.294829233286,-4366.62477861562,1207.76384107211,0.850122509685219,0.0477036249607851,0.524419758106143,48,0,0,0,0,1,0
170,172,-3381.94352263597,-2014.29877013302,-4270.86180286394,1445.20194002736,-742.106703383865,-3987.67630254788,4999.99999999999,0.965429092532668,0.254438413349831,0.0566371000632122,153,0,0,0,0,0,0
171,173,-3381.48967918435,2792.75267863163,3344.15385990426,1447.60182498836,1898.6392594994,2405.83811451012,4999.99999999999,0.965818300834543,-0.178822683826446,-0.187663149078828,154,0,0,0,0,0,0
172,174,-3365.54201309952,3426.34108505962,-2178.65524259573,1568.31768688051,4133.78797753554,-2574.315899269,5000,0.986771939996006,0.141489378495184,-0.079132131334654,155,0,0,0,0,0,0
173,175,-3353.52228170234,-2658.59118070843,5000,-1518.9539106123,-4457.79515448191,2234.89195620219,3774.73158533446,0.486012933533521,-0.476644215118162,-0.732531037316872,131,0,0,0,0,0,1
174,176,-3353.12058222035,3082.95543817606,2986.00711651426,-2430.32442495684,2492.59944991985,5000,2292.64918281482,0.40250212033336,-0.257499486917311,0.878456633741513,156,0,0,0,0,0,1
175,177,-3330.97683930299,-192.554020631002,767.786431203294,-964.278987507449,-3933.94320669486,-1556.16456585125,5000,0.473339570359108,-0.748277837212771,-0.464790199410909,157,0,0,0,0,0,0
176,178,-3286.85924593133,-2974.02552709837,3459.42089366925,-1003.25046987847,-2627.96721279353,-975.144992754681,5000,0.456721755210572,0.0692116628609679,-0.886913177284786,158,0,0,0,0,0,0
177,179,-3252.76362536888,386.447498381996,875.664562809716,-2020.03735496558,-13.8691441656208,5000,4323.19445208131,0.285142452893793,-0.0925974177161735,0.954001834269729,159,0,0,0,0,0,1
178,180,-3193.28962195469,4956.52572546604,5000,-907.288935789322,4530.30275265791,3871.94801863882,2584.56310279916,0.884482442579777,-0.164911033646854,-0.436457511963808,3,0,0,0,0,0,1
179,181,-3183.76253826938,-2636.9787828253,-5000,-1039.80189382133,-518.714363967028,-1738.57570991348,4440.77693575228,0.482789537836774,0.477003112181637,0.734426506278461,151,0,0,0,0,1,0
180,182,-3132.55886825909,-2477.77804858886,-18.8121899238568,-733.401974794709,-529.811963343794,3911.76974298091,5000,0.479831378692876,0.389593217049013,0.786116386580953,160,0,0,0,0,0,0
181,183,-3127.03672616569,2903.73641347257,467.769085676664,-3029.66894210302,-1619.45701440739,2596.44020367734,5000,0.019473556812534,-0.904638685575992,0.425734223600135,161,0,0,0,0,0,0
182,184,-3118.66362985694,3167.45706181989,926.242622903726,-1987.85122394199,5000,114.817859327749,2301.16502332824,0.491408653639026,0.79635442030561,-0.352614764847412,162,0,0,0,1,0,0
183,185,-3115.7239937972,-814.320182024368,-801.001503680503,-1631.39949981614,3935.44525802039,-1287.32347637384,5000,0.296864898796212,0.949953088008951,-0.0972643945386673,163,0,0,0,0,0,0
184,186,-3093.68097161333,504.855793962775,190.215289626727,1309.4637032721,159.848374049618,2533.99148462336,4999.99999999999,0.880628934977087,-0.0690014839826315,0.468755238999327,164,0,0,0,0,0,0
185,187,-3089.67308499266,-3525.67520974636,-3568.40727676765,-2843.90956049885,-3123.85811683023,-5000,1507.08805693065,0.163071774979316,0.266618191995015,-0.949906487977845,165,0,0,0,0,1,0
186,188,-3084.82362850467,594.686233675939,1354.51266409409,288.152295570044,-2163.34240434362,3807.32970730712,5000,0.674595184814943,-0.551605727603912,0.490563408642606,166,0,0,0,0,0,0
187,189,-3056.33359422777,999.467459856282,5000,-2867.51449421549,1445.95168125994,4491.04066696909,702.880085911635,0.268636292017552,0.6352210431806,-0.724105495705986,128,0,0,0,0,0,1
188,190,-3048.36888233805,-2547.3639288818,2298.33794672485,499.538428499835,-2299.25638439847,5000,4466.33871196905,0.794365931390308,0.05555054385339,0.604894126375848,167,0,0,0,0,0,1
189,191,-2994.47150044517,-5000,1259.87007037014,-2780.31758623079,-4089.24990163884,953.933704301927,984.339728305846,0.217560978243723,0.92523960190925,-0.310803635442778,137,0,0,1,0,0,0
190,192,-2986.51011041048,-3997.31782735063,2302.07283132353,1942.1340348178,-4063.26347848573,3141.19026100985,5000,0.985728829045656,-0.01318913022702,0.167823485937264,168,0,0,0,0,0,0
191,193,-2986.31280160509,-4387.10103169164,-366.71570439906,1962.46839744592,-4564.87028875375,-1058.06419478782,5000,0.989756239810202,-0.0355538514124221,-0.138269698077752,169,0,0,0,0,0,0
192,194,-2969.40250126496,1406.65104185053,2094.97168441098,530.595838770839,114.225906157981,5000,4728.58759313997,0.740178387540805,-0.273321601902341,0.614354341199793,170,0,0,0,0,0,1
193,195,-2968.73708555886,-835.022338979809,-4918.29134699381,166.542246581075,-3757.3536433087,-2343.41207658218,5000,0.627055866427987,-0.584466260865779,0.514975854082326,171,0,0,0,0,0,0
194,196,-2895.93436936923,1368.51452280352,-2002.05617326184,2103.42009067578,1354.80752479818,-1922.89114920624,5000,0.999870892009002,-0.002741399601068,0.01583300481112,172,0,0,0,0,0,0
195,197,-2843.90956049885,-3123.85811683023,5000,-2274.31421009608,-2192.58424977127,1682.06028334313,3492.91194306935,0.163071774979316,0.26661819199502,-0.949906487977844,165,0,0,0,0,0,1
196,198,-2842.11048487333,-5000,471.198127263159,-1180.52502181864,-848.929626044734,1262.81558483149,4540.804961644,0.365923107706682,0.914170595085937,0.174334168557138,173,0,0,1,0,0,0
197,199,-2834.85811065107,-2402.68161026534,3706.40903851621,-2792.29860490794,-5000,4736.14938638688,2794.32269310754,0.0152307054042495,-0.929498370442753,0.368511607628791,174,0,0,1,0,0,0
198,200,-2793.92468518926,-3116.18560171035,-513.773974660901,363.940369207,-5000,-986.77375054526,3707.37065546017,0.851780236687529,-0.508126802890667,-0.12758362188246,175,0,0,1,0,0,0
199,201,-2792.29860490794,5000,4736.14938638688,-2781.39357265528,4334.48849285431,5000,715.989966532897,0.0152307054042481,-0.929498370442754,0.368511607628788,174,0,0,0,1,0,1
200,202,-2781.39357265528,4334.48849285431,-5000,-2758.70458362983,2949.8265375209,-4451.03292333984,1489.68734035956,0.0152307054042453,-0.929498370442753,0.368511607628791,174,0,0,0,0,1,0
201,203,-2746.01690991268,3619.88483228078,3319.02036967736,-2152.91734216583,5000,4032.0536847076,1662.79929088666,0.356687407191875,0.829995042265925,0.428815022316992,176,0,0,0,1,0,0
202,204,-2735.73864867041,4334.7976314327,-1158.0041120667,-2304.00169128125,318.681575067157,-4104.93726730237,5000,0.086347391477832,-0.803223211273108,-0.589386631047134,177,0,0,0,0,0,0
203,205,-2732.62655978701,3173.87799493308,-1253.96384006569,6.86960683836378,-247.520179918855,-3660.03850269874,5000,0.547899233325075,-0.684279634970387,-0.48121493252661,178,0,0,0,0,0,0
204,206,-2713.51983737423,2768.20364613302,-4216.7934866811,-1913.90102083919,5000,-528.991986408167,4384.08315640866,0.182391343413766,0.50906797938003,0.841179642060871,179,0,0,0,1,0,0
205,207,-2705.11635183855,2724.75473679113,209.559653063315,358.693964527135,3894.63999047646,3983.7396750735,5000,0.612762063273137,0.233977050737066,0.754836004402037,180,0,0,0,0,0,0
206,208,-2677.92026474569,-2636.29494613645,-4264.98243282158,272.65986457879,-1223.98345351364,-483.520658819213,5000.00000000001,0.590116025864895,0.282462298524562,0.756292354800472,181,0,0,0,0,0,0
207,209,-2639.76796077274,-2885.06730731208,2684.63195984258,1355.18881554025,-2713.12865382102,5000,4620.62460134513,0.864592370293402,0.0372111280022632,0.501094167979668,182,0,0,0,0,0,1
208,210,-2629.90751246813,-2843.64608887052,-2734.93360670101,-2189.80705200214,-5000,-4650.91555074587,2917.96802848347,0.150824291482974,-0.738991616796495,-0.656615125780058,183,0,0,1,0,0,0
209,211,-2620.55874300038,2573.00278259517,5000,-1704.90018548046,2529.88414160758,4329.02262657665,1136.00195721934,0.806036073882505,-0.0379564847697393,-0.590648078693227,76,0,0,0,0,0,1
210,212,-2558.61843911067,-2372.71621498393,3461.18778183696,-1723.79412288732,-10.9155985317666,5000,2939.89401740938,0.283964085534959,0.8033625030243,0.523424385046041,184,0,0,0,0,0,1
211,213,-2558.22695403246,2942.37905225634,-2002.4004020602,2339.82657173754,2979.80168390297,-998.572127237908,5000,0.979610705154,0.00748452632932604,0.200765654964458,185,0,0,0,0,0,0
212,214,-2556.99566448664,4442.37920643136,-3160.32796331038,602.993942573618,5000,-1324.39072059552,3696.90963175142,0.854765174652973,0.150834304625527,0.496614044050917,186,0,0,0,1,0,0
213,215,-2520.59504579702,2704.46472649792,2786.33384317137,-921.723081166874,5000,2627.22017736635,2801.99766413508,0.570618592975767,0.819249531462641,-0.056785795306555,187,0,0,0,1,0,0
214,216,-2514.9777610282,-1076.90801464736,-2360.48997091467,2219.74083863324,-2656.87033186128,-2066.96167891529,5000,0.946943719932287,-0.315992463442784,0.0587056583998759,188,0,0,0,0,0,0
215,217,-2470.45984035823,-3863.37174097604,-4506.98479799321,-2170.23239774886,-4096.64564367117,-5000,622.589126458353,0.482224038054178,-0.374683547755044,-0.79187891509019,189,0,0,0,0,1,0
216,218,-2446.27314653107,1373.72966518059,-2438.82758059225,2551.99180759701,1375.05774147409,-2570.53059706634,5000,0.999652990825616,0.000265615258700018,-0.026340603294818,190,0,0,0,0,0,0
217,219,-2438.33403198682,1949.28385329019,-4240.40876203936,-2033.28362992771,5000,-1495.90193092838,4123.50004025937,0.0982297558153126,0.739836574978648,0.66557701086826,191,0,0,0,1,0,0
218,220,-2430.32442495684,2492.59944991985,-5000,-1340.60998055355,1795.45800358949,-2621.70971477817,2707.35081718519,0.402502120333359,-0.257499486917315,0.878456633741512,156,0,0,0,0,1,0
219,221,-2429.25437488962,-1243.579648126,2720.59759159582,-1707.4938831343,2671.09221648456,5000,4587.0763405977,0.157346518384142,0.853413279819205,0.49691835041646,192,0,0,0,0,0,1
220,222,-2414.47353666484,-849.026396101761,-3329.22657332843,1356.42189347572,-3862.29170084743,-2025.16374579248,5000,0.754179086028112,-0.602653060949134,0.26081256550719,193,0,0,0,0,0,0
221,223,-2406.55684813261,1553.72190916102,2981.06732438274,2590.26838778432,1411.12145989842,3087.85062632555,5000,0.999365047183386,-0.02852008985252,0.021356660388562,194,0,0,0,0,0,0
222,224,-2404.00490826933,117.226869004377,-4832.9411747539,676.714848596792,2426.64187272604,-1642.9931939492,5000,0.616143951373225,0.461883000744333,0.63798959616094,195,0,0,0,0,0,0
223,225,-2395.64019653782,-119.973703180315,2506.29549538455,1357.798453951,-2985.68846615203,4149.27364323153,5000.00000000001,0.750687730097763,-0.573142952594342,0.328595629569396,196,0,0,0,0,0,0
224,226,-2392.33093833262,-2788.67312895647,-153.262345847898,-650.511828604231,-5000,1002.08725958384,3042.81663141002,0.572436436605528,-0.726736816217156,0.379697413740096,197,0,0,1,0,0,0
225,227,-2357.32332415099,-3978.94082377783,-3712.33910970985,2596.33596851486,-3342.34894670237,-3475.67395759219,5000.00000000001,0.990731858533169,0.127318375415092,0.0473330304235319,198,0,0,0,0,0,0
226,228,-2345.28127734759,-3451.81618422104,2481.30622919476,-1994.91457542075,-5000,4210.28056631406,2347.12211264691,0.149275020689793,-0.659609403122631,0.736635869008745,199,0,0,1,0,0,0
227,229,-2318.33342960861,-5000,3077.37824990617,-125.956377071757,-3598.78512151482,1834.68700274722,2883.43576518429,0.760334972260682,0.485953214357673,-0.430975873353477,135,0,0,1,0,0,0
228,230,-2274.23620732417,1886.7944044507,3789.67674392776,2714.709817092,2185.72391823163,3644.56054478786,5000,0.997789204883233,0.0597859027561859,-0.02902323982798,200,0,0,0,0,0,0
229,231,-2273.23100033529,-997.119451403975,3158.27000080394,2708.44274581757,-1382.38882162524,3343.99614129194,4999.99999999999,0.996334749230573,-0.0770538740442531,0.0371452280976001,201,0,0,0,0,0,0
230,232,-2254.24596254165,2436.54255627196,2425.05814136151,411.500150875135,3403.29212507181,5000,3830.29145697035,0.695964300201143,0.252395824093376,0.672257421547549,202,0,0,0,0,0,1
231,233,-2253.4458059737,1535.25248123995,-3228.86436047797,-2166.88121009537,1396.09493378098,-5000,1778.70169108243,0.0486672927294801,-0.0782354613798595,-0.995746306646961,203,0,0,0,0,1,0
232,234,-2189.80705200214,5000,-4650.91555074587,-2109.62246188334,4607.12071436619,-5000,531.642412043764,0.150824291482974,-0.738991616796494,-0.656615125780058,183,0,0,0,1,1,0
233,235,-2188.50524220757,2097.4606904741,-4434.40067871513,883.230792207638,4540.63601007918,-1336.76737366629,5000.00000000001,0.614347206883041,0.488635063921015,0.619526661009767,204,0,0,0,0,0,0
234,236,-2170.23239774886,-4096.64564367117,5000,-1007.60012282569,-5000,3090.79616140672,2410.9795098861,0.482224038054183,-0.37468354775504,-0.791878915090189,189,0,0,1,0,0,1
235,237,-2166.88121009537,1396.09493378098,5000,-2010.10934232631,1144.07517434065,1792.40410628723,3221.29830891757,0.0486672927294768,-0.0782354613798604,-0.995746306646961,203,0,0,0,0,0,1
236,238,-2152.91734216583,-5000,4032.0536847076,-1347.78169267974,-3126.4867109101,5000,2257.25840961064,0.356687407191881,0.829995042265924,0.428815022316989,176,0,0,1,0,0,1
237,239,-2109.62246188334,4607.12071436619,5000,-1875.78605505326,3461.395827147,3981.9907643987,1550.38955947277,0.150824291482973,-0.738991616796496,-0.656615125780057,183,0,0,0,0,0,1
238,240,-2108.23336608646,-3665.72367124177,389.165966663762,2878.66509324681,-4025.37325495226,350.488670528782,5000,0.997379691866654,-0.0719299167420981,-0.007735459226996,205,0,0,0,0,0,0
239,241,-2074.82170008288,2676.84055965415,-5000,623.763177438724,3750.61767381568,-3463.58273290715,3285.71691578968,0.821307783562674,0.326801468806226,0.467604880904232,149,0,0,0,0,1,0
240,242,-2071.1049254666,4244.89005528479,-2447.3561755707,2802.62036856449,4053.76307960668,-3547.47991292472,5000.00000000001,0.974745058806217,-0.0382253951356219,-0.220024747470804,206,0,0,0,0,0,0
241,243,-2033.28362992771,-5000,-1495.90193092838,-1947.18525291025,-4351.53327181657,-912.523707698063,876.499959740629,0.0982297558153203,0.739836574978648,0.665577010868258,191,0,0,1,0,0,0
242,244,-2033.25644272164,-4865.30820637923,2322.528469226,-1547.66880763091,-4682.87130466361,-2650.49087776426,5000,0.0971175270181459,0.0364873803431239,-0.994603869398051,207,0,0,0,0,0,0
243,245,-2020.03735496558,-13.8691441656208,-5000,-1827.05136089992,-76.5395901988716,-4354.32626584164,676.80554791869,0.285142452893789,-0.0925974177161737,0.95400183426973,159,0,0,0,0,1,0
244,246,-1994.91457542075,5000,4210.28056631406,-1834.8824757604,4292.85772495863,5000,1072.06215025698,0.149275020689788,-0.659609403122628,0.736635869008748,199,0,0,0,1,0,1
245,247,-1993.0511691762,-583.626826635024,-4381.51774328181,2970.46485508624,-232.395679875713,-4871.56402521457,5000,0.992703204852488,0.0702462293518622,-0.0980092563865521,208,0,0,0,0,0,0
246,248,-1987.85122394199,-5000,114.817859327749,-661.620361661812,-2850.77083665206,-836.831201333332,2698.83497667175,0.491408653639026,0.79635442030561,-0.352614764847412,162,0,0,1,0,0,0
247,249,-1979.2166521355,-3031.76700765613,1464.07268224517,1593.33253453891,-116.438784863866,-469.254414286326,5000,0.714509837334882,0.583065644558453,-0.386665419306299,209,0,0,0,0,0,0
248,250,-1976.3601228957,-636.977474317082,-2204.53441950196,2104.54289273436,-3328.89966613609,-1155.82783984592,5000,0.816180603126011,-0.538384438363801,0.209741315931208,210,0,0,0,0,0,0
249,251,-1967.20584138617,735.587853598221,-1791.44236131533,-193.372875396314,5000,-35.5187824782665,4941.14986216036,0.358991938207335,0.863040439040094,0.355367399860514,211,0,0,0,1,0,0
250,252,-1959.7032688218,-3760.91767555766,4797.89980168489,3039.74010150104,-3753.46937823196,4872.13260980926,5000.00000000001,0.999888674064567,0.00148965946513999,0.0148465616248741,212,0,0,0,0,0,0
251,253,-1921.17214367799,4023.54136107669,-4239.69943339324,1971.10566789727,4380.81451405255,-5000,3981.90000124325,0.977492606635022,0.0897242906311838,-0.190939141206302,213,0,0,0,0,1,0
252,254,-1913.90102083919,-5000,-528.991986408167,-1801.5631203054,-4686.45645696683,-10.8952763767429,615.91684359134,0.182391343413765,0.509067979380031,0.84117964206087,179,0,0,1,0,0,0
253,255,-1913.65157229474,658.792262492777,-2053.58803643263,2896.3161635127,1004.33478139584,-732.67518990504,5000,0.961993547161487,0.0691085037806125,0.264182569305518,214,0,0,0,0,0,0
254,256,-1903.57591142826,4616.10307835296,-3945.18109835403,-1592.7428138185,5000,-3331.87517089938,787.488553358562,0.394714432716625,0.487495240419377,0.77881249808516,215,0,0,0,1,0,0
255,257,-1838.89283938742,45.9084458449079,-3327.47236662416,875.431190135028,3155.76205410684,-505.902662020478,5000,0.542864805904489,0.621970721652386,0.564313940920736,216,0,0,0,0,0,0
256,258,-1834.8824757604,4292.85772495863,-5000,-1598.90617389863,3250.13680016581,-3835.51442576151,1580.8157370961,0.149275020689792,-0.659609403122629,0.736635869008746,199,0,0,0,0,1,0
257,259,-1827.4342002489,-1648.39626907614,-1547.27202047728,1900.74434373872,-1068.43932429652,1733.63253259223,5000,0.745635708797524,0.115991388955924,0.656180910613902,217,0,0,0,0,0,0
258,260,-1825.07983650809,-4061.56376308928,5000,198.922395809066,-4096.39787008146,4483.35600371121,2089.19110431191,0.968797075643195,-0.0166734900030374,-0.24729379481967,104,0,0,0,0,0,1
259,261,-1824.9495825332,-4478.62663682293,2381.53247841767,-1760.73036069822,-23.933804265962,111.821558694086,5000,0.012843844366996,0.890938566511394,-0.453942183944717,218,0,0,0,0,0,0
260,262,-1804.43496642929,-125.481945182031,-2904.76845004073,2961.94331755027,-1166.95184877341,-3998.83357329502,5000,0.953275656795912,-0.208293980718276,-0.218813024650858,219,0,0,0,0,0,0
261,263,-1768.36631086668,3611.11350022682,1302.35594993159,2600.5213962355,4559.00000040452,-936.914329760507,5000,0.873777541420436,0.18957730003554,-0.447854055938419,220,0,0,0,0,0,0
262,264,-1760.28009020591,-100.847387880996,-2161.86617951344,2430.10000398021,2622.9702440665,-2015.127724633,5000,0.838076018837223,0.544763526389499,0.0293476909760879,221,0,0,0,0,0,0
263,265,-1723.79412288732,-10.9155985317666,-5000,-1138.79801143588,1644.09630013757,-3921.69029293283,2060.10598259062,0.283964085534957,0.8033625030243,0.523424385046043,184,0,0,0,0,1,0
264,266,-1714.324078827,2687.77286668013,-322.869727028028,-62.3824690924421,322.61173875842,-4406.63046401982,5000,0.330388321946911,-0.473032225584342,-0.816752147398358,222,0,0,0,0,0,0
265,267,-1696.85726928882,4633.57939662882,4469.7931162593,3269.10056783173,4054.68853600402,4405.38712720526,5000,0.993191567424111,-0.11577817212496,-0.0128811978108081,223,0,0,0,0,0,0
266,268,-1688.02675109733,3264.63107973665,-3397.74222253306,3024.24235084434,4009.94075078403,-1901.40221934895,4999.99999999999,0.942453820388335,0.149061934209476,0.299268000636822,224,0,0,0,0,0,0
267,269,-1687.9610282177,5000,1177.15310769089,3183.78868966805,4086.64282368784,1093.21147565664,4957.33929067089,0.98273477610334,-0.184243426313585,-0.0169327994539768,225,0,0,0,1,0,0
268,270,-1678.84298934076,-3136.82305666654,1160.98133744767,2697.56123343217,-5000,243.579738289891,4844.16844643241,0.903437663485056,-0.384622657931236,-0.189382679257039,226,0,0,1,0,0,0
269,271,-1668.94292631907,-2095.64445248237,2000.7498810709,-352.052958113104,-4831.42805953957,5000,4267.81119649178,0.308563314442886,-0.641027327850413,0.702760731635583,227,0,0,0,0,0,1
270,272,-1638.21381065445,-2001.95466930316,1739.68347518704,2612.1045022839,-4424.66491892332,707.564642355113,5000,0.85006366258767,-0.484542049924032,-0.206423766566385,228,0,0,0,0,0,0
271,273,-1630.79438494195,-1627.7545400243,-2431.43756672781,-949.22480432159,-5000,-4331.0400569523,3930.02113943689,0.173426441344287,-0.858073109616629,-0.483356812298642,229,0,0,1,0,0,0
272,274,-1606.50179312531,5000,314.908956809084,811.85833628492,4092.59987840804,-782.800940765375,2806.56510977727,0.861679681324818,-0.323313404855935,-0.391122191945717,147,0,0,0,1,0,0
273,275,-1592.7428138185,-5000,-3331.87517089938,69.996252154885,-2946.42071955013,-51.1186079282602,4212.51144664144,0.39471443271663,0.487495240419383,0.778812498085153,215,0,0,1,0,0,0
274,276,-1574.65981391307,298.460551002785,2855.46447150688,232.462995940462,202.716371570795,-1805.55904293842,5000,0.361424561970706,-0.019148835886398,-0.932204702889059,230,0,0,0,0,0,0
275,277,-1561.9368141303,4624.04884276696,3593.21278741863,3426.54560476326,4962.26087065698,3618.8210005628,5000.00000000001,0.997696483778711,0.067642405578004,0.00512164262883397,231,0,0,0,0,0,0
276,278,-1548.58886727104,-98.2144255899202,-4227.9844913351,-768.385068247016,4808.10762137702,-4793.03847409661,5000,0.156040759804805,0.981264409393387,-0.113010796552302,232,0,0,0,0,0,0
277,279,-1538.64137353927,-650.382714172144,2840.70790805912,356.774037270775,-732.512169948754,5000,2874.34986829384,0.659424042882828,-0.0285732285698959,0.751227996201658,233,0,0,0,0,0,1
278,280,-1489.57061795279,4386.19018971233,1992.54195980958,1540.97012933524,550.103182441659,943.609525533649,5000,0.606108149457606,-0.767217401454135,-0.209786486855186,234,0,0,0,0,0,0
279,281,-1465.67232088247,-2716.32934866515,2555.56071368742,559.91870832304,-5000,-209.547977391733,4118.7372743169,0.491799037980993,-0.554458927393857,-0.671348645693297,235,0,0,1,0,0,0
280,282,-1462.5326550549,-2061.1894796973,4271.08530302224,3482.02142277178,-1913.35280985366,4998.77293552472,5000,0.988910815565336,0.0295673339687281,0.145537526500496,236,0,0,0,0,0,0
281,283,-1410.4247519827,-1801.71988954496,2327.68588257511,-777.434329676149,-5000,2312.15287707315,3260.35486012245,0.194147707677065,-0.980960738223116,-0.00476420701683269,237,0,0,1,0,0,0
282,284,-1370.47673295522,544.724842807719,-2522.27527979119,3254.3599382504,1055.73116491742,-692.040785679673,5000,0.924967334241124,0.10220126442194,0.366046898822303,238,0,0,0,0,0,0
283,285,-1347.78169267974,-3126.4867109101,-5000,-962.579873953287,-2230.1399563896,-4536.90451873769,1079.9422995027,0.356687407191879,0.829995042265924,0.42881502231699,176,0,0,0,0,1,0
284,286,-1289.85348481225,-922.684354973808,2795.09947323115,2697.27621127285,-1616.50014374302,-141.125388364235,4999.99999999999,0.797425939217021,-0.138763157753843,-0.587244972319078,239,0,0,0,0,0,0
285,287,-1287.5492143397,510.037087201225,-3113.48050250706,1991.96950774375,3481.76950960515,-786.773954371387,5000,0.65590374441669,0.594346484480785,0.465341309627135,240,0,0,0,0,0,0
286,288,-1195.86508286475,1713.51827928881,-2864.80604719042,3280.3796441118,-513.312515087985,-2931.57248658817,5000,0.89524894539531,-0.445366158875359,-0.0133532878795499,241,0,0,0,0,0,0
287,289,-1191.06447425374,4854.01252903279,3310.70161072481,3250.65348246953,2564.3602456412,3141.48573061371,5000,0.888343591344653,-0.457930456678318,-0.03384317602222,242,0,0,0,0,0,0
288,290,-1172.37821295477,3442.62672615013,-67.954334003678,3798.65040662973,3948.14092733008,-250.518995636845,5000,0.9942057239169,0.10110284023599,-0.0365129323266334,243,0,0,0,0,0,0
289,291,-1164.21722372438,4444.28286971334,3053.98346259342,726.959080512002,2620.85584286194,-1200.2574878045,4999.99999999999,0.378235260847277,-0.364685405370281,-0.850848190079585,244,0,0,0,0,0,0
290,292,-1139.28564155133,-881.152943100944,-5000,-428.855427418372,-1323.86186994544,-4343.29479855752,1063.93797030767,0.667736497765478,-0.416104076740932,0.617240120918488,141,0,0,0,0,1,0
291,293,-1122.31996570061,-2622.92397988768,-1872.3566919596,2775.91924704288,-149.022610723488,-3791.61255188984,5000,0.779647842548698,0.494780273832838,-0.383851171986048,245,0,0,0,0,0,0
292,294,-1115.62918680786,-2644.33441256991,-4686.32069539784,-859.66131957779,-2117.32262155939,-5000,664.571804287634,0.385162093213458,0.793009555341327,-0.472002126148578,246,0,0,0,0,1,0
293,295,-1061.35395684506,-3390.18109115154,-2144.22934907679,3325.6147854483,-4782.55634713434,-4097.63570738216,5000,0.877393748458672,-0.27847505119656,-0.390681271661074,247,0,0,0,0,0,0
294,296,-1042.35387041865,-3835.56683670731,1322.40942771576,297.191363687103,-3081.76415771512,-3435.46825954447,5000,0.267909046821151,0.150760535798438,-0.951575537452046,248,0,0,0,0,0,0
295,297,-1029.0689812948,-5000,-2318.12850182297,2558.25111562526,-2482.78222076087,-4391.09020975249,4847.92956512635,0.739969516621177,0.519235633567527,-0.427597323781558,249,0,0,1,0,0,0
296,298,-1021.46911361414,4270.80141946141,-2415.39333624588,3776.25490871123,3333.24044315314,-3465.54743032255,5000,0.959544804465073,-0.187512195261654,-0.210030818815334,250,0,0,0,0,0,0
297,299,-1007.60012282569,5000,3090.79616140672,-59.3396500873241,4263.21052024876,1533.62062655584,1966.43136365555,0.48222403805418,-0.374683547755039,-0.791878915090191,189,0,0,0,1,0,0
298,300,-1001.0229248571,-1870.25182089103,120.667151387046,3968.80440840674,-1600.3748282402,-356.80817402925,5000,0.993965466652767,0.053975398530166,-0.0954950650832591,251,0,0,0,0,0,0
299,301,-950.257296144078,1499.49936863303,2966.68000651468,2461.7418969606,-459.051505773072,-119.148890008285,5000,0.682399838620935,-0.39171017488122,-0.617165779304593,252,0,0,0,0,0,0
300,302,-949.22480432159,5000,-4331.0400569523,-763.662178220516,4081.87991189255,-4848.22162822102,1069.97886056311,0.173426441344285,-0.85807310961663,-0.483356812298642,229,0,0,0,1,0,0
301,303,-943.883047879913,-1796.63283259212,-2999.87574297452,778.809805718535,-5000,-3395.28955843804,3658.6314329986,0.470857173002129,-0.875564326735808,-0.108076974329016,253,0,0,1,0,0,0
302,304,-939.621197616654,-3684.98516091987,-605.647591962363,-885.05274629301,-5000,-1223.84486893666,1454.10096490555,0.0375272781193626,-0.904349058846509,-0.425140545185219,254,0,0,1,0,0,0
303,305,-924.116992474872,-1871.61122667849,-1439.10685171816,3252.41366437023,163.48285637705,408.860611616995,5000,0.83530613136902,0.407018816611108,0.369593492667031,255,0,0,0,0,0,0
304,306,-921.723081166874,-5000,2627.22017736635,332.497919081818,-3199.28761618887,2502.4048666386,2198.00233586492,0.570618592975767,0.819249531462642,-0.0567857953065526,187,0,0,1,0,0,0
305,307,-910.643496863629,-450.056741007482,-1105.08540016829,4080.52349906419,-697.387397598801,-940.526702218454,5000,0.998233399185565,-0.0494661313182638,0.0329117395899672,256,0,0,0,0,0,0
306,308,-908.524734493589,3603.37968043794,1710.26256478597,3956.85337702761,3624.65202077418,2862.4966206388,5000,0.973075622304239,0.00425446806724803,0.230446811170566,257,0,0,0,0,0,0
307,309,-885.05274629301,5000,-1223.84486893666,-751.984807019842,1793.26954484759,-2731.35031788847,3545.89903509446,0.0375272781193623,-0.904349058846508,-0.425140545185222,254,0,0,0,1,0,0
308,310,-859.66131957779,-2117.32262155939,5000,810.181279259444,1320.71336413673,2953.66867385928,4335.42819571237,0.385162093213461,0.793009555341327,-0.472002126148575,246,0,0,0,0,0,1
309,311,-816.786552340955,1153.60241984912,3248.23555409033,3846.87436003794,1929.17934483832,4875.73281300462,5000,0.932732182475779,0.15511538499784,0.325499451782858,258,0,0,0,0,0,0
310,312,-777.434329676149,5000,2312.15287707315,-439.686213597374,3293.47641933945,2303.86484749095,1739.64513987756,0.194147707677065,-0.980960738223117,-0.00476420701683071,237,0,0,0,1,0,0
311,313,-775.312506684465,1207.43249816536,3820.471398528,1531.21178765571,3207.76701415233,5000,3273.0231007313,0.704707612306439,0.611158080595284,0.360378941782737,259,0,0,0,0,0,1
312,314,-720.662959498911,1395.74107118604,-3368.76689505706,4131.43149099703,2501.62059165755,-3852.71929939884,5000,0.970418890099188,0.221175904094302,-0.096790480868356,260,0,0,0,0,0,0
313,315,-704.26011590517,1397.35574361483,-2062.10024317056,4274.26865519084,1541.76761242385,-2501.86891817634,5000,0.995705754219202,0.028882373761804,-0.0879537350011559,261,0,0,0,0,0,0
314,316,-658.666884309651,-2631.64145942732,2307.07644646147,-238.999264181734,-5000,-1839.3001927787,4793.50417987968,0.0875492342093776,-0.494076661185289,-0.864999066162125,262,0,0,1,0,0,0
315,317,-650.511828604231,5000,1002.08725958384,469.851244695014,3577.64278995776,1745.22472285259,1957.18336858997,0.572436436605527,-0.726736816217154,0.379697413740101,197,0,0,0,1,0,0
316,318,-628.303131437458,3941.83493952219,-2970.13746682894,3448.15566079556,3483.4251532117,-111.406247731752,5000,0.815291758446604,-0.091681957262098,0.571746243819438,263,0,0,0,0,0,0
317,319,-611.897627660977,-1832.7227813926,3058.5871537184,-9.33664821784089,-164.572020328917,5000,2629.61794473875,0.229143925888063,0.634370009681925,0.738287039060527,264,0,0,0,0,0,1
318,320,-600.293524099337,2058.66606159803,544.869717003619,3535.89127867356,-549.669822608702,-498.470684049675,5000,0.827236960554579,-0.521667176841346,-0.208668080210659,265,0,0,0,0,0,0
319,321,-541.389696544848,-4477.10912074193,229.79011253271,4409.93296649692,-4134.97285589825,-376.301186470811,5000,0.990264532608354,0.0684272529687362,-0.121218259800704,266,0,0,0,0,0,0
320,322,-533.710007971979,-580.055111920089,-1355.23468988366,2552.91086491322,-2685.61035636179,1967.3258738493,5000,0.61732417457704,-0.42111104888834,0.664512112746592,267,0,0,0,0,0,0
321,323,-514.141679471809,3603.84491387508,-1790.11529514643,1578.72833284756,4676.42747672536,-5000,3979.18308966163,0.525954690990944,0.26954843209828,-0.806669266662602,268,0,0,0,0,1,0
322,324,-503.316277716019,-2536.20202748796,434.485855444772,4367.71549417358,-3230.90696665853,-454.577991944181,5000,0.974206354377921,-0.138940987834114,-0.177812769477791,269,0,0,0,0,0,0
323,325,-465.372955518574,308.12634250627,-2814.46533546512,4220.95132692436,-730.463145720607,-1414.57369868376,5000,0.937264856488586,-0.207717897645375,0.279978327356272,270,0,0,0,0,0,0
324,326,-436.455355049266,-1018.12076494026,319.488721381171,3381.58948285985,-2131.10870961898,-2710.98837813888,5000.00000000001,0.763608967581822,-0.222597588935744,-0.606095419904009,271,0,0,0,0,0,0
325,327,-425.685083763202,-2747.83684877655,-2647.37640701039,3242.9911355031,-5000,-106.040357091689,4998.981194219,0.733884781064768,-0.450524429623366,0.508370796204953,272,0,0,1,0,0,0
326,328,-418.74576243275,632.329806281322,-4816.96976636464,3867.1642306188,-1594.10859772961,-3523.15851096216,5000,0.85718199861031,-0.445287680802186,0.258762251080496,273,0,0,0,0,0,0
327,329,-414.147359128009,-213.361934866363,-3902.442133719,4392.53058126761,734.006471408728,-4901.61192915214,5000,0.961335588079124,0.189473681255018,-0.199833959086628,274,0,0,0,0,0,0
328,330,-403.88275820486,-1325.2405856818,-4191.238712224,631.091769525115,-1223.82665823466,699.420030958747,5000,0.206994905545995,0.020282785489428,0.97813174863655,275,0,0,0,0,0,0
329,331,-397.875958023511,2315.67886379874,-4449.70523441582,828.086612497854,2054.78407850822,390.640795228022,5000.00000000001,0.245192514104273,-0.052178957058104,0.968069205928767,276,0,0,0,0,0,0
330,332,-392.074020409426,-1116.11102244978,-1281.25884910726,1917.79921275,-5000,-2038.3165604007,4581.83853070264,0.504136760315995,-0.84767041691332,-0.165230115862975,277,0,0,1,0,0,0
331,333,-381.467276296109,172.279256578303,-1186.26355630822,3962.00297077972,-2303.12253986502,-1267.8243246482,5000,0.868694049415166,-0.495080359288665,-0.016312153667996,278,0,0,0,0,0,0
332,334,-371.3647187537,-1299.16849353423,-4433.05606033993,-329.180988389027,-29.0710892014554,-5000,1391.5287687711,0.0303146663664932,0.912735282831727,-0.407425237899145,279,0,0,0,0,1,0
333,335,-368.865902150036,-3149.50771607562,-931.872482803781,3294.3013204958,-3316.50174300868,2467.14485959121,5000,0.732633444529167,-0.033398805386612,0.679803468478998,280,0,0,0,0,0,0
334,336,-330.447858179871,2793.11421678497,-3911.93531027542,2749.70994887475,4109.09927983667,-5000,3521.79976312683,0.874597652968182,0.373668337657932,-0.30895132117294,281,0,0,0,0,1,0
335,337,-329.180988389027,-29.0710892014554,5000,-219.791386921234,3264.5079206244,3529.81775016435,3608.47123122889,0.0303146663664933,0.912735282831728,-0.407425237899144,279,0,0,0,0,0,1
336,338,-282.135790835826,-1268.68413518342,1519.21346714945,4085.23625867751,983.672379599244,595.659726728388,5000,0.873474409902668,0.450471302956533,-0.184710748084213,282,0,0,0,0,0,0
337,339,-270.578233818549,261.710661713484,2529.95981221472,920.427495625266,-1402.39506345766,-2032.0855062674,5000,0.238201145888763,-0.332821145034229,-0.912409063696424,283,0,0,0,0,0,0
338,340,-203.022377696583,-4050.4016749952,4380.48543607846,4788.13732617284,-3885.56832088296,4133.19051934494,5000,0.998231940773884,0.032966670822448,-0.049458983346704,284,0,0,0,0,0,0
339,341,-185.834471623048,-1015.99448022286,3503.63552234271,2622.38106001486,226.556192561225,-442.247566831559,5000,0.561643106327581,0.248510134556817,-0.789176617834853,285,0,0,0,0,0,0
340,342,-155.293961348396,2767.08119774224,421.095504509658,4270.51116369474,4550.77926535305,-1072.44733007642,5000,0.885161025008626,0.356739613522162,-0.298708566917215,286,0,0,0,0,0,0
341,343,-86.1455555047714,2126.88721944666,-4115.80358825911,878.232853230145,3262.75545695612,657.012942028117,4999.99999999999,0.192875681746984,0.227173647501892,0.954563306057447,287,0,0,0,0,0,0
342,344,-81.7282437599506,-3707.73601417115,-1895.37735052434,458.134127585559,-5000,-1619.36362320694,1427.43867354528,0.378203548321044,-0.905302630353498,0.193362932105429,288,0,0,1,0,0,0
343,345,-63.0604605725512,-2575.97595484392,2693.87582587505,4526.91315842301,-3415.55032132768,897.419018693707,5000,0.917994723799112,-0.167914873296752,-0.359291361436269,289,0,0,0,0,0,0
344,346,-38.4408876811713,-4330.4626423527,-3595.37063258734,4911.22760106878,-4967.03507292936,-3286.24704548102,5000,0.989933697749991,-0.127314486115332,0.061824717421264,290,0,0,0,0,0,0
345,347,-9.33664821784089,-164.572020328917,-5000,533.822001779335,1339.12726701702,-3249.97765097897,2370.38205526124,0.229143925888063,0.634370009681925,0.738287039060527,264,0,0,0,0,1,0
346,348,-2.83675374090944,1276.58331143327,-4501.5357393613,276.483792974385,678.423357603801,-5000,827.213344498678,0.337664459323457,-0.72310239892464,-0.602582470355078,291,0,0,0,0,1,0
347,349,92.0145236920653,2387.73542071801,1936.39342771548,3128.88296811596,-405.599433226992,4760.34640979547,5000,0.607373688884779,-0.558666970789,0.564790596415998,292,0,0,0,0,0,0
348,350,106.998054848587,-132.056937913214,-3311.95882972781,1456.99076751935,1058.32567570105,1352.85723405656,5000,0.269998542534153,0.238076522722853,0.932963212756874,293,0,0,0,0,0,0
349,351,127.47594178968,-3896.30340931817,-5000,754.381618800539,-4105.07590102375,-4905.42608952068,667.488506046921,0.939200707325425,-0.312773163603965,0.141686200769833,132,0,0,0,0,1,0
350,352,156.891365494355,4807.07204571865,4591.63849545779,1092.30143225638,5000,3939.49912249388,1156.50289680255,0.808826393213721,0.166820121951056,-0.563889095969339,294,0,0,0,1,0,0
351,353,211.148240821421,1136.46844059657,-2525.87633098532,5000,2320.05109684332,-2747.10737505857,4937.90565426453,0.969814349337107,0.239693250361025,-0.0448026065225018,295,0,1,0,0,0,0
352,354,231.672702700437,3630.53732214301,-763.977686007768,1610.86558347968,5000,-1215.93292663453,1995.46099134144,0.691165042445698,0.686288874500309,-0.226491644080166,296,0,0,0,1,0,0
353,355,254.41793273461,-4059.37458782871,2455.57122246777,1528.4648257635,769.288514533416,2208.95987185719,5000,0.254809378605778,0.965732620472426,-0.049322270122116,297,0,0,0,0,0,0
354,356,276.483792974385,678.423357603801,5000,1685.48554287638,-2338.92868318992,2485.5519088633,4172.78665550132,0.337664459323458,-0.723102398924637,-0.60258247035508,291,0,0,0,0,0,1
355,357,356.774037270775,-732.512169948754,-5000,1758.47884087487,-793.248857021623,-3403.15211093259,2125.65013170616,0.659424042882829,-0.0285732285698957,0.751227996201658,233,0,0,0,0,1,0
356,358,363.940369207,5000,-986.77375054526,1464.97649824839,4343.18038383631,-1151.6920840732,1292.62934453984,0.851780236687528,-0.508126802890669,-0.127583621882458,175,0,0,0,1,0,0
357,359,383.107705224529,-3933.65443276843,3435.6812403306,3773.68094695761,-310.867463698459,2819.70423655496,5000,0.678114648346616,0.724557393813994,-0.123195400755128,298,0,0,0,0,0,0
358,360,406.992942192289,-3542.14741296542,4705.67555745157,3186.65675752132,-1440.87990592643,1119.85013816348,5000,0.555932763065806,0.420253501407798,-0.717165083857618,299,0,0,0,0,0,0
359,361,411.500150875135,3403.29212507181,-5000,1225.57553846407,3698.52167673884,-4213.65475090074,1169.70854302966,0.695964300201143,0.252395824093374,0.67225742154755,202,0,0,0,0,1,0
360,362,423.332418198398,4343.36116556851,-201.674718098,550.791036340347,5000,391.862656336074,894.26331305287,0.142529181597337,0.734279070657424,0.663716565099639,300,0,0,0,1,0,0
361,363,445.692382111427,5000,1744.71416539256,1441.91732220165,4803.26401168633,1792.91088590468,1016.60813700445,0.979949799561625,-0.193521949266878,0.0474093397030416,150,0,0,0,1,0,0
362,364,458.134127585559,5000,-1619.36362320694,1809.28949784527,1765.75083406136,-928.562689997217,3572.56132645471,0.378203548321045,-0.905302630353499,0.193362932105423,288,0,0,0,1,0,0
363,365,492.402131071251,4580.44511070799,3968.11088999173,5000,4483.35151399071,3971.52688544928,4508.64473911168,0.99976780823429,-0.0215349849756426,0.00075765460691926,301,0,1,0,0,0,0
364,366,494.068620001137,942.193442097078,2484.59737919321,3857.25553069977,4186.36553741314,705.743472972127,5000,0.672637382139726,0.648834419063212,-0.355770781244216,302,0,0,0,0,0,0
365,367,496.859678960925,712.458250662728,-4286.60260672017,1272.65192829093,540.164539797207,-5000,1067.93004343111,0.726444821083497,-0.161334267094842,-0.668018844181762,303,0,0,0,0,1,0
366,368,499.538428499835,-2299.25638439847,-5000,923.460774613493,-2269.61120961485,-4677.19142139591,533.66128803095,0.79436593139031,0.0555505438533901,0.604894126375846,167,0,0,0,0,1,0
367,369,532.308645355847,1283.98753616482,3280.54272597601,5000,759.66972671406,3068.92103077088,4503.32754166859,0.992086698847752,-0.116428974930055,-0.0469922947524974,304,0,1,0,0,0,0
368,370,550.791036340347,-5000,391.862656336074,1135.97832618508,-1985.24348114437,3116.90810740019,4105.73668694713,0.142529181597336,0.734279070657425,0.663716565099638,300,0,0,1,0,0,0
369,371,559.91870832304,5000,-209.547977391733,993.322869022494,4511.37601436557,-801.18251477906,881.262725683091,0.491799037980996,-0.554458927393853,-0.671348645693298,235,0,0,0,1,0,0
370,372,565.209734297242,633.01202140712,3085.50967980725,3522.52757176336,970.653529289325,-931.985736538582,5000,0.591463567493223,0.067528301576441,-0.803499083269166,305,0,0,0,0,0,0
371,373,602.993942573618,-5000,-1324.39072059552,1716.83020877823,-4803.449270441,-677.257743055791,1303.09036824859,0.854765174652973,0.150834304625528,0.496614044050916,186,0,0,1,0,0,0
372,374,622.398518405673,2145.01866127435,2978.00711759627,1861.07804864094,1944.07693344368,-1861.96141984202,5000,0.247735906047054,-0.040188345566134,-0.967993707487658,306,0,0,0,0,0,0
373,375,668.604709862218,-1843.80610746591,1098.49883344741,3594.72932523208,-130.067116783526,-2575.85735602872,5000,0.585224923073972,0.342747798136476,-0.734871237895225,307,0,0,0,0,0,0
374,376,744.523834814451,1840.10995910313,-1515.10522800037,5000,1846.30617244491,-923.970593359659,4296.34215837076,0.99048818932971,0.00144220667567357,0.137590213453781,69,0,1,0,0,0,0
375,377,757.860120215932,-4541.93098739454,-1391.3961700317,1544.6530312542,-5000,-1435.58005570366,911.494663134396,0.863189816529139,-0.502547114242313,-0.0484741024374439,308,0,0,1,0,0,0
376,378,778.809805718535,5000,-3395.28955843804,1410.40281713073,3825.54553372884,-3540.2606146196,1341.3685670014,0.470857173002127,-0.875564326735809,-0.108076974329016,253,0,0,0,1,0,0
377,379,795.178926303391,-2265.60079922479,-2290.95730866955,4375.56717019288,665.520410398012,-4185.51490281054,5000,0.716077648777898,0.58622424192456,-0.378911518828198,309,0,0,0,0,0,0
378,380,806.518284429546,2527.15196887878,4996.79605034444,3154.80381442403,5000,1997.30705817215,4541.62487768027,0.517058452259034,0.544485310372943,-0.660444020137644,310,0,0,0,1,0,0
379,381,865.062607610237,4615.61376860144,1397.25611195393,3959.30677832254,2720.58144630926,4837.38772418635,5000,0.618848834142461,-0.379006464458436,0.688026322446484,311,0,0,0,0,0,0
380,382,944.769247035697,3429.39133366972,-1769.06720844637,3992.39449337547,-471.284012373614,-1064.28908545856,5000.00000000001,0.609525049267954,-0.780135069208666,0.140955624597562,312,0,0,0,0,0,0
381,383,958.792037666284,-879.348926666641,-4810.58496730686,5000,-1832.60798588856,-4442.89166913915,4168.36454623819,0.969494850439789,-0.228688985487654,0.0882104465885885,30,0,1,0,0,0,0
382,384,985.100630922984,-5000,-3648.34148671792,2409.08897076284,-317.933048138722,-4559.73963121102,4977.96547913873,0.286058299481464,0.94055834084879,-0.183086473442316,313,0,0,1,0,0,0
383,385,1001.72112666501,-3492.79544373779,3262.43978050237,1120.54013397706,-5000,3344.99595943283,1514.13310299847,0.0784732908069639,-0.995424083442504,0.0545237263269472,314,0,0,1,0,0,0
384,386,1002.39598117343,-4014.10029880713,1094.16799460625,3499.80247603267,-619.434814750036,3784.74545135904,5000,0.499481298971848,0.678933096811419,0.538115491350558,315,0,0,0,0,0,0
385,387,1005.10802619205,196.204502359582,-1972.62336370054,3062.99599368352,-1826.00529473745,2110.97365973096,5000,0.411577593498294,-0.404441959419406,0.8167194046863,316,0,0,0,0,0,0
386,388,1012.94925318949,3316.58486137686,-3012.16634408452,5000,2352.95881316785,-4333.08370987709,4309.28897913351,0.925222412819528,-0.223616019458219,-0.306527914973614,74,0,1,0,0,0,0
387,389,1023.47987152438,-4386.14471858764,3623.31623564462,2842.29276522477,-3797.61979296937,-996.809094867012,5000,0.363762578740078,0.117704985123654,-0.924025066102326,317,0,0,0,0,0,0
388,390,1034.7078292861,3820.47445882237,3290.55746507901,5000,3028.59273721468,3838.84536454666,4080.59288349671,0.971744127367099,-0.194060457442429,0.134364763925632,78,0,1,0,0,0,0
389,391,1051.01118043376,3708.3829333319,632.90013712865,5000,829.687579326896,1046.14265670484,4904.30107336559,0.805209297001058,-0.586973619878009,0.0842612460765182,318,0,1,0,0,0,0
390,392,1071.59727602405,-5000,3930.03764552231,3424.32782395823,-1008.00338776219,2300.59278565999,4911.87016671171,0.478988749311595,0.812724375186464,-0.331736142153196,319,0,0,1,0,0,0
391,393,1092.30143225638,-5000,3939.49912249388,4201.02333156298,-4358.82734452606,1772.19301561112,3843.49710319746,0.808826393213725,0.166820121951058,-0.563889095969332,294,0,0,1,0,0,0
392,394,1120.54013397706,5000,3344.99595943283,1394.08758069982,1530.08413904969,3535.05841213711,3485.86689700153,0.0784732908069612,-0.995424083442504,0.0545237263269483,314,0,0,0,1,0,0
393,395,1195.37898799255,-3347.19192764941,-4035.17894862004,5000,-3809.67060242485,-2329.36103653559,4195.09741469954,0.906920778210329,-0.110242654474464,0.406621764278297,15,0,1,0,0,0,0
394,396,1264.70298217998,-1415.80394084898,4551.81403118693,3397.58477766525,3061.02806532083,3912.4468166528,5000,0.426576359097054,0.895366401233962,-0.127873442906826,320,0,0,0,0,0,0
395,397,1272.65192829093,540.164539797207,5000,4129.0837843784,-94.2130848114791,2373.30317237102,3932.06995656888,0.726444821083496,-0.161334267094842,-0.668018844181763,303,0,0,0,0,0,1
396,398,1279.67638853253,1669.55766104041,378.06144762305,2104.52326539026,1595.9501344617,5000,4695.54112112537,0.175665989409979,-0.0156760476971542,0.984325008162045,321,0,0,0,0,0,1
397,399,1292.77038055592,2549.40480193222,-3104.88593942965,2666.86445734986,1273.81108064308,1530.27599154186,5000,0.274818815358788,-0.255118744257828,0.927032386194302,322,0,0,0,0,0,0
398,400,1324.27827172855,-4469.59705159468,4630.74058319824,5000,-3160.9915908559,3668.52224946907,4018.61202373739,0.914674446440578,0.325636178115485,-0.23944046552528,17,0,1,0,0,0,0
399,401,1325.22768636215,-2584.48341698145,-4372.3883568322,1972.03530513979,-2440.35333038349,-5000,912.704745364744,0.708671256572854,0.157915347027544,-0.68763929009374,323,0,0,0,0,1,0
400,402,1351.85435908598,4559.32913990164,2603.46126235044,1755.97322242223,5000,2696.22245912123,605.068179852784,0.667889796212014,0.728299511974961,0.153307015406692,324,0,0,0,1,0,0
401,403,1388.23379378314,-2412.71707588015,-4610.4379747046,1472.63083146869,-3691.5600927685,-5000,1339.52263637702,0.0630053090508548,-0.954700564334776,-0.290821532026544,325,0,0,0,0,1,0
402,404,1390.07309007338,650.083027888496,1952.36995680637,5000,-730.487962622236,1855.54491806651,3866.12514579897,0.933732554893951,-0.357094232195483,-0.0250444657346575,46,0,1,0,0,0,0
403,405,1419.93383280489,-2237.29236449688,-3963.72843475643,5000,-1032.75823239689,-3930.21641597039,3777.41966060062,0.947754416734802,0.318877498484896,0.0088716694985147,42,0,1,0,0,0,0
404,406,1458.74307874793,-3341.53860868994,-785.100297677509,4570.36314986726,-2238.73326115861,2970.11486239836,5000,0.622324014223866,0.220561069506266,0.751043032015174,326,0,0,0,0,0,0
405,407,1458.90090187067,4790.72702281352,1077.24372965009,4937.82698629505,2307.04390686284,3671.15804563146,4999.99999999999,0.695785216884877,-0.496736623190137,0.518782863196275,327,0,0,0,0,0,0
406,408,1468.51011214792,-1375.25243452281,-3332.68098216493,2389.1003916357,-594.534061345262,-5000,2058.38780314568,0.447238502910342,0.379286338553131,-0.810012095527885,328,0,0,0,0,1,0
407,409,1472.63083146869,-3691.5600927685,5000,1558.98111113677,-5000,4601.42214993779,1370.52386487611,0.0630053090508467,-0.954700564334777,-0.290821532026544,325,0,0,1,0,0,1
408,410,1531.21178765571,3207.76701415233,-5000,2748.22555484774,4263.22290114178,-4377.63389255832,1726.9768992687,0.704707612306443,0.611158080595282,0.360378941782733,259,0,0,0,0,1,0
409,411,1540.90076270817,-4926.41172089898,-254.469495786169,4418.33125602811,-4548.88207826306,-4326.06195145309,5000,0.575486098663988,0.075505928527184,-0.814318491133384,329,0,0,0,0,0,0
410,412,1544.6530312542,5000,-1435.58005570366,5000,2988.30498854649,-1629.62178292579,4002.99783730032,0.863189816529137,-0.502547114242316,-0.0484741024374358,308,0,1,0,1,0,0
411,413,1549.12759581782,-1814.93600226961,-2644.84019768204,5000,-3765.34358350932,-400.656273830713,4555.10390298357,0.757583685834669,-0.428180700765619,0.492674584740295,330,0,1,0,0,0,0
412,414,1558.98111113677,5000,4601.42214993779,1703.26033903739,2813.78010244596,3935.45436516269,2289.95349874687,0.063005309050849,-0.954700564334778,-0.290821532026539,325,0,0,0,1,0,0
413,415,1574.93897247575,350.248784313318,-991.22432516025,5000,2441.81260448057,-3320.0383721327,4639.94149979009,0.738169010897918,0.450773747958218,-0.501905907020122,331,0,1,0,0,0,0
414,416,1578.72833284756,4676.42747672536,5000,2115.63177548291,4951.58707436648,4176.53837154056,1020.81691033838,0.525954690990944,0.26954843209828,-0.806669266662602,268,0,0,0,0,0,1
415,417,1592.19789573657,4805.87854954328,-5000,3251.13420872606,2320.90203147463,-1612.30174457247,4517.04299910179,0.367261572076991,-0.550133465314097,0.74998140511418,332,0,0,0,0,1,0
416,418,1608.62745335126,213.044832449734,2413.27886626429,5000,-561.292731474646,2432.06024610751,3478.70078524956,0.97489630641097,-0.222593896896145,0.00539896386687148,47,0,1,0,0,0,0
417,419,1610.76934659088,-3979.80019859528,2246.94024709132,2205.66157082781,-5000,2709.39855694187,1268.29495055118,0.469048799712086,-0.804386866762624,0.36462993852461,333,0,0,1,0,0,0
418,420,1610.86558347968,-5000,-1215.93292663453,3687.49791492891,-2938.01830535544,-1896.43590640861,3004.53900865855,0.691165042445693,0.686288874500311,-0.22649164408017,296,0,0,1,0,0,0
419,421,1646.5781058286,-493.065215503701,477.228413794834,5000,-1028.65263600888,0.015221859663427,3429.28924354136,0.977876654903682,-0.15618029931826,-0.139158046476815,43,0,1,0,0,0,0
420,422,1677.12793584843,4468.84512425212,1611.97860567496,3494.54286652056,5000,1257.76926303324,1926.28834567294,0.943480208845483,0.275740066091882,-0.183881786668848,4,0,0,0,1,0,0
421,423,1684.62979850263,-1948.62767798309,-5000,2222.6813460659,1039.34020203186,-1497.91463122529,4634.87361748108,0.116087641642252,0.644670842532881,0.755594576638746,334,0,0,0,0,1,0
422,424,1712.18261113632,4203.87659559688,3212.89182525608,5000,4726.03596082898,3929.70319677292,3405.32114895935,0.965494073846286,0.153336305855226,0.210497436265562,90,0,1,0,0,0,0
423,425,1714.24096612677,-4509.69307651047,4366.8980464371,1956.60636853448,-5000,4224.96559863317,565.054587845842,0.428923873234407,-0.867716029629504,-0.251183603950583,335,0,0,1,0,0,0
424,426,1730.0577830437,-2707.11417112629,-160.856788314695,4430.11098840597,-5000,77.3087692586194,3550.25852141096,0.760522984193613,-0.645836300383686,0.0670840042033506,87,0,0,1,0,0,0
425,427,1755.97322242223,-5000,2696.22245912123,4691.30334014602,-1799.17330022355,3369.99633938397,4394.93182014721,0.667889796212008,0.728299511974963,0.153307015406708,324,0,0,1,0,0,0
426,428,1762.12901542166,-1726.8632933773,-4626.03536550674,2308.21104448534,-1597.823544557,-5000,674.319202673029,0.809827195931821,0.191363004803631,-0.554581024848245,44,0,0,0,0,1,0
427,429,1828.82464848207,-2792.90530448755,-2844.97552689135,2644.768876885,-1443.52713778499,-5000,2670.3402218322,0.305558153875646,0.505320691225148,-0.807022436875113,336,0,0,0,0,1,0
428,430,1836.78620348649,1880.8920296112,3275.3431747825,5000,-1194.62051862425,2791.97432075776,4438.28169518884,0.712711363035492,-0.692951182339181,-0.108909007409043,38,0,1,0,0,0,0
429,431,1840.31077324359,419.667746797315,-187.628642044528,5000,346.991808315544,-355.331480048224,3164.97109680155,0.998331147462775,-0.0229625915242056,-0.0529871625599276,58,0,1,0,0,0,0
430,432,1906.75071034775,2762.6565602304,-704.023328117305,3839.79242642769,347.126966157744,3223.89806927011,5000,0.386608343215988,-0.483105918814531,0.785584279477483,337,0,0,0,0,0,0
431,433,1926.06627797377,-1140.09737839039,1970.71161337905,4116.20353736329,-1155.42203826977,5000,3738.11773349679,0.585893065850757,-0.00409956587029283,0.810378003741264,338,0,0,0,0,0,1
432,434,1956.60636853448,5000,4224.96559863317,3858.8603322988,1151.72677534199,3110.98002668423,4434.94541215416,0.428923873234406,-0.867716029629508,-0.251183603950573,335,0,0,0,1,0,0
433,435,1971.10566789727,4380.81451405255,5000,2966.29088949712,4472.16281423261,4805.60486057525,1018.09999875675,0.977492606635023,0.0897242906311848,-0.1909391412063,213,0,0,0,0,0,1
434,436,1972.03530513979,-2440.35333038349,5000,4868.58396922644,-1794.90668184374,2189.41519269911,4087.29525463526,0.708671256572858,0.157915347027541,-0.687639290093737,323,0,0,0,0,0,1
435,437,2138.15182996952,596.154126038026,-2941.99149094277,5000,215.344816075578,-4722.96002279038,3392.20276373514,0.84365480761513,-0.112260185043638,-0.525018301054208,56,0,1,0,0,0,0
436,438,2157.93527938752,-370.819460230364,-4072.21494380238,2737.94407125331,-5000,-4595.26398895854,4694.60360116403,0.123547980008786,-0.986064199035213,-0.111414954188351,339,0,0,1,0,0,0
437,439,2185.9855598441,1984.51628984381,781.369893030972,2651.80374283138,-684.01134952795,4983.98499059908,5000,0.093163636597456,-0.533705527874352,0.840523019513622,340,0,0,0,0,0,0
438,440,2194.75309856935,-4884.68753096991,254.963652473301,2811.35728923145,-5000,106.129939832887,644.708591127967,0.956407591192951,-0.178859830033197,-0.230854241262736,89,0,0,1,0,0,0
439,441,2205.66157082781,5000,2709.39855694187,3956.0133451513,1998.26546759159,4070.08993971435,3731.70504944882,0.469048799712084,-0.804386866762627,0.364629938524605,333,0,0,0,1,0,0
440,442,2221.45452106537,-3691.24174937831,-4803.33026035023,2842.08931410852,-3776.52915494674,-5000,656.612880149495,0.945206546819255,-0.129889936897083,-0.29952159879196,12,0,0,0,0,1,0
441,443,2259.19601857106,913.209022363478,5000,5000,3411.9230946411,3287.08706342088,4085.29670989942,0.670894717337781,0.611635885888724,-0.419287277819606,80,0,1,0,0,0,1
442,444,2265.94857369379,4187.52171902625,-4180.4968656364,2599.84808578285,5000,-3453.82469485497,1140.02731766198,0.29288729043251,0.712683168540222,0.637416454433498,341,0,0,0,1,0,0
443,445,2286.94509947694,-1448.6095039137,1283.25446944978,5000,-2778.66251188592,2206.82508489744,3159.53961503674,0.858686780697799,-0.420964181503625,0.292311769427496,20,0,1,0,0,0,0
444,446,2293.03898663167,3878.20935848705,1496.82686801208,5000,1194.16708449381,2524.20597801391,3948.06644981402,0.685642211897383,-0.679837157786359,0.260223358208732,66,0,1,0,0,0,0
445,447,2308.21104448534,-1597.823544557,5000,5000,-961.751027590173,3156.62516012837,3323.90535787994,0.809827195931819,0.191363004803641,-0.554581024848245,44,0,1,0,0,0,1
446,448,2349.51422773966,-4782.75116116942,-981.078798114355,3998.01639248422,-273.129505281531,-2375.98135154935,5000,0.329700432948912,0.901924331177578,-0.278980510686999,342,0,0,0,0,0,0
447,449,2363.50922572959,12.1807173140578,-3788.92078205071,5000,-26.7677428770708,-3530.30197874937,2649.4309333865,0.995115872260331,-0.0147006890046931,0.097612962860207,54,0,1,0,0,0,0
448,450,2389.1003916357,-594.534061345262,5000,3704.70262669962,521.179258242847,2617.25854019564,2941.61219685432,0.447238502910339,0.379286338553131,-0.810012095527887,328,0,0,0,0,0,1
449,451,2402.44476182982,-5000,-4654.9069888606,4965.34937834571,-3900.14640279146,-1609.38371949568,4129.57261625149,0.620622242221834,0.266335938222804,0.737491152808304,343,0,0,1,0,0,0
450,452,2514.52562627348,-4260.34208156521,-2304.59192919242,5000,-4427.31798471068,-2547.29172280084,2502.87175150866,0.993049033466594,-0.0667137271595406,-0.0969685296348592,8,0,1,0,0,0,0
451,453,2517.46943394691,2406.25814863304,-1448.34301043423,3077.34290090167,431.497648713124,-5000,4102.12197558475,0.136483866225102,-0.481399751561122,-0.865809698176879,344,0,0,0,0,1,0
452,454,2519.42483136072,-4562.5000572955,701.261118186283,5000,-4435.68841088378,396.827175517224,2502.40172362162,0.991277757373523,0.0506759746905025,-0.121656702756928,7,0,1,0,0,0,0
453,455,2528.21606695881,1586.81745681389,2610.70769417941,4792.02545696911,1625.81941817716,-1847.27905913323,5000,0.45276187800206,0.00780039227265402,-0.891597350662529,345,0,0,0,0,0,0
454,456,2539.69140013146,-1371.64340868335,2509.40607726431,5000,-1113.88857078746,3782.59616936743,2782.1878034517,0.884307161729406,0.0926446581269994,0.457621908385749,40,0,1,0,0,0,0
455,457,2560.67445445603,2313.47317171019,3733.12410882793,5000,4739.37397209142,3732.70908604063,3440.24766298556,0.709055214771091,0.70515295351613,-0.00012063747379731,101,0,1,0,0,0,0
456,458,2572.73603125943,-3554.92440223894,3045.22702639135,5000,-3505.79987614971,2439.60639803962,2502.15905539493,0.970067815436081,0.0196328550670317,-0.242039220906419,16,0,1,0,0,0,0
457,459,2599.84808578285,-5000,-3453.82469485497,3730.38502585634,-2249.06243827263,-993.414593468929,3859.97268233801,0.29288729043251,0.712683168540226,0.637416454433494,341,0,0,1,0,0,0
458,460,2644.768876885,-1443.52713778499,5000,3356.61541786031,-266.301848361813,3119.91228873309,2329.6597781678,0.30555815387565,0.505320691225148,-0.807022436875111,336,0,0,0,0,0,1
459,461,2660.20225997244,167.983263353894,-2854.89884709205,5000,3565.49103718811,-2132.46832683517,4188.03275943499,0.558686589725536,0.811241928845986,0.17249877490317,82,0,1,0,0,0,0
460,462,2667.11551655743,-4578.02059768206,4020.77382847998,4636.58461882365,-451.557482808567,1997.53543006836,5000,0.393893820453244,0.825292622974699,-0.404647679682324,346,0,0,0,0,0,0
461,463,2685.69369049022,1007.78727821895,1133.7691620477,5000,1000.775202406,1139.47708819548,2314.3239712419,0.999992368513509,-0.00302985921594513,0.00246634707098376,62,0,1,0,0,0,0
462,464,2697.46785066112,-338.839092535151,1065.68879817128,5000,-2897.59141411251,288.901642274303,3528.7768458041,0.652501489879336,-0.7251102672077,-0.220129294041536,18,0,1,0,0,0,0
463,465,2729.34719896387,4049.13681900675,956.225516721766,5000,3661.40876230168,200.799658762158,2424.22470404117,0.936651126956572,-0.159938992478184,-0.311615444187296,83,0,1,0,0,0,0
464,466,2739.00510336012,-930.100019087671,-1850.99938562975,5000,-2285.37593637789,-1294.23920020719,2694.22579578813,0.839200225970103,-0.503029820072584,0.206649415313646,27,0,1,0,0,0,0
465,467,2749.70994887475,4109.09927983667,5000,4042.54040666104,4661.45590507464,4543.30808385988,1478.20023687318,0.87459765296818,0.373668337657938,-0.308951321172939,281,0,0,0,0,0,1
466,468,2758.88857697661,-704.7833732692,-1028.25735121264,5000,-731.749344336892,-1448.85070583919,2280.39609365513,0.982772874089269,-0.0118251259694406,-0.184438727902047,45,0,1,0,0,0,0
467,469,2788.07639586735,-851.58184383468,-2831.56760893294,3618.82653707032,-5000,-3859.51850674994,4353.87207481267,0.190807200332985,-0.952811218355286,-0.236100390676092,347,0,0,1,0,0,0
468,470,2791.90602670714,2133.65164203677,1194.55740686684,3693.01715076149,892.951182923789,-3564.50354177233,5000,0.18022222481087,-0.248140091822596,-0.951812189727834,348,0,0,0,0,0,0
469,471,2811.35728923145,5000,106.129939832887,5000,4590.6972436687,-422.156804273222,2288.39955989747,0.956407591192951,-0.178859830033195,-0.230854241262736,89,0,1,0,1,0,0
470,472,2842.08931410852,-3776.52915494674,5000,5000,-4073.06844973178,4316.19087821228,2283.00437946937,0.945206546819254,-0.129889936897083,-0.299521598791963,12,0,1,0,0,0,1
471,473,2927.57745307206,-1630.19458096303,3201.81323756936,5000,-1332.26025692466,4449.60978106156,2437.3543625018,0.850275437503769,0.122236769762341,0.511947118847097,37,0,1,0,0,0,0
472,474,2961.59336833087,2963.39287976499,931.959038464292,5000,-283.275356566054,933.891906571597,3833.53100532821,0.531730832184729,-0.846913258773311,0.000504200462867921,51,0,1,0,0,0,0
473,475,2974.91581199981,-3209.11843150307,-2619.21472521137,3585.07779964407,-5000,-2721.12122547492,1894.71353463894,0.322033899314776,-0.945199121532746,-0.0537846478639154,349,0,0,1,0,0,0
474,476,3008.20482287106,4343.44127097059,-1074.47554257819,3462.77599720371,5000,-1569.82806180915,939.722531126788,0.483729142673199,0.698672967053534,-0.527126362115635,19,0,0,0,1,0,0
475,477,3077.34290090167,431.497648713124,5000,3199.88876507242,-0.740609172570657,4222.60849868138,897.878024415251,0.136483866225102,-0.481399751561124,-0.865809698176878,344,0,0,0,0,0,1
476,478,3130.05601284577,5000,-3802.87634223128,3997.23654816611,1327.56862115095,-1116.33523242271,4632.08996543516,0.187211505344515,-0.792823845446199,0.579984657002703,350,0,0,0,1,0,0
477,479,3211.34287959151,-2934.55467460003,-1233.640012785,5000,-2691.57323766101,-1126.55329185837,1808.25933949856,0.989159619606608,0.134373113209746,0.0592208864002472,21,0,1,0,0,0,0
478,480,3254.19399524487,1204.43391370058,-3055.72089647054,5000,2103.41205632157,-2260.48027008985,2118.58631190606,0.824042898296864,0.424329250863608,0.375363808362014,71,0,1,0,0,0,0
479,481,3332.26597756176,-711.651708220177,-977.579563814859,5000,127.505239762082,-1252.26830164535,1887.05459794778,0.883776242749917,0.444691398380771,-0.145564806725371,55,0,1,0,0,0,0
480,482,3349.07042751365,-1449.86954706891,1910.41866420061,5000,-2602.2578268195,2880.14555663,2234.71193815159,0.738766166816064,-0.515676432419191,0.433938207369798,22,0,1,0,0,0,0
481,483,3365.03372627464,-605.81295403721,3011.27643085366,5000,-514.068744165381,4019.84708744789,1923.21254301424,0.850122509685219,0.047703624960785,0.524419758106143,48,0,1,0,0,0,0
482,484,3381.85542786493,-2559.68555181577,-734.934673134409,5000,-1568.74135130602,-712.470563064057,1897.59503084703,0.852734406356859,0.522210579391864,0.0118382003036362,35,0,1,0,0,0,0
483,485,3389.22068789153,2270.03689230683,645.133714541248,4142.41065939442,889.314218774148,5000,4630.17824695822,0.162669757259927,-0.298200760292488,0.940539662445969,351,0,0,0,0,0,1
484,486,3396.69722447229,2466.46467800159,3432.60710269445,3582.15960574464,-547.671098362899,-552.438596764017,5000,0.03709247625447,-0.602827155272898,-0.797009139891694,352,0,0,0,0,0,0
485,487,3442.30249221077,-4498.08055405593,3039.05232600151,5000,-4519.66210305138,3025.31565018178,1557.90756635058,0.999865166223022,-0.0138529072337741,-0.00881738821765192,6,0,1,0,0,0,0
486,488,3462.77599720371,-5000,-1569.82806180915,5000,-2779.71438908079,-3244.96239808851,3177.86105319443,0.483729142673198,0.69867296705353,-0.527126362115641,19,0,1,1,0,0,0
487,489,3465.18583464852,2343.86674548717,4333.74941344652,3771.44232067619,1502.87741477568,-585.492795511629,5000,0.0612512972055339,-0.168197866142298,-0.983848441791629,353,0,0,0,0,0,0
488,490,3494.54286652056,-5000,1257.76926303324,5000,-4560.01742740096,964.359666454309,1595.64251519556,0.943480208845484,0.275740066091882,-0.183881786668846,4,0,1,1,0,0,0
489,491,3509.60898672962,2590.92582646438,-3055.11953957641,5000,2297.16565005442,-2351.88553803245,1673.94697484988,0.890345414557736,-0.175489535106872,0.420105303280009,72,0,1,0,0,0,0
490,492,3512.87592410012,-3908.89270220084,833.536155343552,5000,-3934.96314704756,923.476102249517,1490.06942095495,0.998023350446864,-0.0174961276837773,0.0603595682463737,14,0,1,0,0,0,0
491,493,3529.52302702487,-1770.42110056799,-1042.75460219955,5000,-1730.49364760457,-1584.90290947253,1567.74408518393,0.937957276874439,0.0254680935114072,-0.345814289715131,33,0,1,0,0,0,0
492,494,3577.94567223215,-517.485852962534,3925.85781203698,3594.70813274764,-679.216648260341,5000,1086.37897171852,0.0154296621638152,-0.148871433917732,0.988736173955817,354,0,0,0,0,0,1
493,495,3585.07779964407,5000,-2721.12122547492,4585.08530857369,2064.88596083319,-2888.13796453094,3105.28646536107,0.322033899314775,-0.945199121532747,-0.053784647863913,349,0,0,0,1,0,0
494,496,3594.70813274764,-679.216648260341,-5000,3655.09398305125,-1261.8430225512,-1130.46131818393,3913.62102828149,0.0154296621638212,-0.148871433917733,0.988736173955817,354,0,0,0,0,1,0
495,497,3618.82653707032,5000,-3859.51850674994,3742.11239753227,4384.36206438889,-4012.0695623134,646.127925187326,0.190807200332979,-0.952811218355287,-0.236100390676091,347,0,0,0,1,0,0
496,498,3629.0204802409,5000,-4249.16419837464,5000,4583.30546841803,-4734.57668717026,1512.89274587724,0.906197431044029,-0.275428997010858,-0.320850562684242,88,0,1,0,1,0,0
497,499,3708.81963961953,73.4954595251484,2118.95903323431,5000,1046.11706766861,1788.56189644159,1649.93993334928,0.782562040158303,0.589489101078422,-0.20024797879886,65,0,1,0,0,0,0
498,500,3834.62293655403,-506.295200470953,2125.67594923218,5000,-424.768298245947,2438.90343590154,1209.48823648581,0.963529059887338,0.0674061142271905,0.258975223752029,50,0,1,0,0,0,0
499,501,3864.28520273758,319.864290043192,-282.432451387936,5000,365.573051258324,-447.706374220298,1148.58733283153,0.988792723721432,0.0397956340877012,-0.143893213957814,59,0,1,0,0,0,0
500,502,3871.62491870093,844.90849683124,-4276.14084971973,5000,-164.470951784556,-3645.76776975669,1639.95347962273,0.688053103529895,-0.615492732664589,0.384384732735258,53,0,1,0,0,0,0
501,503,3872.16250000045,4296.49481642619,2348.90129974546,5000,3254.23450499493,1899.31110932199,1600.14228195965,0.70483575911657,-0.651354772123659,-0.280968883512577,79,0,1,0,0,0,0
502,504,3888.74551072484,-31.3664051409514,1617.80884706797,5000,219.832056652714,1547.39993402217,1141.4659969434,0.973532713414906,0.220066530642455,-0.0616828825688542,57,0,1,0,0,0,0
503,505,3907.247749323,4051.68894718334,-4381.70758343813,4523.28809233018,5000,-4039.04505271087,1181.61633666392,0.521353948733021,0.802554114556377,0.289994747106076,9,0,0,0,1,0,0
504,506,3941.97856997146,-2592.1566237605,4508.83742012003,5000,-1885.81724045037,4304.47317215295,1288.44457259974,0.821161773295171,0.548210919065711,-0.15861314666779,29,0,1,0,0,0,0
505,507,3965.33559940482,-4944.15626562438,-316.987420275041,5000,-4866.08250706701,-1349.01698940725,1463.45856285631,0.706999451064584,0.0533488002591537,-0.705199036942965,2,0,1,0,0,0,0
506,508,3966.59987515512,-1723.44607031509,1110.01620415164,5000,-1690.28799022273,1083.3790173988,1034.27501952959,0.999154098602221,0.0320592487164981,-0.0257544523940598,34,0,1,0,0,0,0
507,509,3997.33005539518,936.385010562742,3995.20101820592,5000,749.662862224878,3843.64876445069,1031.10633016776,0.972421480955979,-0.181089130068171,-0.146980237945559,61,0,1,0,0,0,0
508,510,4007.62434656254,3580.26727887345,1467.64157531646,5000,4268.99144661317,2473.37106164901,1571.82766753958,0.631351434976868,0.438167734264275,0.639847170973164,85,0,1,0,0,0,0
509,511,4021.40006053063,-1357.76387813387,2505.56433286008,5000,-1770.83504212766,2589.6427585874,1065.53029507632,0.918415876105408,-0.387667216880215,0.0789075881895013,32,0,1,0,0,0,0
510,512,4049.46947707715,1819.36027626139,-2766.319343881,5000,3498.43532509654,-3572.39428580983,2091.06626069915,0.454567385447193,0.802975534727317,-0.385485126453773,81,0,1,0,0,0,0
511,513,4091.84608263077,5000,-4251.6094105475,5000,4321.31901781948,-3598.00449626768,1308.64464129011,0.693965258952146,-0.518613656272226,0.499451794366018,86,0,1,0,1,0,0
512,514,4116.00215602141,-2323.41298522058,2932.9824985829,5000,-1980.646304769,3104.21465993047,963.4633560579,0.917520981384855,0.355765144876959,0.177725660525567,28,0,1,0,0,0,0
513,515,4116.20353736329,-1155.42203826977,-5000,4855.53160722755,-1160.59520774185,-3977.39836791464,1261.8822665032,0.585893065850758,-0.00409956587028942,0.810378003741263,338,0,0,0,0,1,0
514,516,4117.8861574476,3795.58849197618,-3708.86649677219,5000,3806.1067662756,-3937.37836358058,911.292016089822,0.967981532788337,0.0115421556578007,-0.2507559188205,84,0,1,0,0,0,0
515,517,4193.64451642271,2188.20628558915,846.644790811998,5000,2627.09113694637,1730.26194557632,1274.20891334185,0.632828318130717,0.344437122328837,0.693463328903322,75,0,1,0,0,0,0
516,518,4203.73277612177,-1221.95108410427,-3535.95774239944,5000,-1099.7597181318,-3498.00726232382,806.481531517574,0.987334728397161,0.151511672861919,0.0470568495278592,41,0,1,0,0,0,0
517,519,4207.5945219733,2069.91400679435,467.110873810386,5000,1627.86460746779,450.994674718855,907.509694121695,0.873164753125425,-0.487101572787477,-0.0177587073680007,68,0,1,0,0,0,0
518,520,4219.88009867758,598.353222358301,4781.78126632245,4695.81841566927,859.259921486391,5000,584.986327155286,0.813588788145045,0.446004781678994,0.373032195023633,64,0,0,0,0,0,1
519,521,4264.91944510701,2719.66656545626,-2717.73697995722,5000,2685.05139773563,-3256.3901885425,911.969797272547,0.806036073882507,-0.0379564847697307,-0.590648078693225,76,0,1,0,0,0,0
520,522,4282.87138818864,-1914.2426538574,-120.190611144002,5000,-2564.86128944441,-1330.47391306341,1549.95603994324,0.462676742649825,-0.419765863560127,-0.780850082666685,23,0,1,0,0,0,0
521,523,4290.87680487786,-1961.10631399335,-4070.08071759942,5000,-2432.17457103533,-3042.63852110194,1334.31573317426,0.5314508234383,-0.353041072161635,0.770014300928052,25,0,1,0,0,0,0
522,524,4299.79896780538,1349.80283907628,1835.79803419742,5000,2079.61755137113,2353.86167246439,1136.35422869052,0.616182009549518,0.642242263784112,0.45589977595627,70,0,1,0,0,0,0
523,525,4321.64254992263,2847.06674126333,401.469916902103,5000,2818.62465634076,378.700572215921,679.335134766083,0.998560821252017,-0.041867531159512,-0.0335171015319592,77,0,1,0,0,0,0
524,526,4325.20163426424,-1412.75606927509,-1448.18219569766,5000,-4113.79464480424,-1483.19311457291,2784.27512744999,0.242360519290269,-0.970104767628666,-0.0125745184195626,11,0,1,0,0,0,0
525,527,4357.51711076798,-4345.88343765612,1246.1786196431,5000,-4209.37005304343,1282.30863091672,657.818778121276,0.976686757205298,0.207524304798004,0.0549239585054212,10,0,1,0,0,0,0
526,528,4407.7330623889,4841.08262603594,2760.95781151037,5000,4917.7334003533,2912.43041845257,616.116399103731,0.961290656234236,0.124409566810532,0.245850633358483,91,0,1,0,0,0,0
527,529,4430.11098840597,5000,77.3087692586194,5000,4516.05011482006,127.577383940598,749.338315130985,0.760522984193613,-0.645836300383686,0.0670840042033505,87,0,1,0,1,0,0
528,530,4446.18561480136,-1294.29525485802,4558.56428408025,5000,-1126.71993264818,4747.84309165573,608.784304055118,0.90970542688055,0.275262225214446,0.310912758943836,39,0,1,0,0,0,0
529,531,4472.37546899875,-1620.35756654936,-1336.03639488305,5000,-1823.22140012199,290.683235674212,1722.13766497526,0.306377673360295,-0.117797686966881,0.944593259668724,31,0,1,0,0,0,0
530,532,4484.2193071036,-1361.265828981,2855.42176825384,5000,-1525.23346506892,2224.38202222794,831.340044694939,0.620420844860981,-0.197232933905028,-0.759063334014495,36,0,1,0,0,0,0
531,533,4506.68923613271,-883.7606239925,39.3922598071495,5000,598.350872167653,-242.484499556541,1587.28211237536,0.310789594377179,0.933741698847836,-0.177584537219954,60,0,1,0,0,0,0
532,534,4523.28809233018,-5000,-4039.04505271087,5000,-4266.16628897089,-3773.88172280203,914.372872457019,0.521353948733019,0.802554114556373,0.289994747106088,9,0,1,1,0,0,0
533,535,4527.48521921945,-3051.06585963938,-3566.1500096106,5000,-2456.20339955356,-2657.38387812609,1184.47771030474,0.398922475847166,0.502214988860173,0.767229407171117,24,0,1,0,0,0,0
534,536,4546.06572458795,-2333.105646127,1439.41223578663,5000,-2429.63780368038,1192.46496680503,525.697382049068,0.863489701323413,-0.183626856152709,-0.469751757216379,26,0,1,0,0,0,0
535,537,4671.56701386959,-4610.19129894059,59.5967397559434,5000,-4547.39384234608,-410.884225856586,577.203678034865,0.569007091653654,0.108796009076568,-0.815103894026315,5,0,1,0,0,0,0
