Group,MediumID,PieceIndex,SourceExcelRow,ObservedP1,ObservedP2,OriginalStart,OriginalEnd,PieceStart,PieceEnd,PieceLength,Translation,BoundarySequence,ReconstructionType
1,A1,1,3,"-5000;-123.595139885209;-413.21077078022","-2588.09423943591;263.800242732266;-256.916004757901","-2588.09423943591;263.800242732266;-256.916004757901","-7514.74698018023;-527.508669386136;-576.16978737989","-2588.09423943591;263.800242732266;-256.916004757901","-5000;-123.595139885209;-413.21077078022",2447.81384794709,"-0;-0;-0","X","RETAINED_SINGLE_BOUNDARY_UNIQUE"
1,A1,2,3,"-5000;-123.595139885209;-413.21077078022","-2588.09423943591;263.800242732266;-256.916004757901","-2588.09423943591;263.800242732266;-256.916004757901","-7514.74698018023;-527.508669386136;-576.16978737989","5000;-123.595139885209;-413.21077078022","2485.25301981977;-527.508669386136;-576.16978737989",2552.18615205291,"10000;-0;-0","X","RETAINED_SINGLE_BOUNDARY_UNIQUE"
1,A2,1,4,"-5000;260.638630130799;-45.5355334223004","-2697.57508248102;420.228820486022;141.734026660795","-2697.57508248102;420.228820486022;141.734026660795","-7669.26746487694;75.6211298477729;-262.64252357348","-2697.57508248102;420.228820486022;141.734026660795","-5000;260.638630130799;-45.5355334223004",2315.53436981696,"-0;-0;-0","X","RETAINED_SINGLE_BOUNDARY_UNIQUE"
1,A2,2,4,"-5000;260.638630130799;-45.5355334223004","-2697.57508248102;420.228820486022;141.734026660795","-2697.57508248102;420.228820486022;141.734026660795","-7669.26746487694;75.6211298477729;-262.64252357348","5000;260.638630130799;-45.5355334223004","2330.73253512306;75.6211298477729;-262.64252357348",2684.46563018304,"10000;-0;-0","X","RETAINED_SINGLE_BOUNDARY_UNIQUE"
1,A3,1,5,"-5000;273.505296679324;-144.677940130256","-3939.15969626586;318.937665072886;-118.26517904821","-3939.15969626586;318.937665072886;-118.26517904821","-8933.0358623267;105.066056981;-242.602515764392","-3939.15969626586;318.937665072886;-118.26517904821","-5000;273.505296679324;-144.677940130256",1062.14117897414,"-0;-0;-0","X","RETAINED_SINGLE_BOUNDARY_UNIQUE"
1,A3,2,5,"-5000;273.505296679324;-144.677940130256","-3939.15969626586;318.937665072886;-118.26517904821","-3939.15969626586;318.937665072886;-118.26517904821","-8933.0358623267;105.066056981;-242.602515764392","5000;273.505296679324;-144.677940130256","1066.9641376733;105.066056981;-242.602515764392",3937.85882102586,"10000;-0;-0","X","RETAINED_SINGLE_BOUNDARY_UNIQUE"
1,A4,1,6,"-4192.3186063671;261.813019412782;-199.977019550071","806.624526775099;321.530792400596;-283.651025070759","-4192.3186063671;261.813019412782;-199.977019550071","806.624526775099;321.530792400596;-283.651025070759","-4192.3186063671;261.813019412782;-199.977019550071","806.624526775099;321.530792400596;-283.651025070759",5000.00000000001,"-0;-0;-0","NONE","DIRECT_FULL"
1,A5,1,7,"-2777.97743793496;-159.004834417892;-249.729794262883","2215.33209763938;97.7058633389306;-280.705584803122","-2777.97743793496;-159.004834417892;-249.729794262883","2215.33209763938;97.7058633389306;-280.705584803122","-2777.97743793496;-159.004834417892;-249.729794262883","2215.33209763938;97.7058633389306;-280.705584803122",5000,"-0;-0;-0","NONE","DIRECT_FULL"
1,A8,1,10,"577.038075568308;-500;-306.636481677966","5000;-472.318119184751;-258.403555236408","577.038075568308;-500;-306.636481677966","5576.64289084053;-468.709098793001;-252.115195849156","577.038075568308;-500;-306.636481677966","5000;-472.318119184751;-258.403555236408",4423.31152946422,"-0;-0;-0","X","RETAINED_SINGLE_BOUNDARY_UNIQUE"
1,A8,2,10,"577.038075568308;-500;-306.636481677966","5000;-472.318119184751;-258.403555236408","577.038075568308;-500;-306.636481677966","5576.64289084053;-468.709098793001;-252.115195849156","-5000;-472.318119184751;-258.403555236408","-4423.35710915947;-468.709098793001;-252.115195849156",576.688470535782,"-10000;-0;-0","X","RETAINED_SINGLE_BOUNDARY_UNIQUE"
1,A9,1,11,"1066.9641376733;105.066056981001;-242.602515764394","5000;273.505296679324;-144.677940130256","1066.9641376733;105.066056981001;-242.602515764394","6060.84030373414;318.937665072886;-118.26517904821","1066.9641376733;105.066056981001;-242.602515764394","5000;273.505296679324;-144.677940130256",3937.85882102586,"-0;-0;-0","X","RETAINED_SINGLE_BOUNDARY_UNIQUE"
1,A9,2,11,"1066.9641376733;105.066056981001;-242.602515764394","5000;273.505296679324;-144.677940130256","1066.9641376733;105.066056981001;-242.602515764394","6060.84030373414;318.937665072886;-118.26517904821","-5000;273.505296679324;-144.677940130256","-3939.15969626586;318.937665072886;-118.26517904821",1062.14117897414,"-10000;-0;-0","X","RETAINED_SINGLE_BOUNDARY_UNIQUE"
1,A10,1,12,"2330.73253512306;75.6211298477722;-262.64252357348","5000;260.638630130799;-45.5355334223004","2330.73253512306;75.6211298477722;-262.64252357348","7302.42491751898;420.228820486022;141.734026660795","2330.73253512306;75.6211298477722;-262.64252357348","5000;260.638630130799;-45.5355334223004",2684.46563018304,"-0;-0;-0","X","RETAINED_SINGLE_BOUNDARY_UNIQUE"
1,A10,2,12,"2330.73253512306;75.6211298477722;-262.64252357348","5000;260.638630130799;-45.5355334223004","2330.73253512306;75.6211298477722;-262.64252357348","7302.42491751898;420.228820486022;141.734026660795","-5000;260.638630130799;-45.5355334223004","-2697.57508248102;420.228820486022;141.734026660795",2315.53436981696,"-10000;-0;-0","X","RETAINED_SINGLE_BOUNDARY_UNIQUE"
1,A12,1,14,"3660.68808804375;-338.712686789317;-500","5000;-123.595139885209;-413.21077078022","3660.68808804375;-338.712686789317;-500","8587.34082878807;452.596225329087;-180.746217378014","3660.68808804375;-338.712686789317;-500","5000;-123.595139885209;-413.21077078022",1359.25138469766,"-0;-0;-0","X","RETAINED_SINGLE_BOUNDARY_UNIQUE"
1,A12,2,14,"3660.68808804375;-338.712686789317;-500","5000;-123.595139885209;-413.21077078022","3660.68808804375;-338.712686789317;-500","8587.34082878807;452.596225329087;-180.746217378014","-5000;-123.595139885209;-413.21077078022","-1412.65917121193;452.596225329087;-180.746217378014",3640.74861530234,"-10000;-0;-0","X","RETAINED_SINGLE_BOUNDARY_UNIQUE"
2,A1,1,3,"-5000;-460.898289390296;-273.23245049489","-3512.12594512394;-404.979103320158;-500","-3512.12594512394;-404.979103320158;-500","-8451.63794343944;-590.62216203489;252.833230701372","-3512.12594512394;-404.979103320158;-500","-5000;-460.898289390296;-273.23245049489",1506.09418033954,"-0;-0;-0","X","RETAINED_SINGLE_BOUNDARY_UNIQUE"
2,A1,2,3,"-5000;-460.898289390296;-273.23245049489","-3512.12594512394;-404.979103320158;-500","-3512.12594512394;-404.979103320158;-500","-8451.63794343944;-590.62216203489;252.833230701372","5000;-460.898289390296;-273.23245049489","1548.36205656056;-590.62216203489;252.833230701372",3493.90581966046,"10000;-0;-0","X","RETAINED_SINGLE_BOUNDARY_UNIQUE"
2,A2,1,4,"-5000;-192.583780408597;50.2861991895686","-826.711283177028;226.126989945019;-500","-826.711283177028;226.126989945019;-500","-5759.45994359387;-268.781254298442;150.427922936673","-826.711283177028;226.126989945019;-500","-5000;-192.583780408597;50.2861991895687",4230.18584984047,"-0;-0;-0","X","RETAINED_SINGLE_BOUNDARY_UNIQUE"
2,A2,2,4,"-5000;-192.583780408597;50.2861991895686","-826.711283177028;226.126989945019;-500","-826.711283177028;226.126989945019;-500","-5759.45994359387;-268.781254298442;150.427922936673","5000;-192.583780408597;50.2861991895687","4240.54005640613;-268.781254298442;150.427922936673",769.814150159529,"10000;-0;-0","X","RETAINED_SINGLE_BOUNDARY_UNIQUE"
2,A3,1,5,"-5000;-143.414420351492;218.690227529327","-3181.83808795686;151.850100006258;318.205894642448","-3181.83808795686;151.850100006258;318.205894642448","-8109.99496107919;-648.469093654031;48.4670910637463","-3181.83808795686;151.850100006258;318.205894642448","-5000;-143.414420351492;218.690227529327",1844.66724462366,"-0;-0;-0","X","RETAINED_SINGLE_BOUNDARY_UNIQUE"
2,A3,2,5,"-5000;-143.414420351492;218.690227529327","-3181.83808795686;151.850100006258;318.205894642448","-3181.83808795686;151.850100006258;318.205894642448","-8109.99496107919;-648.469093654031;48.4670910637463","5000;-143.414420351492;218.690227529327","1890.00503892081;-648.469093654031;48.4670910637462",3155.33275537635,"10000;-0;-0","X","RETAINED_SINGLE_BOUNDARY_UNIQUE"
2,A4,1,6,"-5000;-31.8043625940113;-200.10393428969","-1929.53238410003;108.400845346282;-0.786882742922217","-1929.53238410003;108.400845346282;-0.786882742922217","-6913.85908644009;-119.195940929907;-324.340629772121","-1929.53238410003;108.400845346282;-0.786882742922217","-5000;-31.8043625940113;-200.10393428969",3080.12275204436,"-0;-0;-0","X","RETAINED_SINGLE_BOUNDARY_UNIQUE"
2,A4,2,6,"-5000;-31.8043625940113;-200.10393428969","-1929.53238410003;108.400845346282;-0.786882742922217","-1929.53238410003;108.400845346282;-0.786882742922217","-6913.85908644009;-119.195940929907;-324.340629772121","5000;-31.8043625940113;-200.10393428969","3086.14091355991;-119.195940929907;-324.340629772121",1919.87724795564,"10000;-0;-0","X","RETAINED_SINGLE_BOUNDARY_UNIQUE"
2,A5,1,7,"-5000;-24.3939133305471;-161.974770248318","-2024.41608957997;-500;-313.165070078707","-2024.41608957997;-500;-313.165070078707","-6955.54249614789;288.172608706274;-62.6130768044481","-2024.41608957997;-500;-313.165070078707","-5000;-24.393913330547;-161.974770248318",3017.14422333278,"-0;-0;-0","X","RETAINED_SINGLE_BOUNDARY_UNIQUE"
2,A5,2,7,"-5000;-24.3939133305471;-161.974770248318","-2024.41608957997;-500;-313.165070078707","-2024.41608957997;-500;-313.165070078707","-6955.54249614789;288.172608706274;-62.6130768044481","5000;-24.393913330547;-161.974770248318","3044.45750385211;288.172608706274;-62.6130768044481",1982.85577666722,"10000;-0;-0","X","RETAINED_SINGLE_BOUNDARY_UNIQUE"
2,A6,1,8,"-5000;-14.0725596141766;281.931898702774","-2323.38920016757;-71.012294660458;297.870754283097","-2323.38920016757;-71.012294660458;297.870754283097","-7322.16963646283;35.3271229399665;268.103692349086","-2323.38920016757;-71.012294660458;297.870754283097","-5000;-14.0725596141766;281.931898702774",2677.26381858866,"-0;-0;-0","X","RETAINED_SINGLE_BOUNDARY_UNIQUE"
2,A6,2,8,"-5000;-14.0725596141766;281.931898702774","-2323.38920016757;-71.012294660458;297.870754283097","-2323.38920016757;-71.012294660458;297.870754283097","-7322.16963646283;35.3271229399665;268.103692349086","5000;-14.0725596141766;281.931898702774","2677.83036353717;35.3271229399665;268.103692349086",2322.73618141134,"10000;-0;-0","X","RETAINED_SINGLE_BOUNDARY_UNIQUE"
2,A7,1,9,"-5000;-10.9123393011085;138.872240038616","-3449.63264509039;-144.842051888255;171.715758761894","-3449.63264509039;-144.842051888255;171.715758761894","-8429.97102577644;285.388425939954;66.2105465060162","-3449.63264509039;-144.842051888255;171.715758761894","-5000;-10.9123393011085;138.872240038616",1556.48796969499,"-0;-0;-0","X","RETAINED_SINGLE_BOUNDARY_UNIQUE"
2,A7,2,9,"-5000;-10.9123393011085;138.872240038616","-3449.63264509039;-144.842051888255;171.715758761894","-3449.63264509039;-144.842051888255;171.715758761894","-8429.97102577644;285.388425939954;66.2105465060162","5000;-10.9123393011085;138.872240038616","1570.02897422356;285.388425939954;66.2105465060162",3443.51203030501,"10000;-0;-0","X","RETAINED_SINGLE_BOUNDARY_UNIQUE"
2,A8,1,10,"-5000;85.6463529482064;-446.561220389142","-4173.94384524883;33.2672984059111;-500","-4173.94384524883;33.2672984059111;-500","-9153.5551509294;349.017421057368;-177.861668869039","-4173.94384524883;33.2672984059111;-500","-5000;85.6463529482064;-446.561220389142",829.438387900712,"-0;-0;-0","X","RETAINED_SINGLE_BOUNDARY_UNIQUE"
2,A8,2,10,"-5000;85.6463529482064;-446.561220389142","-4173.94384524883;33.2672984059111;-500","-4173.94384524883;33.2672984059111;-500","-9153.5551509294;349.017421057368;-177.861668869039","5000;85.6463529482064;-446.561220389142","846.444849070602;349.017421057368;-177.861668869039",4170.56161209929,"10000;-0;-0","X","RETAINED_SINGLE_BOUNDARY_UNIQUE"
2,A9,1,11,"-5000;270.675162840378;-248.900081210053","-3079.42375967721;104.273670959877;-500","-3079.42375967721;104.273670959877;-500","-8019.03517775782;532.248719292468;145.814521648708","-3079.42375967721;104.273670959877;-500","-5000;270.675162840378;-248.900081210053",1944.05599729246,"-0;-0;-0","X","RETAINED_SINGLE_BOUNDARY_UNIQUE"
2,A9,2,11,"-5000;270.675162840378;-248.900081210053","-3079.42375967721;104.273670959877;-500","-3079.42375967721;104.273670959877;-500","-8019.03517775782;532.248719292468;145.814521648708","5000;270.675162840378;-248.900081210053","1980.96482224218;532.248719292468;145.814521648708",3055.94400270754,"10000;-0;-0","X","RETAINED_SINGLE_BOUNDARY_UNIQUE"
2,A10,1,12,"-5000;300.316348054142;115.435676374726","-3128.15310165583;291.66119757681;218.054960707695","-3128.15310165583;291.66119757681;218.054960707695","-8120.60302705075;314.745567026609;-55.6435126372188","-3128.15310165583;291.66119757681;218.054960707695","-5000;300.316348054142;115.435676374726",1874.6776896276,"-0;-0;-0","X","RETAINED_SINGLE_BOUNDARY_UNIQUE"
2,A10,2,12,"-5000;300.316348054142;115.435676374726","-3128.15310165583;291.66119757681;218.054960707695","-3128.15310165583;291.66119757681;218.054960707695","-8120.60302705075;314.745567026609;-55.6435126372188","5000;300.316348054142;115.435676374726","1879.39697294925;314.745567026609;-55.6435126372189",3125.3223103724,"10000;-0;-0","X","RETAINED_SINGLE_BOUNDARY_UNIQUE"
2,A11,1,13,"-5000;307.50626190705;-131.057049605648","-1958.79173514694;114.169942843126;-325.954298674494","-1958.79173514694;114.169942843126;-325.954298674494","-6938.54445731346;430.74380997312;-6.82452456142585","-1958.79173514694;114.169942843126;-325.954298674494","-5000;307.50626190705;-131.057049605648",3053.57357536614,"-0;-0;-0","X","RETAINED_SINGLE_BOUNDARY_UNIQUE"
2,A11,2,13,"-5000;307.50626190705;-131.057049605648","-1958.79173514694;114.169942843126;-325.954298674494","-1958.79173514694;114.169942843126;-325.954298674494","-6938.54445731346;430.74380997312;-6.82452456142585","5000;307.50626190705;-131.057049605648","3061.45554268654;430.74380997312;-6.82452456142585",1946.42642463386,"10000;-0;-0","X","RETAINED_SINGLE_BOUNDARY_UNIQUE"
2,A12,1,14,"-4850.28126750738;82.5010658474648;-222.18011252894","147.723911234192;170.890609581654;-332.323300384175","-4850.28126750738;82.5010658474648;-222.18011252894","147.723911234192;170.890609581654;-332.323300384175","-4850.28126750738;82.5010658474648;-222.18011252894","147.723911234192;170.890609581654;-332.323300384175",5000,"-0;-0;-0","NONE","DIRECT_FULL"
2,A14,1,16,"-4320.97782889831;-411.653921511031;368.315645023836","669.713064161411;-154.034754426643;205.10787964038","-4320.97782889831;-411.653921511031;368.315645023836","669.713064161411;-154.034754426643;205.10787964038","-4320.97782889831;-411.653921511031;368.315645023836","669.713064161411;-154.034754426643;205.10787964038",5000,"-0;-0;-0","NONE","DIRECT_FULL"
2,A16,1,18,"-3571.27624542796;181.81815690851;361.831173792362","1420.41208784988;34.5184054987683;114.141112117339","-3571.27624542796;181.81815690851;361.831173792362","1420.41208784988;34.5184054987683;114.141112117339","-3571.27624542796;181.81815690851;361.831173792362","1420.41208784988;34.5184054987683;114.141112117339",5000,"-0;-0;-0","NONE","DIRECT_FULL"
2,A18,1,20,"-3511.51171165783;-474.333842855282;-463.533330394968","1481.8651122767;-242.86501776371;-351.238730327768","-3511.51171165783;-474.333842855282;-463.533330394968","1481.8651122767;-242.86501776371;-351.238730327768","-3511.51171165783;-474.333842855282;-463.533330394968","1481.8651122767;-242.86501776371;-351.238730327768",5000,"-0;-0;-0","NONE","DIRECT_FULL"
2,A21,1,23,"-2678.97911623744;295.087071499692;-78.7997608836554","2315.72959335963;490.579233198023;-199.910127862549","-2678.97911623744;295.087071499692;-78.7997608836554","2315.72959335963;490.579233198023;-199.910127862549","-2678.97911623744;295.087071499692;-78.7997608836554","2315.72959335963;490.579233198023;-199.910127862549",5000.00000000001,"-0;-0;-0","NONE","DIRECT_FULL"
2,A24,1,26,"-1977.25732408147;66.8052381259813;-477.030271691909","2995.23503720289;342.918909852125;-31.9674028131336","-1977.25732408147;66.8052381259813;-477.030271691909","2995.23503720289;342.918909852125;-31.9674028131336","-1977.25732408147;66.8052381259813;-477.030271691909","2995.23503720289;342.918909852125;-31.9674028131336",5000,"-0;-0;-0","NONE","DIRECT_FULL"
2,A25,1,27,"-1838.56689459812;294.257902005536;-367.771364687737","3100.77004810686;216.528673349028;404.82732379311","-1838.56689459812;294.257902005536;-367.771364687737","3100.77004810686;216.528673349028;404.82732379311","-1838.56689459812;294.257902005536;-367.771364687737","3100.77004810686;216.528673349028;404.82732379311",5000,"-0;-0;-0","NONE","DIRECT_FULL"
2,A26,1,28,"-1779.52317608205;-232.026520024825;339.790039270438","3220.45837798502;-243.703331153308;346.726253723034","-1779.52317608205;-232.026520024825;339.790039270438","3220.45837798502;-243.703331153308;346.726253723034","-1779.52317608205;-232.026520024825;339.790039270438","3220.45837798502;-243.703331153308;346.726253723034",5000,"-0;-0;-0","NONE","DIRECT_FULL"
2,A29,1,31,"-1028.3713146442;-236.936150294581;-334.043480856211","3965.06458500721;-14.6318438933278;-206.847917144566","-1028.3713146442;-236.936150294581;-334.043480856211","3965.06458500721;-14.6318438933278;-206.847917144566","-1028.3713146442;-236.936150294581;-334.043480856211","3965.06458500721;-14.6318438933278;-206.847917144566",4999.99999999999,"-0;-0;-0","NONE","DIRECT_FULL"
2,A31,1,33,"-568.823774163553;-394.401820150427;-168.577848702974","4417.58197113286;-166.578870825741;120.998474631548","-568.823774163553;-394.401820150427;-168.577848702974","4417.58197113286;-166.578870825741;120.998474631548","-568.823774163553;-394.401820150427;-168.577848702974","4417.58197113286;-166.578870825741;120.998474631548",5000,"-0;-0;-0","NONE","DIRECT_FULL"
2,A33,1,35,"-134.813541478156;-364.233142148315;427.977499036112","4824.09874614606;143.9163178571;39.4249930014681","-134.813541478156;-364.233142148315;427.977499036112","4824.09874614606;143.9163178571;39.4249930014681","-134.813541478156;-364.233142148315;427.977499036112","4824.09874614606;143.9163178571;39.4249930014681",5000,"-0;-0;-0","NONE","DIRECT_FULL"
2,A34,1,36,"74.4923033113464;-195.552670819329;257.81445243288","5000;-202.252076122608;260.705860635612","74.4923033113464;-195.552670819329;257.81445243288","5074.48681683039;-202.353389003721;260.749586441446","74.4923033113464;-195.552670819329;257.81445243288","5000;-202.252076122608;260.705860635612",4925.51310143542,"-0;-0;-0","X","RETAINED_SINGLE_BOUNDARY_UNIQUE"
2,A34,2,36,"74.4923033113464;-195.552670819329;257.81445243288","5000;-202.252076122608;260.705860635612","74.4923033113464;-195.552670819329;257.81445243288","5074.48681683039;-202.353389003721;260.749586441446","-5000;-202.252076122608;260.705860635612","-4925.51318316961;-202.353389003721;260.749586441446",74.4868985645793,"-10000;-0;-0","X","RETAINED_SINGLE_BOUNDARY_UNIQUE"
2,A38,1,40,"1570.02897422356;285.388425939953;66.2105465060182","5000;-10.9123393011085;138.872240038616","1570.02897422356;285.388425939953;66.2105465060182","6550.36735490961;-144.842051888255;171.715758761893","1570.02897422356;285.388425939953;66.2105465060182","5000;-10.9123393011085;138.872240038616",3443.51203030501,"-0;-0;-0","X","RETAINED_SINGLE_BOUNDARY_UNIQUE"
2,A38,2,40,"1570.02897422356;285.388425939953;66.2105465060182","5000;-10.9123393011085;138.872240038616","1570.02897422356;285.388425939953;66.2105465060182","6550.36735490961;-144.842051888255;171.715758761893","-5000;-10.9123393011085;138.872240038616","-3449.63264509039;-144.842051888255;171.715758761893",1556.48796969499,"-10000;-0;-0","X","RETAINED_SINGLE_BOUNDARY_UNIQUE"
2,A39,1,41,"1879.39697294925;314.745567026607;-55.6435126372199","5000;300.316348054142;115.435676374726","1879.39697294925;314.745567026607;-55.6435126372199","6871.84689834417;291.661197576811;218.054960707696","1879.39697294925;314.745567026607;-55.6435126372199","5000;300.316348054142;115.435676374726",3125.32231037239,"-0;-0;-0","X","RETAINED_SINGLE_BOUNDARY_UNIQUE"
2,A39,2,41,"1879.39697294925;314.745567026607;-55.6435126372199","5000;300.316348054142;115.435676374726","1879.39697294925;314.745567026607;-55.6435126372199","6871.84689834417;291.661197576811;218.054960707696","-5000;300.316348054142;115.435676374726","-3128.15310165583;291.661197576811;218.054960707696",1874.67768962761,"-10000;-0;-0","X","RETAINED_SINGLE_BOUNDARY_UNIQUE"
2,A42,1,44,"2677.83036353717;35.3271229399666;268.103692349086","5000;-14.0725596141766;281.931898702774","2677.83036353717;35.3271229399666;268.103692349086","7676.61079983243;-71.0122946604581;297.870754283097","2677.83036353717;35.3271229399666;268.103692349086","5000;-14.0725596141766;281.931898702774",2322.73618141134,"-0;-0;-0","X","RETAINED_SINGLE_BOUNDARY_UNIQUE"
2,A42,2,44,"2677.83036353717;35.3271229399666;268.103692349086","5000;-14.0725596141766;281.931898702774","2677.83036353717;35.3271229399666;268.103692349086","7676.61079983243;-71.0122946604581;297.870754283097","-5000;-14.0725596141766;281.931898702774","-2323.38920016757;-71.0122946604581;297.870754283097",2677.26381858866,"-10000;-0;-0","X","RETAINED_SINGLE_BOUNDARY_UNIQUE"
2,A43,1,45,"2804.23899723811;-500;98.5069701618498","5000;-143.414420351492;218.690227529327","2804.23899723811;-500;98.5069701618498","7732.39587036044;300.31919366029;368.245773740552","2804.23899723811;-500;98.5069701618498","5000;-143.414420351492;218.690227529327",2227.77100982453,"-0;-0;-0","X","RETAINED_SINGLE_BOUNDARY_UNIQUE"
2,A43,2,45,"2804.23899723811;-500;98.5069701618498","5000;-143.414420351492;218.690227529327","2804.23899723811;-500;98.5069701618498","7732.39587036044;300.31919366029;368.245773740552","-5000;-143.414420351492;218.690227529327","-2267.60412963956;300.31919366029;368.245773740552",2772.22899017547,"-10000;-0;-0","X","RETAINED_SINGLE_BOUNDARY_UNIQUE"
2,A44,1,46,"3061.45554268653;430.743809973119;-6.82452456142613","5000;307.50626190705;-131.057049605648","3061.45554268653;430.743809973119;-6.82452456142613","8041.20826485305;114.169942843128;-325.954298674493","3061.45554268653;430.743809973119;-6.82452456142613","5000;307.50626190705;-131.057049605648",1946.42642463387,"-0;-0;-0","X","RETAINED_SINGLE_BOUNDARY_UNIQUE"
2,A44,2,46,"3061.45554268653;430.743809973119;-6.82452456142613","5000;307.50626190705;-131.057049605648","3061.45554268653;430.743809973119;-6.82452456142613","8041.20826485305;114.169942843128;-325.954298674493","-5000;307.50626190705;-131.057049605648","-1958.79173514695;114.169942843128;-325.954298674493",3053.57357536613,"-10000;-0;-0","X","RETAINED_SINGLE_BOUNDARY_UNIQUE"
2,A45,1,47,"3086.14091355992;-119.195940929906;-324.34062977212","5000;-31.8043625940113;-200.10393428969","3086.14091355992;-119.195940929906;-324.34062977212","8070.46761589998;108.400845346282;-0.786882742921591","3086.14091355992;-119.195940929906;-324.34062977212","5000;-31.8043625940113;-200.10393428969",1919.87724795563,"-0;-0;-0","X","RETAINED_SINGLE_BOUNDARY_UNIQUE"
2,A45,2,47,"3086.14091355992;-119.195940929906;-324.34062977212","5000;-31.8043625940113;-200.10393428969","3086.14091355992;-119.195940929906;-324.34062977212","8070.46761589998;108.400845346282;-0.786882742921591","-5000;-31.8043625940113;-200.10393428969","-1929.53238410002;108.400845346282;-0.786882742921591",3080.12275204437,"-10000;-0;-0","X","RETAINED_SINGLE_BOUNDARY_UNIQUE"
2,A46,1,48,"3092.13444207282;280.552107085691;-65.0355561569352","5000;-24.3939133305471;-161.974770248318","3092.13444207282;280.552107085691;-65.0355561569352","8023.26084864074;-507.620501620581;-315.587549431193","3092.13444207282;280.552107085691;-65.0355561569352","5000;-24.3939133305472;-161.974770248318",1934.51292932385,"-0;-0;-0","X","RETAINED_SINGLE_BOUNDARY_UNIQUE"
2,A46,2,48,"3092.13444207282;280.552107085691;-65.0355561569352","5000;-24.3939133305471;-161.974770248318","3092.13444207282;280.552107085691;-65.0355561569352","8023.26084864074;-507.620501620581;-315.587549431193","-5000;-24.3939133305472;-161.974770248318","-1976.73915135926;-507.620501620581;-315.587549431193",3065.48707067615,"-10000;-0;-0","X","RETAINED_SINGLE_BOUNDARY_UNIQUE"
2,A47,1,49,"3959.59822010861;-500;-114.664350356616","5000;-460.898289390296;-273.23245049489","3959.59822010861;-500;-114.664350356616","8899.11021842411;-314.356941285264;-867.497581057993","3959.59822010861;-500;-114.664350356616","5000;-460.898289390296;-273.23245049489",1053.14227422283,"-0;-0;-0","X","RETAINED_SINGLE_BOUNDARY_UNIQUE"
2,A47,2,49,"3959.59822010861;-500;-114.664350356616","5000;-460.898289390296;-273.23245049489","3959.59822010861;-500;-114.664350356616","8899.11021842411;-314.356941285264;-867.497581057993","-5000;-460.898289390296;-273.23245049489","-1100.88978157589;-314.356941285264;-867.497581057993",3946.85772577717,"-10000;-0;-0","X","RETAINED_SINGLE_BOUNDARY_UNIQUE"
2,A48,1,50,"3977.58135981847;359.25898652865;-115.227055308326","5000;270.675162840378;-248.900081210053","3977.58135981847;359.25898652865;-115.227055308326","8917.19277789908;-68.7160618039371;-761.041576957033","3977.58135981847;359.25898652865;-115.227055308326","5000;270.675162840378;-248.900081210053",1034.91808732073,"-0;-0;-0","X","RETAINED_SINGLE_BOUNDARY_UNIQUE"
2,A48,2,50,"3977.58135981847;359.25898652865;-115.227055308326","5000;270.675162840378;-248.900081210053","3977.58135981847;359.25898652865;-115.227055308326","8917.19277789908;-68.7160618039371;-761.041576957033","-5000;270.675162840378;-248.900081210053","-1082.80722210092;-68.7160618039371;-761.041576957033",3965.08191267926,"-10000;-0;-0","X","RETAINED_SINGLE_BOUNDARY_UNIQUE"
2,A49,1,51,"4430.2932292045;-249.743104160598;125.407235577456","5000;-192.583780408597;50.2861991895686","4430.2932292045;-249.743104160598;125.407235577456","9363.04188962134;245.165140082868;-525.020687359217","4430.2932292045;-249.743104160598;125.407235577456","5000;-192.583780408597;50.2861991895686",577.473950139756,"-0;-0;-0","X","RETAINED_SINGLE_BOUNDARY_UNIQUE"
2,A49,2,51,"4430.2932292045;-249.743104160598;125.407235577456","5000;-192.583780408597;50.2861991895686","4430.2932292045;-249.743104160598;125.407235577456","9363.04188962134;245.165140082868;-525.020687359217","-5000;-192.583780408597;50.2861991895686","-636.958110378659;245.165140082868;-525.020687359217",4422.52604986024,"-10000;-0;-0","X","RETAINED_SINGLE_BOUNDARY_UNIQUE"
3,A1,1,3,"-5000;-4872.85737033347;2556.81333101074","-337.119122805609;-4694.65516508342;3967.32057366848","-337.119122805609;-4694.65516508342;3967.32057366848","-5119.7502408185;-4877.43388806041;2520.58924842467","-337.119122805609;-4694.65516508342;3967.32057366848","-5000;-4872.85737033347;2556.81333101074",4874.80715336013,"-0;-0;-0","X","RETAINED_SINGLE_BOUNDARY_UNIQUE"
3,A1,2,3,"-5000;-4872.85737033347;2556.81333101074","-337.119122805609;-4694.65516508342;3967.32057366848","-337.119122805609;-4694.65516508342;3967.32057366848","-5119.7502408185;-4877.43388806041;2520.58924842467","5000;-4872.85737033347;2556.81333101074","4880.2497591815;-4877.43388806041;2520.58924842467",125.192846639874,"10000;-0;-0","X","RETAINED_SINGLE_BOUNDARY_UNIQUE"
3,A2,1,4,"-5000;-4866.08250706701;-1349.01698940725","-2499.66714527227;-4677.41226432862;-3842.98260498987","-2499.66714527227;-4677.41226432862;-3842.98260498987","-6034.66440059518;-4944.15626562438;-316.987420275034","-2499.66714527227;-4677.41226432862;-3842.98260498987","-5000;-4866.08250706701;-1349.01698940725",3536.54143714368,"-0;-0;-0","X","RETAINED_SINGLE_BOUNDARY_UNIQUE"
3,A2,2,4,"-5000;-4866.08250706701;-1349.01698940725","-2499.66714527227;-4677.41226432862;-3842.98260498987","-2499.66714527227;-4677.41226432862;-3842.98260498987","-6034.66440059518;-4944.15626562438;-316.987420275034","5000;-4866.08250706701;-1349.01698940725","3965.33559940482;-4944.15626562438;-316.987420275034",1463.45856285632,"10000;-0;-0","X","RETAINED_SINGLE_BOUNDARY_UNIQUE"
3,A4,1,6,"-5000;-4560.01742740096;964.359666454309","-3605.47101992416;-4152.45454528847;692.569672330724","-3605.47101992416;-4152.45454528847;692.569672330724","-8322.87206415158;-5531.15487574788;1611.97860567497","-3605.47101992416;-4152.45454528847;692.569672330724","-5000;-4560.01742740096;964.359666454309",1478.06913913149,"-0;-0;-0","X>Y","RETAINED_SINGLE_BOUNDARY_UNIQUE"
3,A4,2,6,"-5000;-4560.01742740096;964.359666454309","-3605.47101992416;-4152.45454528847;692.569672330724","-3605.47101992416;-4152.45454528847;692.569672330724","-8322.87206415158;-5531.15487574788;1611.97860567497","5000;-4560.01742740096;964.359666454309","3494.54286652057;-5000;1257.76926303324",1595.64251519556,"10000;-0;-0","X>Y","RETAINED_SINGLE_BOUNDARY_UNIQUE"
3,A4,3,6,"-5000;-4560.01742740096;964.359666454309","-3605.47101992416;-4152.45454528847;692.569672330724","-3605.47101992416;-4152.45454528847;692.569672330724","-8322.87206415158;-5531.15487574788;1611.97860567497","3494.54286652057;5000;1257.76926303324","1677.12793584842;4468.84512425212;1611.97860567497",1926.28834567296,"10000;10000;-0","X>Y","RETAINED_SINGLE_BOUNDARY_UNIQUE"
3,A5,1,7,"-5000;-4547.39384234608;-410.884225856586","-2483.39752786214;-4066.21125355775;-4015.92273037563","-2483.39752786214;-4066.21125355775;-4015.92273037563","-5328.43298613041;-4610.19129894059;59.5967397559424","-2483.39752786214;-4066.21125355775;-4015.92273037563","-5000;-4547.39384234608;-410.884225856586",4422.79632196514,"-0;-0;-0","X","RETAINED_SINGLE_BOUNDARY_UNIQUE"
3,A5,2,7,"-5000;-4547.39384234608;-410.884225856586","-2483.39752786214;-4066.21125355775;-4015.92273037563","-2483.39752786214;-4066.21125355775;-4015.92273037563","-5328.43298613041;-4610.19129894059;59.5967397559424","5000;-4547.39384234608;-410.884225856586","4671.56701386959;-4610.19129894059;59.5967397559425",577.203678034863,"10000;-0;-0","X","RETAINED_SINGLE_BOUNDARY_UNIQUE"
3,A6,1,8,"-5000;-4519.66210305138;3025.31565018178","-1558.37167667412;-4567.34509022482;2994.96538491327","-1558.37167667412;-4567.34509022482;2994.96538491327","-6557.69750778923;-4498.08055405592;3039.0523260015","-1558.37167667412;-4567.34509022482;2994.96538491327","-5000;-4519.66210305138;3025.31565018178",3442.09243364942,"-0;-0;-0","X","RETAINED_SINGLE_BOUNDARY_UNIQUE"
3,A6,2,8,"-5000;-4519.66210305138;3025.31565018178","-1558.37167667412;-4567.34509022482;2994.96538491327","-1558.37167667412;-4567.34509022482;2994.96538491327","-6557.69750778923;-4498.08055405592;3039.0523260015","5000;-4519.66210305138;3025.31565018178","3442.30249221077;-4498.08055405592;3039.0523260015",1557.90756635058,"10000;-0;-0","X","RETAINED_SINGLE_BOUNDARY_UNIQUE"
3,A7,1,9,"-5000;-4435.68841088378;396.827175517224","-2524.18638177167;-4309.12018384298;92.9776044016462","-2524.18638177167;-4309.12018384298;92.9776044016462","-7480.57516863928;-4562.50005729551;701.261118186282","-2524.18638177167;-4309.12018384298;92.9776044016462","-5000;-4435.68841088378;396.827175517224",2497.59827637838,"-0;-0;-0","X","RETAINED_SINGLE_BOUNDARY_UNIQUE"
3,A7,2,9,"-5000;-4435.68841088378;396.827175517224","-2524.18638177167;-4309.12018384298;92.9776044016462","-2524.18638177167;-4309.12018384298;92.9776044016462","-7480.57516863928;-4562.50005729551;701.261118186282","5000;-4435.68841088378;396.827175517224","2519.42483136072;-4562.50005729551;701.261118186282",2502.40172362163,"10000;-0;-0","X","RETAINED_SINGLE_BOUNDARY_UNIQUE"
3,A8,1,10,"-5000;-4427.31798471068;-2547.29172280084","-2520.22920639355;-4593.9107173629;-2789.43457736672","-2520.22920639355;-4593.9107173629;-2789.43457736672","-7485.47437372652;-4260.34208156522;-2304.59192919242","-2520.22920639355;-4593.9107173629;-2789.43457736672","-5000;-4427.31798471068;-2547.29172280084",2497.12824849134,"-0;-0;-0","X","RETAINED_SINGLE_BOUNDARY_UNIQUE"
3,A8,2,10,"-5000;-4427.31798471068;-2547.29172280084","-2520.22920639355;-4593.9107173629;-2789.43457736672","-2520.22920639355;-4593.9107173629;-2789.43457736672","-7485.47437372652;-4260.34208156522;-2304.59192919242","5000;-4427.31798471068;-2547.29172280084","2514.52562627348;-4260.34208156522;-2304.59192919242",2502.87175150866,"10000;-0;-0","X","RETAINED_SINGLE_BOUNDARY_UNIQUE"
3,A9,1,11,"-5000;-4266.16628897089;-3773.88172280203","-3485.9825070119;-1935.54048003478;-2931.73384790774","-3485.9825070119;-1935.54048003478;-2931.73384790774","-6092.752250677;-5948.31105281666;-4381.70758343812","-3485.9825070119;-1935.54048003478;-2931.73384790774","-5000;-4266.16628897089;-3773.88172280203",2904.01079087906,"-0;-0;-0","X>Y","RETAINED_SINGLE_BOUNDARY_UNIQUE"
3,A9,2,11,"-5000;-4266.16628897089;-3773.88172280203","-3485.9825070119;-1935.54048003478;-2931.73384790774","-3485.9825070119;-1935.54048003478;-2931.73384790774","-6092.752250677;-5948.31105281666;-4381.70758343812","5000;-4266.16628897089;-3773.88172280203","4523.28809233018;-5000;-4039.04505271086",914.372872457015,"10000;-0;-0","X>Y","RETAINED_SINGLE_BOUNDARY_UNIQUE"
3,A9,3,11,"-5000;-4266.16628897089;-3773.88172280203","-3485.9825070119;-1935.54048003478;-2931.73384790774","-3485.9825070119;-1935.54048003478;-2931.73384790774","-6092.752250677;-5948.31105281666;-4381.70758343812","4523.28809233018;5000;-4039.04505271086","3907.247749323;4051.68894718334;-4381.70758343812",1181.61633666392,"10000;10000;-0","X>Y","RETAINED_SINGLE_BOUNDARY_UNIQUE"
3,A10,1,12,"-5000;-4209.37005304343;1282.30863091672","-759.049103205538;-3308.26191366606;1520.79841217019","-759.049103205538;-3308.26191366606;1520.79841217019","-5642.48288923202;-4345.88343765613;1246.1786196431","-759.049103205538;-3308.26191366606;1520.79841217019","-5000;-4209.37005304343;1282.30863091672",4342.18122187873,"-0;-0;-0","X","RETAINED_SINGLE_BOUNDARY_UNIQUE"
3,A10,2,12,"-5000;-4209.37005304343;1282.30863091672","-759.049103205538;-3308.26191366606;1520.79841217019","-759.049103205538;-3308.26191366606;1520.79841217019","-5642.48288923202;-4345.88343765613;1246.1786196431","5000;-4209.37005304343;1282.30863091672","4357.51711076798;-4345.88343765613;1246.1786196431",657.818778121273,"10000;-0;-0","X","RETAINED_SINGLE_BOUNDARY_UNIQUE"
3,A12,1,14,"-5000;-4073.06844973178;4316.19087821228","-3052.51274483836;-4340.69143386373;3699.06174568995","-3052.51274483836;-4340.69143386373;3699.06174568995","-7778.54547893462;-3691.2417493783;5196.66973964978","-3052.51274483836;-4340.69143386373;3699.06174568995","-5000;-4073.06844973178;4316.19087821228",2060.38274038113,"-0;-0;-0","X>Z","RETAINED_SINGLE_BOUNDARY_UNIQUE"
3,A12,2,14,"-5000;-4073.06844973178;4316.19087821228","-3052.51274483836;-4340.69143386373;3699.06174568995","-3052.51274483836;-4340.69143386373;3699.06174568995","-7778.54547893462;-3691.2417493783;5196.66973964978","5000;-4073.06844973178;4316.19087821228","2842.08931410855;-3776.52915494674;5000",2283.00437946935,"10000;-0;-0","X>Z","RETAINED_SINGLE_BOUNDARY_UNIQUE"
3,A12,3,14,"-5000;-4073.06844973178;4316.19087821228","-3052.51274483836;-4340.69143386373;3699.06174568995","-3052.51274483836;-4340.69143386373;3699.06174568995","-7778.54547893462;-3691.2417493783;5196.66973964978","2842.08931410855;-3776.52915494674;-5000","2221.45452106538;-3691.2417493783;-4803.33026035022",656.612880149521,"10000;-0;-10000","X>Z","RETAINED_SINGLE_BOUNDARY_UNIQUE"
3,A13,1,15,"-5000;-3998.61005755231;1241.72274558076","-646.677960123347;-4404.32707824943;2419.94434435375","-646.677960123347;-4404.32707824943;2419.94434435375","-5453.62257371063;-3956.33374593534;1118.95031819287","-646.677960123347;-4404.32707824943;2419.94434435375","-5000;-3998.61005755231;1241.72274558076",4528.15914247438,"-0;-0;-0","X","RETAINED_SINGLE_BOUNDARY_UNIQUE"
3,A13,2,15,"-5000;-3998.61005755231;1241.72274558076","-646.677960123347;-4404.32707824943;2419.94434435375","-646.677960123347;-4404.32707824943;2419.94434435375","-5453.62257371063;-3956.33374593534;1118.95031819287","5000;-3998.61005755231;1241.72274558076","4546.37742628937;-3956.33374593534;1118.95031819287",471.840857525615,"10000;-0;-0","X","RETAINED_SINGLE_BOUNDARY_UNIQUE"
3,A14,1,16,"-5000;-3934.96314704756;923.476102249517","-1497.00732366556;-3996.37334061972;1135.33399657542","-1497.00732366556;-3996.37334061972;1135.33399657542","-6487.12407589988;-3908.89270220084;833.536155343552","-1497.00732366556;-3996.37334061972;1135.33399657542","-5000;-3934.96314704756;923.476102249517",3509.93057904505,"-0;-0;-0","X","RETAINED_SINGLE_BOUNDARY_UNIQUE"
3,A14,2,16,"-5000;-3934.96314704756;923.476102249517","-1497.00732366556;-3996.37334061972;1135.33399657542","-1497.00732366556;-3996.37334061972;1135.33399657542","-6487.12407589988;-3908.89270220084;833.536155343552","5000;-3934.96314704756;923.476102249517","3512.87592410012;-3908.89270220084;833.536155343552",1490.06942095495,"10000;-0;-0","X","RETAINED_SINGLE_BOUNDARY_UNIQUE"
3,A15,1,17,"-5000;-3809.67060242485;-2329.36103653559","-4270.0171209558;-3898.40520002173;-2002.07012722856","-4270.0171209558;-3898.40520002173;-2002.07012722856","-8804.62101200746;-3347.19192764942;-4035.17894862001","-4270.0171209558;-3898.40520002173;-2002.07012722856","-5000;-3809.67060242485;-2329.36103653559",804.902585300458,"-0;-0;-0","X","RETAINED_SINGLE_BOUNDARY_UNIQUE"
3,A15,2,17,"-5000;-3809.67060242485;-2329.36103653559","-4270.0171209558;-3898.40520002173;-2002.07012722856","-4270.0171209558;-3898.40520002173;-2002.07012722856","-8804.62101200746;-3347.19192764942;-4035.17894862001","5000;-3809.67060242485;-2329.36103653559","1195.37898799254;-3347.19192764942;-4035.17894862001",4195.09741469954,"10000;-0;-0","X","RETAINED_SINGLE_BOUNDARY_UNIQUE"
3,A16,1,18,"-5000;-3505.79987614971;2439.60639803962","-2576.92489156017;-3456.76012690378;1835.03092185925","-2576.92489156017;-3456.76012690378;1835.03092185925","-7427.26396874057;-3554.92440223894;3045.22702639136","-2576.92489156017;-3456.76012690378;1835.03092185925","-5000;-3505.79987614971;2439.60639803962",2497.84094460506,"-0;-0;-0","X","RETAINED_SINGLE_BOUNDARY_UNIQUE"
3,A16,2,18,"-5000;-3505.79987614971;2439.60639803962","-2576.92489156017;-3456.76012690378;1835.03092185925","-2576.92489156017;-3456.76012690378;1835.03092185925","-7427.26396874057;-3554.92440223894;3045.22702639136","5000;-3505.79987614971;2439.60639803962","2572.73603125943;-3554.92440223894;3045.22702639136",2502.15905539494,"10000;-0;-0","X","RETAINED_SINGLE_BOUNDARY_UNIQUE"
3,A17,1,19,"-5000;-3160.9915908559;3668.52224946907","-4102.34949606856;-2841.41616101726;3433.53825557183","-4102.34949606856;-2841.41616101726;3433.53825557183","-8675.72172827145;-4469.59705159465;4630.74058319827","-4102.34949606856;-2841.41616101726;3433.53825557183","-5000;-3160.9915908559;3668.52224946907",981.387976262608,"-0;-0;-0","X","RETAINED_SINGLE_BOUNDARY_UNIQUE"
3,A17,2,19,"-5000;-3160.9915908559;3668.52224946907","-4102.34949606856;-2841.41616101726;3433.53825557183","-4102.34949606856;-2841.41616101726;3433.53825557183","-8675.72172827145;-4469.59705159465;4630.74058319827","5000;-3160.9915908559;3668.52224946907","1324.27827172855;-4469.59705159465;4630.74058319827",4018.61202373739,"10000;-0;-0","X","RETAINED_SINGLE_BOUNDARY_UNIQUE"
3,A18,1,20,"-5000;-2897.59141411251;288.901642274303","-4040.0246999422;-3964.39042857365;-34.9576720364012","-4040.0246999422;-3964.39042857365;-34.9576720364012","-7302.53214933889;-338.839092535155;1065.68879817128","-4040.0246999422;-3964.39042857365;-34.9576720364012","-5000;-2897.59141411251;288.901642274303",1471.2231541959,"-0;-0;-0","X","RETAINED_SINGLE_BOUNDARY_UNIQUE"
3,A18,2,20,"-5000;-2897.59141411251;288.901642274303","-4040.0246999422;-3964.39042857365;-34.9576720364012","-4040.0246999422;-3964.39042857365;-34.9576720364012","-7302.53214933889;-338.839092535155;1065.68879817128","5000;-2897.59141411251;288.901642274303","2697.46785066111;-338.839092535155;1065.68879817128",3528.7768458041,"10000;-0;-0","X","RETAINED_SINGLE_BOUNDARY_UNIQUE"
3,A19,1,21,"-5000;-2779.71438908079;-3244.96239808851","-4573.14946376295;-2163.19389376176;-3710.10735315639","-4573.14946376295;-2163.19389376176;-3710.10735315639","-6991.79517712893;-5656.5587290294;-1074.47554257817","-4573.14946376295;-2163.19389376176;-3710.10735315639","-5000;-2779.71438908079;-3244.96239808851",882.416415678777,"-0;-0;-0","X>Y","RETAINED_SINGLE_BOUNDARY_UNIQUE"
3,A19,2,21,"-5000;-2779.71438908079;-3244.96239808851","-4573.14946376295;-2163.19389376176;-3710.10735315639","-4573.14946376295;-2163.19389376176;-3710.10735315639","-6991.79517712893;-5656.5587290294;-1074.47554257817","5000;-2779.71438908079;-3244.96239808851","3462.77599720371;-5000;-1569.82806180913",3177.86105319444,"10000;-0;-0","X>Y","RETAINED_SINGLE_BOUNDARY_UNIQUE"
3,A19,3,21,"-5000;-2779.71438908079;-3244.96239808851","-4573.14946376295;-2163.19389376176;-3710.10735315639","-4573.14946376295;-2163.19389376176;-3710.10735315639","-6991.79517712893;-5656.5587290294;-1074.47554257817","3462.77599720371;5000;-1569.82806180913","3008.20482287107;4343.4412709706;-1074.47554257817",939.722531126782,"10000;10000;-0","X>Y","RETAINED_SINGLE_BOUNDARY_UNIQUE"
3,A20,1,22,"-5000;-2778.66251188592;2206.82508489744","-3419.62099703407;-3553.43041143183;2744.81331658726","-3419.62099703407;-3553.43041143183;2744.81331658726","-7713.05490052306;-1448.60950391369;1283.25446944978","-3419.62099703407;-3553.43041143183;2744.81331658726","-5000;-2778.66251188592;2206.82508489744",1840.46038496326,"-0;-0;-0","X","RETAINED_SINGLE_BOUNDARY_UNIQUE"
3,A20,2,22,"-5000;-2778.66251188592;2206.82508489744","-3419.62099703407;-3553.43041143183;2744.81331658726","-3419.62099703407;-3553.43041143183;2744.81331658726","-7713.05490052306;-1448.60950391369;1283.25446944978","5000;-2778.66251188592;2206.82508489744","2286.94509947694;-1448.60950391369;1283.25446944978",3159.53961503674,"10000;-0;-0","X","RETAINED_SINGLE_BOUNDARY_UNIQUE"
3,A21,1,23,"-5000;-2691.57323766101;-1126.55329185837","-1842.85902237545;-2262.68910855129;-937.535580783762","-1842.85902237545;-2262.68910855129;-937.535580783762","-6788.65712040849;-2934.55467460004;-1233.640012785","-1842.85902237545;-2262.68910855129;-937.535580783762","-5000;-2691.57323766101;-1126.55329185837",3191.74066050144,"-0;-0;-0","X","RETAINED_SINGLE_BOUNDARY_UNIQUE"
3,A21,2,23,"-5000;-2691.57323766101;-1126.55329185837","-1842.85902237545;-2262.68910855129;-937.535580783762","-1842.85902237545;-2262.68910855129;-937.535580783762","-6788.65712040849;-2934.55467460004;-1233.640012785","5000;-2691.57323766101;-1126.55329185837","3211.34287959151;-2934.55467460004;-1233.640012785",1808.25933949856,"10000;-0;-0","X","RETAINED_SINGLE_BOUNDARY_UNIQUE"
3,A22,1,24,"-5000;-2602.2578268195;2880.14555663","-2957.09873840603;-4028.25170916487;4080.1097010496","-2957.09873840603;-4028.25170916487;4080.1097010496","-6650.92957248635;-1449.86954706891;1910.41866420061","-2957.09873840603;-4028.25170916487;4080.1097010496","-5000;-2602.2578268195;2880.14555663",2765.28806184841,"-0;-0;-0","X","RETAINED_SINGLE_BOUNDARY_UNIQUE"
3,A22,2,24,"-5000;-2602.2578268195;2880.14555663","-2957.09873840603;-4028.25170916487;4080.1097010496","-2957.09873840603;-4028.25170916487;4080.1097010496","-6650.92957248635;-1449.86954706891;1910.41866420061","5000;-2602.2578268195;2880.14555663","3349.07042751365;-1449.86954706891;1910.41866420061",2234.71193815159,"10000;-0;-0","X","RETAINED_SINGLE_BOUNDARY_UNIQUE"
3,A23,1,25,"-5000;-2564.86128944441;-1330.47391306341","-3403.74489856223;-4013.07197165803;-4024.44102447742","-3403.74489856223;-4013.07197165803;-4024.44102447742","-5717.12861181137;-1914.2426538574;-120.190611144001","-3403.74489856223;-4013.07197165803;-4024.44102447742","-5000;-2564.86128944441;-1330.47391306341",3450.04396005675,"-0;-0;-0","X","RETAINED_SINGLE_BOUNDARY_UNIQUE"
3,A23,2,25,"-5000;-2564.86128944441;-1330.47391306341","-3403.74489856223;-4013.07197165803;-4024.44102447742","-3403.74489856223;-4013.07197165803;-4024.44102447742","-5717.12861181137;-1914.2426538574;-120.190611144001","5000;-2564.86128944441;-1330.47391306341","4282.87138818863;-1914.2426538574;-120.190611144",1549.95603994325,"10000;-0;-0","X","RETAINED_SINGLE_BOUNDARY_UNIQUE"
3,A24,1,26,"-5000;-2456.20339955356;-2657.38387812609","-3477.9024015447;-539.990915338504;269.997026244971","-3477.9024015447;-539.990915338504;269.997026244971","-5472.51478078056;-3051.06585963938;-3566.15000961059","-3477.9024015447;-539.990915338504;269.997026244971","-5000;-2456.20339955356;-2657.38387812609",3815.52228969526,"-0;-0;-0","X","RETAINED_SINGLE_BOUNDARY_UNIQUE"
3,A24,2,26,"-5000;-2456.20339955356;-2657.38387812609","-3477.9024015447;-539.990915338504;269.997026244971","-3477.9024015447;-539.990915338504;269.997026244971","-5472.51478078056;-3051.06585963938;-3566.15000961059","5000;-2456.20339955356;-2657.38387812609","4527.48521921944;-3051.06585963938;-3566.15000961059",1184.47771030474,"10000;-0;-0","X","RETAINED_SINGLE_BOUNDARY_UNIQUE"
3,A25,1,27,"-5000;-2432.17457103533;-3042.63852110194","-3051.86907793065;-3726.31167480155;-220.009212959164","-3051.86907793065;-3726.31167480155;-220.009212959164","-5709.12319512214;-1961.10631399334;-4070.08071759942","-3051.86907793065;-3726.31167480155;-220.009212959164","-5000;-2432.17457103533;-3042.63852110194",3665.68426682574,"-0;-0;-0","X","RETAINED_SINGLE_BOUNDARY_UNIQUE"
3,A25,2,27,"-5000;-2432.17457103533;-3042.63852110194","-3051.86907793065;-3726.31167480155;-220.009212959164","-3051.86907793065;-3726.31167480155;-220.009212959164","-5709.12319512214;-1961.10631399334;-4070.08071759942","5000;-2432.17457103533;-3042.63852110194","4290.87680487786;-1961.10631399334;-4070.08071759942",1334.31573317426,"10000;-0;-0","X","RETAINED_SINGLE_BOUNDARY_UNIQUE"
3,A26,1,28,"-5000;-2429.63780368038;1192.46496680503","-1136.48576879498;-3251.23992689051;-909.346550295275","-1136.48576879498;-3251.23992689051;-909.346550295275","-5453.93427541205;-2333.10564612701;1439.41223578663","-1136.48576879498;-3251.23992689051;-909.346550295275","-5000;-2429.63780368038;1192.46496680503",4474.30261795094,"-0;-0;-0","X","RETAINED_SINGLE_BOUNDARY_UNIQUE"
3,A26,2,28,"-5000;-2429.63780368038;1192.46496680503","-1136.48576879498;-3251.23992689051;-909.346550295275","-1136.48576879498;-3251.23992689051;-909.346550295275","-5453.93427541205;-2333.10564612701;1439.41223578663","5000;-2429.63780368038;1192.46496680503","4546.06572458795;-2333.10564612701;1439.41223578663",525.697382049063,"10000;-0;-0","X","RETAINED_SINGLE_BOUNDARY_UNIQUE"
3,A27,1,29,"-5000;-2285.37593637789;-1294.23920020719","-3064.99376678937;-3445.2491194506;-817.752309061515","-3064.99376678937;-3445.2491194506;-817.752309061515","-7260.99489663987;-930.100019087664;-1850.99938562975","-3064.99376678937;-3445.2491194506;-817.752309061515","-5000;-2285.37593637789;-1294.23920020719",2305.77420421187,"-0;-0;-0","X","RETAINED_SINGLE_BOUNDARY_UNIQUE"
3,A27,2,29,"-5000;-2285.37593637789;-1294.23920020719","-3064.99376678937;-3445.2491194506;-817.752309061515","-3064.99376678937;-3445.2491194506;-817.752309061515","-7260.99489663987;-930.100019087664;-1850.99938562975","5000;-2285.37593637789;-1294.23920020719","2739.00510336013;-930.100019087664;-1850.99938562975",2694.22579578813,"10000;-0;-0","X","RETAINED_SINGLE_BOUNDARY_UNIQUE"
3,A28,1,30,"-5000;-1980.646304769;3104.21465993047","-1296.39293705433;-544.587260835758;3821.61080121073","-1296.39293705433;-544.587260835758;3821.61080121073","-5883.99784397859;-2323.41298522059;2932.9824985829","-1296.39293705433;-544.587260835758;3821.61080121073","-5000;-1980.646304769;3104.21465993047",4036.5366439421,"-0;-0;-0","X","RETAINED_SINGLE_BOUNDARY_UNIQUE"
3,A28,2,30,"-5000;-1980.646304769;3104.21465993047","-1296.39293705433;-544.587260835758;3821.61080121073","-1296.39293705433;-544.587260835758;3821.61080121073","-5883.99784397859;-2323.41298522059;2932.9824985829","5000;-1980.646304769;3104.21465993047","4116.00215602141;-2323.41298522059;2932.9824985829",963.463356057904,"10000;-0;-0","X","RETAINED_SINGLE_BOUNDARY_UNIQUE"
3,A29,1,31,"-5000;-1885.81724045037;4304.47317215295","-1952.21256355269;148.897971568059;3715.77168678109","-1952.21256355269;148.897971568059;3715.77168678109","-6058.02143002854;-2592.15662376051;4508.83742012003","-1952.21256355269;148.897971568059;3715.77168678109","-5000;-1885.81724045037;4304.47317215295",3711.55542740026,"-0;-0;-0","X","RETAINED_SINGLE_BOUNDARY_UNIQUE"
3,A29,2,31,"-5000;-1885.81724045037;4304.47317215295","-1952.21256355269;148.897971568059;3715.77168678109","-1952.21256355269;148.897971568059;3715.77168678109","-6058.02143002854;-2592.15662376051;4508.83742012003","5000;-1885.81724045037;4304.47317215295","3941.97856997146;-2592.15662376051;4508.83742012003",1288.44457259974,"10000;-0;-0","X","RETAINED_SINGLE_BOUNDARY_UNIQUE"
3,A30,1,32,"-5000;-1832.60798588856;-4442.89166913915","-4193.73371013477;-2022.79385410491;-4369.53273436392","-4193.73371013477;-2022.79385410491;-4369.53273436392","-9041.20796233372;-879.348926666654;-4810.58496730685","-4193.73371013477;-2022.79385410491;-4369.53273436392","-5000;-1832.60798588856;-4442.89166913915",831.635453761807,"-0;-0;-0","X","RETAINED_SINGLE_BOUNDARY_UNIQUE"
3,A30,2,32,"-5000;-1832.60798588856;-4442.89166913915","-4193.73371013477;-2022.79385410491;-4369.53273436392","-4193.73371013477;-2022.79385410491;-4369.53273436392","-9041.20796233372;-879.348926666654;-4810.58496730685","5000;-1832.60798588856;-4442.89166913915","958.792037666279;-879.348926666654;-4810.58496730685",4168.36454623819,"10000;-0;-0","X","RETAINED_SINGLE_BOUNDARY_UNIQUE"
3,A31,1,33,"-5000;-1823.22140012199;290.683235674212","-3995.73616419977;-2209.34600138377;3386.92990346057","-3995.73616419977;-2209.34600138377;3386.92990346057","-5527.62453100125;-1620.35756654936;-1336.03639488305","-3995.73616419977;-2209.34600138377;3386.92990346057","-5000;-1823.22140012199;290.683235674211",3277.86233502475,"-0;-0;-0","X","RETAINED_SINGLE_BOUNDARY_UNIQUE"
3,A31,2,33,"-5000;-1823.22140012199;290.683235674212","-3995.73616419977;-2209.34600138377;3386.92990346057","-3995.73616419977;-2209.34600138377;3386.92990346057","-5527.62453100125;-1620.35756654936;-1336.03639488305","5000;-1823.22140012199;290.683235674211","4472.37546899875;-1620.35756654936;-1336.03639488305",1722.13766497525,"10000;-0;-0","X","RETAINED_SINGLE_BOUNDARY_UNIQUE"
3,A32,1,34,"-5000;-1770.83504212766;2589.6427585874","-1386.52055894232;-3296.09996253492;2900.10227380758","-1386.52055894232;-3296.09996253492;2900.10227380758","-5978.59993946937;-1357.76387813388;2505.56433286008","-1386.52055894232;-3296.09996253492;2900.10227380758","-5000;-1770.83504212766;2589.6427585874",3934.46970492368,"-0;-0;-0","X","RETAINED_SINGLE_BOUNDARY_UNIQUE"
3,A32,2,34,"-5000;-1770.83504212766;2589.6427585874","-1386.52055894232;-3296.09996253492;2900.10227380758","-1386.52055894232;-3296.09996253492;2900.10227380758","-5978.59993946937;-1357.76387813388;2505.56433286008","5000;-1770.83504212766;2589.6427585874","4021.40006053062;-1357.76387813388;2505.56433286008",1065.53029507632,"10000;-0;-0","X","RETAINED_SINGLE_BOUNDARY_UNIQUE"
3,A33,1,35,"-5000;-1730.49364760457;-1584.90290947253","-1780.69058860293;-1643.08063301096;-2771.82605077521","-1780.69058860293;-1643.08063301096;-2771.82605077521","-6470.47697297513;-1770.42110056799;-1042.75460219955","-1780.69058860293;-1643.08063301096;-2771.82605077521","-5000;-1730.49364760457;-1584.90290947253",3432.25591481607,"-0;-0;-0","X","RETAINED_SINGLE_BOUNDARY_UNIQUE"
3,A33,2,35,"-5000;-1730.49364760457;-1584.90290947253","-1780.69058860293;-1643.08063301096;-2771.82605077521","-1780.69058860293;-1643.08063301096;-2771.82605077521","-6470.47697297513;-1770.42110056799;-1042.75460219955","5000;-1730.49364760457;-1584.90290947253","3529.52302702487;-1770.42110056799;-1042.75460219955",1567.74408518393,"10000;-0;-0","X","RETAINED_SINGLE_BOUNDARY_UNIQUE"
3,A34,1,36,"-5000;-1690.28799022273;1083.3790173988","-1037.62963183377;-1563.14982673259;981.243942181346","-1037.62963183377;-1563.14982673259;981.243942181346","-6033.40012484487;-1723.44607031509;1110.01620415164","-1037.62963183377;-1563.14982673259;981.243942181346","-5000;-1690.28799022273;1083.3790173988",3965.72498047042,"-0;-0;-0","X","RETAINED_SINGLE_BOUNDARY_UNIQUE"
3,A34,2,36,"-5000;-1690.28799022273;1083.3790173988","-1037.62963183377;-1563.14982673259;981.243942181346","-1037.62963183377;-1563.14982673259;981.243942181346","-6033.40012484487;-1723.44607031509;1110.01620415164","5000;-1690.28799022273;1083.3790173988","3966.59987515513;-1723.44607031509;1110.01620415164",1034.27501952958,"10000;-0;-0","X","RETAINED_SINGLE_BOUNDARY_UNIQUE"
3,A35,1,37,"-5000;-1568.74135130602;-712.470563064057","-2354.47254035077;51.3673451435429;-675.743671616226","-2354.47254035077;51.3673451435429;-675.743671616226","-6618.14457213507;-2559.68555181577;-734.93467313441","-2354.47254035077;51.3673451435429;-675.743671616226","-5000;-1568.74135130602;-712.470563064057",3102.40496915297,"-0;-0;-0","X","RETAINED_SINGLE_BOUNDARY_UNIQUE"
3,A35,2,37,"-5000;-1568.74135130602;-712.470563064057","-2354.47254035077;51.3673451435429;-675.743671616226","-2354.47254035077;51.3673451435429;-675.743671616226","-6618.14457213507;-2559.68555181577;-734.93467313441","5000;-1568.74135130602;-712.470563064057","3381.85542786493;-2559.68555181577;-734.93467313441",1897.59503084703,"10000;-0;-0","X","RETAINED_SINGLE_BOUNDARY_UNIQUE"
3,A36,1,38,"-5000;-1525.23346506892;2224.38202222794","-2413.6764685915;-2347.43049850611;-939.89490181865","-2413.6764685915;-2347.43049850611;-939.89490181865","-5515.7806928964;-1361.26582898101;2855.42176825384","-2413.6764685915;-2347.43049850611;-939.89490181865","-5000;-1525.23346506892;2224.38202222794",4168.65995530506,"-0;-0;-0","X","RETAINED_SINGLE_BOUNDARY_UNIQUE"
3,A36,2,38,"-5000;-1525.23346506892;2224.38202222794","-2413.6764685915;-2347.43049850611;-939.89490181865","-2413.6764685915;-2347.43049850611;-939.89490181865","-5515.7806928964;-1361.26582898101;2855.42176825384","5000;-1525.23346506892;2224.38202222794","4484.2193071036;-1361.26582898101;2855.42176825384",831.340044694938,"10000;-0;-0","X","RETAINED_SINGLE_BOUNDARY_UNIQUE"
3,A38,1,40,"-5000;-1194.62051862425;2791.97432075776","-4599.65698133606;-1583.8638820847;2730.79813773728","-4599.65698133606;-1583.8638820847;2730.79813773728","-8163.2137965135;1880.89202961122;3275.34317478256","-4599.65698133606;-1583.8638820847;2730.79813773728","-5000;-1194.62051862425;2791.97432075776",561.718304811153,"-0;-0;-0","X","RETAINED_SINGLE_BOUNDARY_UNIQUE"
3,A38,2,40,"-5000;-1194.62051862425;2791.97432075776","-4599.65698133606;-1583.8638820847;2730.79813773728","-4599.65698133606;-1583.8638820847;2730.79813773728","-8163.2137965135;1880.89202961122;3275.34317478256","5000;-1194.62051862425;2791.97432075776","1836.7862034865;1880.89202961122;3275.34317478256",4438.28169518885,"10000;-0;-0","X","RETAINED_SINGLE_BOUNDARY_UNIQUE"
3,A40,1,42,"-5000;-1113.88857078746;3782.59616936743","-3038.77279122151;-908.420118048348;4797.51561919305","-3038.77279122151;-908.420118048348;4797.51561919305","-7460.30859986854;-1371.64340868336;2509.40607726431","-3038.77279122151;-908.420118048348;4797.51561919305","-5000;-1113.88857078746;3782.59616936743",2217.8121965483,"-0;-0;-0","X","RETAINED_SINGLE_BOUNDARY_UNIQUE"
3,A40,2,42,"-5000;-1113.88857078746;3782.59616936743","-3038.77279122151;-908.420118048348;4797.51561919305","-3038.77279122151;-908.420118048348;4797.51561919305","-7460.30859986854;-1371.64340868336;2509.40607726431","5000;-1113.88857078746;3782.59616936743","2539.69140013146;-1371.64340868336;2509.40607726431",2782.1878034517,"10000;-0;-0","X","RETAINED_SINGLE_BOUNDARY_UNIQUE"
3,A41,1,43,"-5000;-1099.7597181318;-3498.00726232382","-859.593581892434;-464.39271979464;-3300.67349476013","-859.593581892434;-464.39271979464;-3300.67349476013","-5796.26722387823;-1221.95108410428;-3535.95774239944","-859.593581892434;-464.39271979464;-3300.67349476013","-5000;-1099.7597181318;-3498.00726232382",4193.51846848242,"-0;-0;-0","X","RETAINED_SINGLE_BOUNDARY_UNIQUE"
3,A41,2,43,"-5000;-1099.7597181318;-3498.00726232382","-859.593581892434;-464.39271979464;-3300.67349476013","-859.593581892434;-464.39271979464;-3300.67349476013","-5796.26722387823;-1221.95108410428;-3535.95774239944","5000;-1099.7597181318;-3498.00726232382","4203.73277612177;-1221.95108410428;-3535.95774239944",806.481531517576,"10000;-0;-0","X","RETAINED_SINGLE_BOUNDARY_UNIQUE"
3,A42,1,44,"-5000;-1032.75823239689;-3930.21641597039","-3841.2940835211;-642.904872072403;-3919.37008726385","-3841.2940835211;-642.904872072403;-3919.37008726385","-8580.06616719511;-2237.29236449687;-3963.72843475645","-3841.2940835211;-642.904872072403;-3919.37008726385","-5000;-1032.75823239689;-3930.21641597039",1222.58033939938,"-0;-0;-0","X","RETAINED_SINGLE_BOUNDARY_UNIQUE"
3,A42,2,44,"-5000;-1032.75823239689;-3930.21641597039","-3841.2940835211;-642.904872072403;-3919.37008726385","-3841.2940835211;-642.904872072403;-3919.37008726385","-8580.06616719511;-2237.29236449687;-3963.72843475645","5000;-1032.75823239689;-3930.21641597039","1419.93383280489;-2237.29236449687;-3963.72843475645",3777.41966060062,"10000;-0;-0","X","RETAINED_SINGLE_BOUNDARY_UNIQUE"
3,A43,1,45,"-5000;-1028.65263600888;0.015221859663427","-3464.03861965299;-1273.96671209501;-218.561818589242","-3464.03861965299;-1273.96671209501;-218.561818589242","-8353.4218941714;-493.065215503684;477.228413794833","-3464.03861965299;-1273.96671209501;-218.561818589242","-5000;-1028.65263600888;0.0152218596633702",1570.71075645864,"-0;-0;-0","X","RETAINED_SINGLE_BOUNDARY_UNIQUE"
3,A43,2,45,"-5000;-1028.65263600888;0.015221859663427","-3464.03861965299;-1273.96671209501;-218.561818589242","-3464.03861965299;-1273.96671209501;-218.561818589242","-8353.4218941714;-493.065215503684;477.228413794833","5000;-1028.65263600888;0.0152218596633702","1646.5781058286;-493.065215503684;477.228413794833",3429.28924354136,"10000;-0;-0","X","RETAINED_SINGLE_BOUNDARY_UNIQUE"
3,A44,1,46,"-5000;-961.751027590173;3156.62516012837","-4188.73500491925;-770.048269359104;2601.05951025203","-4188.73500491925;-770.048269359104;2601.05951025203","-8237.87098457833;-1726.8632933773;5373.96463449328","-4188.73500491925;-770.048269359104;2601.05951025203","-5000;-961.751027590173;3156.62516012837",1001.77543944703,"-0;-0;-0","X>Z","RETAINED_SINGLE_BOUNDARY_UNIQUE"
3,A44,2,46,"-5000;-961.751027590173;3156.62516012837","-4188.73500491925;-770.048269359104;2601.05951025203","-4188.73500491925;-770.048269359104;2601.05951025203","-8237.87098457833;-1726.8632933773;5373.96463449328","5000;-961.751027590173;3156.62516012837","2308.21104448538;-1597.82354455699;5000",3323.90535787991,"10000;-0;-0","X>Z","RETAINED_SINGLE_BOUNDARY_UNIQUE"
3,A44,3,46,"-5000;-961.751027590173;3156.62516012837","-4188.73500491925;-770.048269359104;2601.05951025203","-4188.73500491925;-770.048269359104;2601.05951025203","-8237.87098457833;-1726.8632933773;5373.96463449328","2308.21104448538;-1597.82354455699;-5000","1762.12901542167;-1726.8632933773;-4626.03536550672",674.319202673063,"10000;-0;-10000","X>Z","RETAINED_SINGLE_BOUNDARY_UNIQUE"
3,A45,1,47,"-5000;-731.749344336892;-1448.85070583919","-2327.24705257705;-763.909003116404;-1950.45099072288","-2327.24705257705;-763.909003116404;-1950.45099072288","-7241.11142302339;-704.783373269199;-1028.25735121264","-2327.24705257705;-763.909003116404;-1950.45099072288","-5000;-731.749344336892;-1448.85070583919",2719.60390634487,"-0;-0;-0","X","RETAINED_SINGLE_BOUNDARY_UNIQUE"
3,A45,2,47,"-5000;-731.749344336892;-1448.85070583919","-2327.24705257705;-763.909003116404;-1950.45099072288","-2327.24705257705;-763.909003116404;-1950.45099072288","-7241.11142302339;-704.783373269199;-1028.25735121264","5000;-731.749344336892;-1448.85070583919","2758.88857697661;-704.783373269199;-1028.25735121264",2280.39609365513,"10000;-0;-0","X","RETAINED_SINGLE_BOUNDARY_UNIQUE"
3,A46,1,48,"-5000;-730.487962622236;1855.54491806651","-3941.26413545687;-1135.38813308892;1827.14762813308","-3941.26413545687;-1135.38813308892;1827.14762813308","-8609.92690992662;650.083027888508;1952.36995680638","-3941.26413545687;-1135.38813308892;1827.14762813308","-5000;-730.487962622236;1855.54491806651",1133.87485420103,"-0;-0;-0","X","RETAINED_SINGLE_BOUNDARY_UNIQUE"
3,A46,2,48,"-5000;-730.487962622236;1855.54491806651","-3941.26413545687;-1135.38813308892;1827.14762813308","-3941.26413545687;-1135.38813308892;1827.14762813308","-8609.92690992662;650.083027888508;1952.36995680638","5000;-730.487962622236;1855.54491806651","1390.07309007338;650.083027888508;1952.36995680638",3866.12514579897,"10000;-0;-0","X","RETAINED_SINGLE_BOUNDARY_UNIQUE"
3,A47,1,49,"-5000;-561.292731474646;2432.06024610751","-3516.89101459389;-899.92465203099;2440.27368559865","-3516.89101459389;-899.92465203099;2440.27368559865","-8391.37254664874;213.044832449732;2413.27886626428","-3516.89101459389;-899.92465203099;2440.27368559865","-5000;-561.292731474646;2432.06024610751",1521.29921475044,"-0;-0;-0","X","RETAINED_SINGLE_BOUNDARY_UNIQUE"
3,A47,2,49,"-5000;-561.292731474646;2432.06024610751","-3516.89101459389;-899.92465203099;2440.27368559865","-3516.89101459389;-899.92465203099;2440.27368559865","-8391.37254664874;213.044832449732;2413.27886626428","5000;-561.292731474646;2432.06024610751","1608.62745335126;213.044832449732;2413.27886626428",3478.70078524956,"10000;-0;-0","X","RETAINED_SINGLE_BOUNDARY_UNIQUE"
3,A49,1,51,"-5000;-476.615832602555;-1280.5382244246","-673.118996697684;-2802.85269639203;-2157.83239774665","-673.118996697684;-2802.85269639203;-2157.83239774665","-5008.42542479918;-472.086118532311;-1278.82993245206","-673.118996697684;-2802.85269639203;-2157.83239774665","-5000;-476.615832602554;-1280.5382244246",4990.28278053823,"-0;-0;-0","X","RETAINED_SINGLE_BOUNDARY_UNIQUE"
3,A49,2,51,"-5000;-476.615832602555;-1280.5382244246","-673.118996697684;-2802.85269639203;-2157.83239774665","-673.118996697684;-2802.85269639203;-2157.83239774665","-5008.42542479918;-472.086118532311;-1278.82993245206","5000;-476.615832602554;-1280.5382244246","4991.57457520082;-472.086118532311;-1278.82993245206",9.71721946176867,"10000;-0;-0","X","RETAINED_SINGLE_BOUNDARY_UNIQUE"
3,A50,1,52,"-5000;-424.768298245947;2438.90343590154","-1347.73176400929;-169.264629335002;3420.55206799234","-1347.73176400929;-169.264629335002;3420.55206799234","-6165.37706344597;-506.295200470953;2125.67594923217","-1347.73176400929;-169.264629335002;3420.55206799234","-5000;-424.768298245947;2438.90343590154",3790.51176351418,"-0;-0;-0","X","RETAINED_SINGLE_BOUNDARY_UNIQUE"
3,A50,2,52,"-5000;-424.768298245947;2438.90343590154","-1347.73176400929;-169.264629335002;3420.55206799234","-1347.73176400929;-169.264629335002;3420.55206799234","-6165.37706344597;-506.295200470953;2125.67594923217","5000;-424.768298245947;2438.90343590154","3834.62293655403;-506.295200470953;2125.67594923217",1209.48823648582,"10000;-0;-0","X","RETAINED_SINGLE_BOUNDARY_UNIQUE"
3,A51,1,53,"-5000;-283.275356566054;933.891906571597","-4379.75247074549;-1271.17341410157;934.480040778632","-4379.75247074549;-1271.17341410157;934.480040778632","-7038.40663166911;2963.392879765;931.959038464291","-4379.75247074549;-1271.17341410157;934.480040778632","-5000;-283.275356566054;933.891906571597",1166.46899467179,"-0;-0;-0","X","RETAINED_SINGLE_BOUNDARY_UNIQUE"
3,A51,2,53,"-5000;-283.275356566054;933.891906571597","-4379.75247074549;-1271.17341410157;934.480040778632","-4379.75247074549;-1271.17341410157;934.480040778632","-7038.40663166911;2963.392879765;931.959038464291","5000;-283.275356566054;933.891906571597","2961.59336833089;2963.392879765;931.959038464291",3833.53100532821,"10000;-0;-0","X","RETAINED_SINGLE_BOUNDARY_UNIQUE"
3,A52,1,54,"-5000;-281.724644649797;3536.49433861641","-463.63770658839;124.771338411342;4513.20773858641","-463.63770658839;124.771338411342;4513.20773858641","-5332.97631947522;-311.562106379373;3464.80199746974","-463.63770658839;124.771338411342;4513.20773858641","-5000;-281.724644649797;3536.49433861641",4658.08876117796,"-0;-0;-0","X","RETAINED_SINGLE_BOUNDARY_UNIQUE"
3,A52,2,54,"-5000;-281.724644649797;3536.49433861641","-463.63770658839;124.771338411342;4513.20773858641","-463.63770658839;124.771338411342;4513.20773858641","-5332.97631947522;-311.562106379373;3464.80199746974","5000;-281.724644649797;3536.49433861641","4667.02368052478;-311.562106379373;3464.80199746974",341.911238822038,"10000;-0;-0","X","RETAINED_SINGLE_BOUNDARY_UNIQUE"
3,A53,1,55,"-5000;-164.470951784556;-3645.76776975669","-2688.10956364959;-2232.55516649171;-2354.21718604344","-2688.10956364959;-2232.55516649171;-2354.21718604344","-6128.37508129907;844.908496831237;-4276.14084971973","-2688.10956364959;-2232.55516649171;-2354.21718604344","-5000;-164.470951784555;-3645.76776975669",3360.04652037728,"-0;-0;-0","X","RETAINED_SINGLE_BOUNDARY_UNIQUE"
3,A53,2,55,"-5000;-164.470951784556;-3645.76776975669","-2688.10956364959;-2232.55516649171;-2354.21718604344","-2688.10956364959;-2232.55516649171;-2354.21718604344","-6128.37508129907;844.908496831237;-4276.14084971973","5000;-164.470951784555;-3645.76776975669","3871.62491870093;844.908496831237;-4276.14084971973",1639.95347962272,"10000;-0;-0","X","RETAINED_SINGLE_BOUNDARY_UNIQUE"
3,A54,1,56,"-5000;-26.7677428770708;-3530.30197874937","-2660.91141296876;-61.3227277094073;-3300.85596774969","-2660.91141296876;-61.3227277094073;-3300.85596774969","-7636.49077427042;12.1807173140578;-3788.92078205069","-2660.91141296876;-61.3227277094073;-3300.85596774969","-5000;-26.7677428770708;-3530.30197874937",2350.56906661349,"-0;-0;-0","X","RETAINED_SINGLE_BOUNDARY_UNIQUE"
3,A54,2,56,"-5000;-26.7677428770708;-3530.30197874937","-2660.91141296876;-61.3227277094073;-3300.85596774969","-2660.91141296876;-61.3227277094073;-3300.85596774969","-7636.49077427042;12.1807173140578;-3788.92078205069","5000;-26.7677428770708;-3530.30197874937","2363.50922572958;12.1807173140578;-3788.92078205069",2649.43093338651,"10000;-0;-0","X","RETAINED_SINGLE_BOUNDARY_UNIQUE"
3,A55,1,57,"-5000;127.505239762082;-1252.26830164535","-2248.85280868866;1511.80528368367;-1705.40359744172","-2248.85280868866;1511.80528368367;-1705.40359744172","-6667.73402243825;-711.651708220178;-977.579563814855","-2248.85280868866;1511.80528368367;-1705.40359744172","-5000;127.505239762082;-1252.26830164535",3112.94540205222,"-0;-0;-0","X","RETAINED_SINGLE_BOUNDARY_UNIQUE"
3,A55,2,57,"-5000;127.505239762082;-1252.26830164535","-2248.85280868866;1511.80528368367;-1705.40359744172","-2248.85280868866;1511.80528368367;-1705.40359744172","-6667.73402243825;-711.651708220178;-977.579563814855","5000;127.505239762082;-1252.26830164535","3332.26597756175;-711.651708220178;-977.579563814855",1887.05459794778,"10000;-0;-0","X","RETAINED_SINGLE_BOUNDARY_UNIQUE"
3,A57,1,59,"-5000;219.832056652714;1547.39993402217","-1243.59092220063;1068.96624807133;1309.39443422368","-1243.59092220063;1068.96624807133;1309.39443422368","-6111.25448927516;-31.3664051409532;1617.80884706798","-1243.59092220063;1068.96624807133;1309.39443422368","-5000;219.832056652714;1547.39993402217",3858.5340030566,"-0;-0;-0","X","RETAINED_SINGLE_BOUNDARY_UNIQUE"
3,A57,2,59,"-5000;219.832056652714;1547.39993402217","-1243.59092220063;1068.96624807133;1309.39443422368","-1243.59092220063;1068.96624807133;1309.39443422368","-6111.25448927516;-31.3664051409532;1617.80884706798","5000;219.832056652714;1547.39993402217","3888.74551072484;-31.3664051409532;1617.80884706798",1141.4659969434,"10000;-0;-0","X","RETAINED_SINGLE_BOUNDARY_UNIQUE"
3,A58,1,60,"-5000;346.991808315544;-355.331480048224","-3168.03348944253;304.854789176287;-452.564454844165","-3168.03348944253;304.854789176287;-452.564454844165","-8159.6892267564;419.667746797315;-187.62864204453","-3168.03348944253;304.854789176287;-452.564454844165","-5000;346.991808315544;-355.331480048224",1835.02890319845,"-0;-0;-0","X","RETAINED_SINGLE_BOUNDARY_UNIQUE"
3,A58,2,60,"-5000;346.991808315544;-355.331480048224","-3168.03348944253;304.854789176287;-452.564454844165","-3168.03348944253;304.854789176287;-452.564454844165","-8159.6892267564;419.667746797315;-187.62864204453","5000;346.991808315544;-355.331480048224","1840.3107732436;419.667746797315;-187.62864204453",3164.97109680155,"10000;-0;-0","X","RETAINED_SINGLE_BOUNDARY_UNIQUE"
3,A59,1,61,"-5000;365.573051258324;-447.706374220298","-1191.75117865526;518.842460481699;-1001.89852117701","-1191.75117865526;518.842460481699;-1001.89852117701","-6135.71479726242;319.864290043192;-282.432451387935","-1191.75117865526;518.842460481699;-1001.89852117701","-5000;365.573051258324;-447.706374220298",3851.41266716847,"-0;-0;-0","X","RETAINED_SINGLE_BOUNDARY_UNIQUE"
3,A59,2,61,"-5000;365.573051258324;-447.706374220298","-1191.75117865526;518.842460481699;-1001.89852117701","-1191.75117865526;518.842460481699;-1001.89852117701","-6135.71479726242;319.864290043192;-282.432451387935","5000;365.573051258324;-447.706374220298","3864.28520273758;319.864290043192;-282.432451387935",1148.58733283153,"10000;-0;-0","X","RETAINED_SINGLE_BOUNDARY_UNIQUE"
3,A60,1,62,"-5000;598.350872167653;-242.484499556541","-3939.3627919814;3784.94787024668;-848.530426292623","-3939.3627919814;3784.94787024668;-848.530426292623","-5493.31076386729;-883.760623992503;39.3922598071502","-3939.3627919814;3784.94787024668;-848.530426292623","-5000;598.350872167653;-242.484499556541",3412.71788762464,"-0;-0;-0","X","RETAINED_SINGLE_BOUNDARY_UNIQUE"
3,A60,2,62,"-5000;598.350872167653;-242.484499556541","-3939.3627919814;3784.94787024668;-848.530426292623","-3939.3627919814;3784.94787024668;-848.530426292623","-5493.31076386729;-883.760623992503;39.3922598071502","5000;598.350872167653;-242.484499556541","4506.68923613271;-883.760623992503;39.3922598071501",1587.28211237537,"10000;-0;-0","X","RETAINED_SINGLE_BOUNDARY_UNIQUE"
3,A61,1,63,"-5000;749.662862224878;3843.64876445069","-1140.56253982493;30.9393602218937;3260.29982847812","-1140.56253982493;30.9393602218937;3260.29982847812","-6002.66994460483;936.385010562742;3995.20101820592","-1140.56253982493;30.9393602218937;3260.29982847812","-5000;749.662862224878;3843.64876445069",3968.89366983223,"-0;-0;-0","X","RETAINED_SINGLE_BOUNDARY_UNIQUE"
3,A61,2,63,"-5000;749.662862224878;3843.64876445069","-1140.56253982493;30.9393602218937;3260.29982847812","-1140.56253982493;30.9393602218937;3260.29982847812","-6002.66994460483;936.385010562742;3995.20101820592","5000;749.662862224878;3843.64876445069","3997.33005539517;936.385010562742;3995.20101820592",1031.10633016777,"10000;-0;-0","X","RETAINED_SINGLE_BOUNDARY_UNIQUE"
3,A62,1,64,"-5000;1000.775202406;1139.47708819548","-2314.34446694224;992.637982139226;1146.10089740263","-2314.34446694224;992.637982139226;1146.10089740263","-7314.30630950978;1007.78727821895;1133.76916204769","-2314.34446694224;992.637982139226;1146.10089740263","-5000;1000.775202406;1139.47708819548",2685.67602875809,"-0;-0;-0","X","RETAINED_SINGLE_BOUNDARY_UNIQUE"
3,A62,2,64,"-5000;1000.775202406;1139.47708819548","-2314.34446694224;992.637982139226;1146.10089740263","-2314.34446694224;992.637982139226;1146.10089740263","-7314.30630950978;1007.78727821895;1133.76916204769","5000;1000.775202406;1139.47708819548","2685.69369049022;1007.78727821895;1133.76916204769",2314.32397124191,"10000;-0;-0","X","RETAINED_SINGLE_BOUNDARY_UNIQUE"
3,A63,1,65,"-5000;1003.09122308877;-3286.42572353727","-68.3151146029868;637.107139705193;-3979.21483066616","-68.3151146029868;637.107139705193;-3979.21483066616","-5006.38243805304;1003.56486866728;-3285.52913673929","-68.3151146029868;637.107139705193;-3979.21483066616","-5000;1003.09122308877;-3286.42572353727",4993.53751413764,"-0;-0;-0","X","RETAINED_SINGLE_BOUNDARY_UNIQUE"
3,A63,2,65,"-5000;1003.09122308877;-3286.42572353727","-68.3151146029868;637.107139705193;-3979.21483066616","-68.3151146029868;637.107139705193;-3979.21483066616","-5006.38243805304;1003.56486866728;-3285.52913673929","5000;1003.09122308877;-3286.42572353727","4993.61756194696;1003.56486866728;-3285.52913673929",6.46248586236128,"10000;-0;-0","X","RETAINED_SINGLE_BOUNDARY_UNIQUE"
3,A64,1,66,"-5000;1026.01054918311;-4860.53209466251","-1712.1759605972;2828.3771307533;-3353.05775855939","-1712.1759605972;2828.3771307533;-3353.05775855939","-5780.11990132241;598.3532223583;-5218.21873367755","-1712.1759605972;2828.3771307533;-3353.05775855939","-5000;1026.01054918311;-4860.53209466251",4041.13735010894,"-0;-0;-0","X>Z","RETAINED_SINGLE_BOUNDARY_UNIQUE"
3,A64,2,66,"-5000;1026.01054918311;-4860.53209466251","-1712.1759605972;2828.3771307533;-3353.05775855939","-1712.1759605972;2828.3771307533;-3353.05775855939","-5780.11990132241;598.3532223583;-5218.21873367755","5000;1026.01054918311;-4860.53209466251","4695.81841566928;859.259921486393;-5000",373.876322735774,"10000;-0;-0","X>Z","RETAINED_SINGLE_BOUNDARY_UNIQUE"
3,A64,3,66,"-5000;1026.01054918311;-4860.53209466251","-1712.1759605972;2828.3771307533;-3353.05775855939","-1712.1759605972;2828.3771307533;-3353.05775855939","-5780.11990132241;598.3532223583;-5218.21873367755","4695.81841566928;859.259921486393;5000","4219.88009867759;598.3532223583;4781.78126632245",584.986327155287,"10000;-0;10000","X>Z","RETAINED_SINGLE_BOUNDARY_UNIQUE"
3,A65,1,67,"-5000;1046.11706766861;1788.56189644159","-2378.37015958896;3020.94096491727;1117.71913924","-2378.37015958896;3020.94096491727;1117.71913924","-6291.18036038046;73.4954595251478;2118.95903323431","-2378.37015958896;3020.94096491727;1117.71913924","-5000;1046.11706766861;1788.56189644159",3350.06006665072,"-0;-0;-0","X","RETAINED_SINGLE_BOUNDARY_UNIQUE"
3,A65,2,67,"-5000;1046.11706766861;1788.56189644159","-2378.37015958896;3020.94096491727;1117.71913924","-2378.37015958896;3020.94096491727;1117.71913924","-6291.18036038046;73.4954595251478;2118.95903323431","5000;1046.11706766861;1788.56189644159","3708.81963961954;73.4954595251479;2118.95903323431",1649.93993334928,"10000;-0;-0","X","RETAINED_SINGLE_BOUNDARY_UNIQUE"
3,A66,1,68,"-5000;1194.16708449381;2524.20597801391","-4278.74995388142;479.023569555252;2797.94365905574","-4278.74995388142;479.023569555252;2797.94365905574","-7706.96101336831;3878.20935848707;1496.82686801208","-4278.74995388142;479.023569555252;2797.94365905574","-5000;1194.16708449381;2524.20597801391",1051.93355018598,"-0;-0;-0","X","RETAINED_SINGLE_BOUNDARY_UNIQUE"
3,A66,2,68,"-5000;1194.16708449381;2524.20597801391","-4278.74995388142;479.023569555252;2797.94365905574","-4278.74995388142;479.023569555252;2797.94365905574","-7706.96101336831;3878.20935848707;1496.82686801208","5000;1194.16708449381;2524.20597801391","2293.03898663169;3878.20935848707;1496.82686801208",3948.06644981402,"10000;-0;-0","X","RETAINED_SINGLE_BOUNDARY_UNIQUE"
3,A67,1,69,"-5000;1267.55444478739;-4446.96716704255","-1321.90725800691;3096.10853520288;-1973.78722751036","-1321.90725800691;3096.10853520288;-1973.78722751036","-5157.53510171841;1189.23628512208;-4552.89507062527","-1321.90725800691;3096.10853520288;-1973.78722751036","-5000;1267.55444478739;-4446.96716704255",4794.64235304177,"-0;-0;-0","X","RETAINED_SINGLE_BOUNDARY_UNIQUE"
3,A67,2,69,"-5000;1267.55444478739;-4446.96716704255","-1321.90725800691;3096.10853520288;-1973.78722751036","-1321.90725800691;3096.10853520288;-1973.78722751036","-5157.53510171841;1189.23628512208;-4552.89507062527","5000;1267.55444478739;-4446.96716704255","4842.46489828159;1189.23628512208;-4552.89507062527",205.357646958231,"10000;-0;-0","X","RETAINED_SINGLE_BOUNDARY_UNIQUE"
3,A68,1,70,"-5000;1627.86460746779;450.994674718855","-1426.58171239957;-365.593857143029;378.317336970383","-1426.58171239957;-365.593857143029;378.317336970383","-5792.4054780267;2069.91400679435;467.110873810386","-1426.58171239957;-365.593857143029;378.317336970383","-5000;1627.86460746779;450.994674718855",4092.49030587831,"-0;-0;-0","X","RETAINED_SINGLE_BOUNDARY_UNIQUE"
3,A68,2,70,"-5000;1627.86460746779;450.994674718855","-1426.58171239957;-365.593857143029;378.317336970383","-1426.58171239957;-365.593857143029;378.317336970383","-5792.4054780267;2069.91400679435;467.110873810386","5000;1627.86460746779;450.994674718855","4207.5945219733;2069.91400679435;467.110873810386",907.509694121693,"10000;-0;-0","X","RETAINED_SINGLE_BOUNDARY_UNIQUE"
3,A69,1,71,"-5000;1846.30617244491;-923.970593359659","-4303.035218537;1847.3209924815;-827.154160731464","-4303.035218537;1847.3209924815;-827.154160731464","-9255.47616518555;1840.10995910312;-1515.10522800037","-4303.035218537;1847.3209924815;-827.154160731464","-5000;1846.30617244491;-923.970593359659",703.657841629242,"-0;-0;-0","X","RETAINED_SINGLE_BOUNDARY_UNIQUE"
3,A69,2,71,"-5000;1846.30617244491;-923.970593359659","-4303.035218537;1847.3209924815;-827.154160731464","-4303.035218537;1847.3209924815;-827.154160731464","-9255.47616518555;1840.10995910312;-1515.10522800037","5000;1846.30617244491;-923.970593359659","744.52383481445;1840.10995910312;-1515.10522800037",4296.34215837076,"10000;-0;-0","X","RETAINED_SINGLE_BOUNDARY_UNIQUE"
3,A70,1,72,"-5000;2079.61755137113;2353.86167246439","-2619.29098444703;4561.01415799683;4115.29691397877","-2619.29098444703;4561.01415799683;4115.29691397877","-5700.20103219462;1349.80283907628;1835.79803419742","-2619.29098444703;4561.01415799683;4115.29691397877","-5000;2079.61755137113;2353.86167246439",3863.64577130947,"-0;-0;-0","X","RETAINED_SINGLE_BOUNDARY_UNIQUE"
3,A70,2,72,"-5000;2079.61755137113;2353.86167246439","-2619.29098444703;4561.01415799683;4115.29691397877","-2619.29098444703;4561.01415799683;4115.29691397877","-5700.20103219462;1349.80283907628;1835.79803419742","5000;2079.61755137113;2353.86167246439","4299.79896780538;1349.80283907628;1835.79803419742",1136.35422869053,"10000;-0;-0","X","RETAINED_SINGLE_BOUNDARY_UNIQUE"
3,A71,1,73,"-5000;2103.41205632157;-2260.48027008985","-2625.59151327081;3326.08016801863;-1178.90185466049","-2625.59151327081;3326.08016801863;-1178.90185466049","-6745.80600475513;1204.43391370057;-3055.72089647053","-2625.59151327081;3326.08016801863;-1178.90185466049","-5000;2103.41205632157;-2260.48027008985",2881.41368809394,"-0;-0;-0","X","RETAINED_SINGLE_BOUNDARY_UNIQUE"
3,A71,2,73,"-5000;2103.41205632157;-2260.48027008985","-2625.59151327081;3326.08016801863;-1178.90185466049","-2625.59151327081;3326.08016801863;-1178.90185466049","-6745.80600475513;1204.43391370057;-3055.72089647053","5000;2103.41205632157;-2260.48027008985","3254.19399524487;1204.43391370057;-3055.72089647053",2118.58631190606,"10000;-0;-0","X","RETAINED_SINGLE_BOUNDARY_UNIQUE"
3,A72,1,74,"-5000;2297.16565005442;-2351.88553803245","-2038.66394048171;1713.47815093003;-954.593023176349","-2038.66394048171;1713.47815093003;-954.593023176349","-6490.39101327038;2590.92582646437;-3055.11953957642","-2038.66394048171;1713.47815093003;-954.593023176349","-5000;2297.16565005442;-2351.88553803245",3326.05302515012,"-0;-0;-0","X","RETAINED_SINGLE_BOUNDARY_UNIQUE"
3,A72,2,74,"-5000;2297.16565005442;-2351.88553803245","-2038.66394048171;1713.47815093003;-954.593023176349","-2038.66394048171;1713.47815093003;-954.593023176349","-6490.39101327038;2590.92582646437;-3055.11953957642","5000;2297.16565005442;-2351.88553803245","3509.60898672962;2590.92582646437;-3055.11953957642",1673.94697484988,"10000;-0;-0","X","RETAINED_SINGLE_BOUNDARY_UNIQUE"
3,A74,1,76,"-5000;2352.95881316785;-4333.08370987709","-4360.93868271287;2198.50476408577;-4544.80591895259","-4360.93868271287;2198.50476408577;-4544.80591895259","-8987.05074681052;3316.58486137682;-3012.16634408452","-4360.93868271287;2198.50476408577;-4544.80591895259","-5000;2352.95881316785;-4333.08370987709",690.711020866484,"-0;-0;-0","X","RETAINED_SINGLE_BOUNDARY_UNIQUE"
3,A74,2,76,"-5000;2352.95881316785;-4333.08370987709","-4360.93868271287;2198.50476408577;-4544.80591895259","-4360.93868271287;2198.50476408577;-4544.80591895259","-8987.05074681052;3316.58486137682;-3012.16634408452","5000;2352.95881316785;-4333.08370987709","1012.94925318948;3316.58486137682;-3012.16634408452",4309.28897913352,"10000;-0;-0","X","RETAINED_SINGLE_BOUNDARY_UNIQUE"
3,A75,1,77,"-5000;2627.09113694637;1730.26194557632","-2642.21389292369;3910.39189723333;4313.9614353286","-2642.21389292369;3910.39189723333;4313.9614353286","-5806.35548357729;2188.20628558915;846.644790812001","-2642.21389292369;3910.39189723333;4313.9614353286","-5000;2627.09113694637;1730.26194557632",3725.79108665815,"-0;-0;-0","X","RETAINED_SINGLE_BOUNDARY_UNIQUE"
3,A75,2,77,"-5000;2627.09113694637;1730.26194557632","-2642.21389292369;3910.39189723333;4313.9614353286","-2642.21389292369;3910.39189723333;4313.9614353286","-5806.35548357729;2188.20628558915;846.644790812001","5000;2627.09113694637;1730.26194557632","4193.64451642271;2188.20628558915;846.644790812001",1274.20891334185,"10000;-0;-0","X","RETAINED_SINGLE_BOUNDARY_UNIQUE"
3,A77,1,79,"-5000;2818.62465634076;378.700572215921","-685.553343817277;2637.72908546581;233.884409242303","-685.553343817277;2637.72908546581;233.884409242303","-5678.35745007737;2847.06674126332;401.469916902103","-685.553343817277;2637.72908546581;233.884409242303","-5000;2818.62465634076;378.700572215921",4320.66486523392,"-0;-0;-0","X","RETAINED_SINGLE_BOUNDARY_UNIQUE"
3,A77,2,79,"-5000;2818.62465634076;378.700572215921","-685.553343817277;2637.72908546581;233.884409242303","-685.553343817277;2637.72908546581;233.884409242303","-5678.35745007737;2847.06674126332;401.469916902103","5000;2818.62465634076;378.700572215921","4321.64254992263;2847.06674126332;401.469916902103",679.33513476608,"10000;-0;-0","X","RETAINED_SINGLE_BOUNDARY_UNIQUE"
3,A78,1,80,"-5000;3028.59273721468;3838.84536454666","-4106.5715338784;2850.17217161023;3962.38128470717","-4106.5715338784;2850.17217161023;3962.38128470717","-8965.2921707139;3820.47445882235;3290.55746507902","-4106.5715338784;2850.17217161023;3962.38128470717","-5000;3028.59273721468;3838.84536454666",919.407116503299,"-0;-0;-0","X","RETAINED_SINGLE_BOUNDARY_UNIQUE"
3,A78,2,80,"-5000;3028.59273721468;3838.84536454666","-4106.5715338784;2850.17217161023;3962.38128470717","-4106.5715338784;2850.17217161023;3962.38128470717","-8965.2921707139;3820.47445882235;3290.55746507902","5000;3028.59273721468;3838.84536454666","1034.7078292861;3820.47445882235;3290.55746507902",4080.5928834967,"10000;-0;-0","X","RETAINED_SINGLE_BOUNDARY_UNIQUE"
3,A79,1,81,"-5000;3254.23450499493;1899.31110932199","-2603.65870441669;1039.7209558079;944.056882182582","-2603.65870441669;1039.7209558079;944.056882182582","-6127.83749999956;4296.49481642619;2348.90129974546","-2603.65870441669;1039.7209558079;944.056882182582","-5000;3254.23450499493;1899.31110932199",3399.85771804035,"-0;-0;-0","X","RETAINED_SINGLE_BOUNDARY_UNIQUE"
3,A79,2,81,"-5000;3254.23450499493;1899.31110932199","-2603.65870441669;1039.7209558079;944.056882182582","-2603.65870441669;1039.7209558079;944.056882182582","-6127.83749999956;4296.49481642619;2348.90129974546","5000;3254.23450499493;1899.31110932199","3872.16250000044;4296.49481642619;2348.90129974546",1600.14228195965,"10000;-0;-0","X","RETAINED_SINGLE_BOUNDARY_UNIQUE"
3,A80,1,82,"-5000;3411.9230946411;3287.08706342088","-4482.53829449633;3883.67840956613;2963.6904047954","-4482.53829449633;3883.67840956613;2963.6904047954","-7837.01188118525;825.498980122529;5060.12679389344","-4482.53829449633;3883.67840956613;2963.6904047954","-5000;3411.9230946411;3287.08706342088",771.300909264929,"-0;-0;-0","X>Z","RETAINED_SINGLE_BOUNDARY_UNIQUE"
3,A80,2,82,"-5000;3411.9230946411;3287.08706342088","-4482.53829449633;3883.67840956613;2963.6904047954","-4482.53829449633;3883.67840956613;2963.6904047954","-7837.01188118525;825.498980122529;5060.12679389344","5000;3411.9230946411;3287.08706342088","2259.19601857106;913.209022363504;5000",4085.29670989941,"10000;-0;-0","X>Z","RETAINED_SINGLE_BOUNDARY_UNIQUE"
3,A80,3,82,"-5000;3411.9230946411;3287.08706342088","-4482.53829449633;3883.67840956613;2963.6904047954","-4482.53829449633;3883.67840956613;2963.6904047954","-7837.01188118525;825.498980122529;5060.12679389344","2259.19601857106;913.209022363504;-5000","2162.98811881475;825.498980122529;-4939.87320610656",143.402380835666,"10000;-0;-10000","X>Z","RETAINED_SINGLE_BOUNDARY_UNIQUE"
3,A82,1,84,"-5000;3565.49103718811;-2132.46832683517","-4546.36479139988;4224.19290758382;-1992.40497257619","-4546.36479139988;4224.19290758382;-1992.40497257619","-7339.79774002756;167.983263353901;-2854.89884709209","-4546.36479139988;4224.19290758382;-1992.40497257619","-5000;3565.49103718811;-2132.46832683517",811.96724056501,"-0;-0;-0","X","RETAINED_SINGLE_BOUNDARY_UNIQUE"
3,A82,2,84,"-5000;3565.49103718811;-2132.46832683517","-4546.36479139988;4224.19290758382;-1992.40497257619","-4546.36479139988;4224.19290758382;-1992.40497257619","-7339.79774002756;167.983263353901;-2854.89884709209","5000;3565.49103718811;-2132.46832683517","2660.20225997244;167.983263353901;-2854.89884709209",4188.03275943499,"10000;-0;-0","X","RETAINED_SINGLE_BOUNDARY_UNIQUE"
3,A83,1,85,"-5000;3661.40876230168;200.799658762158","-2587.39716625327;3249.44185661583;-601.851704214715","-2587.39716625327;3249.44185661583;-601.851704214715","-7270.65280103613;4049.13681900675;956.225516721767","-2587.39716625327;3249.44185661583;-601.851704214715","-5000;3661.40876230168;200.799658762158",2575.77529595882,"-0;-0;-0","X","RETAINED_SINGLE_BOUNDARY_UNIQUE"
3,A83,2,85,"-5000;3661.40876230168;200.799658762158","-2587.39716625327;3249.44185661583;-601.851704214715","-2587.39716625327;3249.44185661583;-601.851704214715","-7270.65280103613;4049.13681900675;956.225516721767","5000;3661.40876230168;200.799658762158","2729.34719896387;4049.13681900675;956.225516721767",2424.22470404118,"10000;-0;-0","X","RETAINED_SINGLE_BOUNDARY_UNIQUE"
3,A84,1,86,"-5000;3806.1067662756;-3937.37836358058","-1042.20617861071;3853.29927026519;-4962.64609087465","-1042.20617861071;3853.29927026519;-4962.64609087465","-5882.11384255241;3795.58849197618;-3708.8664967722","-1042.20617861071;3853.29927026519;-4962.64609087465","-5000;3806.1067662756;-3937.37836358058",4088.70798391017,"-0;-0;-0","X","RETAINED_SINGLE_BOUNDARY_UNIQUE"
3,A84,2,86,"-5000;3806.1067662756;-3937.37836358058","-1042.20617861071;3853.29927026519;-4962.64609087465","-1042.20617861071;3853.29927026519;-4962.64609087465","-5882.11384255241;3795.58849197618;-3708.8664967722","5000;3806.1067662756;-3937.37836358058","4117.88615744759;3795.58849197618;-3708.8664967722",911.292016089826,"10000;-0;-0","X","RETAINED_SINGLE_BOUNDARY_UNIQUE"
3,A86,1,88,"-5000;4321.31901781948;-3598.00449626768","-2504.86390859264;2456.65557167601;-1802.23708289236","-2504.86390859264;2456.65557167601;-1802.23708289236","-5974.69020335337;5049.72385303712;-4299.49605472247","-2504.86390859264;2456.65557167601;-1802.23708289236","-5000;4321.31901781948;-3598.00449626768",3595.47694819031,"-0;-0;-0","X>Y","RETAINED_SINGLE_BOUNDARY_UNIQUE"
3,A86,2,88,"-5000;4321.31901781948;-3598.00449626768","-2504.86390859264;2456.65557167601;-1802.23708289236","-2504.86390859264;2456.65557167601;-1802.23708289236","-5974.69020335337;5049.72385303712;-4299.49605472247","5000;4321.31901781948;-3598.00449626768","4091.84608263076;5000;-4251.60941054751",1308.64464129012,"10000;-0;-0","X>Y","RETAINED_SINGLE_BOUNDARY_UNIQUE"
3,A86,3,88,"-5000;4321.31901781948;-3598.00449626768","-2504.86390859264;2456.65557167601;-1802.23708289236","-2504.86390859264;2456.65557167601;-1802.23708289236","-5974.69020335337;5049.72385303712;-4299.49605472247","4091.84608263076;-5000;-4251.60941054751","4025.30979664663;-4950.27614696288;-4299.49605472247",95.8784105195663,"10000;-10000;-0","X>Y","RETAINED_SINGLE_BOUNDARY_UNIQUE"
3,A87,1,89,"-5000;4516.05011482006;127.577383940598","-4467.32729598824;4063.70432695529;174.563232702057","-4467.32729598824;4063.70432695529;174.563232702057","-8269.94221695632;7292.8858288737;-160.856788314693","-4467.32729598824;4063.70432695529;174.563232702057","-5000;4516.05011482006;127.577383940598",700.403163458043,"-0;-0;-0","X>Y","RETAINED_SINGLE_BOUNDARY_UNIQUE"
3,A87,2,89,"-5000;4516.05011482006;127.577383940598","-4467.32729598824;4063.70432695529;174.563232702057","-4467.32729598824;4063.70432695529;174.563232702057","-8269.94221695632;7292.8858288737;-160.856788314693","5000;4516.05011482006;127.577383940598","4430.11098840596;5000;77.3087692586195",749.338315130989,"10000;-0;-0","X>Y","RETAINED_SINGLE_BOUNDARY_UNIQUE"
3,A87,3,89,"-5000;4516.05011482006;127.577383940598","-4467.32729598824;4063.70432695529;174.563232702057","-4467.32729598824;4063.70432695529;174.563232702057","-8269.94221695632;7292.8858288737;-160.856788314693","4430.11098840596;-5000;77.3087692586195","1730.05778304368;-2707.1141711263;-160.856788314693",3550.25852141097,"10000;-10000;-0","X>Y","RETAINED_SINGLE_BOUNDARY_UNIQUE"
3,A89,1,91,"-5000;4590.6972436687;-422.156804273222","-3023.20894546589;4221.01331886411;-899.307553840379","-3023.20894546589;4221.01331886411;-899.307553840379","-7805.24690143064;5115.31246903009;254.963652473301","-3023.20894546589;4221.01331886411;-899.307553840379","-5000;4590.6972436687;-422.156804273222",2066.89184897457,"-0;-0;-0","X>Y","RETAINED_SINGLE_BOUNDARY_UNIQUE"
3,A89,2,91,"-5000;4590.6972436687;-422.156804273222","-3023.20894546589;4221.01331886411;-899.307553840379","-3023.20894546589;4221.01331886411;-899.307553840379","-7805.24690143064;5115.31246903009;254.963652473301","5000;4590.6972436687;-422.156804273222","2811.35728923147;5000;106.129939832883",2288.39955989745,"10000;-0;-0","X>Y","RETAINED_SINGLE_BOUNDARY_UNIQUE"
3,A89,3,91,"-5000;4590.6972436687;-422.156804273222","-3023.20894546589;4221.01331886411;-899.307553840379","-3023.20894546589;4221.01331886411;-899.307553840379","-7805.24690143064;5115.31246903009;254.963652473301","2811.35728923147;-5000;106.129939832883","2194.75309856936;-4884.68753096991;254.963652473301",644.70859112798,"10000;-10000;-0","X>Y","RETAINED_SINGLE_BOUNDARY_UNIQUE"
3,A90,1,92,"-5000;4726.03596082898;3929.70319677292","-3460.34701963225;4970.55812487301;4265.37900658388","-3460.34701963225;4970.55812487301;4265.37900658388","-8287.81738886369;4203.87659559688;3212.89182525609","-3460.34701963225;4970.55812487301;4265.37900658388","-5000;4726.03596082898;3929.70319677292",1594.67885104065,"-0;-0;-0","X","RETAINED_SINGLE_BOUNDARY_UNIQUE"
3,A90,2,92,"-5000;4726.03596082898;3929.70319677292","-3460.34701963225;4970.55812487301;4265.37900658388","-3460.34701963225;4970.55812487301;4265.37900658388","-8287.81738886369;4203.87659559688;3212.89182525609","5000;4726.03596082898;3929.70319677292","1712.18261113631;4203.87659559688;3212.89182525609",3405.32114895935,"10000;-0;-0","X","RETAINED_SINGLE_BOUNDARY_UNIQUE"
3,A92,1,94,"-4995.91838936805;1956.76737973369;1769.17430952256","-4139.83987317681;148.224702947496;5000","-4995.91838936805;1956.76737973369;1769.17430952256","-3869.57462378038;-422.734885853253;6019.9764326269","-4995.91838936805;1956.76737973369;1769.17430952256","-4139.83987317681;148.224702947496;5000",3800.25416017011,"-0;-0;-0","Z","RETAINED_SINGLE_BOUNDARY_UNIQUE"
3,A92,2,94,"-4995.91838936805;1956.76737973369;1769.17430952256","-4139.83987317681;148.224702947496;5000","-4995.91838936805;1956.76737973369;1769.17430952256","-3869.57462378038;-422.734885853253;6019.9764326269","-4139.83987317681;148.224702947496;-5000","-3869.57462378038;-422.734885853253;-3980.0235673731",1199.7458398299,"-0;-0;-10000","Z","RETAINED_SINGLE_BOUNDARY_UNIQUE"
3,A93,1,95,"-4902.46883794863;-94.4166207700482;672.934600297983","97.3763590855169;-82.0764201731013;710.294005322419","-4902.46883794863;-94.4166207700482;672.934600297983","97.3763590855169;-82.0764201731013;710.294005322419","-4902.46883794863;-94.4166207700482;672.934600297983","97.3763590855169;-82.0764201731013;710.294005322419",5000,"-0;-0;-0","NONE","DIRECT_FULL"
3,A94,1,96,"-4897.9224016491;-4362.03473939685;1312.21633831054","-3012.14751113252;238.568230852889;1839.76289779741","-4897.9224016491;-4362.03473939685;1312.21633831054","-3012.14751113252;238.568230852889;1839.76289779741","-4897.9224016491;-4362.03473939685;1312.21633831054","-3012.14751113252;238.568230852889;1839.76289779741",5000,"-0;-0;-0","NONE","DIRECT_FULL"
3,A95,1,97,"-4845.08073283386;1462.43827903822;-85.8584979188063","-257.976588278578;-503.036407640955;222.985836701638","-4845.08073283386;1462.43827903822;-85.8584979188063","-257.976588278578;-503.036407640955;222.985836701638","-4845.08073283386;1462.43827903822;-85.8584979188063","-257.976588278578;-503.036407640955;222.985836701638",5000,"-0;-0;-0","NONE","DIRECT_FULL"
3,A96,1,98,"-4833.38316603981;1700.44016001606;-4028.8396946924","-4383.69077915118;605.021236298684;-5000","-4833.38316603981;1700.44016001606;-4028.8396946924","-3365.18508309815;-1875.98677250877;-7199.57537991712","-4833.38316603981;1700.44016001606;-4028.8396946924","-4383.69077915118;605.021236298684;-5000",1531.44317552721,"-0;-0;-0","Z","RETAINED_SINGLE_BOUNDARY_UNIQUE"
3,A96,2,98,"-4833.38316603981;1700.44016001606;-4028.8396946924","-4383.69077915118;605.021236298684;-5000","-4833.38316603981;1700.44016001606;-4028.8396946924","-3365.18508309815;-1875.98677250877;-7199.57537991712","-4383.69077915118;605.021236298684;5000","-3365.18508309815;-1875.98677250877;2800.42462008288",3468.55682447279,"-0;-0;10000","Z","RETAINED_SINGLE_BOUNDARY_UNIQUE"
3,A97,1,99,"-4801.86959698975;-3582.07213390288;-1984.64462751909","-2690.87373362849;-3968.24918667436;2531.38944551273","-4801.86959698975;-3582.07213390288;-1984.64462751909","-2690.87373362849;-3968.24918667436;2531.38944551273","-4801.86959698975;-3582.07213390288;-1984.64462751909","-2690.87373362849;-3968.24918667436;2531.38944551273",5000,"-0;-0;-0","NONE","DIRECT_FULL"
3,A98,1,100,"-4779.75109652657;-2344.06989304822;-3220.67869193697","183.472108314943;-1901.26852208205;-3633.40422397159","-4779.75109652657;-2344.06989304822;-3220.67869193697","183.472108314943;-1901.26852208205;-3633.40422397159","-4779.75109652657;-2344.06989304822;-3220.67869193697","183.472108314943;-1901.26852208205;-3633.40422397159",5000,"-0;-0;-0","NONE","DIRECT_FULL"
3,A99,1,101,"-4778.60000563849;5000;-1494.68012704236","-4462.99576928441;3736.72009258158;-1511.05478779547","-4462.99576928441;3736.72009258158;-1511.05478779547","-5674.79836573578;8587.2439307249;-1448.18219569767","-4462.99576928441;3736.72009258158;-1511.05478779547","-4778.60000563849;5000;-1494.68012704236",1302.20977112235,"-0;-0;-0","Y>X","RETAINED_SINGLE_BOUNDARY_UNIQUE"
3,A99,2,101,"-4778.60000563849;5000;-1494.68012704236","-4462.99576928441;3736.72009258158;-1511.05478779547","-4462.99576928441;3736.72009258158;-1511.05478779547","-5674.79836573578;8587.2439307249;-1448.18219569767","-4778.60000563849;-5000;-1494.68012704236","-5000;-4113.79464480426;-1483.19311457291",913.51510142764,"-0;-10000;-0","Y>X","RETAINED_SINGLE_BOUNDARY_UNIQUE"
3,A99,3,101,"-4778.60000563849;5000;-1494.68012704236","-4462.99576928441;3736.72009258158;-1511.05478779547","-4462.99576928441;3736.72009258158;-1511.05478779547","-5674.79836573578;8587.2439307249;-1448.18219569767","5000;-4113.79464480426;-1483.19311457291","4325.20163426422;-1412.7560692751;-1448.18219569767",2784.27512745001,"10000;-10000;-0","Y>X","RETAINED_SINGLE_BOUNDARY_UNIQUE"
3,A100,1,102,"-4745.53953435397;3309.54611875961;-4101.31881632114","-3133.25193614438;-375.504264302602;-1131.31336599743","-4745.53953435397;3309.54611875961;-4101.31881632114","-3133.25193614438;-375.504264302602;-1131.31336599743","-4745.53953435397;3309.54611875961;-4101.31881632114","-3133.25193614438;-375.504264302602;-1131.31336599743",4999.99999999999,"-0;-0;-0","NONE","DIRECT_FULL"
3,A101,1,103,"-4741.19356786378;-378.567447110398;1578.804023168","169.012165270613;561.698729085063;1654.82491632829","-4741.19356786378;-378.567447110398;1578.804023168","169.012165270613;561.698729085063;1654.82491632829","-4741.19356786378;-378.567447110398;1578.804023168","169.012165270613;561.698729085063;1654.82491632829",5000,"-0;-0;-0","NONE","DIRECT_FULL"
3,A102,1,104,"-4737.93168805124;-5000;3732.66449817433","-3894.04947168852;-4160.76206070917;3732.52092145894","-3894.04947168852;-4160.76206070917;3732.52092145894","-7439.32554554398;-7686.52682828981;3733.12410882794","-3894.04947168852;-4160.76206070917;3732.52092145894","-4737.93168805124;-5000;3732.66449817433",1190.15021507902,"-0;-0;-0","Y>X","RETAINED_SINGLE_BOUNDARY_UNIQUE"
3,A102,2,104,"-4737.93168805124;-5000;3732.66449817433","-3894.04947168852;-4160.76206070917;3732.52092145894","-3894.04947168852;-4160.76206070917;3732.52092145894","-7439.32554554398;-7686.52682828981;3733.12410882794","-4737.93168805124;5000;3732.66449817433","-5000;4739.37397209142;3732.70908604063",369.602121935405,"-0;10000;-0","Y>X","RETAINED_SINGLE_BOUNDARY_UNIQUE"
3,A102,3,104,"-4737.93168805124;-5000;3732.66449817433","-3894.04947168852;-4160.76206070917;3732.52092145894","-3894.04947168852;-4160.76206070917;3732.52092145894","-7439.32554554398;-7686.52682828981;3733.12410882794","5000;4739.37397209142;3732.70908604063","2560.67445445602;2313.47317171019;3733.12410882794",3440.24766298557,"10000;10000;-0","Y>X","RETAINED_SINGLE_BOUNDARY_UNIQUE"
3,A103,1,105,"-4677.06527617311;1542.78684951119;-2987.78613940108","-232.43418966324;1953.7437089671;-734.706255221154","-4677.06527617311;1542.78684951119;-2987.78613940108","-232.43418966324;1953.7437089671;-734.706255221154","-4677.06527617311;1542.78684951119;-2987.78613940108","-232.43418966324;1953.7437089671;-734.706255221154",5000,"-0;-0;-0","NONE","DIRECT_FULL"
3,A104,1,106,"-4668.25542612177;2564.41390693882;1131.01493516207","-4242.63293207097;5000;-1891.82706138378","-4668.25542612177;2564.41390693882;1131.01493516207","-4123.31609818373;5682.77975282283;-2739.23513170577","-4668.25542612177;2564.41390693882;1131.01493516207","-4242.63293207097;5000;-1891.82706138378",3905.22827248758,"-0;-0;-0","Y","RETAINED_SINGLE_BOUNDARY_UNIQUE"
3,A104,2,106,"-4668.25542612177;2564.41390693882;1131.01493516207","-4242.63293207097;5000;-1891.82706138378","-4668.25542612177;2564.41390693882;1131.01493516207","-4123.31609818373;5682.77975282283;-2739.23513170577","-4242.63293207097;-5000;-1891.82706138378","-4123.31609818373;-4317.22024717717;-2739.23513170577",1094.77172751242,"-0;-10000;-0","Y","RETAINED_SINGLE_BOUNDARY_UNIQUE"
3,A105,1,107,"-4645.06298240691;-4013.03042006628;-4280.17502219044","-1825.07983650809;-4061.56376308928;-5000","-4645.06298240691;-4013.03042006628;-4280.17502219044","198.922395809063;-4096.39787008145;-5516.64399628879","-4645.06298240691;-4013.03042006628;-4280.17502219044","-1825.07983650809;-4061.56376308928;-5000",2910.80889568809,"-0;-0;-0","Z","RETAINED_SINGLE_BOUNDARY_UNIQUE"
3,A105,2,107,"-4645.06298240691;-4013.03042006628;-4280.17502219044","-1825.07983650809;-4061.56376308928;-5000","-4645.06298240691;-4013.03042006628;-4280.17502219044","198.922395809063;-4096.39787008145;-5516.64399628879","-1825.07983650809;-4061.56376308928;5000","198.922395809063;-4096.39787008145;4483.35600371121",2089.19110431191,"-0;-0;10000","Z","RETAINED_SINGLE_BOUNDARY_UNIQUE"
3,A106,1,108,"-4642.45937836692;-4593.49833680742;3474.40935702149","-1330.03038400753;-3673.72855897134;-156.270705047679","-4642.45937836692;-4593.49833680742;3474.40935702149","-1330.03038400753;-3673.72855897134;-156.270705047679","-4642.45937836692;-4593.49833680742;3474.40935702149","-1330.03038400753;-3673.72855897134;-156.270705047679",5000,"-0;-0;-0","NONE","DIRECT_FULL"
3,A107,1,109,"-4628.93500514492;-4623.92424534162;-3379.01806989156","347.663690561501;-4719.99669224236;-3852.55318668825","-4628.93500514492;-4623.92424534162;-3379.01806989156","347.663690561501;-4719.99669224236;-3852.55318668825","-4628.93500514492;-4623.92424534162;-3379.01806989156","347.663690561501;-4719.99669224236;-3852.55318668825",5000,"-0;-0;-0","NONE","DIRECT_FULL"
3,A108,1,110,"-4571.84128933919;-731.76490888297;4020.15092057908","-918.340568478979;-4145.25624114645;4017.08379880479","-4571.84128933919;-731.76490888297;4020.15092057908","-918.340568478979;-4145.25624114645;4017.08379880479","-4571.84128933919;-731.76490888297;4020.15092057908","-918.340568478979;-4145.25624114645;4017.08379880479",5000,"-0;-0;-0","NONE","DIRECT_FULL"
3,A109,1,111,"-4565.75792650676;973.668456715803;-249.852342702499","-3598.81024182215;5000;2206.34902198435","-4565.75792650676;973.668456715803;-249.852342702499","-3561.55100321278;5155.14598159528;2300.99343157243","-4565.75792650676;973.668456715803;-249.852342702499","-3598.81024182215;5000;2206.34902198435",4814.48425745186,"-0;-0;-0","Y","RETAINED_SINGLE_BOUNDARY_UNIQUE"
3,A109,2,111,"-4565.75792650676;973.668456715803;-249.852342702499","-3598.81024182215;5000;2206.34902198435","-4565.75792650676;973.668456715803;-249.852342702499","-3561.55100321278;5155.14598159528;2300.99343157243","-3598.81024182215;-5000;2206.34902198435","-3561.55100321278;-4844.85401840472;2300.99343157243",185.515742548142,"-0;-10000;-0","Y","RETAINED_SINGLE_BOUNDARY_UNIQUE"
3,A110,1,112,"-4554.82293054323;156.107720828442;5000","-3643.57413195483;34.8532008198337;4432.91700378619","-3643.57413195483;34.8532008198337;4432.91700378619","-7861.84817003047;596.154126038027;7058.00850905724","-3643.57413195483;34.8532008198337;4432.91700378619","-4554.82293054323;156.107720828442;5000",1080.12043594506,"-0;-0;-0","Z>X","RETAINED_SINGLE_BOUNDARY_UNIQUE"
3,A110,2,112,"-4554.82293054323;156.107720828442;5000","-3643.57413195483;34.8532008198337;4432.91700378619","-3643.57413195483;34.8532008198337;4432.91700378619","-7861.84817003047;596.154126038027;7058.00850905724","-4554.82293054323;156.107720828442;-5000","-5000;215.344816075578;-4722.96002279037",527.676800319804,"-0;-0;-10000","Z>X","RETAINED_SINGLE_BOUNDARY_UNIQUE"
3,A110,3,112,"-4554.82293054323;156.107720828442;5000","-3643.57413195483;34.8532008198337;4432.91700378619","-3643.57413195483;34.8532008198337;4432.91700378619","-7861.84817003047;596.154126038027;7058.00850905724","5000;215.344816075578;-4722.96002279037","2138.15182996953;596.154126038027;-2941.99149094276",3392.20276373513,"10000;-0;-10000","Z>X","RETAINED_SINGLE_BOUNDARY_UNIQUE"
3,A111,1,113,"-4537.55944532078;2428.70864022709;-631.52951422848","-418.27972558606;-214.860659395111;-1652.84041139802","-4537.55944532078;2428.70864022709;-631.52951422848","-418.27972558606;-214.860659395111;-1652.84041139802","-4537.55944532078;2428.70864022709;-631.52951422848","-418.27972558606;-214.860659395111;-1652.84041139802",5000,"-0;-0;-0","NONE","DIRECT_FULL"
3,A112,1,114,"-4531.87720662466;656.546568365086;-4461.362601052","-4275.03899601177;280.742455792943;-5000","-4531.87720662466;656.546568365086;-4461.362601052","-2710.87881632283;-2007.92723570655;-8280.33421785333","-4531.87720662466;656.546568365086;-4461.362601052","-4275.03899601177;280.742455792943;-5000",705.212623967009,"-0;-0;-0","Z","RETAINED_SINGLE_BOUNDARY_UNIQUE"
3,A112,2,114,"-4531.87720662466;656.546568365086;-4461.362601052","-4275.03899601177;280.742455792943;-5000","-4531.87720662466;656.546568365086;-4461.362601052","-2710.87881632283;-2007.92723570655;-8280.33421785333","-4275.03899601177;280.742455792943;5000","-2710.87881632283;-2007.92723570655;1719.66578214667",4294.78737603299,"-0;-0;10000","Z","RETAINED_SINGLE_BOUNDARY_UNIQUE"
3,A113,1,115,"-4518.7611476125;2882.08375528358;694.061209470425","-105.926251516752;2788.08677966835;3043.11479514591","-4518.7611476125;2882.08375528358;694.061209470425","-105.926251516752;2788.08677966835;3043.11479514591","-4518.7611476125;2882.08375528358;694.061209470425","-105.926251516752;2788.08677966835;3043.11479514591",5000,"-0;-0;-0","NONE","DIRECT_FULL"
3,A114,1,116,"-4464.31365797202;-3357.94869264603;1667.83281348784","-3780.03862899474;1578.01319683164;2077.76928459312","-4464.31365797202;-3357.94869264603;1667.83281348784","-3780.03862899474;1578.01319683164;2077.76928459312","-4464.31365797202;-3357.94869264603;1667.83281348784","-3780.03862899474;1578.01319683164;2077.76928459312",5000.00000000001,"-0;-0;-0","NONE","DIRECT_FULL"
3,A115,1,117,"-4463.68735379139;-4886.22789661029;-2725.99859426592","-1902.45867861374;-608.74850625676;-3104.51905414699","-4463.68735379139;-4886.22789661029;-2725.99859426592","-1902.45867861374;-608.74850625676;-3104.51905414699","-4463.68735379139;-4886.22789661029;-2725.99859426592","-1902.45867861374;-608.74850625676;-3104.51905414699",5000,"-0;-0;-0","NONE","DIRECT_FULL"
3,A116,1,118,"-4437.424910375;-1542.88317408878;3661.64513403437","393.788811329587;-1730.25327255817;2387.17802131123","-4437.424910375;-1542.88317408878;3661.64513403437","393.788811329587;-1730.25327255817;2387.17802131123","-4437.424910375;-1542.88317408878;3661.64513403437","393.788811329587;-1730.25327255817;2387.17802131123",5000,"-0;-0;-0","NONE","DIRECT_FULL"
3,A117,1,119,"-4422.28950725118;715.442990850514;4148.53114128022","-528.062227498771;345.954062170818;1034.29418414043","-4422.28950725118;715.442990850514;4148.53114128022","-528.062227498771;345.954062170818;1034.29418414043","-4422.28950725118;715.442990850514;4148.53114128022","-528.062227498771;345.954062170818;1034.29418414043",5000,"-0;-0;-0","NONE","DIRECT_FULL"
3,A118,1,120,"-4410.28259747553;-1045.28868406092;-5000","-1643.83896399538;2545.40656668242;-3320.95510371989","-1643.83896399538;2545.40656668242;-3320.95510371989","-4505.40874964374;-1168.75732035559;-5057.73516523807","-1643.83896399538;2545.40656668242;-3320.95510371989","-4410.28259747553;-1045.28868406092;-5000",4833.78676863781,"-0;-0;-0","Z","RETAINED_SINGLE_BOUNDARY_UNIQUE"
3,A118,2,120,"-4410.28259747553;-1045.28868406092;-5000","-1643.83896399538;2545.40656668242;-3320.95510371989","-1643.83896399538;2545.40656668242;-3320.95510371989","-4505.40874964374;-1168.75732035559;-5057.73516523807","-4410.28259747553;-1045.28868406092;5000","-4505.40874964374;-1168.75732035559;4942.26483476193",166.213231362195,"-0;-0;10000","Z","RETAINED_SINGLE_BOUNDARY_UNIQUE"
3,A119,1,121,"-4403.60727755624;-4592.70038720672;-3723.58682101653","-1184.96159580262;-871.28701203014;-2833.97878014365","-4403.60727755624;-4592.70038720672;-3723.58682101653","-1184.96159580262;-871.28701203014;-2833.97878014365","-4403.60727755624;-4592.70038720672;-3723.58682101653","-1184.96159580262;-871.28701203014;-2833.97878014365",5000,"-0;-0;-0","NONE","DIRECT_FULL"
3,A120,1,122,"-4397.29493631101;1830.1361867125;-2506.42937971872","-327.237248089884;2386.60773512022;344.003890920108","-4397.29493631101;1830.1361867125;-2506.42937971872","-327.237248089884;2386.60773512022;344.003890920108","-4397.29493631101;1830.1361867125;-2506.42937971872","-327.237248089884;2386.60773512022;344.003890920108",5000,"-0;-0;-0","NONE","DIRECT_FULL"
3,A121,1,123,"-4383.69077915118;605.021236298684;5000","-3365.18508309814;-1875.98677250877;2800.42462008289","-3365.18508309814;-1875.98677250877;2800.42462008289","-4833.38316603981;1700.44016001606;5971.1603053076","-3365.18508309814;-1875.98677250877;2800.42462008289","-4383.69077915118;605.021236298684;5000",3468.55682447278,"-0;-0;-0","Z","RETAINED_SINGLE_BOUNDARY_UNIQUE"
3,A121,2,123,"-4383.69077915118;605.021236298684;5000","-3365.18508309814;-1875.98677250877;2800.42462008289","-3365.18508309814;-1875.98677250877;2800.42462008289","-4833.38316603981;1700.44016001606;5971.1603053076","-4383.69077915118;605.021236298684;-5000","-4833.38316603981;1700.44016001606;-4028.8396946924",1531.44317552722,"-0;-0;-10000","Z","RETAINED_SINGLE_BOUNDARY_UNIQUE"
3,A122,1,124,"-4367.72812969583;2076.92333379447;1425.12626491372","423.899947702362;3460.13217657474;1068.7084410836","-4367.72812969583;2076.92333379447;1425.12626491372","423.899947702362;3460.13217657474;1068.7084410836","-4367.72812969583;2076.92333379447;1425.12626491372","423.899947702362;3460.13217657474;1068.7084410836",5000,"-0;-0;-0","NONE","DIRECT_FULL"
3,A123,1,125,"-4366.88748213927;-3819.61253713339;-2675.94087134222","-4310.41849023409;-5000;-4411.12283861205","-4366.88748213927;-3819.61253713339;-2675.94087134222","-4232.39723628018;-6630.90055085406;-6808.56377667477","-4366.88748213927;-3819.61253713339;-2675.94087134222","-4310.41849023409;-5000;-4411.12283861205",2099.37127947342,"-0;-0;-0","Y>Z","RETAINED_SINGLE_BOUNDARY_UNIQUE"
3,A123,2,125,"-4366.88748213927;-3819.61253713339;-2675.94087134222","-4310.41849023409;-5000;-4411.12283861205","-4366.88748213927;-3819.61253713339;-2675.94087134222","-4232.39723628018;-6630.90055085406;-6808.56377667477","-4310.41849023409;5000;-4411.12283861205","-4291.25433322531;4599.40615360099;-5000",712.473863303726,"-0;10000;-0","Y>Z","RETAINED_SINGLE_BOUNDARY_UNIQUE"
3,A123,3,125,"-4366.88748213927;-3819.61253713339;-2675.94087134222","-4310.41849023409;-5000;-4411.12283861205","-4366.88748213927;-3819.61253713339;-2675.94087134222","-4232.39723628018;-6630.90055085406;-6808.56377667477","-4291.25433322531;4599.40615360099;5000","-4232.39723628018;3369.09944914594;3191.43622332523",2188.15485722286,"-0;10000;10000","Y>Z","RETAINED_SINGLE_BOUNDARY_UNIQUE"
3,A124,1,126,"-4364.3405761474;-5000;3075.00067848884","-785.813656439914;-4536.86953991139;3990.21097830275","-785.813656439914;-4536.86953991139;3990.21097830275","-5592.2669376111;-5158.91737396406;2760.95781151036","-785.813656439914;-4536.86953991139;3990.21097830275","-4364.3405761474;-5000;3075.00067848884",3722.62738277933,"-0;-0;-0","Y>X","RETAINED_SINGLE_BOUNDARY_UNIQUE"
3,A124,2,126,"-4364.3405761474;-5000;3075.00067848884","-785.813656439914;-4536.86953991139;3990.21097830275","-785.813656439914;-4536.86953991139;3990.21097830275","-5592.2669376111;-5158.91737396406;2760.95781151036","-4364.3405761474;5000;3075.00067848884","-5000;4917.7334003533;2912.43041845256",661.256218116938,"-0;10000;-0","Y>X","RETAINED_SINGLE_BOUNDARY_UNIQUE"
3,A124,3,126,"-4364.3405761474;-5000;3075.00067848884","-785.813656439914;-4536.86953991139;3990.21097830275","-785.813656439914;-4536.86953991139;3990.21097830275","-5592.2669376111;-5158.91737396406;2760.95781151036","5000;4917.7334003533;2912.43041845256","4407.7330623889;4841.08262603594;2760.95781151036",616.116399103731,"10000;10000;-0","Y>X","RETAINED_SINGLE_BOUNDARY_UNIQUE"
3,A125,1,127,"-4326.70685705914;-3313.35506887951;-3148.29031733543","611.160511270979;-2743.99181004891;-3689.85410145916","-4326.70685705914;-3313.35506887951;-3148.29031733543","611.160511270979;-2743.99181004891;-3689.85410145916","-4326.70685705914;-3313.35506887951;-3148.29031733543","611.160511270979;-2743.99181004891;-3689.85410145916",5000,"-0;-0;-0","NONE","DIRECT_FULL"
3,A126,1,128,"-4325.93534522974;-1636.01576929022;687.287707327499","283.385320464921;194.607517827582;52.4795619306548","-4325.93534522974;-1636.01576929022;687.287707327499","283.385320464921;194.607517827582;52.4795619306548","-4325.93534522974;-1636.01576929022;687.287707327499","283.385320464921;194.607517827582;52.4795619306548",5000,"-0;-0;-0","NONE","DIRECT_FULL"
3,A127,1,129,"-4314.49442587369;3019.10780590509;406.19185737708","-4052.34173484081;5000;1355.7031235774","-4314.49442587369;3019.10780590509;406.19185737708","-3722.00288186128;7496.12412024161;2552.18316477757","-4314.49442587369;3019.10780590509;406.19185737708","-4052.34173484081;5000;1355.7031235774",2212.29056922531,"-0;-0;-0","Y","RETAINED_SINGLE_BOUNDARY_UNIQUE"
3,A127,2,129,"-4314.49442587369;3019.10780590509;406.19185737708","-4052.34173484081;5000;1355.7031235774","-4314.49442587369;3019.10780590509;406.19185737708","-3722.00288186128;7496.12412024161;2552.18316477757","-4052.34173484081;-5000;1355.7031235774","-3722.00288186128;-2503.87587975839;2552.18316477757",2787.70943077469,"-0;-10000;-0","Y","RETAINED_SINGLE_BOUNDARY_UNIQUE"
3,A128,1,130,"-4313.76832575146;-563.93752595661;-133.083517332063","-2857.92470190704;-2445.58479963247;4264.63439999503","-4313.76832575146;-563.93752595661;-133.083517332063","-2857.92470190704;-2445.58479963247;4264.63439999503","-4313.76832575146;-563.93752595661;-133.083517332063","-2857.92470190704;-2445.58479963247;4264.63439999503",5000,"-0;-0;-0","NONE","DIRECT_FULL"
3,A130,1,132,"-4291.2543332253;4599.40615360099;5000","-4232.39723628016;3369.09944914594;3191.43622332523","-4232.39723628016;3369.09944914594;3191.43622332523","-4366.88748213927;6180.3874628666;7324.05912865779","-4232.39723628016;3369.09944914594;3191.43622332523","-4291.2543332253;4599.40615360099;5000",2188.15485722285,"-0;-0;-0","Z>Y","RETAINED_SINGLE_BOUNDARY_UNIQUE"
3,A130,2,132,"-4291.2543332253;4599.40615360099;5000","-4232.39723628016;3369.09944914594;3191.43622332523","-4232.39723628016;3369.09944914594;3191.43622332523","-4366.88748213927;6180.3874628666;7324.05912865779","-4291.2543332253;4599.40615360099;-5000","-4310.41849023408;5000;-4411.12283861204",712.473863303737,"-0;-0;-10000","Z>Y","RETAINED_SINGLE_BOUNDARY_UNIQUE"
3,A130,3,132,"-4291.2543332253;4599.40615360099;5000","-4232.39723628016;3369.09944914594;3191.43622332523","-4232.39723628016;3369.09944914594;3191.43622332523","-4366.88748213927;6180.3874628666;7324.05912865779","-4310.41849023408;-5000;-4411.12283861204","-4366.88748213927;-3819.6125371334;-2675.94087134221",2099.37127947341,"-0;-10000;-10000","Z>Y","RETAINED_SINGLE_BOUNDARY_UNIQUE"
3,A131,1,133,"-4283.65344231607;782.214621001764;4731.05726019267","-441.016747520069;-925.388000762852;2025.83332899032","-4283.65344231607;782.214621001764;4731.05726019267","-441.016747520069;-925.388000762852;2025.83332899032","-4283.65344231607;782.214621001764;4731.05726019267","-441.016747520069;-925.388000762852;2025.83332899032",5000,"-0;-0;-0","NONE","DIRECT_FULL"
3,A132,1,134,"-4275.03899601177;280.742455792943;5000","-2710.87881632285;-2007.92723570653;1719.66578214666","-2710.87881632285;-2007.92723570653;1719.66578214666","-4531.87720662466;656.54656836509;5538.63739894801","-2710.87881632285;-2007.92723570653;1719.66578214666","-4275.03899601177;280.742455792943;5000",4294.78737603298,"-0;-0;-0","Z","RETAINED_SINGLE_BOUNDARY_UNIQUE"
3,A132,2,134,"-4275.03899601177;280.742455792943;5000","-2710.87881632285;-2007.92723570653;1719.66578214666","-2710.87881632285;-2007.92723570653;1719.66578214666","-4531.87720662466;656.54656836509;5538.63739894801","-4275.03899601177;280.742455792943;-5000","-4531.87720662466;656.54656836509;-4461.36260105199",705.21262396702,"-0;-0;-10000","Z","RETAINED_SINGLE_BOUNDARY_UNIQUE"
3,A133,1,135,"-4262.20940972175;-903.476370917789;-5000","-1005.2872507959;82.0158712142527;-3886.8719212006","-1005.2872507959;82.0158712142527;-3886.8719212006","-5553.81438519865;-1294.29525485803;-5441.43571591975","-1005.2872507959;82.0158712142527;-3886.8719212006","-4262.20940972175;-903.476370917789;-5000",3580.19427244058,"-0;-0;-0","Z>X","RETAINED_SINGLE_BOUNDARY_UNIQUE"
3,A133,2,135,"-4262.20940972175;-903.476370917789;-5000","-1005.2872507959;82.0158712142527;-3886.8719212006","-1005.2872507959;82.0158712142527;-3886.8719212006","-5553.81438519865;-1294.29525485803;-5441.43571591975","-4262.20940972175;-903.476370917789;5000","-5000;-1126.71993264818;4747.84309165573",811.0214235043,"-0;-0;10000","Z>X","RETAINED_SINGLE_BOUNDARY_UNIQUE"
3,A133,3,135,"-4262.20940972175;-903.476370917789;-5000","-1005.2872507959;82.0158712142527;-3886.8719212006","-1005.2872507959;82.0158712142527;-3886.8719212006","-5553.81438519865;-1294.29525485803;-5441.43571591975","5000;-1126.71993264818;4747.84309165573","4446.18561480135;-1294.29525485803;4558.56428408025",608.784304055125,"10000;-0;10000","Z>X","RETAINED_SINGLE_BOUNDARY_UNIQUE"
3,A134,1,136,"-4250.34906526807;4355.45710117692;5000","-1847.3691289889;3625.09710343992;4149.19482415013","-1847.3691289889;3625.09710343992;4149.19482415013","-6378.35628420904;5002.24208849422;5753.44763757134","-1847.3691289889;3625.09710343992;4149.19482415013","-4250.34906526807;4355.45710117692;5000",2651.71788614618,"-0;-0;-0","Z>X>Y","RETAINED_SINGLE_BOUNDARY_UNIQUE"
3,A134,2,136,"-4250.34906526807;4355.45710117692;5000","-1847.3691289889;3625.09710343992;4149.19482415013","-1847.3691289889;3625.09710343992;4149.19482415013","-6378.35628420904;5002.24208849422;5753.44763757134","-4250.34906526807;4355.45710117692;-5000","-5000;4583.30546841803;-4734.57668717026",827.249017764548,"-0;-0;-10000","Z>X>Y","RETAINED_SINGLE_BOUNDARY_UNIQUE"
3,A134,3,136,"-4250.34906526807;4355.45710117692;5000","-1847.3691289889;3625.09710343992;4149.19482415013","-1847.3691289889;3625.09710343992;4149.19482415013","-6378.35628420904;5002.24208849422;5753.44763757134","5000;4583.30546841803;-4734.57668717026","3629.02048024091;5000;-4249.16419837464",1512.89274587723,"10000;-0;-10000","Z>X>Y","RETAINED_SINGLE_BOUNDARY_UNIQUE"
3,A134,4,136,"-4250.34906526807;4355.45710117692;5000","-1847.3691289889;3625.09710343992;4149.19482415013","-1847.3691289889;3625.09710343992;4149.19482415013","-6378.35628420904;5002.24208849422;5753.44763757134","3629.02048024091;-5000;-4249.16419837464","3621.64371579096;-4997.75791150578;-4246.55236242866",8.14035021204415,"10000;-10000;-10000","Z>X>Y","RETAINED_SINGLE_BOUNDARY_UNIQUE"
3,A135,1,137,"-4242.63293207097;-5000;-1891.82706138378","-4123.31609818374;-4317.22024717717;-2739.23513170577","-4123.31609818374;-4317.22024717717;-2739.23513170577","-4668.25542612175;-7435.58609306118;1131.01493516208","-4123.31609818374;-4317.22024717717;-2739.23513170577","-4242.63293207097;-5000;-1891.82706138378",1094.77172751241,"-0;-0;-0","Y","RETAINED_SINGLE_BOUNDARY_UNIQUE"
3,A135,2,137,"-4242.63293207097;-5000;-1891.82706138378","-4123.31609818374;-4317.22024717717;-2739.23513170577","-4123.31609818374;-4317.22024717717;-2739.23513170577","-4668.25542612175;-7435.58609306118;1131.01493516208","-4242.63293207097;5000;-1891.82706138378","-4668.25542612175;2564.41390693882;1131.01493516208",3905.22827248758,"-0;10000;-0","Y","RETAINED_SINGLE_BOUNDARY_UNIQUE"
3,A136,1,138,"-4224.87904616298;1018.43605070981;1905.69831751946","751.900062945494;1373.51986922207;2230.63705170217","-4224.87904616298;1018.43605070981;1905.69831751946","751.900062945494;1373.51986922207;2230.63705170217","-4224.87904616298;1018.43605070981;1905.69831751946","751.900062945494;1373.51986922207;2230.63705170217",5000,"-0;-0;-0","NONE","DIRECT_FULL"
3,A137,1,139,"-4223.07600315043;-1771.37115843877;1892.94507460088","433.368702860982;-644.452482854297;3323.88078191874","-4223.07600315043;-1771.37115843877;1892.94507460088","433.368702860982;-644.452482854297;3323.88078191874","-4223.07600315043;-1771.37115843877;1892.94507460088","433.368702860982;-644.452482854297;3323.88078191874",5000,"-0;-0;-0","NONE","DIRECT_FULL"
3,A138,1,140,"-4210.6959543032;-1730.15353464306;-1888.43185450096","-3056.33359422777;999.467459856282;-5000","-4210.6959543032;-1730.15353464306;-1888.43185450096","-2867.5144942155;1445.95168125994;-5508.95933303091","-4210.6959543032;-1730.15353464306;-1888.43185450096","-3056.33359422777;999.467459856282;-5000",4297.11991408837,"-0;-0;-0","Z","RETAINED_SINGLE_BOUNDARY_UNIQUE"
3,A138,2,140,"-4210.6959543032;-1730.15353464306;-1888.43185450096","-3056.33359422777;999.467459856282;-5000","-4210.6959543032;-1730.15353464306;-1888.43185450096","-2867.5144942155;1445.95168125994;-5508.95933303091","-3056.33359422777;999.467459856282;5000","-2867.5144942155;1445.95168125994;4491.04066696909",702.880085911631,"-0;-0;10000","Z","RETAINED_SINGLE_BOUNDARY_UNIQUE"
3,A139,1,141,"-4149.95874864043;-5000;-4293.25167629091","-3677.69359568689;-4165.76205010203;-4693.74497614987","-3677.69359568689;-4165.76205010203;-4693.74497614987","-5950.53052292286;-8180.63972373862;-2766.319343881","-3677.69359568689;-4165.76205010203;-4693.74497614987","-4149.95874864043;-5000;-4293.25167629091",1038.93321006507,"-0;-0;-0","Y>X","RETAINED_SINGLE_BOUNDARY_UNIQUE"
3,A139,2,141,"-4149.95874864043;-5000;-4293.25167629091","-3677.69359568689;-4165.76205010203;-4693.74497614987","-3677.69359568689;-4165.76205010203;-4693.74497614987","-5950.53052292286;-8180.63972373862;-2766.319343881","-4149.95874864043;5000;-4293.25167629091","-5000;3498.43532509654;-3572.39428580984",1870.00052923577,"-0;10000;-0","Y>X","RETAINED_SINGLE_BOUNDARY_UNIQUE"
3,A139,3,141,"-4149.95874864043;-5000;-4293.25167629091","-3677.69359568689;-4165.76205010203;-4693.74497614987","-3677.69359568689;-4165.76205010203;-4693.74497614987","-5950.53052292286;-8180.63972373862;-2766.319343881","5000;3498.43532509654;-3572.39428580984","4049.46947707714;1819.36027626138;-2766.319343881",2091.06626069916,"10000;10000;-0","Y>X","RETAINED_SINGLE_BOUNDARY_UNIQUE"
3,A140,1,142,"-4139.83987317681;148.224702947496;-5000","-3869.57462378038;-422.734885853251;-3980.0235673731","-3869.57462378038;-422.734885853251;-3980.0235673731","-4995.91838936806;1956.76737973369;-8230.82569047744","-3869.57462378038;-422.734885853251;-3980.0235673731","-4139.83987317681;148.224702947496;-5000",1199.74583982989,"-0;-0;-0","Z","RETAINED_SINGLE_BOUNDARY_UNIQUE"
3,A140,2,142,"-4139.83987317681;148.224702947496;-5000","-3869.57462378038;-422.734885853251;-3980.0235673731","-3869.57462378038;-422.734885853251;-3980.0235673731","-4995.91838936806;1956.76737973369;-8230.82569047744","-4139.83987317681;148.224702947496;5000","-4995.91838936806;1956.76737973369;1769.17430952256",3800.25416017011,"-0;-0;10000","Z","RETAINED_SINGLE_BOUNDARY_UNIQUE"
3,A141,1,143,"-4102.31621428781;4431.47429291086;-2415.60705080457","894.504935331985;4605.85934665772;-2378.61716378044","-4102.31621428781;4431.47429291086;-2415.60705080457","894.504935331985;4605.85934665772;-2378.61716378044","-4102.31621428781;4431.47429291086;-2415.60705080457","894.504935331985;4605.85934665772;-2378.61716378044",5000,"-0;-0;-0","NONE","DIRECT_FULL"
3,A142,1,144,"-4085.87573408055;-1200.84449151643;-5000","-2821.0453594091;-1019.01073215131;-4238.45116819516","-2821.0453594091;-1019.01073215131;-4238.45116819516","-7072.42254692794;-1630.19458096303;-6798.18676243065","-2821.0453594091;-1019.01073215131;-4238.45116819516","-4085.87573408055;-1200.84449151643;-5000",1487.55370187422,"-0;-0;-0","Z>X","RETAINED_SINGLE_BOUNDARY_UNIQUE"
3,A142,2,144,"-4085.87573408055;-1200.84449151643;-5000","-2821.0453594091;-1019.01073215131;-4238.45116819516","-2821.0453594091;-1019.01073215131;-4238.45116819516","-7072.42254692794;-1630.19458096303;-6798.18676243065","-4085.87573408055;-1200.84449151643;5000","-5000;-1332.26025692465;4449.60978106156",1075.09193562398,"-0;-0;10000","Z>X","RETAINED_SINGLE_BOUNDARY_UNIQUE"
3,A142,3,144,"-4085.87573408055;-1200.84449151643;-5000","-2821.0453594091;-1019.01073215131;-4238.45116819516","-2821.0453594091;-1019.01073215131;-4238.45116819516","-7072.42254692794;-1630.19458096303;-6798.18676243065","5000;-1332.26025692465;4449.60978106156","2927.57745307206;-1630.19458096303;3201.81323756935",2437.35436250181,"10000;-0;10000","Z>X","RETAINED_SINGLE_BOUNDARY_UNIQUE"
3,A143,1,145,"-4052.34173484081;-5000;1355.7031235774","-3722.00288186128;-2503.8758797584;2552.18316477757","-3722.00288186128;-2503.8758797584;2552.18316477757","-4314.49442587369;-6980.89219409491;406.191857377074","-3722.00288186128;-2503.8758797584;2552.18316477757","-4052.34173484081;-5000;1355.7031235774",2787.70943077468,"-0;-0;-0","Y","RETAINED_SINGLE_BOUNDARY_UNIQUE"
3,A143,2,145,"-4052.34173484081;-5000;1355.7031235774","-3722.00288186128;-2503.8758797584;2552.18316477757","-3722.00288186128;-2503.8758797584;2552.18316477757","-4314.49442587369;-6980.89219409491;406.191857377074","-4052.34173484081;5000;1355.7031235774","-4314.49442587369;3019.10780590509;406.191857377074",2212.29056922532,"-0;10000;-0","Y","RETAINED_SINGLE_BOUNDARY_UNIQUE"
3,A144,1,146,"-4012.39270998318;-1834.8453603863;3726.07429706474","344.762915275798;-943.423431913583;1441.21942142996","-4012.39270998318;-1834.8453603863;3726.07429706474","344.762915275798;-943.423431913583;1441.21942142996","-4012.39270998318;-1834.8453603863;3726.07429706474","344.762915275798;-943.423431913583;1441.21942142996",5000,"-0;-0;-0","NONE","DIRECT_FULL"
3,A145,1,147,"-3949.01857827991;-2074.5740788911;-4102.45285721345","-3353.52228170234;-2658.59118070843;-5000","-3949.01857827991;-2074.5740788911;-4102.45285721345","-1518.95391061229;-4457.7951544819;-7765.10804379781","-3949.01857827991;-2074.5740788911;-4102.45285721345","-3353.52228170234;-2658.59118070843;-5000",1225.26841466554,"-0;-0;-0","Z","RETAINED_SINGLE_BOUNDARY_UNIQUE"
3,A145,2,147,"-3949.01857827991;-2074.5740788911;-4102.45285721345","-3353.52228170234;-2658.59118070843;-5000","-3949.01857827991;-2074.5740788911;-4102.45285721345","-1518.95391061229;-4457.7951544819;-7765.10804379781","-3353.52228170234;-2658.59118070843;5000","-1518.95391061229;-4457.7951544819;2234.89195620219",3774.73158533446,"-0;-0;10000","Z","RETAINED_SINGLE_BOUNDARY_UNIQUE"
3,A146,1,148,"-3946.69720504164;-5000;3540.84755127942","-2835.61847855312;-4228.89404980516;4666.87743018227","-2835.61847855312;-4228.89404980516;4666.87743018227","-5992.37565343746;-6419.73272112655;1467.64157531646","-2835.61847855312;-4228.89404980516;4666.87743018227","-3946.69720504164;-5000;3540.84755127942",1759.84192786262,"-0;-0;-0","Y>X","RETAINED_SINGLE_BOUNDARY_UNIQUE"
3,A146,2,148,"-3946.69720504164;-5000;3540.84755127942","-2835.61847855312;-4228.89404980516;4666.87743018227","-2835.61847855312;-4228.89404980516;4666.87743018227","-5992.37565343746;-6419.73272112655;1467.64157531646","-3946.69720504164;5000;3540.84755127942","-5000;4268.99144661318;2473.37106164901",1668.3304045978,"-0;10000;-0","Y>X","RETAINED_SINGLE_BOUNDARY_UNIQUE"
3,A146,3,148,"-3946.69720504164;-5000;3540.84755127942","-2835.61847855312;-4228.89404980516;4666.87743018227","-2835.61847855312;-4228.89404980516;4666.87743018227","-5992.37565343746;-6419.73272112655;1467.64157531646","5000;4268.99144661318;2473.37106164901","4007.62434656254;3580.26727887345;1467.64157531646",1571.82766753959,"10000;10000;-0","Y>X","RETAINED_SINGLE_BOUNDARY_UNIQUE"
3,A147,1,149,"-3941.62191782659;-2541.21008300394;4386.14290663014","127.47594178968;-3896.30340931817;5000","-3941.62191782659;-2541.21008300394;4386.14290663014","754.381618800537;-4105.07590102375;5094.57391047932","-3941.62191782659;-2541.21008300394;4386.14290663014","127.475941789678;-3896.30340931817;5000",4332.51149395308,"-0;-0;-0","Z","RETAINED_SINGLE_BOUNDARY_UNIQUE"
3,A147,2,149,"-3941.62191782659;-2541.21008300394;4386.14290663014","127.47594178968;-3896.30340931817;5000","-3941.62191782659;-2541.21008300394;4386.14290663014","754.381618800537;-4105.07590102375;5094.57391047932","127.475941789678;-3896.30340931817;-5000","754.381618800537;-4105.07590102375;-4905.42608952068",667.488506046919,"-0;-0;-10000","Z","RETAINED_SINGLE_BOUNDARY_UNIQUE"
3,A148,1,150,"-3936.74189396395;-815.010304383299;5000","19.8734899426172;1651.04826883585;3841.45871502447","19.8734899426172;1651.04826883585;3841.45871502447","-4098.16451854473;-915.620954808949;5047.26635185887","19.8734899426172;1651.04826883585;3841.45871502447","-3936.74189396395;-815.010304383299;5000",4804.00542169829,"-0;-0;-0","Z","RETAINED_SINGLE_BOUNDARY_UNIQUE"
3,A148,2,150,"-3936.74189396395;-815.010304383299;5000","19.8734899426172;1651.04826883585;3841.45871502447","19.8734899426172;1651.04826883585;3841.45871502447","-4098.16451854473;-915.620954808949;5047.26635185887","-3936.74189396395;-815.010304383299;-5000","-4098.16451854473;-915.620954808949;-4952.73364814113",195.994578301714,"-0;-0;-10000","Z","RETAINED_SINGLE_BOUNDARY_UNIQUE"
3,A149,1,151,"-3935.66950286621;-221.024131726583;1238.27483308518","-924.248509871287;-1698.47073322929;4946.17115615808","-3935.66950286621;-221.024131726583;1238.27483308518","-924.248509871287;-1698.47073322929;4946.17115615808","-3935.66950286621;-221.024131726583;1238.27483308518","-924.248509871287;-1698.47073322929;4946.17115615808",5000,"-0;-0;-0","NONE","DIRECT_FULL"
3,A150,1,152,"-3927.63123837517;3971.44880669682;3989.56636951461","-2318.33342960861;5000;3077.37824990617","-3927.63123837517;3971.44880669682;3989.56636951461","-125.956377071754;6401.21487848517;1834.68700274722","-3927.63123837517;3971.44880669682;3989.56636951461","-2318.33342960861;5000;3077.37824990617",2116.56423481571,"-0;-0;-0","Y","RETAINED_SINGLE_BOUNDARY_UNIQUE"
3,A150,2,152,"-3927.63123837517;3971.44880669682;3989.56636951461","-2318.33342960861;5000;3077.37824990617","-3927.63123837517;3971.44880669682;3989.56636951461","-125.956377071754;6401.21487848517;1834.68700274722","-2318.33342960861;-5000;3077.37824990617","-125.956377071754;-3598.78512151483;1834.68700274722",2883.43576518429,"-0;-10000;-0","Y","RETAINED_SINGLE_BOUNDARY_UNIQUE"
3,A151,1,153,"-3902.89572773884;-3088.9993237149;1630.40870061951","476.949011720593;-766.260515050205;980.91313870055","-3902.89572773884;-3088.9993237149;1630.40870061951","476.949011720593;-766.260515050205;980.91313870055","-3902.89572773884;-3088.9993237149;1630.40870061951","476.949011720593;-766.260515050205;980.91313870055",5000,"-0;-0;-0","NONE","DIRECT_FULL"
3,A152,1,154,"-3868.12247744941;1284.55208881491;2507.95188151583","-2994.47150044517;5000;1259.87007037014","-3868.12247744941;1284.55208881491;2507.95188151583","-2780.31758623079;5910.75009836115;953.933704301926","-3868.12247744941;1284.55208881491;2507.95188151583","-2994.47150044517;5000;1259.87007037014",4015.66027169416,"-0;-0;-0","Y","RETAINED_SINGLE_BOUNDARY_UNIQUE"
3,A152,2,154,"-3868.12247744941;1284.55208881491;2507.95188151583","-2994.47150044517;5000;1259.87007037014","-3868.12247744941;1284.55208881491;2507.95188151583","-2780.31758623079;5910.75009836115;953.933704301926","-2994.47150044517;-5000;1259.87007037014","-2780.31758623079;-4089.24990163885;953.933704301926",984.33972830584,"-0;-10000;-0","Y","RETAINED_SINGLE_BOUNDARY_UNIQUE"
3,A153,1,155,"-3831.21985516059;3507.15877538373;965.904437966886","-3543.18800486655;5000;1968.08629923084","-3831.21985516059;3507.15877538373;965.904437966886","-3040.34197400664;7606.20234788619;3717.6954852355","-3831.21985516059;3507.15877538373;965.904437966886","-3543.18800486655;5000;1968.08629923084",1820.96286391131,"-0;-0;-0","Y","RETAINED_SINGLE_BOUNDARY_UNIQUE"
3,A153,2,155,"-3831.21985516059;3507.15877538373;965.904437966886","-3543.18800486655;5000;1968.08629923084","-3831.21985516059;3507.15877538373;965.904437966886","-3040.34197400664;7606.20234788619;3717.6954852355","-3543.18800486655;-5000;1968.08629923084","-3040.34197400664;-2393.79765211381;3717.6954852355",3179.03713608869,"-0;-10000;-0","Y","RETAINED_SINGLE_BOUNDARY_UNIQUE"
3,A154,1,156,"-3786.81574078267;4843.24926450574;1101.85560042605","-1801.77961053379;1129.35410692689;-1593.81023942112","-3786.81574078267;4843.24926450574;1101.85560042605","-1801.77961053379;1129.35410692689;-1593.81023942112","-3786.81574078267;4843.24926450574;1101.85560042605","-1801.77961053379;1129.35410692689;-1593.81023942112",5000,"-0;-0;-0","NONE","DIRECT_FULL"
3,A155,1,157,"-3779.58706323983;2768.76779575297;-2930.32195471563","-2949.65479393071;601.473047834658;1498.4528085801","-3779.58706323983;2768.76779575297;-2930.32195471563","-2949.65479393071;601.473047834658;1498.4528085801","-3779.58706323983;2768.76779575297;-2930.32195471563","-2949.65479393071;601.473047834658;1498.4528085801",5000,"-0;-0;-0","NONE","DIRECT_FULL"
3,A156,1,158,"-3767.53791624575;756.658513759222;2570.50459685003","-1139.28564155133;-881.152943100944;5000","-3767.53791624575;756.658513759222;2570.50459685003","-428.855427418373;-1323.86186994544;5656.70520144248","-3767.53791624575;756.658513759222;2570.50459685003","-1139.28564155133;-881.152943100944;5000",3936.06202969232,"-0;-0;-0","Z","RETAINED_SINGLE_BOUNDARY_UNIQUE"
3,A156,2,158,"-3767.53791624575;756.658513759222;2570.50459685003","-1139.28564155133;-881.152943100944;5000","-3767.53791624575;756.658513759222;2570.50459685003","-428.855427418373;-1323.86186994544;5656.70520144248","-1139.28564155133;-881.152943100944;-5000","-428.855427418373;-1323.86186994544;-4343.29479855752",1063.93797030768,"-0;-0;-10000","Z","RETAINED_SINGLE_BOUNDARY_UNIQUE"
3,A157,1,159,"-3736.69743835885;-973.397803807633;2686.98807733915","-1053.83607794081;-4905.37937369601;4217.27427764092","-3736.69743835885;-973.397803807633;2686.98807733915","-1053.83607794081;-4905.37937369601;4217.27427764092","-3736.69743835885;-973.397803807633;2686.98807733915","-1053.83607794081;-4905.37937369601;4217.27427764092",5000,"-0;-0;-0","NONE","DIRECT_FULL"
3,A158,1,160,"-3655.86794161053;-2561.94305782553;5000","324.917711790812;-2983.52391990687;2664.20596181481","324.917711790812;-2983.52391990687;2664.20596181481","-3969.63994957215;-2528.71336772644;5184.11108996032","324.917711790812;-2983.52391990687;2664.20596181481","-3655.86794161053;-2561.94305782553;5000",4634.68646516899,"-0;-0;-0","Z","RETAINED_SINGLE_BOUNDARY_UNIQUE"
3,A158,2,160,"-3655.86794161053;-2561.94305782553;5000","324.917711790812;-2983.52391990687;2664.20596181481","324.917711790812;-2983.52391990687;2664.20596181481","-3969.63994957215;-2528.71336772644;5184.11108996032","-3655.86794161053;-2561.94305782553;-5000","-3969.63994957215;-2528.71336772644;-4815.88891003968",365.313534831005,"-0;-0;-10000","Z","RETAINED_SINGLE_BOUNDARY_UNIQUE"
3,A159,1,161,"-3634.45936732771;1213.13905013493;4050.24673685265","-1090.27763432926;5000;4187.86395752528","-3634.45936732771;1213.13905013493;4050.24673685265","-847.366423340802;5361.55867611411;4201.00325700726","-3634.45936732771;1213.13905013493;4050.24673685265","-1090.27763432926;5000;4187.86395752528",4564.22118696735,"-0;-0;-0","Y","RETAINED_SINGLE_BOUNDARY_UNIQUE"
3,A159,2,161,"-3634.45936732771;1213.13905013493;4050.24673685265","-1090.27763432926;5000;4187.86395752528","-3634.45936732771;1213.13905013493;4050.24673685265","-847.366423340802;5361.55867611411;4201.00325700726","-1090.27763432926;-5000;4187.86395752528","-847.366423340802;-4638.44132388589;4201.00325700726",435.778813032651,"-0;-10000;-0","Y","RETAINED_SINGLE_BOUNDARY_UNIQUE"
3,A160,1,162,"-3628.8074308068;-4587.61306219392;4681.3589361279","346.901667158697;-3755.04279473817;1765.78627915242","-3628.8074308068;-4587.61306219392;4681.3589361279","346.901667158697;-3755.04279473817;1765.78627915242","-3628.8074308068;-4587.61306219392;4681.3589361279","346.901667158697;-3755.04279473817;1765.78627915242",5000,"-0;-0;-0","NONE","DIRECT_FULL"
3,A161,1,163,"-3558.93159825572;-5000;3336.89271681722","-3253.21910971766;-52.5884890382549;2701.62965415288","-3253.21910971766;-52.5884890382549;2701.62965415288","-3559.09130558383;-5002.58457833135;3337.22458473296","-3253.21910971766;-52.5884890382549;2701.62965415288","-3558.93159825572;-5000;3336.89271681722",4997.38931275427,"-0;-0;-0","Y","RETAINED_SINGLE_BOUNDARY_UNIQUE"
3,A161,2,163,"-3558.93159825572;-5000;3336.89271681722","-3253.21910971766;-52.5884890382549;2701.62965415288","-3253.21910971766;-52.5884890382549;2701.62965415288","-3559.09130558383;-5002.58457833135;3337.22458473296","-3558.93159825572;5000;3336.89271681722","-3559.09130558383;4997.41542166865;3337.22458473296",2.61068724573089,"-0;10000;-0","Y","RETAINED_SINGLE_BOUNDARY_UNIQUE"
3,A162,1,164,"-3543.18800486655;-5000;1968.08629923084","-3040.34197400664;-2393.79765211381;3717.69548523551","-3040.34197400664;-2393.79765211381;3717.69548523551","-3831.21985516059;-6492.84122461626;965.904437966884","-3040.34197400664;-2393.79765211381;3717.69548523551","-3543.18800486655;-5000;1968.08629923084",3179.03713608869,"-0;-0;-0","Y","RETAINED_SINGLE_BOUNDARY_UNIQUE"
3,A162,2,164,"-3543.18800486655;-5000;1968.08629923084","-3040.34197400664;-2393.79765211381;3717.69548523551","-3040.34197400664;-2393.79765211381;3717.69548523551","-3831.21985516059;-6492.84122461626;965.904437966884","-3543.18800486655;5000;1968.08629923084","-3831.21985516059;3507.15877538374;965.904437966884",1820.96286391131,"-0;10000;-0","Y","RETAINED_SINGLE_BOUNDARY_UNIQUE"
3,A163,1,165,"-3496.54007033917;-4290.83309731229;1172.81001896321","-1606.50179312531;-5000;314.908956809084","-3496.54007033917;-4290.83309731229;1172.81001896321","811.858336284925;-5907.40012159195;-782.800940765374","-3496.54007033917;-4290.83309731229;1172.81001896321","-1606.50179312531;-5000;314.908956809084",2193.43489022273,"-0;-0;-0","Y","RETAINED_SINGLE_BOUNDARY_UNIQUE"
3,A163,2,165,"-3496.54007033917;-4290.83309731229;1172.81001896321","-1606.50179312531;-5000;314.908956809084","-3496.54007033917;-4290.83309731229;1172.81001896321","811.858336284925;-5907.40012159195;-782.800940765374","-1606.50179312531;5000;314.908956809084","811.858336284925;4092.59987840805;-782.800940765374",2806.56510977727,"-0;10000;-0","Y","RETAINED_SINGLE_BOUNDARY_UNIQUE"
3,A164,1,166,"-3496.37091092846;-696.631470477054;1531.62191440463","247.096691063384;2229.7953930502;3088.05248634269","-3496.37091092846;-696.631470477054;1531.62191440463","247.096691063384;2229.7953930502;3088.05248634269","-3496.37091092846;-696.631470477054;1531.62191440463","247.096691063384;2229.7953930502;3088.05248634269",5000,"-0;-0;-0","NONE","DIRECT_FULL"
3,A165,1,167,"-3482.77574037465;2116.61032978454;4198.39286257169","-2074.82170008288;2676.84055965415;5000","-3482.77574037465;2116.61032978454;4198.39286257169","623.763177438714;3750.61767381569;6536.41726709285","-3482.77574037465;2116.61032978454;4198.39286257169","-2074.82170008288;2676.84055965415;5000",1714.28308421033,"-0;-0;-0","Z","RETAINED_SINGLE_BOUNDARY_UNIQUE"
3,A165,2,167,"-3482.77574037465;2116.61032978454;4198.39286257169","-2074.82170008288;2676.84055965415;5000","-3482.77574037465;2116.61032978454;4198.39286257169","623.763177438714;3750.61767381569;6536.41726709285","-2074.82170008288;2676.84055965415;-5000","623.763177438715;3750.61767381569;-3463.58273290715",3285.71691578967,"-0;-0;-10000","Z","RETAINED_SINGLE_BOUNDARY_UNIQUE"
3,A166,1,168,"-3457.83167560648;-4229.12624197928;1555.86418738945","445.692382111427;-5000;1744.71416539256","-3457.83167560648;-4229.12624197928;1555.86418738945","1441.91732220165;-5196.73598831367;1792.91088590469","-3457.83167560648;-4229.12624197928;1555.86418738945","445.692382111426;-5000;1744.71416539256",3983.39186299556,"-0;-0;-0","Y","RETAINED_SINGLE_BOUNDARY_UNIQUE"
3,A166,2,168,"-3457.83167560648;-4229.12624197928;1555.86418738945","445.692382111427;-5000;1744.71416539256","-3457.83167560648;-4229.12624197928;1555.86418738945","1441.91732220165;-5196.73598831367;1792.91088590469","445.692382111426;5000;1744.71416539256","1441.91732220165;4803.26401168633;1792.91088590469",1016.60813700444,"-0;10000;-0","Y","RETAINED_SINGLE_BOUNDARY_UNIQUE"
3,A167,1,169,"-3453.7495830052;-2903.72992487522;4589.29175869421","-3183.76253826938;-2636.9787828253;5000","-3453.7495830052;-2903.72992487522;4589.29175869421","-1039.80189382136;-518.714363966994;8261.42429008651","-3453.7495830052;-2903.72992487522;4589.29175869421","-3183.76253826938;-2636.9787828253;5000",559.223064247723,"-0;-0;-0","Z","RETAINED_SINGLE_BOUNDARY_UNIQUE"
3,A167,2,169,"-3453.7495830052;-2903.72992487522;4589.29175869421","-3183.76253826938;-2636.9787828253;5000","-3453.7495830052;-2903.72992487522;4589.29175869421","-1039.80189382136;-518.714363966994;8261.42429008651","-3183.76253826938;-2636.9787828253;-5000","-1039.80189382136;-518.714363966994;-1738.57570991349",4440.77693575228,"-0;-0;-10000","Z","RETAINED_SINGLE_BOUNDARY_UNIQUE"
3,A168,1,170,"-3418.29014619929;5000;1434.77003819485","-2896.96682537518;1031.94875525788;3561.56028795574","-2896.96682537518;1031.94875525788;3561.56028795574","-3472.10504475694;5409.61197528972;1215.22681622013","-2896.96682537518;1031.94875525788;3561.56028795574","-3418.29014619929;5000;1434.77003819485",4532.156821229,"-0;-0;-0","Y","RETAINED_SINGLE_BOUNDARY_UNIQUE"
3,A168,2,170,"-3418.29014619929;5000;1434.77003819485","-2896.96682537518;1031.94875525788;3561.56028795574","-2896.96682537518;1031.94875525788;3561.56028795574","-3472.10504475694;5409.61197528972;1215.22681622013","-3418.29014619929;-5000;1434.77003819485","-3472.10504475694;-4590.38802471028;1215.22681622013",467.843178771,"-0;-10000;-0","Y","RETAINED_SINGLE_BOUNDARY_UNIQUE"
3,A169,1,171,"-3411.10095297855;-424.909542548987;-5000","-2384.35372529927;-367.294829233286;-4366.62477861562","-2384.35372529927;-367.294829233286;-4366.62477861562","-6634.96627372537;-605.812954037211;-6988.72356914633","-2384.35372529927;-367.294829233286;-4366.62477861562","-3411.10095297855;-424.909542548987;-5000",1207.76384107211,"-0;-0;-0","Z>X","RETAINED_SINGLE_BOUNDARY_UNIQUE"
3,A169,2,171,"-3411.10095297855;-424.909542548987;-5000","-2384.35372529927;-367.294829233286;-4366.62477861562","-2384.35372529927;-367.294829233286;-4366.62477861562","-6634.96627372537;-605.812954037211;-6988.72356914633","-3411.10095297855;-424.909542548987;5000","-5000;-514.068744165382;4019.8470874479",1869.02361591364,"-0;-0;10000","Z>X","RETAINED_SINGLE_BOUNDARY_UNIQUE"
3,A169,3,171,"-3411.10095297855;-424.909542548987;-5000","-2384.35372529927;-367.294829233286;-4366.62477861562","-2384.35372529927;-367.294829233286;-4366.62477861562","-6634.96627372537;-605.812954037211;-6988.72356914633","5000;-514.068744165382;4019.8470874479","3365.03372627463;-605.812954037211;3011.27643085367",1923.21254301425,"10000;-0;10000","Z>X","RETAINED_SINGLE_BOUNDARY_UNIQUE"
3,A170,1,172,"-3381.94352263597;-2014.29877013302;-4270.86180286394","1445.20194002736;-742.106703383865;-3987.67630254788","-3381.94352263597;-2014.29877013302;-4270.86180286394","1445.20194002736;-742.106703383865;-3987.67630254788","-3381.94352263597;-2014.29877013302;-4270.86180286394","1445.20194002736;-742.106703383865;-3987.67630254788",4999.99999999999,"-0;-0;-0","NONE","DIRECT_FULL"
3,A171,1,173,"-3381.48967918435;2792.75267863163;3344.15385990426","1447.60182498836;1898.6392594994;2405.83811451012","-3381.48967918435;2792.75267863163;3344.15385990426","1447.60182498836;1898.6392594994;2405.83811451012","-3381.48967918435;2792.75267863163;3344.15385990426","1447.60182498836;1898.6392594994;2405.83811451012",4999.99999999999,"-0;-0;-0","NONE","DIRECT_FULL"
3,A172,1,174,"-3365.54201309952;3426.34108505962;-2178.65524259573","1568.31768688051;4133.78797753554;-2574.315899269","-3365.54201309952;3426.34108505962;-2178.65524259573","1568.31768688051;4133.78797753554;-2574.315899269","-3365.54201309952;3426.34108505962;-2178.65524259573","1568.31768688051;4133.78797753554;-2574.315899269",5000,"-0;-0;-0","NONE","DIRECT_FULL"
3,A173,1,175,"-3353.52228170234;-2658.59118070843;5000","-1518.9539106123;-4457.79515448191;2234.89195620219","-1518.9539106123;-4457.79515448191;2234.89195620219","-3949.01857827991;-2074.5740788911;5897.54714278655","-1518.9539106123;-4457.79515448191;2234.89195620219","-3353.52228170234;-2658.59118070843;5000",3774.73158533446,"-0;-0;-0","Z","RETAINED_SINGLE_BOUNDARY_UNIQUE"
3,A173,2,175,"-3353.52228170234;-2658.59118070843;5000","-1518.9539106123;-4457.79515448191;2234.89195620219","-1518.9539106123;-4457.79515448191;2234.89195620219","-3949.01857827991;-2074.5740788911;5897.54714278655","-3353.52228170234;-2658.59118070843;-5000","-3949.01857827991;-2074.5740788911;-4102.45285721345",1225.26841466554,"-0;-0;-10000","Z","RETAINED_SINGLE_BOUNDARY_UNIQUE"
3,A174,1,176,"-3353.12058222035;3082.95543817606;2986.00711651426","-2430.32442495684;2492.59944991985;5000","-3353.12058222035;3082.95543817606;2986.00711651426","-1340.60998055355;1795.4580035895;7378.29028522183","-3353.12058222035;3082.95543817606;2986.00711651426","-2430.32442495684;2492.59944991985;5000",2292.64918281482,"-0;-0;-0","Z","RETAINED_SINGLE_BOUNDARY_UNIQUE"
3,A174,2,176,"-3353.12058222035;3082.95543817606;2986.00711651426","-2430.32442495684;2492.59944991985;5000","-3353.12058222035;3082.95543817606;2986.00711651426","-1340.60998055355;1795.4580035895;7378.29028522183","-2430.32442495684;2492.59944991985;-5000","-1340.60998055355;1795.4580035895;-2621.70971477817",2707.35081718518,"-0;-0;-10000","Z","RETAINED_SINGLE_BOUNDARY_UNIQUE"
3,A175,1,177,"-3330.97683930299;-192.554020631002;767.786431203294","-964.278987507449;-3933.94320669486;-1556.16456585125","-3330.97683930299;-192.554020631002;767.786431203294","-964.278987507449;-3933.94320669486;-1556.16456585125","-3330.97683930299;-192.554020631002;767.786431203294","-964.278987507449;-3933.94320669486;-1556.16456585125",5000,"-0;-0;-0","NONE","DIRECT_FULL"
3,A176,1,178,"-3286.85924593133;-2974.02552709837;3459.42089366925","-1003.25046987847;-2627.96721279353;-975.144992754681","-3286.85924593133;-2974.02552709837;3459.42089366925","-1003.25046987847;-2627.96721279353;-975.144992754681","-3286.85924593133;-2974.02552709837;3459.42089366925","-1003.25046987847;-2627.96721279353;-975.144992754681",5000,"-0;-0;-0","NONE","DIRECT_FULL"
3,A177,1,179,"-3252.76362536888;386.447498381996;875.664562809716","-2020.03735496558;-13.8691441656208;5000","-3252.76362536888;386.447498381996;875.664562809716","-1827.05136089992;-76.5395901988716;5645.67373415836","-3252.76362536888;386.447498381996;875.664562809716","-2020.03735496558;-13.8691441656208;5000",4323.19445208131,"-0;-0;-0","Z","RETAINED_SINGLE_BOUNDARY_UNIQUE"
3,A177,2,179,"-3252.76362536888;386.447498381996;875.664562809716","-2020.03735496558;-13.8691441656208;5000","-3252.76362536888;386.447498381996;875.664562809716","-1827.05136089992;-76.5395901988716;5645.67373415836","-2020.03735496558;-13.8691441656208;-5000","-1827.05136089992;-76.5395901988716;-4354.32626584164",676.805547918691,"-0;-0;-10000","Z","RETAINED_SINGLE_BOUNDARY_UNIQUE"
3,A178,1,180,"-3193.28962195469;4956.52572546604;5000","-907.288935789322;4530.30275265791;3871.94801863882","-907.288935789322;4530.30275265791;3871.94801863882","-5329.70114868821;5354.85792089218;6054.23557845786","-907.288935789322;4530.30275265791;3871.94801863882","-3193.28962195469;4956.52572546604;5000",2584.56310279916,"-0;-0;-0","Z>Y>X","RETAINED_SINGLE_BOUNDARY_UNIQUE"
3,A178,2,180,"-3193.28962195469;4956.52572546604;5000","-907.288935789322;4530.30275265791;3871.94801863882","-907.288935789322;4530.30275265791;3871.94801863882","-5329.70114868821;5354.85792089218;6054.23557845786","-3193.28962195469;4956.52572546604;-5000","-3426.45917816233;5000;-4884.93993835393",263.622594392666,"-0;-0;-10000","Z>Y>X","RETAINED_SINGLE_BOUNDARY_UNIQUE"
3,A178,3,180,"-3193.28962195469;4956.52572546604;5000","-907.288935789322;4530.30275265791;3871.94801863882","-907.288935789322;4530.30275265791;3871.94801863882","-5329.70114868821;5354.85792089218;6054.23557845786","-3426.45917816233;-5000;-4884.93993835393","-5000;-4706.61459072279;-4108.45905076321",1779.05263698407,"-0;-10000;-10000","Z>Y>X","RETAINED_SINGLE_BOUNDARY_UNIQUE"
3,A178,4,180,"-3193.28962195469;4956.52572546604;5000","-907.288935789322;4530.30275265791;3871.94801863882","-907.288935789322;4530.30275265791;3871.94801863882","-5329.70114868821;5354.85792089218;6054.23557845786","5000;-4706.61459072279;-4108.45905076321","4670.29885131179;-4645.14207910782;-3945.76442154214",372.761665824101,"10000;-10000;-10000","Z>Y>X","RETAINED_SINGLE_BOUNDARY_UNIQUE"
3,A179,1,181,"-3183.76253826938;-2636.9787828253;-5000","-1039.80189382133;-518.714363967028;-1738.57570991348","-1039.80189382133;-518.714363967028;-1738.57570991348","-3453.7495830052;-2903.72992487521;-5410.70824130579","-1039.80189382133;-518.714363967028;-1738.57570991348","-3183.76253826938;-2636.9787828253;-5000",4440.77693575228,"-0;-0;-0","Z","RETAINED_SINGLE_BOUNDARY_UNIQUE"
3,A179,2,181,"-3183.76253826938;-2636.9787828253;-5000","-1039.80189382133;-518.714363967028;-1738.57570991348","-1039.80189382133;-518.714363967028;-1738.57570991348","-3453.7495830052;-2903.72992487521;-5410.70824130579","-3183.76253826938;-2636.9787828253;5000","-3453.7495830052;-2903.72992487521;4589.29175869421",559.223064247717,"-0;-0;10000","Z","RETAINED_SINGLE_BOUNDARY_UNIQUE"
3,A180,1,182,"-3132.55886825909;-2477.77804858886;-18.8121899238568","-733.401974794709;-529.811963343794;3911.76974298091","-3132.55886825909;-2477.77804858886;-18.8121899238568","-733.401974794709;-529.811963343794;3911.76974298091","-3132.55886825909;-2477.77804858886;-18.8121899238568","-733.401974794709;-529.811963343794;3911.76974298091",5000,"-0;-0;-0","NONE","DIRECT_FULL"
3,A181,1,183,"-3127.03672616569;2903.73641347257;467.769085676664","-3029.66894210302;-1619.45701440739;2596.44020367734","-3127.03672616569;2903.73641347257;467.769085676664","-3029.66894210302;-1619.45701440739;2596.44020367734","-3127.03672616569;2903.73641347257;467.769085676664","-3029.66894210302;-1619.45701440739;2596.44020367734",5000,"-0;-0;-0","NONE","DIRECT_FULL"
3,A182,1,184,"-3118.66362985694;3167.45706181989;926.242622903726","-1987.85122394199;5000;114.817859327749","-3118.66362985694;3167.45706181989;926.242622903726","-661.620361661811;7149.22916334794;-836.831201333331","-3118.66362985694;3167.45706181989;926.242622903726","-1987.85122394199;5000;114.817859327749",2301.16502332824,"-0;-0;-0","Y","RETAINED_SINGLE_BOUNDARY_UNIQUE"
3,A182,2,184,"-3118.66362985694;3167.45706181989;926.242622903726","-1987.85122394199;5000;114.817859327749","-3118.66362985694;3167.45706181989;926.242622903726","-661.620361661811;7149.22916334794;-836.831201333331","-1987.85122394199;-5000;114.817859327749","-661.62036166181;-2850.77083665206;-836.831201333331",2698.83497667176,"-0;-10000;-0","Y","RETAINED_SINGLE_BOUNDARY_UNIQUE"
3,A183,1,185,"-3115.7239937972;-814.320182024368;-801.001503680503","-1631.39949981614;3935.44525802039;-1287.32347637384","-3115.7239937972;-814.320182024368;-801.001503680503","-1631.39949981614;3935.44525802039;-1287.32347637384","-3115.7239937972;-814.320182024368;-801.001503680503","-1631.39949981614;3935.44525802039;-1287.32347637384",5000,"-0;-0;-0","NONE","DIRECT_FULL"
3,A184,1,186,"-3093.68097161333;504.855793962775;190.215289626727","1309.4637032721;159.848374049618;2533.99148462336","-3093.68097161333;504.855793962775;190.215289626727","1309.4637032721;159.848374049618;2533.99148462336","-3093.68097161333;504.855793962775;190.215289626727","1309.4637032721;159.848374049618;2533.99148462336",4999.99999999999,"-0;-0;-0","NONE","DIRECT_FULL"
3,A185,1,187,"-3089.67308499266;-3525.67520974636;-3568.40727676765","-2843.90956049885;-3123.85811683023;-5000","-3089.67308499266;-3525.67520974636;-3568.40727676765","-2274.31421009608;-2192.58424977129;-8317.93971665688","-3089.67308499266;-3525.67520974636;-3568.40727676765","-2843.90956049885;-3123.85811683023;-5000",1507.08805693065,"-0;-0;-0","Z","RETAINED_SINGLE_BOUNDARY_UNIQUE"
3,A185,2,187,"-3089.67308499266;-3525.67520974636;-3568.40727676765","-2843.90956049885;-3123.85811683023;-5000","-3089.67308499266;-3525.67520974636;-3568.40727676765","-2274.31421009608;-2192.58424977129;-8317.93971665688","-2843.90956049885;-3123.85811683023;5000","-2274.31421009608;-2192.58424977129;1682.06028334312",3492.91194306935,"-0;-0;10000","Z","RETAINED_SINGLE_BOUNDARY_UNIQUE"
3,A186,1,188,"-3084.82362850467;594.686233675939;1354.51266409409","288.152295570044;-2163.34240434362;3807.32970730712","-3084.82362850467;594.686233675939;1354.51266409409","288.152295570044;-2163.34240434362;3807.32970730712","-3084.82362850467;594.686233675939;1354.51266409409","288.152295570044;-2163.34240434362;3807.32970730712",5000,"-0;-0;-0","NONE","DIRECT_FULL"
3,A187,1,189,"-3056.33359422777;999.467459856282;5000","-2867.51449421549;1445.95168125994;4491.04066696909","-2867.51449421549;1445.95168125994;4491.04066696909","-4210.69595430325;-1730.15353464306;8111.56814549902","-2867.51449421549;1445.95168125994;4491.04066696909","-3056.33359422777;999.467459856282;5000",702.880085911635,"-0;-0;-0","Z","RETAINED_SINGLE_BOUNDARY_UNIQUE"
3,A187,2,189,"-3056.33359422777;999.467459856282;5000","-2867.51449421549;1445.95168125994;4491.04066696909","-2867.51449421549;1445.95168125994;4491.04066696909","-4210.69595430325;-1730.15353464306;8111.56814549902","-3056.33359422777;999.467459856282;-5000","-4210.69595430325;-1730.15353464306;-1888.43185450098",4297.11991408836,"-0;-0;-10000","Z","RETAINED_SINGLE_BOUNDARY_UNIQUE"
3,A188,1,190,"-3048.36888233805;-2547.3639288818;2298.33794672485","499.538428499835;-2299.25638439847;5000","-3048.36888233805;-2547.3639288818;2298.33794672485","923.460774613492;-2269.61120961485;5322.80857860409","-3048.36888233805;-2547.3639288818;2298.33794672485","499.538428499835;-2299.25638439847;5000",4466.33871196905,"-0;-0;-0","Z","RETAINED_SINGLE_BOUNDARY_UNIQUE"
3,A188,2,190,"-3048.36888233805;-2547.3639288818;2298.33794672485","499.538428499835;-2299.25638439847;5000","-3048.36888233805;-2547.3639288818;2298.33794672485","923.460774613492;-2269.61120961485;5322.80857860409","499.538428499835;-2299.25638439847;-5000","923.460774613492;-2269.61120961485;-4677.19142139591",533.661288030949,"-0;-0;-10000","Z","RETAINED_SINGLE_BOUNDARY_UNIQUE"
3,A189,1,191,"-2994.47150044517;-5000;1259.87007037014","-2780.31758623079;-4089.24990163884;953.933704301927","-2780.31758623079;-4089.24990163884;953.933704301927","-3868.1224774494;-8715.44791118509;2507.95188151582","-2780.31758623079;-4089.24990163884;953.933704301927","-2994.47150044517;-5000;1259.87007037014",984.339728305846,"-0;-0;-0","Y","RETAINED_SINGLE_BOUNDARY_UNIQUE"
3,A189,2,191,"-2994.47150044517;-5000;1259.87007037014","-2780.31758623079;-4089.24990163884;953.933704301927","-2780.31758623079;-4089.24990163884;953.933704301927","-3868.1224774494;-8715.44791118509;2507.95188151582","-2994.47150044517;5000;1259.87007037014","-3868.1224774494;1284.55208881491;2507.95188151582",4015.66027169415,"-0;10000;-0","Y","RETAINED_SINGLE_BOUNDARY_UNIQUE"
3,A190,1,192,"-2986.51011041048;-3997.31782735063;2302.07283132353","1942.1340348178;-4063.26347848573;3141.19026100985","-2986.51011041048;-3997.31782735063;2302.07283132353","1942.1340348178;-4063.26347848573;3141.19026100985","-2986.51011041048;-3997.31782735063;2302.07283132353","1942.1340348178;-4063.26347848573;3141.19026100985",5000,"-0;-0;-0","NONE","DIRECT_FULL"
3,A191,1,193,"-2986.31280160509;-4387.10103169164;-366.71570439906","1962.46839744592;-4564.87028875375;-1058.06419478782","-2986.31280160509;-4387.10103169164;-366.71570439906","1962.46839744592;-4564.87028875375;-1058.06419478782","-2986.31280160509;-4387.10103169164;-366.71570439906","1962.46839744592;-4564.87028875375;-1058.06419478782",5000,"-0;-0;-0","NONE","DIRECT_FULL"
3,A192,1,194,"-2969.40250126496;1406.65104185053;2094.97168441098","530.595838770839;114.225906157981;5000","-2969.40250126496;1406.65104185053;2094.97168441098","731.489436439067;40.0430323388269;5166.74339040995","-2969.40250126496;1406.65104185053;2094.97168441098","530.595838770839;114.225906157981;5000",4728.58759313997,"-0;-0;-0","Z","RETAINED_SINGLE_BOUNDARY_UNIQUE"
3,A192,2,194,"-2969.40250126496;1406.65104185053;2094.97168441098","530.595838770839;114.225906157981;5000","-2969.40250126496;1406.65104185053;2094.97168441098","731.489436439067;40.0430323388269;5166.74339040995","530.595838770839;114.225906157981;-5000","731.489436439068;40.0430323388268;-4833.25660959005",271.412406860034,"-0;-0;-10000","Z","RETAINED_SINGLE_BOUNDARY_UNIQUE"
3,A193,1,195,"-2968.73708555886;-835.022338979809;-4918.29134699381","166.542246581075;-3757.3536433087;-2343.41207658218","-2968.73708555886;-835.022338979809;-4918.29134699381","166.542246581075;-3757.3536433087;-2343.41207658218","-2968.73708555886;-835.022338979809;-4918.29134699381","166.542246581075;-3757.3536433087;-2343.41207658218",5000,"-0;-0;-0","NONE","DIRECT_FULL"
3,A194,1,196,"-2895.93436936923;1368.51452280352;-2002.05617326184","2103.42009067578;1354.80752479818;-1922.89114920624","-2895.93436936923;1368.51452280352;-2002.05617326184","2103.42009067578;1354.80752479818;-1922.89114920624","-2895.93436936923;1368.51452280352;-2002.05617326184","2103.42009067578;1354.80752479818;-1922.89114920624",5000,"-0;-0;-0","NONE","DIRECT_FULL"
3,A195,1,197,"-2843.90956049885;-3123.85811683023;5000","-2274.31421009608;-2192.58424977127;1682.06028334313","-2274.31421009608;-2192.58424977127;1682.06028334313","-3089.67308499266;-3525.67520974637;6431.59272323235","-2274.31421009608;-2192.58424977127;1682.06028334313","-2843.90956049885;-3123.85811683023;5000",3492.91194306935,"-0;-0;-0","Z","RETAINED_SINGLE_BOUNDARY_UNIQUE"
3,A195,2,197,"-2843.90956049885;-3123.85811683023;5000","-2274.31421009608;-2192.58424977127;1682.06028334313","-2274.31421009608;-2192.58424977127;1682.06028334313","-3089.67308499266;-3525.67520974637;6431.59272323235","-2843.90956049885;-3123.85811683023;-5000","-3089.67308499266;-3525.67520974637;-3568.40727676765",1507.08805693066,"-0;-0;-10000","Z","RETAINED_SINGLE_BOUNDARY_UNIQUE"
3,A196,1,198,"-2842.11048487333;-5000;471.198127263159","-1180.52502181864;-848.929626044734;1262.81558483149","-1180.52502181864;-848.929626044734;1262.81558483149","-3010.14056035205;-5419.78260147442;391.144742045802","-1180.52502181864;-848.929626044734;1262.81558483149","-2842.11048487333;-5000;471.198127263159",4540.804961644,"-0;-0;-0","Y","RETAINED_SINGLE_BOUNDARY_UNIQUE"
3,A196,2,198,"-2842.11048487333;-5000;471.198127263159","-1180.52502181864;-848.929626044734;1262.81558483149","-1180.52502181864;-848.929626044734;1262.81558483149","-3010.14056035205;-5419.78260147442;391.144742045802","-2842.11048487333;5000;471.198127263159","-3010.14056035205;4580.21739852558;391.144742045802",459.195038356003,"-0;10000;-0","Y","RETAINED_SINGLE_BOUNDARY_UNIQUE"
3,A197,1,199,"-2834.85811065107;-2402.68161026534;3706.40903851621","-2792.29860490794;-5000;4736.14938638688","-2834.85811065107;-2402.68161026534;3706.40903851621","-2758.70458362982;-7050.1734624791;5548.96707666016","-2834.85811065107;-2402.68161026534;3706.40903851621","-2792.29860490794;-5000;4736.14938638688",2794.32269310754,"-0;-0;-0","Y>Z","RETAINED_SINGLE_BOUNDARY_UNIQUE"
3,A197,2,199,"-2834.85811065107;-2402.68161026534;3706.40903851621","-2792.29860490794;-5000;4736.14938638688","-2834.85811065107;-2402.68161026534;3706.40903851621","-2758.70458362982;-7050.1734624791;5548.96707666016","-2792.29860490794;5000;4736.14938638688","-2781.39357265528;4334.48849285432;5000",715.989966532892,"-0;10000;-0","Y>Z","RETAINED_SINGLE_BOUNDARY_UNIQUE"
3,A197,3,199,"-2834.85811065107;-2402.68161026534;3706.40903851621","-2792.29860490794;-5000;4736.14938638688","-2834.85811065107;-2402.68161026534;3706.40903851621","-2758.70458362982;-7050.1734624791;5548.96707666016","-2781.39357265528;4334.48849285432;-5000","-2758.70458362982;2949.8265375209;-4451.03292333984",1489.68734035957,"-0;10000;-10000","Y>Z","RETAINED_SINGLE_BOUNDARY_UNIQUE"
3,A198,1,200,"-2793.92468518926;-3116.18560171035;-513.773974660901","363.940369207;-5000;-986.77375054526","-2793.92468518926;-3116.18560171035;-513.773974660901","1464.97649824839;-5656.81961616368;-1151.6920840732","-2793.92468518926;-3116.18560171035;-513.773974660901","363.940369207;-5000;-986.77375054526",3707.37065546017,"-0;-0;-0","Y","RETAINED_SINGLE_BOUNDARY_UNIQUE"
3,A198,2,200,"-2793.92468518926;-3116.18560171035;-513.773974660901","363.940369207;-5000;-986.77375054526","-2793.92468518926;-3116.18560171035;-513.773974660901","1464.97649824839;-5656.81961616368;-1151.6920840732","363.940369207;5000;-986.77375054526","1464.97649824839;4343.18038383632;-1151.6920840732",1292.62934453983,"-0;10000;-0","Y","RETAINED_SINGLE_BOUNDARY_UNIQUE"
3,A200,1,202,"-2781.39357265528;4334.48849285431;-5000","-2758.70458362983;2949.8265375209;-4451.03292333984","-2758.70458362983;2949.8265375209;-4451.03292333984","-2834.85811065106;7597.31838973466;-6293.5909614838","-2758.70458362983;2949.8265375209;-4451.03292333984","-2781.39357265528;4334.48849285431;-5000",1489.68734035956,"-0;-0;-0","Z>Y","RETAINED_SINGLE_BOUNDARY_UNIQUE"
3,A200,2,202,"-2781.39357265528;4334.48849285431;-5000","-2758.70458362983;2949.8265375209;-4451.03292333984","-2758.70458362983;2949.8265375209;-4451.03292333984","-2834.85811065106;7597.31838973466;-6293.5909614838","-2781.39357265528;4334.48849285431;5000","-2792.29860490794;5000;4736.14938638688",715.989966532899,"-0;-0;10000","Z>Y","RETAINED_SINGLE_BOUNDARY_UNIQUE"
3,A200,3,202,"-2781.39357265528;4334.48849285431;-5000","-2758.70458362983;2949.8265375209;-4451.03292333984","-2758.70458362983;2949.8265375209;-4451.03292333984","-2834.85811065106;7597.31838973466;-6293.5909614838","-2792.29860490794;-5000;4736.14938638688","-2834.85811065106;-2402.68161026534;3706.4090385162",2794.32269310754,"-0;-10000;10000","Z>Y","RETAINED_SINGLE_BOUNDARY_UNIQUE"
3,A201,1,203,"-2746.01690991268;3619.88483228078;3319.02036967736","-2152.91734216583;5000;4032.0536847076","-2746.01690991268;3619.88483228078;3319.02036967736","-962.579873953304;7769.86004361041;5463.09548126232","-2746.01690991268;3619.88483228078;3319.02036967736","-2152.91734216583;5000;4032.0536847076",1662.79929088666,"-0;-0;-0","Y>Z","RETAINED_SINGLE_BOUNDARY_UNIQUE"
3,A201,2,203,"-2746.01690991268;3619.88483228078;3319.02036967736","-2152.91734216583;5000;4032.0536847076","-2746.01690991268;3619.88483228078;3319.02036967736","-962.579873953304;7769.86004361041;5463.09548126232","-2152.91734216583;-5000;4032.0536847076","-1347.78169267976;-3126.48671091011;5000",2257.25840961063,"-0;-10000;-0","Y>Z","RETAINED_SINGLE_BOUNDARY_UNIQUE"
3,A201,3,203,"-2746.01690991268;3619.88483228078;3319.02036967736","-2152.91734216583;5000;4032.0536847076","-2746.01690991268;3619.88483228078;3319.02036967736","-962.579873953304;7769.86004361041;5463.09548126232","-1347.78169267976;-3126.48671091011;-5000","-962.579873953304;-2230.13995638959;-4536.90451873768",1079.94229950272,"-0;-10000;-10000","Y>Z","RETAINED_SINGLE_BOUNDARY_UNIQUE"
3,A202,1,204,"-2735.73864867041;4334.7976314327;-1158.0041120667","-2304.00169128125;318.681575067157;-4104.93726730237","-2735.73864867041;4334.7976314327;-1158.0041120667","-2304.00169128125;318.681575067157;-4104.93726730237","-2735.73864867041;4334.7976314327;-1158.0041120667","-2304.00169128125;318.681575067157;-4104.93726730237",5000,"-0;-0;-0","NONE","DIRECT_FULL"
3,A203,1,205,"-2732.62655978701;3173.87799493308;-1253.96384006569","6.86960683836378;-247.520179918855;-3660.03850269874","-2732.62655978701;3173.87799493308;-1253.96384006569","6.86960683836378;-247.520179918855;-3660.03850269874","-2732.62655978701;3173.87799493308;-1253.96384006569","6.86960683836378;-247.520179918855;-3660.03850269874",5000,"-0;-0;-0","NONE","DIRECT_FULL"
3,A204,1,206,"-2713.51983737423;2768.20364613302;-4216.7934866811","-1913.90102083919;5000;-528.991986408167","-2713.51983737423;2768.20364613302;-4216.7934866811","-1801.5631203054;5313.54354303317;-10.8952763767437","-2713.51983737423;2768.20364613302;-4216.7934866811","-1913.90102083919;5000;-528.991986408167",4384.08315640866,"-0;-0;-0","Y","RETAINED_SINGLE_BOUNDARY_UNIQUE"
3,A204,2,206,"-2713.51983737423;2768.20364613302;-4216.7934866811","-1913.90102083919;5000;-528.991986408167","-2713.51983737423;2768.20364613302;-4216.7934866811","-1801.5631203054;5313.54354303317;-10.8952763767437","-1913.90102083919;-5000;-528.991986408167","-1801.5631203054;-4686.45645696683;-10.8952763767438",615.916843591338,"-0;-10000;-0","Y","RETAINED_SINGLE_BOUNDARY_UNIQUE"
3,A205,1,207,"-2705.11635183855;2724.75473679113;209.559653063315","358.693964527135;3894.63999047646;3983.7396750735","-2705.11635183855;2724.75473679113;209.559653063315","358.693964527135;3894.63999047646;3983.7396750735","-2705.11635183855;2724.75473679113;209.559653063315","358.693964527135;3894.63999047646;3983.7396750735",5000,"-0;-0;-0","NONE","DIRECT_FULL"
3,A206,1,208,"-2677.92026474569;-2636.29494613645;-4264.98243282158","272.65986457879;-1223.98345351364;-483.520658819213","-2677.92026474569;-2636.29494613645;-4264.98243282158","272.65986457879;-1223.98345351364;-483.520658819213","-2677.92026474569;-2636.29494613645;-4264.98243282158","272.65986457879;-1223.98345351364;-483.520658819213",5000.00000000001,"-0;-0;-0","NONE","DIRECT_FULL"
3,A207,1,209,"-2639.76796077274;-2885.06730731208;2684.63195984258","1355.18881554025;-2713.12865382102;5000","-2639.76796077274;-2885.06730731208;2684.63195984258","1683.19389069427;-2699.01166730076;5190.10279974092","-2639.76796077274;-2885.06730731208;2684.63195984258","1355.18881554025;-2713.12865382102;5000",4620.62460134513,"-0;-0;-0","Z","RETAINED_SINGLE_BOUNDARY_UNIQUE"
3,A207,2,209,"-2639.76796077274;-2885.06730731208;2684.63195984258","1355.18881554025;-2713.12865382102;5000","-2639.76796077274;-2885.06730731208;2684.63195984258","1683.19389069427;-2699.01166730076;5190.10279974092","1355.18881554025;-2713.12865382102;-5000","1683.19389069427;-2699.01166730076;-4809.89720025908",379.375398654873,"-0;-0;-10000","Z","RETAINED_SINGLE_BOUNDARY_UNIQUE"
3,A208,1,210,"-2629.90751246813;-2843.64608887052;-2734.93360670101","-2189.80705200214;-5000;-4650.91555074587","-2629.90751246813;-2843.64608887052;-2734.93360670101","-1875.78605505326;-6538.604172853;-6018.0092356013","-2629.90751246813;-2843.64608887052;-2734.93360670101","-2189.80705200214;-5000;-4650.91555074587",2917.96802848347,"-0;-0;-0","Y>Z","RETAINED_SINGLE_BOUNDARY_UNIQUE"
3,A208,2,210,"-2629.90751246813;-2843.64608887052;-2734.93360670101","-2189.80705200214;-5000;-4650.91555074587","-2629.90751246813;-2843.64608887052;-2734.93360670101","-1875.78605505326;-6538.604172853;-6018.0092356013","-2189.80705200214;5000;-4650.91555074587","-2109.62246188334;4607.12071436619;-5000",531.642412043765,"-0;10000;-0","Y>Z","RETAINED_SINGLE_BOUNDARY_UNIQUE"
3,A208,3,210,"-2629.90751246813;-2843.64608887052;-2734.93360670101","-2189.80705200214;-5000;-4650.91555074587","-2629.90751246813;-2843.64608887052;-2734.93360670101","-1875.78605505326;-6538.604172853;-6018.0092356013","-2109.62246188334;4607.12071436619;5000","-1875.78605505326;3461.395827147;3981.9907643987",1550.38955947277,"-0;10000;10000","Y>Z","RETAINED_SINGLE_BOUNDARY_UNIQUE"
3,A209,1,211,"-2620.55874300038;2573.00278259517;5000","-1704.90018548046;2529.88414160758;4329.02262657665","-1704.90018548046;2529.88414160758;4329.02262657665","-5735.08055489299;2719.66656545628;7282.26302004279","-1704.90018548046;2529.88414160758;4329.02262657665","-2620.55874300038;2573.00278259517;5000",1136.00195721934,"-0;-0;-0","Z>X","RETAINED_SINGLE_BOUNDARY_UNIQUE"
3,A209,2,211,"-2620.55874300038;2573.00278259517;5000","-1704.90018548046;2529.88414160758;4329.02262657665","-1704.90018548046;2529.88414160758;4329.02262657665","-5735.08055489299;2719.66656545628;7282.26302004279","-2620.55874300038;2573.00278259517;-5000","-5000;2685.05139773564;-3256.39018854249",2952.02824550811,"-0;-0;-10000","Z>X","RETAINED_SINGLE_BOUNDARY_UNIQUE"
3,A209,3,211,"-2620.55874300038;2573.00278259517;5000","-1704.90018548046;2529.88414160758;4329.02262657665","-1704.90018548046;2529.88414160758;4329.02262657665","-5735.08055489299;2719.66656545628;7282.26302004279","5000;2685.05139773564;-3256.39018854249","4264.91944510701;2719.66656545628;-2717.73697995721",911.969797272544,"10000;-0;-10000","Z>X","RETAINED_SINGLE_BOUNDARY_UNIQUE"
3,A210,1,212,"-2558.61843911067;-2372.71621498393;3461.18778183696","-1723.79412288732;-10.9155985317666;5000","-2558.61843911067;-2372.71621498393;3461.18778183696","-1138.79801143588;1644.09630013757;6078.30970706717","-2558.61843911067;-2372.71621498393;3461.18778183696","-1723.79412288732;-10.9155985317666;5000",2939.89401740938,"-0;-0;-0","Z","RETAINED_SINGLE_BOUNDARY_UNIQUE"
3,A210,2,212,"-2558.61843911067;-2372.71621498393;3461.18778183696","-1723.79412288732;-10.9155985317666;5000","-2558.61843911067;-2372.71621498393;3461.18778183696","-1138.79801143588;1644.09630013757;6078.30970706717","-1723.79412288732;-10.9155985317666;-5000","-1138.79801143588;1644.09630013757;-3921.69029293283",2060.10598259062,"-0;-0;-10000","Z","RETAINED_SINGLE_BOUNDARY_UNIQUE"
3,A211,1,213,"-2558.22695403246;2942.37905225634;-2002.4004020602","2339.82657173754;2979.80168390297;-998.572127237908","-2558.22695403246;2942.37905225634;-2002.4004020602","2339.82657173754;2979.80168390297;-998.572127237908","-2558.22695403246;2942.37905225634;-2002.4004020602","2339.82657173754;2979.80168390297;-998.572127237908",5000,"-0;-0;-0","NONE","DIRECT_FULL"
3,A212,1,214,"-2556.99566448664;4442.37920643136;-3160.32796331038","602.993942573618;5000;-1324.39072059552","-2556.99566448664;4442.37920643136;-3160.32796331038","1716.83020877822;5196.550729559;-677.257743055793","-2556.99566448664;4442.37920643136;-3160.32796331038","602.99394257362;5000;-1324.39072059552",3696.90963175142,"-0;-0;-0","Y","RETAINED_SINGLE_BOUNDARY_UNIQUE"
3,A212,2,214,"-2556.99566448664;4442.37920643136;-3160.32796331038","602.993942573618;5000;-1324.39072059552","-2556.99566448664;4442.37920643136;-3160.32796331038","1716.83020877822;5196.550729559;-677.257743055793","602.99394257362;-5000;-1324.39072059552","1716.83020877822;-4803.449270441;-677.257743055793",1303.09036824858,"-0;-10000;-0","Y","RETAINED_SINGLE_BOUNDARY_UNIQUE"
3,A213,1,215,"-2520.59504579702;2704.46472649792;2786.33384317137","-921.723081166874;5000;2627.22017736635","-2520.59504579702;2704.46472649792;2786.33384317137","332.497919081817;6800.71238381113;2502.40486663859","-2520.59504579702;2704.46472649792;2786.33384317137","-921.723081166874;5000;2627.22017736635",2801.99766413508,"-0;-0;-0","Y","RETAINED_SINGLE_BOUNDARY_UNIQUE"
3,A213,2,215,"-2520.59504579702;2704.46472649792;2786.33384317137","-921.723081166874;5000;2627.22017736635","-2520.59504579702;2704.46472649792;2786.33384317137","332.497919081817;6800.71238381113;2502.40486663859","-921.723081166874;-5000;2627.22017736635","332.497919081817;-3199.28761618887;2502.40486663859",2198.00233586492,"-0;-10000;-0","Y","RETAINED_SINGLE_BOUNDARY_UNIQUE"
3,A214,1,216,"-2514.9777610282;-1076.90801464736;-2360.48997091467","2219.74083863324;-2656.87033186128;-2066.96167891529","-2514.9777610282;-1076.90801464736;-2360.48997091467","2219.74083863324;-2656.87033186128;-2066.96167891529","-2514.9777610282;-1076.90801464736;-2360.48997091467","2219.74083863324;-2656.87033186128;-2066.96167891529",5000,"-0;-0;-0","NONE","DIRECT_FULL"
3,A215,1,217,"-2470.45984035823;-3863.37174097604;-4506.98479799321","-2170.23239774886;-4096.64564367117;-5000","-2470.45984035823;-3863.37174097604;-4506.98479799321","-59.3396500873428;-5736.78947975126;-8466.37937344416","-2470.45984035823;-3863.37174097604;-4506.98479799321","-2170.23239774886;-4096.64564367117;-5000",622.589126458353,"-0;-0;-0","Z>Y","RETAINED_SINGLE_BOUNDARY_UNIQUE"
3,A215,2,217,"-2470.45984035823;-3863.37174097604;-4506.98479799321","-2170.23239774886;-4096.64564367117;-5000","-2470.45984035823;-3863.37174097604;-4506.98479799321","-59.3396500873428;-5736.78947975126;-8466.37937344416","-2170.23239774886;-4096.64564367117;5000","-1007.60012282572;-5000;3090.79616140674",2410.97950988607,"-0;-0;10000","Z>Y","RETAINED_SINGLE_BOUNDARY_UNIQUE"
3,A215,3,217,"-2470.45984035823;-3863.37174097604;-4506.98479799321","-2170.23239774886;-4096.64564367117;-5000","-2470.45984035823;-3863.37174097604;-4506.98479799321","-59.3396500873428;-5736.78947975126;-8466.37937344416","-1007.60012282572;5000;3090.79616140674","-59.3396500873428;4263.21052024874;1533.62062655584",1966.43136365557,"-0;10000;10000","Z>Y","RETAINED_SINGLE_BOUNDARY_UNIQUE"
3,A216,1,218,"-2446.27314653107;1373.72966518059;-2438.82758059225","2551.99180759701;1375.05774147409;-2570.53059706634","-2446.27314653107;1373.72966518059;-2438.82758059225","2551.99180759701;1375.05774147409;-2570.53059706634","-2446.27314653107;1373.72966518059;-2438.82758059225","2551.99180759701;1375.05774147409;-2570.53059706634",5000,"-0;-0;-0","NONE","DIRECT_FULL"
3,A217,1,219,"-2438.33403198682;1949.28385329019;-4240.40876203936","-2033.28362992771;5000;-1495.90193092838","-2438.33403198682;1949.28385329019;-4240.40876203936","-1947.18525291026;5648.46672818343;-912.523707698062","-2438.33403198682;1949.28385329019;-4240.40876203936","-2033.28362992771;5000;-1495.90193092838",4123.50004025937,"-0;-0;-0","Y","RETAINED_SINGLE_BOUNDARY_UNIQUE"
3,A217,2,219,"-2438.33403198682;1949.28385329019;-4240.40876203936","-2033.28362992771;5000;-1495.90193092838","-2438.33403198682;1949.28385329019;-4240.40876203936","-1947.18525291026;5648.46672818343;-912.523707698062","-2033.28362992771;-5000;-1495.90193092838","-1947.18525291026;-4351.53327181657;-912.523707698062",876.499959740629,"-0;-10000;-0","Y","RETAINED_SINGLE_BOUNDARY_UNIQUE"
3,A218,1,220,"-2430.32442495684;2492.59944991985;-5000","-1340.60998055355;1795.45800358949;-2621.70971477817","-1340.60998055355;1795.45800358949;-2621.70971477817","-3353.12058222035;3082.95543817607;-7013.99288348573","-1340.60998055355;1795.45800358949;-2621.70971477817","-2430.32442495684;2492.59944991985;-5000",2707.35081718519,"-0;-0;-0","Z","RETAINED_SINGLE_BOUNDARY_UNIQUE"
3,A218,2,220,"-2430.32442495684;2492.59944991985;-5000","-1340.60998055355;1795.45800358949;-2621.70971477817","-1340.60998055355;1795.45800358949;-2621.70971477817","-3353.12058222035;3082.95543817607;-7013.99288348573","-2430.32442495684;2492.59944991985;5000","-3353.12058222035;3082.95543817607;2986.00711651427",2292.64918281482,"-0;-0;10000","Z","RETAINED_SINGLE_BOUNDARY_UNIQUE"
3,A219,1,221,"-2429.25437488962;-1243.579648126;2720.59759159582","-1707.4938831343;2671.09221648456;5000","-2429.25437488962;-1243.579648126;2720.59759159582","-1642.52178296891;3023.48675097003;5205.18934367812","-2429.25437488962;-1243.579648126;2720.59759159582","-1707.4938831343;2671.09221648456;5000",4587.0763405977,"-0;-0;-0","Z","RETAINED_SINGLE_BOUNDARY_UNIQUE"
3,A219,2,221,"-2429.25437488962;-1243.579648126;2720.59759159582","-1707.4938831343;2671.09221648456;5000","-2429.25437488962;-1243.579648126;2720.59759159582","-1642.52178296891;3023.48675097003;5205.18934367812","-1707.4938831343;2671.09221648456;-5000","-1642.52178296891;3023.48675097003;-4794.81065632188",412.9236594023,"-0;-0;-10000","Z","RETAINED_SINGLE_BOUNDARY_UNIQUE"
3,A220,1,222,"-2414.47353666484;-849.026396101761;-3329.22657332843","1356.42189347572;-3862.29170084743;-2025.16374579248","-2414.47353666484;-849.026396101761;-3329.22657332843","1356.42189347572;-3862.29170084743;-2025.16374579248","-2414.47353666484;-849.026396101761;-3329.22657332843","1356.42189347572;-3862.29170084743;-2025.16374579248",5000,"-0;-0;-0","NONE","DIRECT_FULL"
3,A221,1,223,"-2406.55684813261;1553.72190916102;2981.06732438274","2590.26838778432;1411.12145989842;3087.85062632555","-2406.55684813261;1553.72190916102;2981.06732438274","2590.26838778432;1411.12145989842;3087.85062632555","-2406.55684813261;1553.72190916102;2981.06732438274","2590.26838778432;1411.12145989842;3087.85062632555",5000,"-0;-0;-0","NONE","DIRECT_FULL"
3,A222,1,224,"-2404.00490826933;117.226869004377;-4832.9411747539","676.714848596792;2426.64187272604;-1642.9931939492","-2404.00490826933;117.226869004377;-4832.9411747539","676.714848596792;2426.64187272604;-1642.9931939492","-2404.00490826933;117.226869004377;-4832.9411747539","676.714848596792;2426.64187272604;-1642.9931939492",5000,"-0;-0;-0","NONE","DIRECT_FULL"
3,A223,1,225,"-2395.64019653782;-119.973703180315;2506.29549538455","1357.798453951;-2985.68846615203;4149.27364323153","-2395.64019653782;-119.973703180315;2506.29549538455","1357.798453951;-2985.68846615203;4149.27364323153","-2395.64019653782;-119.973703180315;2506.29549538455","1357.798453951;-2985.68846615203;4149.27364323153",5000.00000000001,"-0;-0;-0","NONE","DIRECT_FULL"
3,A224,1,226,"-2392.33093833262;-2788.67312895647;-153.262345847898","-650.511828604231;-5000;1002.08725958384","-2392.33093833262;-2788.67312895647;-153.262345847898","469.851244695019;-6422.35721004225;1745.22472285258","-2392.33093833262;-2788.67312895647;-153.262345847898","-650.511828604231;-5000;1002.08725958384",3042.81663141002,"-0;-0;-0","Y","RETAINED_SINGLE_BOUNDARY_UNIQUE"
3,A224,2,226,"-2392.33093833262;-2788.67312895647;-153.262345847898","-650.511828604231;-5000;1002.08725958384","-2392.33093833262;-2788.67312895647;-153.262345847898","469.851244695019;-6422.35721004225;1745.22472285258","-650.511828604231;5000;1002.08725958384","469.851244695019;3577.64278995775;1745.22472285258",1957.18336858998,"-0;10000;-0","Y","RETAINED_SINGLE_BOUNDARY_UNIQUE"
3,A225,1,227,"-2357.32332415099;-3978.94082377783;-3712.33910970985","2596.33596851486;-3342.34894670237;-3475.67395759219","-2357.32332415099;-3978.94082377783;-3712.33910970985","2596.33596851486;-3342.34894670237;-3475.67395759219","-2357.32332415099;-3978.94082377783;-3712.33910970985","2596.33596851486;-3342.34894670237;-3475.67395759219",5000.00000000001,"-0;-0;-0","NONE","DIRECT_FULL"
3,A226,1,228,"-2345.28127734759;-3451.81618422104;2481.30622919476","-1994.91457542075;-5000;4210.28056631406","-2345.28127734759;-3451.81618422104;2481.30622919476","-1598.90617389862;-6749.8631998342;6164.48557423848","-2345.28127734759;-3451.81618422104;2481.30622919476","-1994.91457542075;-5000;4210.28056631406",2347.12211264691,"-0;-0;-0","Y>Z","RETAINED_SINGLE_BOUNDARY_UNIQUE"
3,A226,2,228,"-2345.28127734759;-3451.81618422104;2481.30622919476","-1994.91457542075;-5000;4210.28056631406","-2345.28127734759;-3451.81618422104;2481.30622919476","-1598.90617389862;-6749.8631998342;6164.48557423848","-1994.91457542075;5000;4210.28056631406","-1834.88247576039;4292.85772495862;5000",1072.06215025699,"-0;10000;-0","Y>Z","RETAINED_SINGLE_BOUNDARY_UNIQUE"
3,A226,3,228,"-2345.28127734759;-3451.81618422104;2481.30622919476","-1994.91457542075;-5000;4210.28056631406","-2345.28127734759;-3451.81618422104;2481.30622919476","-1598.90617389862;-6749.8631998342;6164.48557423848","-1834.88247576039;4292.85772495862;-5000","-1598.90617389862;3250.1368001658;-3835.51442576152",1580.8157370961,"-0;10000;-10000","Y>Z","RETAINED_SINGLE_BOUNDARY_UNIQUE"
3,A227,1,229,"-2318.33342960861;-5000;3077.37824990617","-125.956377071757;-3598.78512151482;1834.68700274722","-125.956377071757;-3598.78512151482;1834.68700274722","-3927.63123837517;-6028.55119330319;3989.56636951461","-125.956377071757;-3598.78512151482;1834.68700274722","-2318.33342960861;-5000;3077.37824990617",2883.43576518428,"-0;-0;-0","Y","RETAINED_SINGLE_BOUNDARY_UNIQUE"
3,A227,2,229,"-2318.33342960861;-5000;3077.37824990617","-125.956377071757;-3598.78512151482;1834.68700274722","-125.956377071757;-3598.78512151482;1834.68700274722","-3927.63123837517;-6028.55119330319;3989.56636951461","-2318.33342960861;5000;3077.37824990617","-3927.63123837517;3971.44880669681;3989.56636951461",2116.56423481572,"-0;10000;-0","Y","RETAINED_SINGLE_BOUNDARY_UNIQUE"
3,A228,1,230,"-2274.23620732417;1886.7944044507;3789.67674392776","2714.709817092;2185.72391823163;3644.56054478786","-2274.23620732417;1886.7944044507;3789.67674392776","2714.709817092;2185.72391823163;3644.56054478786","-2274.23620732417;1886.7944044507;3789.67674392776","2714.709817092;2185.72391823163;3644.56054478786",5000,"-0;-0;-0","NONE","DIRECT_FULL"
3,A229,1,231,"-2273.23100033529;-997.119451403975;3158.27000080394","2708.44274581757;-1382.38882162524;3343.99614129194","-2273.23100033529;-997.119451403975;3158.27000080394","2708.44274581757;-1382.38882162524;3343.99614129194","-2273.23100033529;-997.119451403975;3158.27000080394","2708.44274581757;-1382.38882162524;3343.99614129194",4999.99999999999,"-0;-0;-0","NONE","DIRECT_FULL"
3,A230,1,232,"-2254.24596254165;2436.54255627196;2425.05814136151","411.500150875135;3403.29212507181;5000","-2254.24596254165;2436.54255627196;2425.05814136151","1225.57553846407;3698.52167673884;5786.34524909925","-2254.24596254165;2436.54255627196;2425.05814136151","411.500150875136;3403.29212507181;5000",3830.29145697035,"-0;-0;-0","Z","RETAINED_SINGLE_BOUNDARY_UNIQUE"
3,A230,2,232,"-2254.24596254165;2436.54255627196;2425.05814136151","411.500150875135;3403.29212507181;5000","-2254.24596254165;2436.54255627196;2425.05814136151","1225.57553846407;3698.52167673884;5786.34524909925","411.500150875136;3403.29212507181;-5000","1225.57553846407;3698.52167673884;-4213.65475090075",1169.70854302965,"-0;-0;-10000","Z","RETAINED_SINGLE_BOUNDARY_UNIQUE"
3,A231,1,233,"-2253.4458059737;1535.25248123995;-3228.86436047797","-2166.88121009537;1396.09493378098;-5000","-2253.4458059737;1535.25248123995;-3228.86436047797","-2010.1093423263;1144.07517434065;-8207.59589371277","-2253.4458059737;1535.25248123995;-3228.86436047797","-2166.88121009537;1396.09493378098;-5000",1778.70169108243,"-0;-0;-0","Z","RETAINED_SINGLE_BOUNDARY_UNIQUE"
3,A231,2,233,"-2253.4458059737;1535.25248123995;-3228.86436047797","-2166.88121009537;1396.09493378098;-5000","-2253.4458059737;1535.25248123995;-3228.86436047797","-2010.1093423263;1144.07517434065;-8207.59589371277","-2166.88121009537;1396.09493378098;5000","-2010.1093423263;1144.07517434065;1792.40410628723",3221.29830891757,"-0;-0;10000","Z","RETAINED_SINGLE_BOUNDARY_UNIQUE"
3,A233,1,235,"-2188.50524220757;2097.4606904741;-4434.40067871513","883.230792207638;4540.63601007918;-1336.76737366629","-2188.50524220757;2097.4606904741;-4434.40067871513","883.230792207638;4540.63601007918;-1336.76737366629","-2188.50524220757;2097.4606904741;-4434.40067871513","883.230792207638;4540.63601007918;-1336.76737366629",5000.00000000001,"-0;-0;-0","NONE","DIRECT_FULL"
3,A235,1,237,"-2166.88121009537;1396.09493378098;5000","-2010.10934232631;1144.07517434065;1792.40410628723","-2010.10934232631;1144.07517434065;1792.40410628723","-2253.44580597369;1535.25248123995;6771.13563952204","-2010.10934232631;1144.07517434065;1792.40410628723","-2166.88121009537;1396.09493378098;5000",3221.29830891757,"-0;-0;-0","Z","RETAINED_SINGLE_BOUNDARY_UNIQUE"
3,A235,2,237,"-2166.88121009537;1396.09493378098;5000","-2010.10934232631;1144.07517434065;1792.40410628723","-2010.10934232631;1144.07517434065;1792.40410628723","-2253.44580597369;1535.25248123995;6771.13563952204","-2166.88121009537;1396.09493378098;-5000","-2253.44580597369;1535.25248123995;-3228.86436047796",1778.70169108243,"-0;-0;-10000","Z","RETAINED_SINGLE_BOUNDARY_UNIQUE"
3,A237,1,239,"-2109.62246188334;4607.12071436619;5000","-1875.78605505326;3461.395827147;3981.9907643987","-1875.78605505326;3461.395827147;3981.9907643987","-2629.90751246813;7156.35391112948;7265.06639329898","-1875.78605505326;3461.395827147;3981.9907643987","-2109.62246188334;4607.12071436619;5000",1550.38955947277,"-0;-0;-0","Z>Y","RETAINED_SINGLE_BOUNDARY_UNIQUE"
3,A237,2,239,"-2109.62246188334;4607.12071436619;5000","-1875.78605505326;3461.395827147;3981.9907643987","-1875.78605505326;3461.395827147;3981.9907643987","-2629.90751246813;7156.35391112948;7265.06639329898","-2109.62246188334;4607.12071436619;-5000","-2189.80705200214;5000;-4650.91555074587",531.642412043763,"-0;-0;-10000","Z>Y","RETAINED_SINGLE_BOUNDARY_UNIQUE"
3,A237,3,239,"-2109.62246188334;4607.12071436619;5000","-1875.78605505326;3461.395827147;3981.9907643987","-1875.78605505326;3461.395827147;3981.9907643987","-2629.90751246813;7156.35391112948;7265.06639329898","-2189.80705200214;-5000;-4650.91555074587","-2629.90751246813;-2843.64608887052;-2734.93360670102",2917.96802848347,"-0;-10000;-10000","Z>Y","RETAINED_SINGLE_BOUNDARY_UNIQUE"
3,A238,1,240,"-2108.23336608646;-3665.72367124177;389.165966663762","2878.66509324681;-4025.37325495226;350.488670528782","-2108.23336608646;-3665.72367124177;389.165966663762","2878.66509324681;-4025.37325495226;350.488670528782","-2108.23336608646;-3665.72367124177;389.165966663762","2878.66509324681;-4025.37325495226;350.488670528782",5000,"-0;-0;-0","NONE","DIRECT_FULL"
3,A239,1,241,"-2074.82170008288;2676.84055965415;-5000","623.763177438724;3750.61767381568;-3463.58273290715","623.763177438724;3750.61767381568;-3463.58273290715","-3482.77574037465;2116.61032978455;-5801.60713742831","623.763177438724;3750.61767381568;-3463.58273290715","-2074.82170008288;2676.84055965415;-5000",3285.71691578968,"-0;-0;-0","Z","RETAINED_SINGLE_BOUNDARY_UNIQUE"
3,A239,2,241,"-2074.82170008288;2676.84055965415;-5000","623.763177438724;3750.61767381568;-3463.58273290715","623.763177438724;3750.61767381568;-3463.58273290715","-3482.77574037465;2116.61032978455;-5801.60713742831","-2074.82170008288;2676.84055965415;5000","-3482.77574037465;2116.61032978455;4198.39286257169",1714.28308421032,"-0;-0;10000","Z","RETAINED_SINGLE_BOUNDARY_UNIQUE"
3,A240,1,242,"-2071.1049254666;4244.89005528479;-2447.3561755707","2802.62036856449;4053.76307960668;-3547.47991292472","-2071.1049254666;4244.89005528479;-2447.3561755707","2802.62036856449;4053.76307960668;-3547.47991292472","-2071.1049254666;4244.89005528479;-2447.3561755707","2802.62036856449;4053.76307960668;-3547.47991292472",5000.00000000001,"-0;-0;-0","NONE","DIRECT_FULL"
3,A241,1,243,"-2033.28362992771;-5000;-1495.90193092838","-1947.18525291025;-4351.53327181657;-912.523707698063","-1947.18525291025;-4351.53327181657;-912.523707698063","-2438.33403198685;-8050.71614670981;-4240.40876203935","-1947.18525291025;-4351.53327181657;-912.523707698063","-2033.28362992771;-5000;-1495.90193092838",876.499959740629,"-0;-0;-0","Y","RETAINED_SINGLE_BOUNDARY_UNIQUE"
3,A241,2,243,"-2033.28362992771;-5000;-1495.90193092838","-1947.18525291025;-4351.53327181657;-912.523707698063","-1947.18525291025;-4351.53327181657;-912.523707698063","-2438.33403198685;-8050.71614670981;-4240.40876203935","-2033.28362992771;5000;-1495.90193092838","-2438.33403198685;1949.28385329019;-4240.40876203935",4123.50004025937,"-0;10000;-0","Y","RETAINED_SINGLE_BOUNDARY_UNIQUE"
3,A242,1,244,"-2033.25644272164;-4865.30820637923;2322.528469226","-1547.66880763091;-4682.87130466361;-2650.49087776426","-2033.25644272164;-4865.30820637923;2322.528469226","-1547.66880763091;-4682.87130466361;-2650.49087776426","-2033.25644272164;-4865.30820637923;2322.528469226","-1547.66880763091;-4682.87130466361;-2650.49087776426",5000,"-0;-0;-0","NONE","DIRECT_FULL"
3,A243,1,245,"-2020.03735496558;-13.8691441656208;-5000","-1827.05136089992;-76.5395901988716;-4354.32626584164","-1827.05136089992;-76.5395901988716;-4354.32626584164","-3252.76362536887;386.447498381997;-9124.33543719029","-1827.05136089992;-76.5395901988716;-4354.32626584164","-2020.03735496558;-13.8691441656208;-5000",676.80554791869,"-0;-0;-0","Z","RETAINED_SINGLE_BOUNDARY_UNIQUE"
3,A243,2,245,"-2020.03735496558;-13.8691441656208;-5000","-1827.05136089992;-76.5395901988716;-4354.32626584164","-1827.05136089992;-76.5395901988716;-4354.32626584164","-3252.76362536887;386.447498381997;-9124.33543719029","-2020.03735496558;-13.8691441656208;5000","-3252.76362536887;386.447498381997;875.66456280971",4323.19445208131,"-0;-0;10000","Z","RETAINED_SINGLE_BOUNDARY_UNIQUE"
3,A245,1,247,"-1993.0511691762;-583.626826635024;-4381.51774328181","2970.46485508624;-232.395679875713;-4871.56402521457","-1993.0511691762;-583.626826635024;-4381.51774328181","2970.46485508624;-232.395679875713;-4871.56402521457","-1993.0511691762;-583.626826635024;-4381.51774328181","2970.46485508624;-232.395679875713;-4871.56402521457",5000,"-0;-0;-0","NONE","DIRECT_FULL"
3,A246,1,248,"-1987.85122394199;-5000;114.817859327749","-661.620361661812;-2850.77083665206;-836.831201333332","-661.620361661812;-2850.77083665206;-836.831201333332","-3118.66362985694;-6832.54293818011;926.242622903728","-661.620361661812;-2850.77083665206;-836.831201333332","-1987.85122394199;-5000;114.817859327749",2698.83497667175,"-0;-0;-0","Y","RETAINED_SINGLE_BOUNDARY_UNIQUE"
3,A246,2,248,"-1987.85122394199;-5000;114.817859327749","-661.620361661812;-2850.77083665206;-836.831201333332","-661.620361661812;-2850.77083665206;-836.831201333332","-3118.66362985694;-6832.54293818011;926.242622903728","-1987.85122394199;5000;114.817859327749","-3118.66362985694;3167.45706181989;926.242622903728",2301.16502332825,"-0;10000;-0","Y","RETAINED_SINGLE_BOUNDARY_UNIQUE"
3,A247,1,249,"-1979.2166521355;-3031.76700765613;1464.07268224517","1593.33253453891;-116.438784863866;-469.254414286326","-1979.2166521355;-3031.76700765613;1464.07268224517","1593.33253453891;-116.438784863866;-469.254414286326","-1979.2166521355;-3031.76700765613;1464.07268224517","1593.33253453891;-116.438784863866;-469.254414286326",5000,"-0;-0;-0","NONE","DIRECT_FULL"
3,A248,1,250,"-1976.3601228957;-636.977474317082;-2204.53441950196","2104.54289273436;-3328.89966613609;-1155.82783984592","-1976.3601228957;-636.977474317082;-2204.53441950196","2104.54289273436;-3328.89966613609;-1155.82783984592","-1976.3601228957;-636.977474317082;-2204.53441950196","2104.54289273436;-3328.89966613609;-1155.82783984592",5000,"-0;-0;-0","NONE","DIRECT_FULL"
3,A249,1,251,"-1967.20584138617;735.587853598221;-1791.44236131533","-193.372875396314;5000;-35.5187824782665","-1967.20584138617;735.587853598221;-1791.44236131533","-172.246150349493;5050.79004879869;-14.6053620127613","-1967.20584138617;735.587853598221;-1791.44236131533","-193.372875396314;5000;-35.5187824782665",4941.14986216036,"-0;-0;-0","Y","RETAINED_SINGLE_BOUNDARY_UNIQUE"
3,A249,2,251,"-1967.20584138617;735.587853598221;-1791.44236131533","-193.372875396314;5000;-35.5187824782665","-1967.20584138617;735.587853598221;-1791.44236131533","-172.246150349493;5050.79004879869;-14.6053620127613","-193.372875396314;-5000;-35.5187824782665","-172.246150349493;-4949.20995120131;-14.6053620127614",58.8501378396385,"-0;-10000;-0","Y","RETAINED_SINGLE_BOUNDARY_UNIQUE"
3,A250,1,252,"-1959.7032688218;-3760.91767555766;4797.89980168489","3039.74010150104;-3753.46937823196;4872.13260980926","-1959.7032688218;-3760.91767555766;4797.89980168489","3039.74010150104;-3753.46937823196;4872.13260980926","-1959.7032688218;-3760.91767555766;4797.89980168489","3039.74010150104;-3753.46937823196;4872.13260980926",5000.00000000001,"-0;-0;-0","NONE","DIRECT_FULL"
3,A251,1,253,"-1921.17214367799;4023.54136107669;-4239.69943339324","1971.10566789727;4380.81451405255;-5000","-1921.17214367799;4023.54136107669;-4239.69943339324","2966.29088949712;4472.16281423261;-5194.39513942475","-1921.17214367799;4023.54136107669;-4239.69943339324","1971.10566789727;4380.81451405255;-5000",3981.90000124325,"-0;-0;-0","Z","RETAINED_SINGLE_BOUNDARY_UNIQUE"
3,A251,2,253,"-1921.17214367799;4023.54136107669;-4239.69943339324","1971.10566789727;4380.81451405255;-5000","-1921.17214367799;4023.54136107669;-4239.69943339324","2966.29088949712;4472.16281423261;-5194.39513942475","1971.10566789727;4380.81451405255;5000","2966.29088949712;4472.16281423261;4805.60486057525",1018.09999875676,"-0;-0;10000","Z","RETAINED_SINGLE_BOUNDARY_UNIQUE"
3,A252,1,254,"-1913.90102083919;-5000;-528.991986408167","-1801.5631203054;-4686.45645696683;-10.8952763767429","-1801.5631203054;-4686.45645696683;-10.8952763767429","-2713.51983737422;-7231.79635386699;-4216.79348668109","-1801.5631203054;-4686.45645696683;-10.8952763767429","-1913.90102083919;-5000;-528.991986408167",615.916843591339,"-0;-0;-0","Y","RETAINED_SINGLE_BOUNDARY_UNIQUE"
3,A252,2,254,"-1913.90102083919;-5000;-528.991986408167","-1801.5631203054;-4686.45645696683;-10.8952763767429","-1801.5631203054;-4686.45645696683;-10.8952763767429","-2713.51983737422;-7231.79635386699;-4216.79348668109","-1913.90102083919;5000;-528.991986408167","-2713.51983737422;2768.20364613301;-4216.79348668109",4384.08315640866,"-0;10000;-0","Y","RETAINED_SINGLE_BOUNDARY_UNIQUE"
3,A253,1,255,"-1913.65157229474;658.792262492777;-2053.58803643263","2896.3161635127;1004.33478139584;-732.67518990504","-1913.65157229474;658.792262492777;-2053.58803643263","2896.3161635127;1004.33478139584;-732.67518990504","-1913.65157229474;658.792262492777;-2053.58803643263","2896.3161635127;1004.33478139584;-732.67518990504",5000,"-0;-0;-0","NONE","DIRECT_FULL"
3,A254,1,256,"-1903.57591142826;4616.10307835296;-3945.18109835403","-1592.7428138185;5000;-3331.87517089938","-1903.57591142826;4616.10307835296;-3945.18109835403","69.9962521548625;7053.57928044985;-51.1186079282325","-1903.57591142826;4616.10307835296;-3945.18109835403","-1592.7428138185;5000;-3331.87517089938",787.488553358562,"-0;-0;-0","Y","RETAINED_SINGLE_BOUNDARY_UNIQUE"
3,A254,2,256,"-1903.57591142826;4616.10307835296;-3945.18109835403","-1592.7428138185;5000;-3331.87517089938","-1903.57591142826;4616.10307835296;-3945.18109835403","69.9962521548625;7053.57928044985;-51.1186079282325","-1592.7428138185;-5000;-3331.87517089938","69.9962521548625;-2946.42071955015;-51.1186079282325",4212.51144664144,"-0;-10000;-0","Y","RETAINED_SINGLE_BOUNDARY_UNIQUE"
3,A255,1,257,"-1838.89283938742;45.9084458449079;-3327.47236662416","875.431190135028;3155.76205410684;-505.902662020478","-1838.89283938742;45.9084458449079;-3327.47236662416","875.431190135028;3155.76205410684;-505.902662020478","-1838.89283938742;45.9084458449079;-3327.47236662416","875.431190135028;3155.76205410684;-505.902662020478",5000,"-0;-0;-0","NONE","DIRECT_FULL"
3,A256,1,258,"-1834.8824757604;4292.85772495863;-5000","-1598.90617389863;3250.13680016581;-3835.51442576151","-1598.90617389863;3250.13680016581;-3835.51442576151","-2345.28127734759;6548.18381577896;-7518.69377080524","-1598.90617389863;3250.13680016581;-3835.51442576151","-1834.8824757604;4292.85772495863;-5000",1580.8157370961,"-0;-0;-0","Z>Y","RETAINED_SINGLE_BOUNDARY_UNIQUE"
3,A256,2,258,"-1834.8824757604;4292.85772495863;-5000","-1598.90617389863;3250.13680016581;-3835.51442576151","-1598.90617389863;3250.13680016581;-3835.51442576151","-2345.28127734759;6548.18381577896;-7518.69377080524","-1834.8824757604;4292.85772495863;5000","-1994.91457542075;5000;4210.28056631406",1072.06215025698,"-0;-0;10000","Z>Y","RETAINED_SINGLE_BOUNDARY_UNIQUE"
3,A256,3,258,"-1834.8824757604;4292.85772495863;-5000","-1598.90617389863;3250.13680016581;-3835.51442576151","-1598.90617389863;3250.13680016581;-3835.51442576151","-2345.28127734759;6548.18381577896;-7518.69377080524","-1994.91457542075;-5000;4210.28056631406","-2345.28127734759;-3451.81618422104;2481.30622919476",2347.12211264691,"-0;-10000;10000","Z>Y","RETAINED_SINGLE_BOUNDARY_UNIQUE"
3,A257,1,259,"-1827.4342002489;-1648.39626907614;-1547.27202047728","1900.74434373872;-1068.43932429652;1733.63253259223","-1827.4342002489;-1648.39626907614;-1547.27202047728","1900.74434373872;-1068.43932429652;1733.63253259223","-1827.4342002489;-1648.39626907614;-1547.27202047728","1900.74434373872;-1068.43932429652;1733.63253259223",5000,"-0;-0;-0","NONE","DIRECT_FULL"
3,A258,1,260,"-1825.07983650809;-4061.56376308928;5000","198.922395809066;-4096.39787008146;4483.35600371121","198.922395809066;-4096.39787008146;4483.35600371121","-4645.06298240691;-4013.03042006627;5719.82497780956","198.922395809066;-4096.39787008146;4483.35600371121","-1825.07983650809;-4061.56376308928;5000",2089.19110431191,"-0;-0;-0","Z","RETAINED_SINGLE_BOUNDARY_UNIQUE"
3,A258,2,260,"-1825.07983650809;-4061.56376308928;5000","198.922395809066;-4096.39787008146;4483.35600371121","198.922395809066;-4096.39787008146;4483.35600371121","-4645.06298240691;-4013.03042006627;5719.82497780956","-1825.07983650809;-4061.56376308928;-5000","-4645.06298240691;-4013.03042006627;-4280.17502219044",2910.80889568809,"-0;-0;-10000","Z","RETAINED_SINGLE_BOUNDARY_UNIQUE"
3,A259,1,261,"-1824.9495825332;-4478.62663682293;2381.53247841767","-1760.73036069822;-23.933804265962;111.821558694086","-1824.9495825332;-4478.62663682293;2381.53247841767","-1760.73036069822;-23.933804265962;111.821558694086","-1824.9495825332;-4478.62663682293;2381.53247841767","-1760.73036069822;-23.933804265962;111.821558694086",5000,"-0;-0;-0","NONE","DIRECT_FULL"
3,A260,1,262,"-1804.43496642929;-125.481945182031;-2904.76845004073","2961.94331755027;-1166.95184877341;-3998.83357329502","-1804.43496642929;-125.481945182031;-2904.76845004073","2961.94331755027;-1166.95184877341;-3998.83357329502","-1804.43496642929;-125.481945182031;-2904.76845004073","2961.94331755027;-1166.95184877341;-3998.83357329502",5000,"-0;-0;-0","NONE","DIRECT_FULL"
3,A261,1,263,"-1768.36631086668;3611.11350022682;1302.35594993159","2600.5213962355;4559.00000040452;-936.914329760507","-1768.36631086668;3611.11350022682;1302.35594993159","2600.5213962355;4559.00000040452;-936.914329760507","-1768.36631086668;3611.11350022682;1302.35594993159","2600.5213962355;4559.00000040452;-936.914329760507",5000,"-0;-0;-0","NONE","DIRECT_FULL"
3,A262,1,264,"-1760.28009020591;-100.847387880996;-2161.86617951344","2430.10000398021;2622.9702440665;-2015.127724633","-1760.28009020591;-100.847387880996;-2161.86617951344","2430.10000398021;2622.9702440665;-2015.127724633","-1760.28009020591;-100.847387880996;-2161.86617951344","2430.10000398021;2622.9702440665;-2015.127724633",5000,"-0;-0;-0","NONE","DIRECT_FULL"
3,A263,1,265,"-1723.79412288732;-10.9155985317666;-5000","-1138.79801143588;1644.09630013757;-3921.69029293283","-1138.79801143588;1644.09630013757;-3921.69029293283","-2558.61843911066;-2372.71621498393;-6538.81221816304","-1138.79801143588;1644.09630013757;-3921.69029293283","-1723.79412288732;-10.9155985317666;-5000",2060.10598259062,"-0;-0;-0","Z","RETAINED_SINGLE_BOUNDARY_UNIQUE"
3,A263,2,265,"-1723.79412288732;-10.9155985317666;-5000","-1138.79801143588;1644.09630013757;-3921.69029293283","-1138.79801143588;1644.09630013757;-3921.69029293283","-2558.61843911066;-2372.71621498393;-6538.81221816304","-1723.79412288732;-10.9155985317666;5000","-2558.61843911066;-2372.71621498393;3461.18778183696",2939.89401740938,"-0;-0;10000","Z","RETAINED_SINGLE_BOUNDARY_UNIQUE"
3,A264,1,266,"-1714.324078827;2687.77286668013;-322.869727028028","-62.3824690924421;322.61173875842;-4406.63046401982","-1714.324078827;2687.77286668013;-322.869727028028","-62.3824690924421;322.61173875842;-4406.63046401982","-1714.324078827;2687.77286668013;-322.869727028028","-62.3824690924421;322.61173875842;-4406.63046401982",5000,"-0;-0;-0","NONE","DIRECT_FULL"
3,A265,1,267,"-1696.85726928882;4633.57939662882;4469.7931162593","3269.10056783173;4054.68853600402;4405.38712720526","-1696.85726928882;4633.57939662882;4469.7931162593","3269.10056783173;4054.68853600402;4405.38712720526","-1696.85726928882;4633.57939662882;4469.7931162593","3269.10056783173;4054.68853600402;4405.38712720526",5000,"-0;-0;-0","NONE","DIRECT_FULL"
3,A266,1,268,"-1688.02675109733;3264.63107973665;-3397.74222253306","3024.24235084434;4009.94075078403;-1901.40221934895","-1688.02675109733;3264.63107973665;-3397.74222253306","3024.24235084434;4009.94075078403;-1901.40221934895","-1688.02675109733;3264.63107973665;-3397.74222253306","3024.24235084434;4009.94075078403;-1901.40221934895",4999.99999999999,"-0;-0;-0","NONE","DIRECT_FULL"
3,A267,1,269,"-1687.9610282177;5000;1177.15310769089","3183.78868966805;4086.64282368784;1093.21147565664","3183.78868966805;4086.64282368784;1093.21147565664","-1729.88519084865;5007.85995525576;1177.87547292652","3183.78868966805;4086.64282368784;1093.21147565664","-1687.9610282177;5000;1177.15310769089",4957.33929067089,"-0;-0;-0","Y","RETAINED_SINGLE_BOUNDARY_UNIQUE"
3,A267,2,269,"-1687.9610282177;5000;1177.15310769089","3183.78868966805;4086.64282368784;1093.21147565664","3183.78868966805;4086.64282368784;1093.21147565664","-1729.88519084865;5007.85995525576;1177.87547292652","-1687.9610282177;-5000;1177.15310769089","-1729.88519084865;-4992.14004474424;1177.87547292652",42.6607093291068,"-0;-10000;-0","Y","RETAINED_SINGLE_BOUNDARY_UNIQUE"
3,A268,1,270,"-1678.84298934076;-3136.82305666654;1160.98133744767","2697.56123343217;-5000;243.579738289891","-1678.84298934076;-3136.82305666654;1160.98133744767","2838.34532808452;-5059.93634632272;214.067941162474","-1678.84298934076;-3136.82305666654;1160.98133744767","2697.56123343217;-5000;243.579738289891",4844.16844643241,"-0;-0;-0","Y","RETAINED_SINGLE_BOUNDARY_UNIQUE"
3,A268,2,270,"-1678.84298934076;-3136.82305666654;1160.98133744767","2697.56123343217;-5000;243.579738289891","-1678.84298934076;-3136.82305666654;1160.98133744767","2838.34532808452;-5059.93634632272;214.067941162474","2697.56123343217;5000;243.579738289891","2838.34532808452;4940.06365367728;214.067941162474",155.831553567587,"-0;10000;-0","Y","RETAINED_SINGLE_BOUNDARY_UNIQUE"
3,A269,1,271,"-1668.94292631907;-2095.64445248237;2000.7498810709","-352.052958113104;-4831.42805953957;5000","-1668.94292631907;-2095.64445248237;2000.7498810709","-126.126354104637;-5300.78109173443;5514.55353924882","-1668.94292631907;-2095.64445248237;2000.7498810709","-352.052958113104;-4831.42805953957;5000",4267.81119649178,"-0;-0;-0","Z>Y","RETAINED_SINGLE_BOUNDARY_UNIQUE"
3,A269,2,271,"-1668.94292631907;-2095.64445248237;2000.7498810709","-352.052958113104;-4831.42805953957;5000","-1668.94292631907;-2095.64445248237;2000.7498810709","-126.126354104637;-5300.78109173443;5514.55353924882","-352.052958113104;-4831.42805953957;-5000","-270.909589631508;-5000;-4815.19393157783",262.971535122707,"-0;-0;-10000","Z>Y","RETAINED_SINGLE_BOUNDARY_UNIQUE"
3,A269,3,271,"-1668.94292631907;-2095.64445248237;2000.7498810709","-352.052958113104;-4831.42805953957;5000","-1668.94292631907;-2095.64445248237;2000.7498810709","-126.126354104637;-5300.78109173443;5514.55353924882","-270.909589631508;5000;-4815.19393157783","-126.126354104637;4699.21890826557;-4485.44646075118",469.21726838551,"-0;10000;-10000","Z>Y","RETAINED_SINGLE_BOUNDARY_UNIQUE"
3,A270,1,272,"-1638.21381065445;-2001.95466930316;1739.68347518704","2612.1045022839;-4424.66491892332;707.564642355113","-1638.21381065445;-2001.95466930316;1739.68347518704","2612.1045022839;-4424.66491892332;707.564642355113","-1638.21381065445;-2001.95466930316;1739.68347518704","2612.1045022839;-4424.66491892332;707.564642355113",5000,"-0;-0;-0","NONE","DIRECT_FULL"
3,A271,1,273,"-1630.79438494195;-1627.7545400243;-2431.43756672781","-949.22480432159;-5000;-4331.0400569523","-1630.79438494195;-1627.7545400243;-2431.43756672781","-763.662178220514;-5918.12008810745;-4848.22162822102","-1630.79438494195;-1627.7545400243;-2431.43756672781","-949.22480432159;-5000;-4331.0400569523",3930.02113943689,"-0;-0;-0","Y","RETAINED_SINGLE_BOUNDARY_UNIQUE"
3,A271,2,273,"-1630.79438494195;-1627.7545400243;-2431.43756672781","-949.22480432159;-5000;-4331.0400569523","-1630.79438494195;-1627.7545400243;-2431.43756672781","-763.662178220514;-5918.12008810745;-4848.22162822102","-949.22480432159;5000;-4331.0400569523","-763.662178220514;4081.87991189255;-4848.22162822102",1069.97886056311,"-0;10000;-0","Y","RETAINED_SINGLE_BOUNDARY_UNIQUE"
3,A272,1,274,"-1606.50179312531;5000;314.908956809084","811.85833628492;4092.59987840804;-782.800940765375","811.85833628492;4092.59987840804;-782.800940765375","-3496.54007033917;5709.16690268772;1172.81001896321","811.85833628492;4092.59987840804;-782.800940765375","-1606.50179312531;5000;314.908956809084",2806.56510977727,"-0;-0;-0","Y","RETAINED_SINGLE_BOUNDARY_UNIQUE"
3,A272,2,274,"-1606.50179312531;5000;314.908956809084","811.85833628492;4092.59987840804;-782.800940765375","811.85833628492;4092.59987840804;-782.800940765375","-3496.54007033917;5709.16690268772;1172.81001896321","-1606.50179312531;-5000;314.908956809084","-3496.54007033917;-4290.83309731228;1172.81001896321",2193.43489022273,"-0;-10000;-0","Y","RETAINED_SINGLE_BOUNDARY_UNIQUE"
3,A273,1,275,"-1592.7428138185;-5000;-3331.87517089938","69.996252154885;-2946.42071955013;-51.1186079282602","69.996252154885;-2946.42071955013;-51.1186079282602","-1903.57591142827;-5383.89692164705;-3945.18109835403","69.996252154885;-2946.42071955013;-51.1186079282602","-1592.7428138185;-5000;-3331.87517089938",4212.51144664144,"-0;-0;-0","Y","RETAINED_SINGLE_BOUNDARY_UNIQUE"
3,A273,2,275,"-1592.7428138185;-5000;-3331.87517089938","69.996252154885;-2946.42071955013;-51.1186079282602","69.996252154885;-2946.42071955013;-51.1186079282602","-1903.57591142827;-5383.89692164705;-3945.18109835403","-1592.7428138185;5000;-3331.87517089938","-1903.57591142827;4616.10307835296;-3945.18109835403",787.488553358563,"-0;10000;-0","Y","RETAINED_SINGLE_BOUNDARY_UNIQUE"
3,A274,1,276,"-1574.65981391307;298.460551002785;2855.46447150688","232.462995940462;202.716371570795;-1805.55904293842","-1574.65981391307;298.460551002785;2855.46447150688","232.462995940462;202.716371570795;-1805.55904293842","-1574.65981391307;298.460551002785;2855.46447150688","232.462995940462;202.716371570795;-1805.55904293842",5000,"-0;-0;-0","NONE","DIRECT_FULL"
3,A275,1,277,"-1561.9368141303;4624.04884276696;3593.21278741863","3426.54560476326;4962.26087065698;3618.8210005628","-1561.9368141303;4624.04884276696;3593.21278741863","3426.54560476326;4962.26087065698;3618.8210005628","-1561.9368141303;4624.04884276696;3593.21278741863","3426.54560476326;4962.26087065698;3618.8210005628",5000.00000000001,"-0;-0;-0","NONE","DIRECT_FULL"
3,A276,1,278,"-1548.58886727104;-98.2144255899202;-4227.9844913351","-768.385068247016;4808.10762137702;-4793.03847409661","-1548.58886727104;-98.2144255899202;-4227.9844913351","-768.385068247016;4808.10762137702;-4793.03847409661","-1548.58886727104;-98.2144255899202;-4227.9844913351","-768.385068247016;4808.10762137702;-4793.03847409661",5000,"-0;-0;-0","NONE","DIRECT_FULL"
3,A277,1,279,"-1538.64137353927;-650.382714172144;2840.70790805912","356.774037270775;-732.512169948754;5000","-1538.64137353927;-650.382714172144;2840.70790805912","1758.47884087487;-793.248857021624;6596.84788906741","-1538.64137353927;-650.382714172144;2840.70790805912","356.774037270775;-732.512169948754;5000",2874.34986829384,"-0;-0;-0","Z","RETAINED_SINGLE_BOUNDARY_UNIQUE"
3,A277,2,279,"-1538.64137353927;-650.382714172144;2840.70790805912","356.774037270775;-732.512169948754;5000","-1538.64137353927;-650.382714172144;2840.70790805912","1758.47884087487;-793.248857021624;6596.84788906741","356.774037270775;-732.512169948754;-5000","1758.47884087487;-793.248857021624;-3403.15211093259",2125.65013170616,"-0;-0;-10000","Z","RETAINED_SINGLE_BOUNDARY_UNIQUE"
3,A278,1,280,"-1489.57061795279;4386.19018971233;1992.54195980958","1540.97012933524;550.103182441659;943.609525533649","-1489.57061795279;4386.19018971233;1992.54195980958","1540.97012933524;550.103182441659;943.609525533649","-1489.57061795279;4386.19018971233;1992.54195980958","1540.97012933524;550.103182441659;943.609525533649",5000,"-0;-0;-0","NONE","DIRECT_FULL"
3,A279,1,281,"-1465.67232088247;-2716.32934866515;2555.56071368742","559.91870832304;-5000;-209.547977391733","-1465.67232088247;-2716.32934866515;2555.56071368742","993.322869022494;-5488.62398563444;-801.182514779062","-1465.67232088247;-2716.32934866515;2555.56071368742","559.91870832304;-5000;-209.547977391733",4118.7372743169,"-0;-0;-0","Y","RETAINED_SINGLE_BOUNDARY_UNIQUE"
3,A279,2,281,"-1465.67232088247;-2716.32934866515;2555.56071368742","559.91870832304;-5000;-209.547977391733","-1465.67232088247;-2716.32934866515;2555.56071368742","993.322869022494;-5488.62398563444;-801.182514779062","559.91870832304;5000;-209.547977391733","993.322869022494;4511.37601436556;-801.182514779062",881.262725683096,"-0;10000;-0","Y","RETAINED_SINGLE_BOUNDARY_UNIQUE"
3,A280,1,282,"-1462.5326550549;-2061.1894796973;4271.08530302224","3482.02142277178;-1913.35280985366;4998.77293552472","-1462.5326550549;-2061.1894796973;4271.08530302224","3482.02142277178;-1913.35280985366;4998.77293552472","-1462.5326550549;-2061.1894796973;4271.08530302224","3482.02142277178;-1913.35280985366;4998.77293552472",5000,"-0;-0;-0","NONE","DIRECT_FULL"
3,A281,1,283,"-1410.4247519827;-1801.71988954496;2327.68588257511","-777.434329676149;-5000;2312.15287707315","-1410.4247519827;-1801.71988954496;2327.68588257511","-439.686213597374;-6706.52358066054;2303.86484749095","-1410.4247519827;-1801.71988954496;2327.68588257511","-777.434329676149;-5000;2312.15287707315",3260.35486012245,"-0;-0;-0","Y","RETAINED_SINGLE_BOUNDARY_UNIQUE"
3,A281,2,283,"-1410.4247519827;-1801.71988954496;2327.68588257511","-777.434329676149;-5000;2312.15287707315","-1410.4247519827;-1801.71988954496;2327.68588257511","-439.686213597374;-6706.52358066054;2303.86484749095","-777.434329676149;5000;2312.15287707315","-439.686213597374;3293.47641933946;2303.86484749095",1739.64513987756,"-0;10000;-0","Y","RETAINED_SINGLE_BOUNDARY_UNIQUE"
3,A282,1,284,"-1370.47673295522;544.724842807719;-2522.27527979119","3254.3599382504;1055.73116491742;-692.040785679673","-1370.47673295522;544.724842807719;-2522.27527979119","3254.3599382504;1055.73116491742;-692.040785679673","-1370.47673295522;544.724842807719;-2522.27527979119","3254.3599382504;1055.73116491742;-692.040785679673",5000,"-0;-0;-0","NONE","DIRECT_FULL"
3,A283,1,285,"-1347.78169267974;-3126.4867109101;-5000","-962.579873953287;-2230.1399563896;-4536.90451873769","-962.579873953287;-2230.1399563896;-4536.90451873769","-2746.01690991268;-6380.11516771922;-6680.97963032264","-962.579873953287;-2230.1399563896;-4536.90451873769","-1347.78169267974;-3126.4867109101;-5000",1079.9422995027,"-0;-0;-0","Z>Y","RETAINED_SINGLE_BOUNDARY_UNIQUE"
3,A283,2,285,"-1347.78169267974;-3126.4867109101;-5000","-962.579873953287;-2230.1399563896;-4536.90451873769","-962.579873953287;-2230.1399563896;-4536.90451873769","-2746.01690991268;-6380.11516771922;-6680.97963032264","-1347.78169267974;-3126.4867109101;5000","-2152.91734216583;-5000;4032.0536847076",2257.25840961064,"-0;-0;10000","Z>Y","RETAINED_SINGLE_BOUNDARY_UNIQUE"
3,A283,3,285,"-1347.78169267974;-3126.4867109101;-5000","-962.579873953287;-2230.1399563896;-4536.90451873769","-962.579873953287;-2230.1399563896;-4536.90451873769","-2746.01690991268;-6380.11516771922;-6680.97963032264","-2152.91734216583;5000;4032.0536847076","-2746.01690991268;3619.88483228078;3319.02036967736",1662.79929088666,"-0;10000;10000","Z>Y","RETAINED_SINGLE_BOUNDARY_UNIQUE"
3,A284,1,286,"-1289.85348481225;-922.684354973808;2795.09947323115","2697.27621127285;-1616.50014374302;-141.125388364235","-1289.85348481225;-922.684354973808;2795.09947323115","2697.27621127285;-1616.50014374302;-141.125388364235","-1289.85348481225;-922.684354973808;2795.09947323115","2697.27621127285;-1616.50014374302;-141.125388364235",4999.99999999999,"-0;-0;-0","NONE","DIRECT_FULL"
3,A285,1,287,"-1287.5492143397;510.037087201225;-3113.48050250706","1991.96950774375;3481.76950960515;-786.773954371387","-1287.5492143397;510.037087201225;-3113.48050250706","1991.96950774375;3481.76950960515;-786.773954371387","-1287.5492143397;510.037087201225;-3113.48050250706","1991.96950774375;3481.76950960515;-786.773954371387",5000,"-0;-0;-0","NONE","DIRECT_FULL"
3,A286,1,288,"-1195.86508286475;1713.51827928881;-2864.80604719042","3280.3796441118;-513.312515087985;-2931.57248658817","-1195.86508286475;1713.51827928881;-2864.80604719042","3280.3796441118;-513.312515087985;-2931.57248658817","-1195.86508286475;1713.51827928881;-2864.80604719042","3280.3796441118;-513.312515087985;-2931.57248658817",5000,"-0;-0;-0","NONE","DIRECT_FULL"
3,A287,1,289,"-1191.06447425374;4854.01252903279;3310.70161072481","3250.65348246953;2564.3602456412;3141.48573061371","-1191.06447425374;4854.01252903279;3310.70161072481","3250.65348246953;2564.3602456412;3141.48573061371","-1191.06447425374;4854.01252903279;3310.70161072481","3250.65348246953;2564.3602456412;3141.48573061371",5000,"-0;-0;-0","NONE","DIRECT_FULL"
3,A288,1,290,"-1172.37821295477;3442.62672615013;-67.954334003678","3798.65040662973;3948.14092733008;-250.518995636845","-1172.37821295477;3442.62672615013;-67.954334003678","3798.65040662973;3948.14092733008;-250.518995636845","-1172.37821295477;3442.62672615013;-67.954334003678","3798.65040662973;3948.14092733008;-250.518995636845",5000,"-0;-0;-0","NONE","DIRECT_FULL"
3,A289,1,291,"-1164.21722372438;4444.28286971334;3053.98346259342","726.959080512002;2620.85584286194;-1200.2574878045","-1164.21722372438;4444.28286971334;3053.98346259342","726.959080512002;2620.85584286194;-1200.2574878045","-1164.21722372438;4444.28286971334;3053.98346259342","726.959080512002;2620.85584286194;-1200.2574878045",4999.99999999999,"-0;-0;-0","NONE","DIRECT_FULL"
3,A290,1,292,"-1139.28564155133;-881.152943100944;-5000","-428.855427418372;-1323.86186994544;-4343.29479855752","-428.855427418372;-1323.86186994544;-4343.29479855752","-3767.53791624576;756.65851375922;-7429.49540314996","-428.855427418372;-1323.86186994544;-4343.29479855752","-1139.28564155133;-881.152943100944;-5000",1063.93797030767,"-0;-0;-0","Z","RETAINED_SINGLE_BOUNDARY_UNIQUE"
3,A290,2,292,"-1139.28564155133;-881.152943100944;-5000","-428.855427418372;-1323.86186994544;-4343.29479855752","-428.855427418372;-1323.86186994544;-4343.29479855752","-3767.53791624576;756.65851375922;-7429.49540314996","-1139.28564155133;-881.152943100944;5000","-3767.53791624576;756.65851375922;2570.50459685004",3936.06202969232,"-0;-0;10000","Z","RETAINED_SINGLE_BOUNDARY_UNIQUE"
3,A291,1,293,"-1122.31996570061;-2622.92397988768;-1872.3566919596","2775.91924704288;-149.022610723488;-3791.61255188984","-1122.31996570061;-2622.92397988768;-1872.3566919596","2775.91924704288;-149.022610723488;-3791.61255188984","-1122.31996570061;-2622.92397988768;-1872.3566919596","2775.91924704288;-149.022610723488;-3791.61255188984",5000,"-0;-0;-0","NONE","DIRECT_FULL"
3,A292,1,294,"-1115.62918680786;-2644.33441256991;-4686.32069539784","-859.66131957779;-2117.32262155939;-5000","-1115.62918680786;-2644.33441256991;-4686.32069539784","810.181279259431;1320.71336413672;-7046.33132614073","-1115.62918680786;-2644.33441256991;-4686.32069539784","-859.66131957779;-2117.32262155939;-5000",664.571804287634,"-0;-0;-0","Z","RETAINED_SINGLE_BOUNDARY_UNIQUE"
3,A292,2,294,"-1115.62918680786;-2644.33441256991;-4686.32069539784","-859.66131957779;-2117.32262155939;-5000","-1115.62918680786;-2644.33441256991;-4686.32069539784","810.181279259431;1320.71336413672;-7046.33132614073","-859.66131957779;-2117.32262155939;5000","810.181279259431;1320.71336413672;2953.66867385927",4335.42819571237,"-0;-0;10000","Z","RETAINED_SINGLE_BOUNDARY_UNIQUE"
3,A293,1,295,"-1061.35395684506;-3390.18109115154;-2144.22934907679","3325.6147854483;-4782.55634713434;-4097.63570738216","-1061.35395684506;-3390.18109115154;-2144.22934907679","3325.6147854483;-4782.55634713434;-4097.63570738216","-1061.35395684506;-3390.18109115154;-2144.22934907679","3325.6147854483;-4782.55634713434;-4097.63570738216",5000,"-0;-0;-0","NONE","DIRECT_FULL"
3,A294,1,296,"-1042.35387041865;-3835.56683670731;1322.40942771576","297.191363687103;-3081.76415771512;-3435.46825954447","-1042.35387041865;-3835.56683670731;1322.40942771576","297.191363687103;-3081.76415771512;-3435.46825954447","-1042.35387041865;-3835.56683670731;1322.40942771576","297.191363687103;-3081.76415771512;-3435.46825954447",5000,"-0;-0;-0","NONE","DIRECT_FULL"
3,A295,1,297,"-1029.0689812948;-5000;-2318.12850182297","2558.25111562526;-2482.78222076087;-4391.09020975249","2558.25111562526;-2482.78222076087;-4391.09020975249","-1141.59646748062;-5078.96038859851;-2253.1035908447","2558.25111562526;-2482.78222076087;-4391.09020975249","-1029.0689812948;-5000;-2318.12850182297",4847.92956512635,"-0;-0;-0","Y","RETAINED_SINGLE_BOUNDARY_UNIQUE"
3,A295,2,297,"-1029.0689812948;-5000;-2318.12850182297","2558.25111562526;-2482.78222076087;-4391.09020975249","2558.25111562526;-2482.78222076087;-4391.09020975249","-1141.59646748062;-5078.96038859851;-2253.1035908447","-1029.0689812948;5000;-2318.12850182297","-1141.59646748062;4921.03961140149;-2253.1035908447",152.070434873646,"-0;10000;-0","Y","RETAINED_SINGLE_BOUNDARY_UNIQUE"
3,A296,1,298,"-1021.46911361414;4270.80141946141;-2415.39333624588","3776.25490871123;3333.24044315314;-3465.54743032255","-1021.46911361414;4270.80141946141;-2415.39333624588","3776.25490871123;3333.24044315314;-3465.54743032255","-1021.46911361414;4270.80141946141;-2415.39333624588","3776.25490871123;3333.24044315314;-3465.54743032255",5000,"-0;-0;-0","NONE","DIRECT_FULL"
3,A297,1,299,"-1007.60012282569;5000;3090.79616140672","-59.3396500873241;4263.21052024876;1533.62062655584","-59.3396500873241;4263.21052024876;1533.62062655584","-2470.45984035822;6136.62825902396;5493.0152020068","-59.3396500873241;4263.21052024876;1533.62062655584","-1007.60012282569;5000;3090.79616140672",1966.43136365555,"-0;-0;-0","Y>Z","RETAINED_SINGLE_BOUNDARY_UNIQUE"
3,A297,2,299,"-1007.60012282569;5000;3090.79616140672","-59.3396500873241;4263.21052024876;1533.62062655584","-59.3396500873241;4263.21052024876;1533.62062655584","-2470.45984035822;6136.62825902396;5493.0152020068","-1007.60012282569;-5000;3090.79616140672","-2170.23239774885;-4096.64564367117;5000",2410.97950988609,"-0;-10000;-0","Y>Z","RETAINED_SINGLE_BOUNDARY_UNIQUE"
3,A297,3,299,"-1007.60012282569;5000;3090.79616140672","-59.3396500873241;4263.21052024876;1533.62062655584","-59.3396500873241;4263.21052024876;1533.62062655584","-2470.45984035822;6136.62825902396;5493.0152020068","-2170.23239774885;-4096.64564367117;-5000","-2470.45984035822;-3863.37174097604;-4506.9847979932",622.589126458359,"-0;-10000;-10000","Y>Z","RETAINED_SINGLE_BOUNDARY_UNIQUE"
3,A298,1,300,"-1001.0229248571;-1870.25182089103;120.667151387046","3968.80440840674;-1600.3748282402;-356.80817402925","-1001.0229248571;-1870.25182089103;120.667151387046","3968.80440840674;-1600.3748282402;-356.80817402925","-1001.0229248571;-1870.25182089103;120.667151387046","3968.80440840674;-1600.3748282402;-356.80817402925",5000,"-0;-0;-0","NONE","DIRECT_FULL"
3,A299,1,301,"-950.257296144078;1499.49936863303;2966.68000651468","2461.7418969606;-459.051505773072;-119.148890008285","-950.257296144078;1499.49936863303;2966.68000651468","2461.7418969606;-459.051505773072;-119.148890008285","-950.257296144078;1499.49936863303;2966.68000651468","2461.7418969606;-459.051505773072;-119.148890008285",5000,"-0;-0;-0","NONE","DIRECT_FULL"
3,A300,1,302,"-949.22480432159;5000;-4331.0400569523","-763.662178220516;4081.87991189255;-4848.22162822102","-763.662178220516;4081.87991189255;-4848.22162822102","-1630.79438494194;8372.2454599757;-2431.43756672781","-763.662178220516;4081.87991189255;-4848.22162822102","-949.22480432159;5000;-4331.0400569523",1069.97886056311,"-0;-0;-0","Y","RETAINED_SINGLE_BOUNDARY_UNIQUE"
3,A300,2,302,"-949.22480432159;5000;-4331.0400569523","-763.662178220516;4081.87991189255;-4848.22162822102","-763.662178220516;4081.87991189255;-4848.22162822102","-1630.79438494194;8372.2454599757;-2431.43756672781","-949.22480432159;-5000;-4331.0400569523","-1630.79438494194;-1627.7545400243;-2431.43756672781",3930.02113943689,"-0;-10000;-0","Y","RETAINED_SINGLE_BOUNDARY_UNIQUE"
3,A301,1,303,"-943.883047879913;-1796.63283259212;-2999.87574297452","778.809805718535;-5000;-3395.28955843804","-943.883047879913;-1796.63283259212;-2999.87574297452","1410.40281713073;-6174.45446627116;-3540.2606146196","-943.883047879913;-1796.63283259212;-2999.87574297452","778.809805718535;-5000;-3395.28955843804",3658.6314329986,"-0;-0;-0","Y","RETAINED_SINGLE_BOUNDARY_UNIQUE"
3,A301,2,303,"-943.883047879913;-1796.63283259212;-2999.87574297452","778.809805718535;-5000;-3395.28955843804","-943.883047879913;-1796.63283259212;-2999.87574297452","1410.40281713073;-6174.45446627116;-3540.2606146196","778.809805718535;5000;-3395.28955843804","1410.40281713073;3825.54553372884;-3540.2606146196",1341.3685670014,"-0;10000;-0","Y","RETAINED_SINGLE_BOUNDARY_UNIQUE"
3,A302,1,304,"-939.621197616654;-3684.98516091987;-605.647591962363","-885.05274629301;-5000;-1223.84486893666","-939.621197616654;-3684.98516091987;-605.647591962363","-751.984807019841;-8206.73045515241;-2731.35031788846","-939.621197616654;-3684.98516091987;-605.647591962363","-885.05274629301;-5000;-1223.84486893666",1454.10096490555,"-0;-0;-0","Y","RETAINED_SINGLE_BOUNDARY_UNIQUE"
3,A302,2,304,"-939.621197616654;-3684.98516091987;-605.647591962363","-885.05274629301;-5000;-1223.84486893666","-939.621197616654;-3684.98516091987;-605.647591962363","-751.984807019841;-8206.73045515241;-2731.35031788846","-885.05274629301;5000;-1223.84486893666","-751.984807019841;1793.26954484759;-2731.35031788846",3545.89903509445,"-0;10000;-0","Y","RETAINED_SINGLE_BOUNDARY_UNIQUE"
3,A303,1,305,"-924.116992474872;-1871.61122667849;-1439.10685171816","3252.41366437023;163.48285637705;408.860611616995","-924.116992474872;-1871.61122667849;-1439.10685171816","3252.41366437023;163.48285637705;408.860611616995","-924.116992474872;-1871.61122667849;-1439.10685171816","3252.41366437023;163.48285637705;408.860611616995",5000,"-0;-0;-0","NONE","DIRECT_FULL"
3,A304,1,306,"-921.723081166874;-5000;2627.22017736635","332.497919081818;-3199.28761618887;2502.4048666386","332.497919081818;-3199.28761618887;2502.4048666386","-2520.59504579702;-7295.53527350208;2786.33384317136","332.497919081818;-3199.28761618887;2502.4048666386","-921.723081166874;-5000;2627.22017736635",2198.00233586492,"-0;-0;-0","Y","RETAINED_SINGLE_BOUNDARY_UNIQUE"
3,A304,2,306,"-921.723081166874;-5000;2627.22017736635","332.497919081818;-3199.28761618887;2502.4048666386","332.497919081818;-3199.28761618887;2502.4048666386","-2520.59504579702;-7295.53527350208;2786.33384317136","-921.723081166874;5000;2627.22017736635","-2520.59504579702;2704.46472649792;2786.33384317136",2801.99766413508,"-0;10000;-0","Y","RETAINED_SINGLE_BOUNDARY_UNIQUE"
3,A305,1,307,"-910.643496863629;-450.056741007482;-1105.08540016829","4080.52349906419;-697.387397598801;-940.526702218454","-910.643496863629;-450.056741007482;-1105.08540016829","4080.52349906419;-697.387397598801;-940.526702218454","-910.643496863629;-450.056741007482;-1105.08540016829","4080.52349906419;-697.387397598801;-940.526702218454",5000,"-0;-0;-0","NONE","DIRECT_FULL"
3,A306,1,308,"-908.524734493589;3603.37968043794;1710.26256478597","3956.85337702761;3624.65202077418;2862.4966206388","-908.524734493589;3603.37968043794;1710.26256478597","3956.85337702761;3624.65202077418;2862.4966206388","-908.524734493589;3603.37968043794;1710.26256478597","3956.85337702761;3624.65202077418;2862.4966206388",5000,"-0;-0;-0","NONE","DIRECT_FULL"
3,A307,1,309,"-885.05274629301;5000;-1223.84486893666","-751.984807019842;1793.26954484759;-2731.35031788847","-751.984807019842;1793.26954484759;-2731.35031788847","-939.621197616653;6315.01483908013;-605.647591962359","-751.984807019842;1793.26954484759;-2731.35031788847","-885.05274629301;5000;-1223.84486893666",3545.89903509446,"-0;-0;-0","Y","RETAINED_SINGLE_BOUNDARY_UNIQUE"
3,A307,2,309,"-885.05274629301;5000;-1223.84486893666","-751.984807019842;1793.26954484759;-2731.35031788847","-751.984807019842;1793.26954484759;-2731.35031788847","-939.621197616653;6315.01483908013;-605.647591962359","-885.05274629301;-5000;-1223.84486893666","-939.621197616653;-3684.98516091987;-605.647591962359",1454.10096490554,"-0;-10000;-0","Y","RETAINED_SINGLE_BOUNDARY_UNIQUE"
3,A308,1,310,"-859.66131957779;-2117.32262155939;5000","810.181279259444;1320.71336413673;2953.66867385928","810.181279259444;1320.71336413673;2953.66867385928","-1115.62918680786;-2644.33441256991;5313.67930460216","810.181279259444;1320.71336413673;2953.66867385928","-859.66131957779;-2117.32262155939;5000",4335.42819571237,"-0;-0;-0","Z","RETAINED_SINGLE_BOUNDARY_UNIQUE"
3,A308,2,310,"-859.66131957779;-2117.32262155939;5000","810.181279259444;1320.71336413673;2953.66867385928","810.181279259444;1320.71336413673;2953.66867385928","-1115.62918680786;-2644.33441256991;5313.67930460216","-859.66131957779;-2117.32262155939;-5000","-1115.62918680786;-2644.33441256991;-4686.32069539784",664.571804287629,"-0;-0;-10000","Z","RETAINED_SINGLE_BOUNDARY_UNIQUE"
3,A309,1,311,"-816.786552340955;1153.60241984912;3248.23555409033","3846.87436003794;1929.17934483832;4875.73281300462","-816.786552340955;1153.60241984912;3248.23555409033","3846.87436003794;1929.17934483832;4875.73281300462","-816.786552340955;1153.60241984912;3248.23555409033","3846.87436003794;1929.17934483832;4875.73281300462",5000,"-0;-0;-0","NONE","DIRECT_FULL"
3,A310,1,312,"-777.434329676149;5000;2312.15287707315","-439.686213597374;3293.47641933945;2303.86484749095","-439.686213597374;3293.47641933945;2303.86484749095","-1410.4247519827;8198.28011045503;2327.6858825751","-439.686213597374;3293.47641933945;2303.86484749095","-777.434329676149;5000;2312.15287707315",1739.64513987756,"-0;-0;-0","Y","RETAINED_SINGLE_BOUNDARY_UNIQUE"
3,A310,2,312,"-777.434329676149;5000;2312.15287707315","-439.686213597374;3293.47641933945;2303.86484749095","-439.686213597374;3293.47641933945;2303.86484749095","-1410.4247519827;8198.28011045503;2327.6858825751","-777.434329676149;-5000;2312.15287707315","-1410.4247519827;-1801.71988954497;2327.6858825751",3260.35486012244,"-0;-10000;-0","Y","RETAINED_SINGLE_BOUNDARY_UNIQUE"
3,A311,1,313,"-775.312506684465;1207.43249816536;3820.471398528","1531.21178765571;3207.76701415233;5000","-775.312506684465;1207.43249816536;3820.471398528","2748.22555484773;4263.22290114178;5622.36610744169","-775.312506684465;1207.43249816536;3820.471398528","1531.21178765571;3207.76701415233;5000",3273.02310073131,"-0;-0;-0","Z","RETAINED_SINGLE_BOUNDARY_UNIQUE"
3,A311,2,313,"-775.312506684465;1207.43249816536;3820.471398528","1531.21178765571;3207.76701415233;5000","-775.312506684465;1207.43249816536;3820.471398528","2748.22555484773;4263.22290114178;5622.36610744169","1531.21178765571;3207.76701415233;-5000","2748.22555484773;4263.22290114178;-4377.63389255832",1726.9768992687,"-0;-0;-10000","Z","RETAINED_SINGLE_BOUNDARY_UNIQUE"
3,A312,1,314,"-720.662959498911;1395.74107118604;-3368.76689505706","4131.43149099703;2501.62059165755;-3852.71929939884","-720.662959498911;1395.74107118604;-3368.76689505706","4131.43149099703;2501.62059165755;-3852.71929939884","-720.662959498911;1395.74107118604;-3368.76689505706","4131.43149099703;2501.62059165755;-3852.71929939884",5000,"-0;-0;-0","NONE","DIRECT_FULL"
3,A313,1,315,"-704.26011590517;1397.35574361483;-2062.10024317056","4274.26865519084;1541.76761242385;-2501.86891817634","-704.26011590517;1397.35574361483;-2062.10024317056","4274.26865519084;1541.76761242385;-2501.86891817634","-704.26011590517;1397.35574361483;-2062.10024317056","4274.26865519084;1541.76761242385;-2501.86891817634",5000,"-0;-0;-0","NONE","DIRECT_FULL"
3,A314,1,316,"-658.666884309651;-2631.64145942732;2307.07644646147","-238.999264181734;-5000;-1839.3001927787","-658.666884309651;-2631.64145942732;2307.07644646147","-220.920713262763;-5102.02476535376;-2017.91888434916","-658.666884309651;-2631.64145942732;2307.07644646147","-238.999264181734;-5000;-1839.3001927787",4793.50417987968,"-0;-0;-0","Y","RETAINED_SINGLE_BOUNDARY_UNIQUE"
3,A314,2,316,"-658.666884309651;-2631.64145942732;2307.07644646147","-238.999264181734;-5000;-1839.3001927787","-658.666884309651;-2631.64145942732;2307.07644646147","-220.920713262763;-5102.02476535376;-2017.91888434916","-238.999264181734;5000;-1839.3001927787","-220.920713262763;4897.97523464624;-2017.91888434916",206.495820120316,"-0;10000;-0","Y","RETAINED_SINGLE_BOUNDARY_UNIQUE"
3,A315,1,317,"-650.511828604231;5000;1002.08725958384","469.851244695014;3577.64278995776;1745.22472285259","469.851244695014;3577.64278995776;1745.22472285259","-2392.33093833262;7211.32687104353;-153.262345847913","469.851244695014;3577.64278995776;1745.22472285259","-650.511828604231;5000;1002.08725958384",1957.18336858997,"-0;-0;-0","Y","RETAINED_SINGLE_BOUNDARY_UNIQUE"
3,A315,2,317,"-650.511828604231;5000;1002.08725958384","469.851244695014;3577.64278995776;1745.22472285259","469.851244695014;3577.64278995776;1745.22472285259","-2392.33093833262;7211.32687104353;-153.262345847913","-650.511828604231;-5000;1002.08725958384","-2392.33093833262;-2788.67312895647;-153.262345847913",3042.81663141003,"-0;-10000;-0","Y","RETAINED_SINGLE_BOUNDARY_UNIQUE"
3,A316,1,318,"-628.303131437458;3941.83493952219;-2970.13746682894","3448.15566079556;3483.4251532117;-111.406247731752","-628.303131437458;3941.83493952219;-2970.13746682894","3448.15566079556;3483.4251532117;-111.406247731752","-628.303131437458;3941.83493952219;-2970.13746682894","3448.15566079556;3483.4251532117;-111.406247731752",5000,"-0;-0;-0","NONE","DIRECT_FULL"
3,A317,1,319,"-611.897627660977;-1832.7227813926;3058.5871537184","-9.33664821784089;-164.572020328917;5000","-611.897627660977;-1832.7227813926;3058.5871537184","533.822001779337;1339.12726701702;6750.02234902104","-611.897627660977;-1832.7227813926;3058.5871537184","-9.336648217841;-164.572020328917;5000",2629.61794473875,"-0;-0;-0","Z","RETAINED_SINGLE_BOUNDARY_UNIQUE"
3,A317,2,319,"-611.897627660977;-1832.7227813926;3058.5871537184","-9.33664821784089;-164.572020328917;5000","-611.897627660977;-1832.7227813926;3058.5871537184","533.822001779337;1339.12726701702;6750.02234902104","-9.336648217841;-164.572020328917;-5000","533.822001779337;1339.12726701702;-3249.97765097896",2370.38205526125,"-0;-0;-10000","Z","RETAINED_SINGLE_BOUNDARY_UNIQUE"
3,A318,1,320,"-600.293524099337;2058.66606159803;544.869717003619","3535.89127867356;-549.669822608702;-498.470684049675","-600.293524099337;2058.66606159803;544.869717003619","3535.89127867356;-549.669822608702;-498.470684049675","-600.293524099337;2058.66606159803;544.869717003619","3535.89127867356;-549.669822608702;-498.470684049675",5000,"-0;-0;-0","NONE","DIRECT_FULL"
3,A319,1,321,"-541.389696544848;-4477.10912074193;229.79011253271","4409.93296649692;-4134.97285589825;-376.301186470811","-541.389696544848;-4477.10912074193;229.79011253271","4409.93296649692;-4134.97285589825;-376.301186470811","-541.389696544848;-4477.10912074193;229.79011253271","4409.93296649692;-4134.97285589825;-376.301186470811",5000,"-0;-0;-0","NONE","DIRECT_FULL"
3,A320,1,322,"-533.710007971979;-580.055111920089;-1355.23468988366","2552.91086491322;-2685.61035636179;1967.3258738493","-533.710007971979;-580.055111920089;-1355.23468988366","2552.91086491322;-2685.61035636179;1967.3258738493","-533.710007971979;-580.055111920089;-1355.23468988366","2552.91086491322;-2685.61035636179;1967.3258738493",5000,"-0;-0;-0","NONE","DIRECT_FULL"
3,A321,1,323,"-514.141679471809;3603.84491387508;-1790.11529514643","1578.72833284756;4676.42747672536;-5000","-514.141679471809;3603.84491387508;-1790.11529514643","2115.63177548291;4951.58707436648;-5823.46162845944","-514.141679471809;3603.84491387508;-1790.11529514643","1578.72833284756;4676.42747672536;-5000",3979.18308966163,"-0;-0;-0","Z","RETAINED_SINGLE_BOUNDARY_UNIQUE"
3,A321,2,323,"-514.141679471809;3603.84491387508;-1790.11529514643","1578.72833284756;4676.42747672536;-5000","-514.141679471809;3603.84491387508;-1790.11529514643","2115.63177548291;4951.58707436648;-5823.46162845944","1578.72833284756;4676.42747672536;5000","2115.63177548291;4951.58707436648;4176.53837154056",1020.81691033837,"-0;-0;10000","Z","RETAINED_SINGLE_BOUNDARY_UNIQUE"
3,A322,1,324,"-503.316277716019;-2536.20202748796;434.485855444772","4367.71549417358;-3230.90696665853;-454.577991944181","-503.316277716019;-2536.20202748796;434.485855444772","4367.71549417358;-3230.90696665853;-454.577991944181","-503.316277716019;-2536.20202748796;434.485855444772","4367.71549417358;-3230.90696665853;-454.577991944181",5000,"-0;-0;-0","NONE","DIRECT_FULL"
3,A323,1,325,"-465.372955518574;308.12634250627;-2814.46533546512","4220.95132692436;-730.463145720607;-1414.57369868376","-465.372955518574;308.12634250627;-2814.46533546512","4220.95132692436;-730.463145720607;-1414.57369868376","-465.372955518574;308.12634250627;-2814.46533546512","4220.95132692436;-730.463145720607;-1414.57369868376",5000,"-0;-0;-0","NONE","DIRECT_FULL"
3,A324,1,326,"-436.455355049266;-1018.12076494026;319.488721381171","3381.58948285985;-2131.10870961898;-2710.98837813888","-436.455355049266;-1018.12076494026;319.488721381171","3381.58948285985;-2131.10870961898;-2710.98837813888","-436.455355049266;-1018.12076494026;319.488721381171","3381.58948285985;-2131.10870961898;-2710.98837813888",5000.00000000001,"-0;-0;-0","NONE","DIRECT_FULL"
3,A325,1,327,"-425.685083763202;-2747.83684877655;-2647.37640701039","3242.9911355031;-5000;-106.040357091689","-425.685083763202;-2747.83684877655;-2647.37640701039","3243.73882156064;-5000.45899689338;-105.522425985623","-425.685083763202;-2747.83684877655;-2647.37640701039","3242.9911355031;-5000;-106.040357091689",4998.981194219,"-0;-0;-0","Y","RETAINED_SINGLE_BOUNDARY_UNIQUE"
3,A325,2,327,"-425.685083763202;-2747.83684877655;-2647.37640701039","3242.9911355031;-5000;-106.040357091689","-425.685083763202;-2747.83684877655;-2647.37640701039","3243.73882156064;-5000.45899689338;-105.522425985623","3242.9911355031;5000;-106.040357091689","3243.73882156064;4999.54100310662;-105.522425985623",1.01880578100064,"-0;10000;-0","Y","RETAINED_SINGLE_BOUNDARY_UNIQUE"
3,A326,1,328,"-418.74576243275;632.329806281322;-4816.96976636464","3867.1642306188;-1594.10859772961;-3523.15851096216","-418.74576243275;632.329806281322;-4816.96976636464","3867.1642306188;-1594.10859772961;-3523.15851096216","-418.74576243275;632.329806281322;-4816.96976636464","3867.1642306188;-1594.10859772961;-3523.15851096216",5000,"-0;-0;-0","NONE","DIRECT_FULL"
3,A327,1,329,"-414.147359128009;-213.361934866363;-3902.442133719","4392.53058126761;734.006471408728;-4901.61192915214","-414.147359128009;-213.361934866363;-3902.442133719","4392.53058126761;734.006471408728;-4901.61192915214","-414.147359128009;-213.361934866363;-3902.442133719","4392.53058126761;734.006471408728;-4901.61192915214",5000,"-0;-0;-0","NONE","DIRECT_FULL"
3,A328,1,330,"-403.88275820486;-1325.2405856818;-4191.238712224","631.091769525115;-1223.82665823466;699.420030958747","-403.88275820486;-1325.2405856818;-4191.238712224","631.091769525115;-1223.82665823466;699.420030958747","-403.88275820486;-1325.2405856818;-4191.238712224","631.091769525115;-1223.82665823466;699.420030958747",5000,"-0;-0;-0","NONE","DIRECT_FULL"
3,A329,1,331,"-397.875958023511;2315.67886379874;-4449.70523441582","828.086612497854;2054.78407850822;390.640795228022","-397.875958023511;2315.67886379874;-4449.70523441582","828.086612497854;2054.78407850822;390.640795228022","-397.875958023511;2315.67886379874;-4449.70523441582","828.086612497854;2054.78407850822;390.640795228022",5000,"-0;-0;-0","NONE","DIRECT_FULL"
3,A330,1,332,"-392.074020409426;-1116.11102244978;-1281.25884910726","1917.79921275;-5000;-2038.3165604007","-392.074020409426;-1116.11102244978;-1281.25884910726","2128.60978117055;-5354.46310701638;-2107.40942842213","-392.074020409426;-1116.11102244978;-1281.25884910726","1917.79921275;-5000;-2038.3165604007",4581.83853070264,"-0;-0;-0","Y","RETAINED_SINGLE_BOUNDARY_UNIQUE"
3,A330,2,332,"-392.074020409426;-1116.11102244978;-1281.25884910726","1917.79921275;-5000;-2038.3165604007","-392.074020409426;-1116.11102244978;-1281.25884910726","2128.60978117055;-5354.46310701638;-2107.40942842213","1917.79921275;5000;-2038.3165604007","2128.60978117055;4645.53689298362;-2107.40942842213",418.161469297359,"-0;10000;-0","Y","RETAINED_SINGLE_BOUNDARY_UNIQUE"
3,A331,1,333,"-381.467276296109;172.279256578303;-1186.26355630822","3962.00297077972;-2303.12253986502;-1267.8243246482","-381.467276296109;172.279256578303;-1186.26355630822","3962.00297077972;-2303.12253986502;-1267.8243246482","-381.467276296109;172.279256578303;-1186.26355630822","3962.00297077972;-2303.12253986502;-1267.8243246482",5000,"-0;-0;-0","NONE","DIRECT_FULL"
3,A332,1,334,"-371.3647187537;-1299.16849353423;-4433.05606033993","-329.180988389027;-29.0710892014554;-5000","-371.3647187537;-1299.16849353423;-4433.05606033993","-219.791386921234;3264.50792062441;-6470.18224983566","-371.3647187537;-1299.16849353423;-4433.05606033993","-329.180988389027;-29.0710892014552;-5000",1391.5287687711,"-0;-0;-0","Z","RETAINED_SINGLE_BOUNDARY_UNIQUE"
3,A332,2,334,"-371.3647187537;-1299.16849353423;-4433.05606033993","-329.180988389027;-29.0710892014554;-5000","-371.3647187537;-1299.16849353423;-4433.05606033993","-219.791386921234;3264.50792062441;-6470.18224983566","-329.180988389027;-29.0710892014552;5000","-219.791386921234;3264.50792062441;3529.81775016434",3608.4712312289,"-0;-0;10000","Z","RETAINED_SINGLE_BOUNDARY_UNIQUE"
3,A333,1,335,"-368.865902150036;-3149.50771607562;-931.872482803781","3294.3013204958;-3316.50174300868;2467.14485959121","-368.865902150036;-3149.50771607562;-931.872482803781","3294.3013204958;-3316.50174300868;2467.14485959121","-368.865902150036;-3149.50771607562;-931.872482803781","3294.3013204958;-3316.50174300868;2467.14485959121",5000,"-0;-0;-0","NONE","DIRECT_FULL"
3,A334,1,336,"-330.447858179871;2793.11421678497;-3911.93531027542","2749.70994887475;4109.09927983667;-5000","-330.447858179871;2793.11421678497;-3911.93531027542","4042.54040666104;4661.45590507463;-5456.69191614012","-330.447858179871;2793.11421678497;-3911.93531027542","2749.70994887475;4109.09927983667;-5000",3521.79976312683,"-0;-0;-0","Z","RETAINED_SINGLE_BOUNDARY_UNIQUE"
3,A334,2,336,"-330.447858179871;2793.11421678497;-3911.93531027542","2749.70994887475;4109.09927983667;-5000","-330.447858179871;2793.11421678497;-3911.93531027542","4042.54040666104;4661.45590507463;-5456.69191614012","2749.70994887475;4109.09927983667;5000","4042.54040666104;4661.45590507463;4543.30808385988",1478.20023687317,"-0;-0;10000","Z","RETAINED_SINGLE_BOUNDARY_UNIQUE"
3,A335,1,337,"-329.180988389027;-29.0710892014554;5000","-219.791386921234;3264.5079206244;3529.81775016435","-219.791386921234;3264.5079206244;3529.81775016435","-371.3647187537;-1299.16849353424;5566.94393966007","-219.791386921234;3264.5079206244;3529.81775016435","-329.180988389027;-29.0710892014558;5000",3608.47123122889,"-0;-0;-0","Z","RETAINED_SINGLE_BOUNDARY_UNIQUE"
3,A335,2,337,"-329.180988389027;-29.0710892014554;5000","-219.791386921234;3264.5079206244;3529.81775016435","-219.791386921234;3264.5079206244;3529.81775016435","-371.3647187537;-1299.16849353424;5566.94393966007","-329.180988389027;-29.0710892014558;-5000","-371.3647187537;-1299.16849353424;-4433.05606033993",1391.52876877111,"-0;-0;-10000","Z","RETAINED_SINGLE_BOUNDARY_UNIQUE"
3,A336,1,338,"-282.135790835826;-1268.68413518342;1519.21346714945","4085.23625867751;983.672379599244;595.659726728388","-282.135790835826;-1268.68413518342;1519.21346714945","4085.23625867751;983.672379599244;595.659726728388","-282.135790835826;-1268.68413518342;1519.21346714945","4085.23625867751;983.672379599244;595.659726728388",5000,"-0;-0;-0","NONE","DIRECT_FULL"
3,A337,1,339,"-270.578233818549;261.710661713484;2529.95981221472","920.427495625266;-1402.39506345766;-2032.0855062674","-270.578233818549;261.710661713484;2529.95981221472","920.427495625266;-1402.39506345766;-2032.0855062674","-270.578233818549;261.710661713484;2529.95981221472","920.427495625266;-1402.39506345766;-2032.0855062674",5000,"-0;-0;-0","NONE","DIRECT_FULL"
3,A338,1,340,"-203.022377696583;-4050.4016749952;4380.48543607846","4788.13732617284;-3885.56832088296;4133.19051934494","-203.022377696583;-4050.4016749952;4380.48543607846","4788.13732617284;-3885.56832088296;4133.19051934494","-203.022377696583;-4050.4016749952;4380.48543607846","4788.13732617284;-3885.56832088296;4133.19051934494",5000,"-0;-0;-0","NONE","DIRECT_FULL"
3,A339,1,341,"-185.834471623048;-1015.99448022286;3503.63552234271","2622.38106001486;226.556192561225;-442.247566831559","-185.834471623048;-1015.99448022286;3503.63552234271","2622.38106001486;226.556192561225;-442.247566831559","-185.834471623048;-1015.99448022286;3503.63552234271","2622.38106001486;226.556192561225;-442.247566831559",5000,"-0;-0;-0","NONE","DIRECT_FULL"
3,A340,1,342,"-155.293961348396;2767.08119774224;421.095504509658","4270.51116369474;4550.77926535305;-1072.44733007642","-155.293961348396;2767.08119774224;421.095504509658","4270.51116369474;4550.77926535305;-1072.44733007642","-155.293961348396;2767.08119774224;421.095504509658","4270.51116369474;4550.77926535305;-1072.44733007642",5000,"-0;-0;-0","NONE","DIRECT_FULL"
3,A341,1,343,"-86.1455555047714;2126.88721944666;-4115.80358825911","878.232853230145;3262.75545695612;657.012942028117","-86.1455555047714;2126.88721944666;-4115.80358825911","878.232853230145;3262.75545695612;657.012942028117","-86.1455555047714;2126.88721944666;-4115.80358825911","878.232853230145;3262.75545695612;657.012942028117",4999.99999999999,"-0;-0;-0","NONE","DIRECT_FULL"
3,A342,1,344,"-81.7282437599506;-3707.73601417115;-1895.37735052434","458.134127585559;-5000;-1619.36362320694","-81.7282437599506;-3707.73601417115;-1895.37735052434","1809.28949784527;-8234.24916593864;-928.562689997193","-81.7282437599506;-3707.73601417115;-1895.37735052434","458.134127585559;-5000;-1619.36362320694",1427.43867354528,"-0;-0;-0","Y","RETAINED_SINGLE_BOUNDARY_UNIQUE"
3,A342,2,344,"-81.7282437599506;-3707.73601417115;-1895.37735052434","458.134127585559;-5000;-1619.36362320694","-81.7282437599506;-3707.73601417115;-1895.37735052434","1809.28949784527;-8234.24916593864;-928.562689997193","458.134127585559;5000;-1619.36362320694","1809.28949784527;1765.75083406136;-928.562689997193",3572.56132645472,"-0;10000;-0","Y","RETAINED_SINGLE_BOUNDARY_UNIQUE"
3,A343,1,345,"-63.0604605725512;-2575.97595484392;2693.87582587505","4526.91315842301;-3415.55032132768;897.419018693707","-63.0604605725512;-2575.97595484392;2693.87582587505","4526.91315842301;-3415.55032132768;897.419018693707","-63.0604605725512;-2575.97595484392;2693.87582587505","4526.91315842301;-3415.55032132768;897.419018693707",5000,"-0;-0;-0","NONE","DIRECT_FULL"
3,A344,1,346,"-38.4408876811713;-4330.4626423527;-3595.37063258734","4911.22760106878;-4967.03507292936;-3286.24704548102","-38.4408876811713;-4330.4626423527;-3595.37063258734","4911.22760106878;-4967.03507292936;-3286.24704548102","-38.4408876811713;-4330.4626423527;-3595.37063258734","4911.22760106878;-4967.03507292936;-3286.24704548102",5000,"-0;-0;-0","NONE","DIRECT_FULL"
3,A345,1,347,"-9.33664821784089;-164.572020328917;-5000","533.822001779335;1339.12726701702;-3249.97765097897","533.822001779335;1339.12726701702;-3249.97765097897","-611.897627660978;-1832.72278139261;-6941.41284628161","533.822001779335;1339.12726701702;-3249.97765097897","-9.33664821784078;-164.572020328917;-5000",2370.38205526124,"-0;-0;-0","Z","RETAINED_SINGLE_BOUNDARY_UNIQUE"
3,A345,2,347,"-9.33664821784089;-164.572020328917;-5000","533.822001779335;1339.12726701702;-3249.97765097897","533.822001779335;1339.12726701702;-3249.97765097897","-611.897627660978;-1832.72278139261;-6941.41284628161","-9.33664821784078;-164.572020328917;5000","-611.897627660978;-1832.72278139261;3058.58715371839",2629.61794473876,"-0;-0;10000","Z","RETAINED_SINGLE_BOUNDARY_UNIQUE"
3,A346,1,348,"-2.83675374090944;1276.58331143327;-4501.5357393613","276.483792974385;678.423357603801;-5000","-2.83675374090944;1276.58331143327;-4501.5357393613","1685.48554287637;-2338.92868318993;-7514.44809113669","-2.83675374090944;1276.58331143327;-4501.5357393613","276.483792974385;678.423357603801;-5000",827.213344498678,"-0;-0;-0","Z","RETAINED_SINGLE_BOUNDARY_UNIQUE"
3,A346,2,348,"-2.83675374090944;1276.58331143327;-4501.5357393613","276.483792974385;678.423357603801;-5000","-2.83675374090944;1276.58331143327;-4501.5357393613","1685.48554287637;-2338.92868318993;-7514.44809113669","276.483792974385;678.423357603801;5000","1685.48554287637;-2338.92868318993;2485.55190886331",4172.78665550132,"-0;-0;10000","Z","RETAINED_SINGLE_BOUNDARY_UNIQUE"
3,A347,1,349,"92.0145236920653;2387.73542071801;1936.39342771548","3128.88296811596;-405.599433226992;4760.34640979547","92.0145236920653;2387.73542071801;1936.39342771548","3128.88296811596;-405.599433226992;4760.34640979547","92.0145236920653;2387.73542071801;1936.39342771548","3128.88296811596;-405.599433226992;4760.34640979547",5000,"-0;-0;-0","NONE","DIRECT_FULL"
3,A348,1,350,"106.998054848587;-132.056937913214;-3311.95882972781","1456.99076751935;1058.32567570105;1352.85723405656","106.998054848587;-132.056937913214;-3311.95882972781","1456.99076751935;1058.32567570105;1352.85723405656","106.998054848587;-132.056937913214;-3311.95882972781","1456.99076751935;1058.32567570105;1352.85723405656",5000,"-0;-0;-0","NONE","DIRECT_FULL"
3,A349,1,351,"127.47594178968;-3896.30340931817;-5000","754.381618800539;-4105.07590102375;-4905.42608952068","754.381618800539;-4105.07590102375;-4905.42608952068","-3941.62191782658;-2541.21008300392;-5613.85709336985","754.381618800539;-4105.07590102375;-4905.42608952068","127.47594178968;-3896.30340931817;-5000",667.488506046921,"-0;-0;-0","Z","RETAINED_SINGLE_BOUNDARY_UNIQUE"
3,A349,2,351,"127.47594178968;-3896.30340931817;-5000","754.381618800539;-4105.07590102375;-4905.42608952068","754.381618800539;-4105.07590102375;-4905.42608952068","-3941.62191782658;-2541.21008300392;-5613.85709336985","127.47594178968;-3896.30340931817;5000","-3941.62191782659;-2541.21008300392;4386.14290663015",4332.51149395308,"-0;-0;10000","Z","RETAINED_SINGLE_BOUNDARY_UNIQUE"
3,A350,1,352,"156.891365494355;4807.07204571865;4591.63849545779","1092.30143225638;5000;3939.49912249388","156.891365494355;4807.07204571865;4591.63849545779","4201.02333156296;5641.17265547393;1772.1930156111","156.891365494355;4807.07204571865;4591.63849545779","1092.30143225638;5000;3939.49912249388",1156.50289680255,"-0;-0;-0","Y","RETAINED_SINGLE_BOUNDARY_UNIQUE"
3,A350,2,352,"156.891365494355;4807.07204571865;4591.63849545779","1092.30143225638;5000;3939.49912249388","156.891365494355;4807.07204571865;4591.63849545779","4201.02333156296;5641.17265547393;1772.1930156111","1092.30143225638;-5000;3939.49912249388","4201.02333156296;-4358.82734452607;1772.1930156111",3843.49710319745,"-0;-10000;-0","Y","RETAINED_SINGLE_BOUNDARY_UNIQUE"
3,A351,1,353,"211.148240821421;1136.46844059657;-2525.87633098532","5000;2320.05109684332;-2747.10737505857","211.148240821421;1136.46844059657;-2525.87633098532","5060.21998750696;2334.9346924017;-2749.88936359783","211.148240821421;1136.46844059657;-2525.87633098532","5000;2320.05109684332;-2747.10737505857",4937.90565426453,"-0;-0;-0","X","RETAINED_SINGLE_BOUNDARY_UNIQUE"
3,A351,2,353,"211.148240821421;1136.46844059657;-2525.87633098532","5000;2320.05109684332;-2747.10737505857","211.148240821421;1136.46844059657;-2525.87633098532","5060.21998750696;2334.9346924017;-2749.88936359783","-5000;2320.05109684332;-2747.10737505857","-4939.78001249304;2334.9346924017;-2749.88936359783",62.0943457354681,"-10000;-0;-0","X","RETAINED_SINGLE_BOUNDARY_UNIQUE"
3,A352,1,354,"231.672702700437;3630.53732214301;-763.977686007768","1610.86558347968;5000;-1215.93292663453","231.672702700437;3630.53732214301;-763.977686007768","3687.49791492892;7061.98169464455;-1896.4359064086","231.672702700437;3630.53732214301;-763.977686007768","1610.86558347968;5000;-1215.93292663453",1995.46099134144,"-0;-0;-0","Y","RETAINED_SINGLE_BOUNDARY_UNIQUE"
3,A352,2,354,"231.672702700437;3630.53732214301;-763.977686007768","1610.86558347968;5000;-1215.93292663453","231.672702700437;3630.53732214301;-763.977686007768","3687.49791492892;7061.98169464455;-1896.4359064086","1610.86558347968;-5000;-1215.93292663453","3687.49791492892;-2938.01830535545;-1896.4359064086",3004.53900865856,"-0;-10000;-0","Y","RETAINED_SINGLE_BOUNDARY_UNIQUE"
3,A353,1,355,"254.41793273461;-4059.37458782871;2455.57122246777","1528.4648257635;769.288514533416;2208.95987185719","254.41793273461;-4059.37458782871;2455.57122246777","1528.4648257635;769.288514533416;2208.95987185719","254.41793273461;-4059.37458782871;2455.57122246777","1528.4648257635;769.288514533416;2208.95987185719",5000,"-0;-0;-0","NONE","DIRECT_FULL"
3,A354,1,356,"276.483792974385;678.423357603801;5000","1685.48554287638;-2338.92868318992;2485.5519088633","1685.48554287638;-2338.92868318992;2485.5519088633","-2.83675374091081;1276.58331143327;5498.4642606387","1685.48554287638;-2338.92868318992;2485.5519088633","276.483792974385;678.423357603801;5000",4172.78665550132,"-0;-0;-0","Z","RETAINED_SINGLE_BOUNDARY_UNIQUE"
3,A354,2,356,"276.483792974385;678.423357603801;5000","1685.48554287638;-2338.92868318992;2485.5519088633","1685.48554287638;-2338.92868318992;2485.5519088633","-2.83675374091081;1276.58331143327;5498.4642606387","276.483792974385;678.423357603801;-5000","-2.83675374091081;1276.58331143327;-4501.5357393613",827.213344498678,"-0;-0;-10000","Z","RETAINED_SINGLE_BOUNDARY_UNIQUE"
3,A355,1,357,"356.774037270775;-732.512169948754;-5000","1758.47884087487;-793.248857021623;-3403.15211093259","1758.47884087487;-793.248857021623;-3403.15211093259","-1538.64137353927;-650.382714172145;-7159.29209194088","1758.47884087487;-793.248857021623;-3403.15211093259","356.774037270775;-732.512169948754;-5000",2125.65013170616,"-0;-0;-0","Z","RETAINED_SINGLE_BOUNDARY_UNIQUE"
3,A355,2,357,"356.774037270775;-732.512169948754;-5000","1758.47884087487;-793.248857021623;-3403.15211093259","1758.47884087487;-793.248857021623;-3403.15211093259","-1538.64137353927;-650.382714172145;-7159.29209194088","356.774037270775;-732.512169948754;5000","-1538.64137353927;-650.382714172145;2840.70790805912",2874.34986829384,"-0;-0;10000","Z","RETAINED_SINGLE_BOUNDARY_UNIQUE"
3,A356,1,358,"363.940369207;5000;-986.77375054526","1464.97649824839;4343.18038383631;-1151.6920840732","1464.97649824839;4343.18038383631;-1151.6920840732","-2793.92468518925;6883.81439828965;-513.773974660912","1464.97649824839;4343.18038383631;-1151.6920840732","363.940369207;5000;-986.77375054526",1292.62934453984,"-0;-0;-0","Y","RETAINED_SINGLE_BOUNDARY_UNIQUE"
3,A356,2,358,"363.940369207;5000;-986.77375054526","1464.97649824839;4343.18038383631;-1151.6920840732","1464.97649824839;4343.18038383631;-1151.6920840732","-2793.92468518925;6883.81439828965;-513.773974660912","363.940369207;-5000;-986.77375054526","-2793.92468518925;-3116.18560171035;-513.773974660912",3707.37065546016,"-0;-10000;-0","Y","RETAINED_SINGLE_BOUNDARY_UNIQUE"
3,A357,1,359,"383.107705224529;-3933.65443276843;3435.6812403306","3773.68094695761;-310.867463698459;2819.70423655496","383.107705224529;-3933.65443276843;3435.6812403306","3773.68094695761;-310.867463698459;2819.70423655496","383.107705224529;-3933.65443276843;3435.6812403306","3773.68094695761;-310.867463698459;2819.70423655496",5000,"-0;-0;-0","NONE","DIRECT_FULL"
3,A358,1,360,"406.992942192289;-3542.14741296542;4705.67555745157","3186.65675752132;-1440.87990592643;1119.85013816348","406.992942192289;-3542.14741296542;4705.67555745157","3186.65675752132;-1440.87990592643;1119.85013816348","406.992942192289;-3542.14741296542;4705.67555745157","3186.65675752132;-1440.87990592643;1119.85013816348",5000,"-0;-0;-0","NONE","DIRECT_FULL"
3,A359,1,361,"411.500150875135;3403.29212507181;-5000","1225.57553846407;3698.52167673884;-4213.65475090074","1225.57553846407;3698.52167673884;-4213.65475090074","-2254.24596254164;2436.54255627197;-7574.94185863849","1225.57553846407;3698.52167673884;-4213.65475090074","411.500150875135;3403.29212507181;-5000",1169.70854302966,"-0;-0;-0","Z","RETAINED_SINGLE_BOUNDARY_UNIQUE"
3,A359,2,361,"411.500150875135;3403.29212507181;-5000","1225.57553846407;3698.52167673884;-4213.65475090074","1225.57553846407;3698.52167673884;-4213.65475090074","-2254.24596254164;2436.54255627197;-7574.94185863849","411.500150875135;3403.29212507181;5000","-2254.24596254164;2436.54255627197;2425.05814136151",3830.29145697034,"-0;-0;10000","Z","RETAINED_SINGLE_BOUNDARY_UNIQUE"
3,A360,1,362,"423.332418198398;4343.36116556851;-201.674718098","550.791036340347;5000;391.862656336074","423.332418198398;4343.36116556851;-201.674718098","1135.97832618508;8014.75651885563;3116.9081074002","423.332418198398;4343.36116556851;-201.674718098","550.791036340347;5000;391.862656336074",894.26331305287,"-0;-0;-0","Y","RETAINED_SINGLE_BOUNDARY_UNIQUE"
3,A360,2,362,"423.332418198398;4343.36116556851;-201.674718098","550.791036340347;5000;391.862656336074","423.332418198398;4343.36116556851;-201.674718098","1135.97832618508;8014.75651885563;3116.9081074002","550.791036340347;-5000;391.862656336074","1135.97832618508;-1985.24348114437;3116.9081074002",4105.73668694713,"-0;-10000;-0","Y","RETAINED_SINGLE_BOUNDARY_UNIQUE"
3,A361,1,363,"445.692382111427;5000;1744.71416539256","1441.91732220165;4803.26401168633;1792.91088590468","1441.91732220165;4803.26401168633;1792.91088590468","-3457.83167560648;5770.87375802072;1555.86418738947","1441.91732220165;4803.26401168633;1792.91088590468","445.692382111427;5000;1744.71416539256",1016.60813700445,"-0;-0;-0","Y","RETAINED_SINGLE_BOUNDARY_UNIQUE"
3,A361,2,363,"445.692382111427;5000;1744.71416539256","1441.91732220165;4803.26401168633;1792.91088590468","1441.91732220165;4803.26401168633;1792.91088590468","-3457.83167560648;5770.87375802072;1555.86418738947","445.692382111427;-5000;1744.71416539256","-3457.83167560648;-4229.12624197928;1555.86418738947",3983.39186299556,"-0;-10000;-0","Y","RETAINED_SINGLE_BOUNDARY_UNIQUE"
3,A362,1,364,"458.134127585559;5000;-1619.36362320694","1809.28949784527;1765.75083406136;-928.562689997217","1809.28949784527;1765.75083406136;-928.562689997217","-81.7282437599533;6292.26398582886;-1895.37735052433","1809.28949784527;1765.75083406136;-928.562689997217","458.134127585559;5000;-1619.36362320694",3572.56132645471,"-0;-0;-0","Y","RETAINED_SINGLE_BOUNDARY_UNIQUE"
3,A362,2,364,"458.134127585559;5000;-1619.36362320694","1809.28949784527;1765.75083406136;-928.562689997217","1809.28949784527;1765.75083406136;-928.562689997217","-81.7282437599533;6292.26398582886;-1895.37735052433","458.134127585559;-5000;-1619.36362320694","-81.7282437599533;-3707.73601417114;-1895.37735052433",1427.43867354528,"-0;-10000;-0","Y","RETAINED_SINGLE_BOUNDARY_UNIQUE"
3,A363,1,365,"492.402131071251;4580.44511070799;3968.11088999173","5000;4483.35151399071;3971.52688544928","492.402131071251;4580.44511070799;3968.11088999173","5491.2411722427;4472.77018582978;3971.89916302633","492.402131071251;4580.44511070799;3968.11088999173","5000;4483.35151399071;3971.52688544928",4508.64473911168,"-0;-0;-0","X","RETAINED_SINGLE_BOUNDARY_UNIQUE"
3,A363,2,365,"492.402131071251;4580.44511070799;3968.11088999173","5000;4483.35151399071;3971.52688544928","492.402131071251;4580.44511070799;3968.11088999173","5491.2411722427;4472.77018582978;3971.89916302633","-5000;4483.35151399071;3971.52688544928","-4508.7588277573;4472.77018582978;3971.89916302633",491.355260888315,"-10000;-0;-0","X","RETAINED_SINGLE_BOUNDARY_UNIQUE"
3,A364,1,366,"494.068620001137;942.193442097078;2484.59737919321","3857.25553069977;4186.36553741314;705.743472972127","494.068620001137;942.193442097078;2484.59737919321","3857.25553069977;4186.36553741314;705.743472972127","494.068620001137;942.193442097078;2484.59737919321","3857.25553069977;4186.36553741314;705.743472972127",5000,"-0;-0;-0","NONE","DIRECT_FULL"
3,A365,1,367,"496.859678960925;712.458250662728;-4286.60260672017","1272.65192829093;540.164539797207;-5000","496.859678960925;712.458250662728;-4286.60260672017","4129.08378437841;-94.2130848114811;-7626.69682762898","496.859678960925;712.458250662728;-4286.60260672017","1272.65192829093;540.164539797207;-5000",1067.93004343111,"-0;-0;-0","Z","RETAINED_SINGLE_BOUNDARY_UNIQUE"
3,A365,2,367,"496.859678960925;712.458250662728;-4286.60260672017","1272.65192829093;540.164539797207;-5000","496.859678960925;712.458250662728;-4286.60260672017","4129.08378437841;-94.2130848114811;-7626.69682762898","1272.65192829093;540.164539797207;5000","4129.08378437841;-94.2130848114811;2373.30317237102",3932.06995656889,"-0;-0;10000","Z","RETAINED_SINGLE_BOUNDARY_UNIQUE"
3,A366,1,368,"499.538428499835;-2299.25638439847;-5000","923.460774613493;-2269.61120961485;-4677.19142139591","923.460774613493;-2269.61120961485;-4677.19142139591","-3048.36888233806;-2547.3639288818;-7701.66205327514","923.460774613493;-2269.61120961485;-4677.19142139591","499.538428499835;-2299.25638439847;-5000",533.66128803095,"-0;-0;-0","Z","RETAINED_SINGLE_BOUNDARY_UNIQUE"
3,A366,2,368,"499.538428499835;-2299.25638439847;-5000","923.460774613493;-2269.61120961485;-4677.19142139591","923.460774613493;-2269.61120961485;-4677.19142139591","-3048.36888233806;-2547.3639288818;-7701.66205327514","499.538428499835;-2299.25638439847;5000","-3048.36888233806;-2547.3639288818;2298.33794672486",4466.33871196905,"-0;-0;10000","Z","RETAINED_SINGLE_BOUNDARY_UNIQUE"
3,A367,1,369,"532.308645355847;1283.98753616482;3280.54272597601","5000;759.66972671406;3068.92103077088","532.308645355847;1283.98753616482;3280.54272597601","5492.74213959461;701.842661514543;3045.58125221352","532.308645355847;1283.98753616482;3280.54272597601","5000;759.66972671406;3068.92103077088",4503.32754166859,"-0;-0;-0","X","RETAINED_SINGLE_BOUNDARY_UNIQUE"
3,A367,2,369,"532.308645355847;1283.98753616482;3280.54272597601","5000;759.66972671406;3068.92103077088","532.308645355847;1283.98753616482;3280.54272597601","5492.74213959461;701.842661514543;3045.58125221352","-5000;759.66972671406;3068.92103077088","-4507.25786040539;701.842661514543;3045.58125221352",496.672458331413,"-10000;-0;-0","X","RETAINED_SINGLE_BOUNDARY_UNIQUE"
3,A368,1,370,"550.791036340347;-5000;391.862656336074","1135.97832618508;-1985.24348114437;3116.90810740019","1135.97832618508;-1985.24348114437;3116.90810740019","423.332418198398;-5656.63883443149;-201.674718098001","1135.97832618508;-1985.24348114437;3116.90810740019","550.791036340347;-5000;391.862656336074",4105.73668694713,"-0;-0;-0","Y","RETAINED_SINGLE_BOUNDARY_UNIQUE"
3,A368,2,370,"550.791036340347;-5000;391.862656336074","1135.97832618508;-1985.24348114437;3116.90810740019","1135.97832618508;-1985.24348114437;3116.90810740019","423.332418198398;-5656.63883443149;-201.674718098001","550.791036340347;5000;391.862656336074","423.332418198399;4343.36116556851;-201.674718098001",894.263313052872,"-0;10000;-0","Y","RETAINED_SINGLE_BOUNDARY_UNIQUE"
3,A369,1,371,"559.91870832304;5000;-209.547977391733","993.322869022494;4511.37601436557;-801.18251477906","993.322869022494;4511.37601436557;-801.18251477906","-1465.67232088248;7283.67065133484;2555.56071368743","993.322869022494;4511.37601436557;-801.18251477906","559.91870832304;5000;-209.547977391733",881.262725683091,"-0;-0;-0","Y","RETAINED_SINGLE_BOUNDARY_UNIQUE"
3,A369,2,371,"559.91870832304;5000;-209.547977391733","993.322869022494;4511.37601436557;-801.18251477906","993.322869022494;4511.37601436557;-801.18251477906","-1465.67232088248;7283.67065133484;2555.56071368743","559.91870832304;-5000;-209.547977391733","-1465.67232088248;-2716.32934866516;2555.56071368743",4118.73727431691,"-0;-10000;-0","Y","RETAINED_SINGLE_BOUNDARY_UNIQUE"
3,A370,1,372,"565.209734297242;633.01202140712;3085.50967980725","3522.52757176336;970.653529289325;-931.985736538582","565.209734297242;633.01202140712;3085.50967980725","3522.52757176336;970.653529289325;-931.985736538582","565.209734297242;633.01202140712;3085.50967980725","3522.52757176336;970.653529289325;-931.985736538582",5000,"-0;-0;-0","NONE","DIRECT_FULL"
3,A371,1,373,"602.993942573618;-5000;-1324.39072059552","1716.83020877823;-4803.449270441;-677.257743055791","1716.83020877823;-4803.449270441;-677.257743055791","-2556.99566448664;-5557.62079356864;-3160.32796331037","1716.83020877823;-4803.449270441;-677.257743055791","602.993942573618;-5000;-1324.39072059552",1303.09036824859,"-0;-0;-0","Y","RETAINED_SINGLE_BOUNDARY_UNIQUE"
3,A371,2,373,"602.993942573618;-5000;-1324.39072059552","1716.83020877823;-4803.449270441;-677.257743055791","1716.83020877823;-4803.449270441;-677.257743055791","-2556.99566448664;-5557.62079356864;-3160.32796331037","602.993942573618;5000;-1324.39072059552","-2556.99566448664;4442.37920643136;-3160.32796331037",3696.90963175141,"-0;10000;-0","Y","RETAINED_SINGLE_BOUNDARY_UNIQUE"
3,A372,1,374,"622.398518405673;2145.01866127435;2978.00711759627","1861.07804864094;1944.07693344368;-1861.96141984202","622.398518405673;2145.01866127435;2978.00711759627","1861.07804864094;1944.07693344368;-1861.96141984202","622.398518405673;2145.01866127435;2978.00711759627","1861.07804864094;1944.07693344368;-1861.96141984202",5000,"-0;-0;-0","NONE","DIRECT_FULL"
3,A373,1,375,"668.604709862218;-1843.80610746591;1098.49883344741","3594.72932523208;-130.067116783526;-2575.85735602872","668.604709862218;-1843.80610746591;1098.49883344741","3594.72932523208;-130.067116783526;-2575.85735602872","668.604709862218;-1843.80610746591;1098.49883344741","3594.72932523208;-130.067116783526;-2575.85735602872",5000,"-0;-0;-0","NONE","DIRECT_FULL"
3,A374,1,376,"744.523834814451;1840.10995910313;-1515.10522800037","5000;1846.30617244491;-923.970593359659","744.523834814451;1840.10995910313;-1515.10522800037","5696.964781463;1847.3209924815;-827.154160731464","744.523834814451;1840.10995910313;-1515.10522800037","5000;1846.30617244491;-923.970593359659",4296.34215837076,"-0;-0;-0","X","RETAINED_SINGLE_BOUNDARY_UNIQUE"
3,A374,2,376,"744.523834814451;1840.10995910313;-1515.10522800037","5000;1846.30617244491;-923.970593359659","744.523834814451;1840.10995910313;-1515.10522800037","5696.964781463;1847.3209924815;-827.154160731464","-5000;1846.30617244491;-923.970593359659","-4303.035218537;1847.3209924815;-827.154160731464",703.657841629244,"-10000;-0;-0","X","RETAINED_SINGLE_BOUNDARY_UNIQUE"
3,A375,1,377,"757.860120215932;-4541.93098739454;-1391.3961700317","1544.6530312542;-5000;-1435.58005570366","757.860120215932;-4541.93098739454;-1391.3961700317","5073.80920286162;-7054.66655860611;-1633.76668221892","757.860120215932;-4541.93098739454;-1391.3961700317","1544.6530312542;-5000;-1435.58005570366",911.494663134396,"-0;-0;-0","Y>X","RETAINED_SINGLE_BOUNDARY_UNIQUE"
3,A375,2,377,"757.860120215932;-4541.93098739454;-1391.3961700317","1544.6530312542;-5000;-1435.58005570366","757.860120215932;-4541.93098739454;-1391.3961700317","5073.80920286162;-7054.66655860611;-1633.76668221892","1544.6530312542;5000;-1435.58005570366","5000;2988.3049885465;-1629.62178292582",4002.99783730032,"-0;10000;-0","Y>X","RETAINED_SINGLE_BOUNDARY_UNIQUE"
3,A375,3,377,"757.860120215932;-4541.93098739454;-1391.3961700317","1544.6530312542;-5000;-1435.58005570366","757.860120215932;-4541.93098739454;-1391.3961700317","5073.80920286162;-7054.66655860611;-1633.76668221892","-5000;2988.3049885465;-1629.62178292582","-4926.19079713838;2945.33344139389;-1633.76668221892",85.5074995652858,"-10000;10000;-0","Y>X","RETAINED_SINGLE_BOUNDARY_UNIQUE"
3,A376,1,378,"778.809805718535;5000;-3395.28955843804","1410.40281713073;3825.54553372884;-3540.2606146196","1410.40281713073;3825.54553372884;-3540.2606146196","-943.883047879906;8203.36716740788;-2999.87574297452","1410.40281713073;3825.54553372884;-3540.2606146196","778.809805718535;5000;-3395.28955843804",1341.3685670014,"-0;-0;-0","Y","RETAINED_SINGLE_BOUNDARY_UNIQUE"
3,A376,2,378,"778.809805718535;5000;-3395.28955843804","1410.40281713073;3825.54553372884;-3540.2606146196","1410.40281713073;3825.54553372884;-3540.2606146196","-943.883047879906;8203.36716740788;-2999.87574297452","778.809805718535;-5000;-3395.28955843804","-943.883047879905;-1796.63283259212;-2999.87574297452",3658.6314329986,"-0;-10000;-0","Y","RETAINED_SINGLE_BOUNDARY_UNIQUE"
3,A377,1,379,"795.178926303391;-2265.60079922479;-2290.95730866955","4375.56717019288;665.520410398012;-4185.51490281054","795.178926303391;-2265.60079922479;-2290.95730866955","4375.56717019288;665.520410398012;-4185.51490281054","795.178926303391;-2265.60079922479;-2290.95730866955","4375.56717019288;665.520410398012;-4185.51490281054",5000,"-0;-0;-0","NONE","DIRECT_FULL"
3,A378,1,380,"806.518284429546;2527.15196887878;4996.79605034444","3154.80381442403;5000;1997.30705817215","806.518284429546;2527.15196887878;4996.79605034444","3391.81054572472;5249.5785207435;1694.57594965622","806.518284429546;2527.15196887878;4996.79605034444","3154.80381442403;5000;1997.30705817215",4541.62487768027,"-0;-0;-0","Y","RETAINED_SINGLE_BOUNDARY_UNIQUE"
3,A378,2,380,"806.518284429546;2527.15196887878;4996.79605034444","3154.80381442403;5000;1997.30705817215","806.518284429546;2527.15196887878;4996.79605034444","3391.81054572472;5249.5785207435;1694.57594965622","3154.80381442403;-5000;1997.30705817215","3391.81054572472;-4750.4214792565;1694.57594965622",458.375122319733,"-0;-10000;-0","Y","RETAINED_SINGLE_BOUNDARY_UNIQUE"
3,A379,1,381,"865.062607610237;4615.61376860144;1397.25611195393","3959.30677832254;2720.58144630926;4837.38772418635","865.062607610237;4615.61376860144;1397.25611195393","3959.30677832254;2720.58144630926;4837.38772418635","865.062607610237;4615.61376860144;1397.25611195393","3959.30677832254;2720.58144630926;4837.38772418635",5000,"-0;-0;-0","NONE","DIRECT_FULL"
3,A380,1,382,"944.769247035697;3429.39133366972;-1769.06720844637","3992.39449337547;-471.284012373614;-1064.28908545856","944.769247035697;3429.39133366972;-1769.06720844637","3992.39449337547;-471.284012373614;-1064.28908545856","944.769247035697;3429.39133366972;-1769.06720844637","3992.39449337547;-471.284012373614;-1064.28908545856",5000.00000000001,"-0;-0;-0","NONE","DIRECT_FULL"
3,A381,1,383,"958.792037666284;-879.348926666641;-4810.58496730686","5000;-1832.60798588856;-4442.89166913915","958.792037666284;-879.348926666641;-4810.58496730686","5806.26628986523;-2022.79385410491;-4369.53273436392","958.792037666284;-879.348926666641;-4810.58496730686","5000;-1832.60798588856;-4442.89166913915",4168.36454623819,"-0;-0;-0","X","RETAINED_SINGLE_BOUNDARY_UNIQUE"
3,A381,2,383,"958.792037666284;-879.348926666641;-4810.58496730686","5000;-1832.60798588856;-4442.89166913915","958.792037666284;-879.348926666641;-4810.58496730686","5806.26628986523;-2022.79385410491;-4369.53273436392","-5000;-1832.60798588856;-4442.89166913915","-4193.73371013477;-2022.79385410491;-4369.53273436392",831.635453761808,"-10000;-0;-0","X","RETAINED_SINGLE_BOUNDARY_UNIQUE"
3,A382,1,384,"985.100630922984;-5000;-3648.34148671792","2409.08897076284;-317.933048138722;-4559.73963121102","2409.08897076284;-317.933048138722;-4559.73963121102","978.797473355521;-5020.72475238267;-3644.30726399944","2409.08897076284;-317.933048138722;-4559.73963121102","985.100630922984;-5000;-3648.34148671792",4977.96547913873,"-0;-0;-0","Y","RETAINED_SINGLE_BOUNDARY_UNIQUE"
3,A382,2,384,"985.100630922984;-5000;-3648.34148671792","2409.08897076284;-317.933048138722;-4559.73963121102","2409.08897076284;-317.933048138722;-4559.73963121102","978.797473355521;-5020.72475238267;-3644.30726399944","985.100630922984;5000;-3648.34148671792","978.797473355521;4979.27524761733;-3644.30726399944",22.0345208612684,"-0;10000;-0","Y","RETAINED_SINGLE_BOUNDARY_UNIQUE"
3,A383,1,385,"1001.72112666501;-3492.79544373779;3262.43978050237","1120.54013397706;-5000;3344.99595943283","1001.72112666501;-3492.79544373779;3262.43978050237","1394.08758069983;-8469.91586095031;3535.05841213711","1001.72112666501;-3492.79544373779;3262.43978050237","1120.54013397706;-5000;3344.99595943283",1514.13310299847,"-0;-0;-0","Y","RETAINED_SINGLE_BOUNDARY_UNIQUE"
3,A383,2,385,"1001.72112666501;-3492.79544373779;3262.43978050237","1120.54013397706;-5000;3344.99595943283","1001.72112666501;-3492.79544373779;3262.43978050237","1394.08758069983;-8469.91586095031;3535.05841213711","1120.54013397706;5000;3344.99595943283","1394.08758069983;1530.08413904969;3535.05841213711",3485.86689700153,"-0;10000;-0","Y","RETAINED_SINGLE_BOUNDARY_UNIQUE"
3,A384,1,386,"1002.39598117343;-4014.10029880713;1094.16799460625","3499.80247603267;-619.434814750036;3784.74545135904","1002.39598117343;-4014.10029880713;1094.16799460625","3499.80247603267;-619.434814750036;3784.74545135904","1002.39598117343;-4014.10029880713;1094.16799460625","3499.80247603267;-619.434814750036;3784.74545135904",5000,"-0;-0;-0","NONE","DIRECT_FULL"
3,A385,1,387,"1005.10802619205;196.204502359582;-1972.62336370054","3062.99599368352;-1826.00529473745;2110.97365973096","1005.10802619205;196.204502359582;-1972.62336370054","3062.99599368352;-1826.00529473745;2110.97365973096","1005.10802619205;196.204502359582;-1972.62336370054","3062.99599368352;-1826.00529473745;2110.97365973096",5000,"-0;-0;-0","NONE","DIRECT_FULL"
3,A386,1,388,"1012.94925318949;3316.58486137686;-3012.16634408452","5000;2352.95881316785;-4333.08370987709","1012.94925318949;3316.58486137686;-3012.16634408452","5639.06131728713;2198.50476408576;-4544.80591895259","1012.94925318949;3316.58486137686;-3012.16634408452","5000;2352.95881316785;-4333.08370987709",4309.28897913351,"-0;-0;-0","X","RETAINED_SINGLE_BOUNDARY_UNIQUE"
3,A386,2,388,"1012.94925318949;3316.58486137686;-3012.16634408452","5000;2352.95881316785;-4333.08370987709","1012.94925318949;3316.58486137686;-3012.16634408452","5639.06131728713;2198.50476408576;-4544.80591895259","-5000;2352.95881316785;-4333.08370987709","-4360.93868271287;2198.50476408576;-4544.80591895259",690.711020866488,"-10000;-0;-0","X","RETAINED_SINGLE_BOUNDARY_UNIQUE"
3,A387,1,389,"1023.47987152438;-4386.14471858764;3623.31623564462","2842.29276522477;-3797.61979296937;-996.809094867012","1023.47987152438;-4386.14471858764;3623.31623564462","2842.29276522477;-3797.61979296937;-996.809094867012","1023.47987152438;-4386.14471858764;3623.31623564462","2842.29276522477;-3797.61979296937;-996.809094867012",5000,"-0;-0;-0","NONE","DIRECT_FULL"
3,A388,1,390,"1034.7078292861;3820.47445882237;3290.55746507901","5000;3028.59273721468;3838.84536454666","1034.7078292861;3820.47445882237;3290.55746507901","5893.42846612159;2850.17217161023;3962.38128470717","1034.7078292861;3820.47445882237;3290.55746507901","5000;3028.59273721468;3838.84536454666",4080.59288349671,"-0;-0;-0","X","RETAINED_SINGLE_BOUNDARY_UNIQUE"
3,A388,2,390,"1034.7078292861;3820.47445882237;3290.55746507901","5000;3028.59273721468;3838.84536454666","1034.7078292861;3820.47445882237;3290.55746507901","5893.42846612159;2850.17217161023;3962.38128470717","-5000;3028.59273721468;3838.84536454666","-4106.57153387841;2850.17217161023;3962.38128470717",919.407116503293,"-10000;-0;-0","X","RETAINED_SINGLE_BOUNDARY_UNIQUE"
3,A389,1,391,"1051.01118043376;3708.3829333319;632.90013712865","5000;829.687579326896;1046.14265670484","1051.01118043376;3708.3829333319;632.90013712865","5077.05766543905;773.514833941854;1054.20636751124","1051.01118043376;3708.3829333319;632.90013712865","5000;829.687579326896;1046.14265670484",4904.30107336559,"-0;-0;-0","X","RETAINED_SINGLE_BOUNDARY_UNIQUE"
3,A389,2,391,"1051.01118043376;3708.3829333319;632.90013712865","5000;829.687579326896;1046.14265670484","1051.01118043376;3708.3829333319;632.90013712865","5077.05766543905;773.514833941854;1054.20636751124","-5000;829.687579326896;1046.14265670484","-4922.94233456095;773.514833941854;1054.20636751124",95.6989266344142,"-10000;-0;-0","X","RETAINED_SINGLE_BOUNDARY_UNIQUE"
3,A390,1,392,"1071.59727602405;-5000;3930.03764552231","3424.32782395823;-1008.00338776219;2300.59278565999","3424.32782395823;-1008.00338776219;2300.59278565999","1029.38407740025;-5071.62526369451;3959.27349642597","3424.32782395823;-1008.00338776219;2300.59278565999","1071.59727602405;-5000;3930.03764552231",4911.87016671171,"-0;-0;-0","Y","RETAINED_SINGLE_BOUNDARY_UNIQUE"
3,A390,2,392,"1071.59727602405;-5000;3930.03764552231","3424.32782395823;-1008.00338776219;2300.59278565999","3424.32782395823;-1008.00338776219;2300.59278565999","1029.38407740025;-5071.62526369451;3959.27349642597","1071.59727602405;5000;3930.03764552231","1029.38407740025;4928.37473630549;3959.27349642597",88.1298332882867,"-0;10000;-0","Y","RETAINED_SINGLE_BOUNDARY_UNIQUE"
3,A391,1,393,"1092.30143225638;-5000;3939.49912249388","4201.02333156298;-4358.82734452606;1772.19301561112","4201.02333156298;-4358.82734452606;1772.19301561112","156.891365494354;-5192.92795428135;4591.63849545778","4201.02333156298;-4358.82734452606;1772.19301561112","1092.30143225638;-5000;3939.49912249388",3843.49710319746,"-0;-0;-0","Y","RETAINED_SINGLE_BOUNDARY_UNIQUE"
3,A391,2,393,"1092.30143225638;-5000;3939.49912249388","4201.02333156298;-4358.82734452606;1772.19301561112","4201.02333156298;-4358.82734452606;1772.19301561112","156.891365494354;-5192.92795428135;4591.63849545778","1092.30143225638;5000;3939.49912249388","156.891365494354;4807.07204571865;4591.63849545778",1156.50289680254,"-0;10000;-0","Y","RETAINED_SINGLE_BOUNDARY_UNIQUE"
3,A392,1,394,"1120.54013397706;5000;3344.99595943283","1394.08758069982;1530.08413904969;3535.05841213711","1394.08758069982;1530.08413904969;3535.05841213711","1001.72112666501;6507.20455626221;3262.43978050237","1394.08758069982;1530.08413904969;3535.05841213711","1120.54013397706;5000;3344.99595943283",3485.86689700152,"-0;-0;-0","Y","RETAINED_SINGLE_BOUNDARY_UNIQUE"
3,A392,2,394,"1120.54013397706;5000;3344.99595943283","1394.08758069982;1530.08413904969;3535.05841213711","1394.08758069982;1530.08413904969;3535.05841213711","1001.72112666501;6507.20455626221;3262.43978050237","1120.54013397706;-5000;3344.99595943283","1001.72112666501;-3492.79544373779;3262.43978050237",1514.13310299848,"-0;-10000;-0","Y","RETAINED_SINGLE_BOUNDARY_UNIQUE"
3,A393,1,395,"1195.37898799255;-3347.19192764941;-4035.17894862004","5000;-3809.67060242485;-2329.36103653559","1195.37898799255;-3347.19192764941;-4035.17894862004","5729.9828790442;-3898.40520002173;-2002.07012722856","1195.37898799255;-3347.19192764941;-4035.17894862004","5000;-3809.67060242485;-2329.36103653559",4195.09741469954,"-0;-0;-0","X","RETAINED_SINGLE_BOUNDARY_UNIQUE"
3,A393,2,395,"1195.37898799255;-3347.19192764941;-4035.17894862004","5000;-3809.67060242485;-2329.36103653559","1195.37898799255;-3347.19192764941;-4035.17894862004","5729.9828790442;-3898.40520002173;-2002.07012722856","-5000;-3809.67060242485;-2329.36103653559","-4270.0171209558;-3898.40520002173;-2002.07012722856",804.902585300457,"-10000;-0;-0","X","RETAINED_SINGLE_BOUNDARY_UNIQUE"
3,A394,1,396,"1264.70298217998;-1415.80394084898;4551.81403118693","3397.58477766525;3061.02806532083;3912.4468166528","1264.70298217998;-1415.80394084898;4551.81403118693","3397.58477766525;3061.02806532083;3912.4468166528","1264.70298217998;-1415.80394084898;4551.81403118693","3397.58477766525;3061.02806532083;3912.4468166528",5000,"-0;-0;-0","NONE","DIRECT_FULL"
3,A395,1,397,"1272.65192829093;540.164539797207;5000","4129.0837843784;-94.2130848114791;2373.30317237102","4129.0837843784;-94.2130848114791;2373.30317237102","496.859678960922;712.458250662729;5713.39739327984","4129.0837843784;-94.2130848114791;2373.30317237102","1272.65192829093;540.164539797207;5000",3932.06995656888,"-0;-0;-0","Z","RETAINED_SINGLE_BOUNDARY_UNIQUE"
3,A395,2,397,"1272.65192829093;540.164539797207;5000","4129.0837843784;-94.2130848114791;2373.30317237102","4129.0837843784;-94.2130848114791;2373.30317237102","496.859678960922;712.458250662729;5713.39739327984","1272.65192829093;540.164539797207;-5000","496.859678960922;712.458250662729;-4286.60260672016",1067.93004343112,"-0;-0;-10000","Z","RETAINED_SINGLE_BOUNDARY_UNIQUE"
3,A396,1,398,"1279.67638853253;1669.55766104041;378.06144762305","2104.52326539026;1595.9501344617;5000","1279.67638853253;1669.55766104041;378.06144762305","2158.00633558242;1591.17742255464;5299.68648843328","1279.67638853253;1669.55766104041;378.06144762305","2104.52326539026;1595.9501344617;5000",4695.54112112537,"-0;-0;-0","Z","RETAINED_SINGLE_BOUNDARY_UNIQUE"
3,A396,2,398,"1279.67638853253;1669.55766104041;378.06144762305","2104.52326539026;1595.9501344617;5000","1279.67638853253;1669.55766104041;378.06144762305","2158.00633558242;1591.17742255464;5299.68648843328","2104.52326539026;1595.9501344617;-5000","2158.00633558242;1591.17742255464;-4700.31351156672",304.458878874628,"-0;-0;-10000","Z","RETAINED_SINGLE_BOUNDARY_UNIQUE"
3,A397,1,399,"1292.77038055592;2549.40480193222;-3104.88593942965","2666.86445734986;1273.81108064308;1530.27599154186","1292.77038055592;2549.40480193222;-3104.88593942965","2666.86445734986;1273.81108064308;1530.27599154186","1292.77038055592;2549.40480193222;-3104.88593942965","2666.86445734986;1273.81108064308;1530.27599154186",5000,"-0;-0;-0","NONE","DIRECT_FULL"
3,A398,1,400,"1324.27827172855;-4469.59705159468;4630.74058319824","5000;-3160.9915908559;3668.52224946907","1324.27827172855;-4469.59705159468;4630.74058319824","5897.65050393144;-2841.41616101725;3433.53825557184","1324.27827172855;-4469.59705159468;4630.74058319824","5000;-3160.9915908559;3668.52224946907",4018.61202373739,"-0;-0;-0","X","RETAINED_SINGLE_BOUNDARY_UNIQUE"
3,A398,2,400,"1324.27827172855;-4469.59705159468;4630.74058319824","5000;-3160.9915908559;3668.52224946907","1324.27827172855;-4469.59705159468;4630.74058319824","5897.65050393144;-2841.41616101725;3433.53825557184","-5000;-3160.9915908559;3668.52224946907","-4102.34949606856;-2841.41616101725;3433.53825557184",981.387976262607,"-10000;-0;-0","X","RETAINED_SINGLE_BOUNDARY_UNIQUE"
3,A399,1,401,"1325.22768636215;-2584.48341698145;-4372.3883568322","1972.03530513979;-2440.35333038349;-5000","1325.22768636215;-2584.48341698145;-4372.3883568322","4868.58396922642;-1794.90668184373;-7810.5848073009","1325.22768636215;-2584.48341698145;-4372.3883568322","1972.03530513979;-2440.35333038349;-5000",912.704745364744,"-0;-0;-0","Z","RETAINED_SINGLE_BOUNDARY_UNIQUE"
3,A399,2,401,"1325.22768636215;-2584.48341698145;-4372.3883568322","1972.03530513979;-2440.35333038349;-5000","1325.22768636215;-2584.48341698145;-4372.3883568322","4868.58396922642;-1794.90668184373;-7810.5848073009","1972.03530513979;-2440.35333038349;5000","4868.58396922642;-1794.90668184373;2189.4151926991",4087.29525463526,"-0;-0;10000","Z","RETAINED_SINGLE_BOUNDARY_UNIQUE"
3,A400,1,402,"1351.85435908598;4559.32913990164;2603.46126235044","1755.97322242223;5000;2696.22245912123","1351.85435908598;4559.32913990164;2603.46126235044","4691.30334014605;8200.82669977644;3369.9963393839","1351.85435908598;4559.32913990164;2603.46126235044","1755.97322242223;5000;2696.22245912123",605.068179852784,"-0;-0;-0","Y","RETAINED_SINGLE_BOUNDARY_UNIQUE"
3,A400,2,402,"1351.85435908598;4559.32913990164;2603.46126235044","1755.97322242223;5000;2696.22245912123","1351.85435908598;4559.32913990164;2603.46126235044","4691.30334014605;8200.82669977644;3369.9963393839","1755.97322242223;-5000;2696.22245912123","4691.30334014605;-1799.17330022356;3369.9963393839",4394.93182014722,"-0;-10000;-0","Y","RETAINED_SINGLE_BOUNDARY_UNIQUE"
3,A401,1,403,"1388.23379378314;-2412.71707588015;-4610.4379747046","1472.63083146869;-3691.5600927685;-5000","1388.23379378314;-2412.71707588015;-4610.4379747046","1703.26033903741;-7186.21989755403;-6064.54563483732","1388.23379378314;-2412.71707588015;-4610.4379747046","1472.63083146869;-3691.5600927685;-5000",1339.52263637702,"-0;-0;-0","Z>Y","RETAINED_SINGLE_BOUNDARY_UNIQUE"
3,A401,2,403,"1388.23379378314;-2412.71707588015;-4610.4379747046","1472.63083146869;-3691.5600927685;-5000","1388.23379378314;-2412.71707588015;-4610.4379747046","1703.26033903741;-7186.21989755403;-6064.54563483732","1472.63083146869;-3691.5600927685;5000","1558.98111113678;-5000;4601.42214993779",1370.52386487611,"-0;-0;10000","Z>Y","RETAINED_SINGLE_BOUNDARY_UNIQUE"
3,A401,3,403,"1388.23379378314;-2412.71707588015;-4610.4379747046","1472.63083146869;-3691.5600927685;-5000","1388.23379378314;-2412.71707588015;-4610.4379747046","1703.26033903741;-7186.21989755403;-6064.54563483732","1558.98111113678;5000;4601.42214993779","1703.26033903741;2813.78010244597;3935.45436516268",2289.95349874687,"-0;10000;10000","Z>Y","RETAINED_SINGLE_BOUNDARY_UNIQUE"
3,A402,1,404,"1390.07309007338;650.083027888496;1952.36995680637","5000;-730.487962622236;1855.54491806651","1390.07309007338;650.083027888496;1952.36995680637","6058.73586454313;-1135.38813308892;1827.14762813308","1390.07309007338;650.083027888496;1952.36995680637","5000;-730.487962622236;1855.54491806651",3866.12514579897,"-0;-0;-0","X","RETAINED_SINGLE_BOUNDARY_UNIQUE"
3,A402,2,404,"1390.07309007338;650.083027888496;1952.36995680637","5000;-730.487962622236;1855.54491806651","1390.07309007338;650.083027888496;1952.36995680637","6058.73586454313;-1135.38813308892;1827.14762813308","-5000;-730.487962622236;1855.54491806651","-3941.26413545687;-1135.38813308892;1827.14762813308",1133.87485420103,"-10000;-0;-0","X","RETAINED_SINGLE_BOUNDARY_UNIQUE"
3,A403,1,405,"1419.93383280489;-2237.29236449688;-3963.72843475643","5000;-1032.75823239689;-3930.21641597039","1419.93383280489;-2237.29236449688;-3963.72843475643","6158.7059164789;-642.904872072399;-3919.37008726386","1419.93383280489;-2237.29236449688;-3963.72843475643","5000;-1032.75823239689;-3930.21641597039",3777.41966060062,"-0;-0;-0","X","RETAINED_SINGLE_BOUNDARY_UNIQUE"
3,A403,2,405,"1419.93383280489;-2237.29236449688;-3963.72843475643","5000;-1032.75823239689;-3930.21641597039","1419.93383280489;-2237.29236449688;-3963.72843475643","6158.7059164789;-642.904872072399;-3919.37008726386","-5000;-1032.75823239689;-3930.21641597039","-3841.2940835211;-642.904872072399;-3919.37008726386",1222.58033939938,"-10000;-0;-0","X","RETAINED_SINGLE_BOUNDARY_UNIQUE"
3,A404,1,406,"1458.74307874793;-3341.53860868994;-785.100297677509","4570.36314986726;-2238.73326115861;2970.11486239836","1458.74307874793;-3341.53860868994;-785.100297677509","4570.36314986726;-2238.73326115861;2970.11486239836","1458.74307874793;-3341.53860868994;-785.100297677509","4570.36314986726;-2238.73326115861;2970.11486239836",5000,"-0;-0;-0","NONE","DIRECT_FULL"
3,A405,1,407,"1458.90090187067;4790.72702281352;1077.24372965009","4937.82698629505;2307.04390686284;3671.15804563146","1458.90090187067;4790.72702281352;1077.24372965009","4937.82698629505;2307.04390686284;3671.15804563146","1458.90090187067;4790.72702281352;1077.24372965009","4937.82698629505;2307.04390686284;3671.15804563146",4999.99999999999,"-0;-0;-0","NONE","DIRECT_FULL"
3,A406,1,408,"1468.51011214792;-1375.25243452281;-3332.68098216493","2389.1003916357;-594.534061345262;-5000","1468.51011214792;-1375.25243452281;-3332.68098216493","3704.70262669963;521.179258242848;-7382.74145980436","1468.51011214792;-1375.25243452281;-3332.68098216493","2389.1003916357;-594.534061345262;-5000",2058.38780314568,"-0;-0;-0","Z","RETAINED_SINGLE_BOUNDARY_UNIQUE"
3,A406,2,408,"1468.51011214792;-1375.25243452281;-3332.68098216493","2389.1003916357;-594.534061345262;-5000","1468.51011214792;-1375.25243452281;-3332.68098216493","3704.70262669963;521.179258242848;-7382.74145980436","2389.1003916357;-594.534061345262;5000","3704.70262669963;521.179258242848;2617.25854019564",2941.61219685432,"-0;-0;10000","Z","RETAINED_SINGLE_BOUNDARY_UNIQUE"
3,A408,1,410,"1531.21178765571;3207.76701415233;-5000","2748.22555484774;4263.22290114178;-4377.63389255832","2748.22555484774;4263.22290114178;-4377.63389255832","-775.312506684476;1207.43249816537;-6179.52860147199","2748.22555484774;4263.22290114178;-4377.63389255832","1531.21178765571;3207.76701415233;-5000",1726.9768992687,"-0;-0;-0","Z","RETAINED_SINGLE_BOUNDARY_UNIQUE"
3,A408,2,410,"1531.21178765571;3207.76701415233;-5000","2748.22555484774;4263.22290114178;-4377.63389255832","2748.22555484774;4263.22290114178;-4377.63389255832","-775.312506684476;1207.43249816537;-6179.52860147199","1531.21178765571;3207.76701415233;5000","-775.312506684476;1207.43249816537;3820.47139852801",3273.0231007313,"-0;-0;10000","Z","RETAINED_SINGLE_BOUNDARY_UNIQUE"
3,A409,1,411,"1540.90076270817;-4926.41172089898;-254.469495786169","4418.33125602811;-4548.88207826306;-4326.06195145309","1540.90076270817;-4926.41172089898;-254.469495786169","4418.33125602811;-4548.88207826306;-4326.06195145309","1540.90076270817;-4926.41172089898;-254.469495786169","4418.33125602811;-4548.88207826306;-4326.06195145309",5000,"-0;-0;-0","NONE","DIRECT_FULL"
3,A411,1,413,"1549.12759581782;-1814.93600226961;-2644.84019768204","5000;-3765.34358350932;-400.656273830713","1549.12759581782;-1814.93600226961;-2644.84019768204","5337.04602499116;-3955.8395060977;-181.467273980566","1549.12759581782;-1814.93600226961;-2644.84019768204","5000;-3765.34358350932;-400.656273830713",4555.10390298357,"-0;-0;-0","X","RETAINED_SINGLE_BOUNDARY_UNIQUE"
3,A411,2,413,"1549.12759581782;-1814.93600226961;-2644.84019768204","5000;-3765.34358350932;-400.656273830713","1549.12759581782;-1814.93600226961;-2644.84019768204","5337.04602499116;-3955.8395060977;-181.467273980566","-5000;-3765.34358350932;-400.656273830713","-4662.95397500884;-3955.8395060977;-181.467273980566",444.896097016428,"-10000;-0;-0","X","RETAINED_SINGLE_BOUNDARY_UNIQUE"
3,A412,1,414,"1558.98111113677;5000;4601.42214993779","1703.26033903739;2813.78010244596;3935.45436516269","1703.26033903739;2813.78010244596;3935.45436516269","1388.23379378314;7587.28292411985;5389.56202529539","1703.26033903739;2813.78010244596;3935.45436516269","1558.98111113677;5000;4601.42214993779",2289.95349874687,"-0;-0;-0","Y>Z","RETAINED_SINGLE_BOUNDARY_UNIQUE"
3,A412,2,414,"1558.98111113677;5000;4601.42214993779","1703.26033903739;2813.78010244596;3935.45436516269","1703.26033903739;2813.78010244596;3935.45436516269","1388.23379378314;7587.28292411985;5389.56202529539","1558.98111113677;-5000;4601.42214993779","1472.63083146869;-3691.56009276848;5000",1370.52386487613,"-0;-10000;-0","Y>Z","RETAINED_SINGLE_BOUNDARY_UNIQUE"
3,A412,3,414,"1558.98111113677;5000;4601.42214993779","1703.26033903739;2813.78010244596;3935.45436516269","1703.26033903739;2813.78010244596;3935.45436516269","1388.23379378314;7587.28292411985;5389.56202529539","1472.63083146869;-3691.56009276848;-5000","1388.23379378314;-2412.71707588015;-4610.43797470461",1339.522636377,"-0;-10000;-10000","Y>Z","RETAINED_SINGLE_BOUNDARY_UNIQUE"
3,A413,1,415,"1574.93897247575;350.248784313318;-991.22432516025","5000;2441.81260448057;-3320.0383721327","1574.93897247575;350.248784313318;-991.22432516025","5265.78402696534;2604.11752410441;-3500.75386026086","1574.93897247575;350.248784313318;-991.22432516025","5000;2441.81260448057;-3320.0383721327",4639.94149979009,"-0;-0;-0","X","RETAINED_SINGLE_BOUNDARY_UNIQUE"
3,A413,2,415,"1574.93897247575;350.248784313318;-991.22432516025","5000;2441.81260448057;-3320.0383721327","1574.93897247575;350.248784313318;-991.22432516025","5265.78402696534;2604.11752410441;-3500.75386026086","-5000;2441.81260448057;-3320.0383721327","-4734.21597303466;2604.11752410441;-3500.75386026086",360.058500209912,"-10000;-0;-0","X","RETAINED_SINGLE_BOUNDARY_UNIQUE"
3,A414,1,416,"1578.72833284756;4676.42747672536;5000","2115.63177548291;4951.58707436648;4176.53837154056","2115.63177548291;4951.58707436648;4176.53837154056","-514.141679471808;3603.84491387508;8209.88470485357","2115.63177548291;4951.58707436648;4176.53837154056","1578.72833284756;4676.42747672536;5000",1020.81691033838,"-0;-0;-0","Z","RETAINED_SINGLE_BOUNDARY_UNIQUE"
3,A414,2,416,"1578.72833284756;4676.42747672536;5000","2115.63177548291;4951.58707436648;4176.53837154056","2115.63177548291;4951.58707436648;4176.53837154056","-514.141679471808;3603.84491387508;8209.88470485357","1578.72833284756;4676.42747672536;-5000","-514.141679471808;3603.84491387508;-1790.11529514643",3979.18308966162,"-0;-0;-10000","Z","RETAINED_SINGLE_BOUNDARY_UNIQUE"
3,A415,1,417,"1592.19789573657;4805.87854954328;-5000","3251.13420872606;2320.90203147463;-1612.30174457247","3251.13420872606;2320.90203147463;-1612.30174457247","1414.8263483411;5071.56935804512;-5362.20877014337","3251.13420872606;2320.90203147463;-1612.30174457247","1592.19789573657;4805.87854954328;-5000",4517.04299910179,"-0;-0;-0","Z>Y","RETAINED_SINGLE_BOUNDARY_UNIQUE"
3,A415,2,417,"1592.19789573657;4805.87854954328;-5000","3251.13420872606;2320.90203147463;-1612.30174457247","3251.13420872606;2320.90203147463;-1612.30174457247","1414.8263483411;5071.56935804512;-5362.20877014337","1592.19789573657;4805.87854954328;5000","1462.60507224256;5000;4735.35971295036",352.862464649168,"-0;-0;10000","Z>Y","RETAINED_SINGLE_BOUNDARY_UNIQUE"
3,A415,3,417,"1592.19789573657;4805.87854954328;-5000","3251.13420872606;2320.90203147463;-1612.30174457247","3251.13420872606;2320.90203147463;-1612.30174457247","1414.8263483411;5071.56935804512;-5362.20877014337","1462.60507224256;-5000;4735.35971295036","1414.8263483411;-4928.43064195488;4637.79122985663",130.094536249042,"-0;-10000;10000","Z>Y","RETAINED_SINGLE_BOUNDARY_UNIQUE"
3,A416,1,418,"1608.62745335126;213.044832449734;2413.27886626429","5000;-561.292731474646;2432.06024610751","1608.62745335126;213.044832449734;2413.27886626429","6483.10898540611;-899.924652030992;2440.27368559865","1608.62745335126;213.044832449734;2413.27886626429","5000;-561.292731474646;2432.06024610751",3478.70078524956,"-0;-0;-0","X","RETAINED_SINGLE_BOUNDARY_UNIQUE"
3,A416,2,418,"1608.62745335126;213.044832449734;2413.27886626429","5000;-561.292731474646;2432.06024610751","1608.62745335126;213.044832449734;2413.27886626429","6483.10898540611;-899.924652030992;2440.27368559865","-5000;-561.292731474646;2432.06024610751","-3516.89101459389;-899.924652030992;2440.27368559865",1521.29921475044,"-10000;-0;-0","X","RETAINED_SINGLE_BOUNDARY_UNIQUE"
3,A417,1,419,"1610.76934659088;-3979.80019859528;2246.94024709132","2205.66157082781;-5000;2709.39855694187","1610.76934659088;-3979.80019859528;2246.94024709132","3956.01334515131;-8001.7345324084;4070.08993971437","1610.76934659088;-3979.80019859528;2246.94024709132","2205.66157082781;-5000;2709.39855694187",1268.29495055118,"-0;-0;-0","Y","RETAINED_SINGLE_BOUNDARY_UNIQUE"
3,A417,2,419,"1610.76934659088;-3979.80019859528;2246.94024709132","2205.66157082781;-5000;2709.39855694187","1610.76934659088;-3979.80019859528;2246.94024709132","3956.01334515131;-8001.7345324084;4070.08993971437","2205.66157082781;5000;2709.39855694187","3956.01334515131;1998.2654675916;4070.08993971437",3731.70504944882,"-0;10000;-0","Y","RETAINED_SINGLE_BOUNDARY_UNIQUE"
3,A418,1,420,"1610.86558347968;-5000;-1215.93292663453","3687.49791492891;-2938.01830535544;-1896.43590640861","3687.49791492891;-2938.01830535544;-1896.43590640861","231.672702700443;-6369.462677857;-763.97768600776","3687.49791492891;-2938.01830535544;-1896.43590640861","1610.86558347968;-5000;-1215.93292663453",3004.53900865855,"-0;-0;-0","Y","RETAINED_SINGLE_BOUNDARY_UNIQUE"
3,A418,2,420,"1610.86558347968;-5000;-1215.93292663453","3687.49791492891;-2938.01830535544;-1896.43590640861","3687.49791492891;-2938.01830535544;-1896.43590640861","231.672702700443;-6369.462677857;-763.97768600776","1610.86558347968;5000;-1215.93292663453","231.672702700443;3630.537322143;-763.97768600776",1995.46099134145,"-0;10000;-0","Y","RETAINED_SINGLE_BOUNDARY_UNIQUE"
3,A419,1,421,"1646.5781058286;-493.065215503701;477.228413794834","5000;-1028.65263600888;0.015221859663427","1646.5781058286;-493.065215503701;477.228413794834","6535.96138034701;-1273.966712095;-218.561818589242","1646.5781058286;-493.065215503701;477.228413794834","5000;-1028.65263600888;0.0152218596634839",3429.28924354136,"-0;-0;-0","X","RETAINED_SINGLE_BOUNDARY_UNIQUE"
3,A419,2,421,"1646.5781058286;-493.065215503701;477.228413794834","5000;-1028.65263600888;0.015221859663427","1646.5781058286;-493.065215503701;477.228413794834","6535.96138034701;-1273.966712095;-218.561818589242","-5000;-1028.65263600888;0.0152218596634839","-3464.03861965299;-1273.966712095;-218.561818589242",1570.71075645864,"-10000;-0;-0","X","RETAINED_SINGLE_BOUNDARY_UNIQUE"
3,A420,1,422,"1677.12793584843;4468.84512425212;1611.97860567496","3494.54286652056;5000;1257.76926303324","1677.12793584843;4468.84512425212;1611.97860567496","6394.52898007585;5847.54545471153;692.569672330721","1677.12793584843;4468.84512425212;1611.97860567496","3494.54286652056;5000;1257.76926303324",1926.28834567294,"-0;-0;-0","Y>X","RETAINED_SINGLE_BOUNDARY_UNIQUE"
3,A420,2,422,"1677.12793584843;4468.84512425212;1611.97860567496","3494.54286652056;5000;1257.76926303324","1677.12793584843;4468.84512425212;1611.97860567496","6394.52898007585;5847.54545471153;692.569672330721","3494.54286652056;-5000;1257.76926303324","5000;-4560.01742740096;964.359666454306",1595.64251519556,"-0;-10000;-0","Y>X","RETAINED_SINGLE_BOUNDARY_UNIQUE"
3,A420,3,422,"1677.12793584843;4468.84512425212;1611.97860567496","3494.54286652056;5000;1257.76926303324","1677.12793584843;4468.84512425212;1611.97860567496","6394.52898007585;5847.54545471153;692.569672330721","-5000;-4560.01742740096;964.359666454306","-3605.47101992415;-4152.45454528847;692.569672330721",1478.0691391315,"-10000;-10000;-0","Y>X","RETAINED_SINGLE_BOUNDARY_UNIQUE"
3,A421,1,423,"1684.62979850263;-1948.62767798309;-5000","2222.6813460659;1039.34020203186;-1497.91463122529","2222.6813460659;1039.34020203186;-1497.91463122529","1642.24313785464;-2184.01401063254;-5275.88751441902","2222.6813460659;1039.34020203186;-1497.91463122529","1684.62979850263;-1948.62767798309;-5000",4634.87361748108,"-0;-0;-0","Z","RETAINED_SINGLE_BOUNDARY_UNIQUE"
3,A421,2,423,"1684.62979850263;-1948.62767798309;-5000","2222.6813460659;1039.34020203186;-1497.91463122529","2222.6813460659;1039.34020203186;-1497.91463122529","1642.24313785464;-2184.01401063254;-5275.88751441902","1684.62979850263;-1948.62767798309;5000","1642.24313785464;-2184.01401063254;4724.11248558098",365.126382518919,"-0;-0;10000","Z","RETAINED_SINGLE_BOUNDARY_UNIQUE"
3,A422,1,424,"1712.18261113632;4203.87659559688;3212.89182525608","5000;4726.03596082898;3929.70319677292","1712.18261113632;4203.87659559688;3212.89182525608","6539.65298036775;4970.55812487301;4265.37900658389","1712.18261113632;4203.87659559688;3212.89182525608","5000;4726.03596082898;3929.70319677292",3405.32114895935,"-0;-0;-0","X","RETAINED_SINGLE_BOUNDARY_UNIQUE"
3,A422,2,424,"1712.18261113632;4203.87659559688;3212.89182525608","5000;4726.03596082898;3929.70319677292","1712.18261113632;4203.87659559688;3212.89182525608","6539.65298036775;4970.55812487301;4265.37900658389","-5000;4726.03596082898;3929.70319677292","-3460.34701963225;4970.55812487301;4265.37900658389",1594.67885104065,"-10000;-0;-0","X","RETAINED_SINGLE_BOUNDARY_UNIQUE"
3,A423,1,425,"1714.24096612677;-4509.69307651047;4366.8980464371","1956.60636853448;-5000;4224.96559863317","1714.24096612677;-4509.69307651047;4366.8980464371","3858.8603322988;-8848.27322465799;3110.98002668419","1714.24096612677;-4509.69307651047;4366.8980464371","1956.60636853448;-5000;4224.96559863317",565.054587845842,"-0;-0;-0","Y","RETAINED_SINGLE_BOUNDARY_UNIQUE"
3,A423,2,425,"1714.24096612677;-4509.69307651047;4366.8980464371","1956.60636853448;-5000;4224.96559863317","1714.24096612677;-4509.69307651047;4366.8980464371","3858.8603322988;-8848.27322465799;3110.98002668419","1956.60636853448;5000;4224.96559863317","3858.8603322988;1151.72677534201;3110.98002668419",4434.94541215416,"-0;10000;-0","Y","RETAINED_SINGLE_BOUNDARY_UNIQUE"
3,A424,1,426,"1730.0577830437;-2707.11417112629;-160.856788314695","4430.11098840597;-5000;77.3087692586194","1730.0577830437;-2707.11417112629;-160.856788314695","5532.67270401177;-5936.29567304472;174.563232702058","1730.0577830437;-2707.11417112629;-160.856788314695","4430.11098840597;-5000;77.3087692586194",3550.25852141096,"-0;-0;-0","Y>X","RETAINED_SINGLE_BOUNDARY_UNIQUE"
3,A424,2,426,"1730.0577830437;-2707.11417112629;-160.856788314695","4430.11098840597;-5000;77.3087692586194","1730.0577830437;-2707.11417112629;-160.856788314695","5532.67270401177;-5936.29567304472;174.563232702058","4430.11098840597;5000;77.3087692586194","5000;4516.05011482006;127.577383940598",749.338315130985,"-0;10000;-0","Y>X","RETAINED_SINGLE_BOUNDARY_UNIQUE"
3,A424,3,426,"1730.0577830437;-2707.11417112629;-160.856788314695","4430.11098840597;-5000;77.3087692586194","1730.0577830437;-2707.11417112629;-160.856788314695","5532.67270401177;-5936.29567304472;174.563232702058","-5000;4516.05011482006;127.577383940598","-4467.32729598823;4063.70432695528;174.563232702058",700.403163458053,"-10000;10000;-0","Y>X","RETAINED_SINGLE_BOUNDARY_UNIQUE"
3,A425,1,427,"1755.97322242223;-5000;2696.22245912123","4691.30334014602;-1799.17330022355;3369.99633938397","4691.30334014602;-1799.17330022355;3369.99633938397","1351.85435908598;-5440.67086009837;2603.46126235043","4691.30334014602;-1799.17330022355;3369.99633938397","1755.97322242223;-5000;2696.22245912123",4394.93182014721,"-0;-0;-0","Y","RETAINED_SINGLE_BOUNDARY_UNIQUE"
3,A425,2,427,"1755.97322242223;-5000;2696.22245912123","4691.30334014602;-1799.17330022355;3369.99633938397","4691.30334014602;-1799.17330022355;3369.99633938397","1351.85435908598;-5440.67086009837;2603.46126235043","1755.97322242223;5000;2696.22245912123","1351.85435908598;4559.32913990163;2603.46126235043",605.06817985279,"-0;10000;-0","Y","RETAINED_SINGLE_BOUNDARY_UNIQUE"
3,A426,1,428,"1762.12901542166;-1726.8632933773;-4626.03536550674","2308.21104448534;-1597.823544557;-5000","1762.12901542166;-1726.8632933773;-4626.03536550674","5811.26499508076;-770.048269359143;-7398.94048974796","1762.12901542166;-1726.8632933773;-4626.03536550674","2308.21104448534;-1597.823544557;-5000",674.319202673029,"-0;-0;-0","Z>X","RETAINED_SINGLE_BOUNDARY_UNIQUE"
3,A426,2,428,"1762.12901542166;-1726.8632933773;-4626.03536550674","2308.21104448534;-1597.823544557;-5000","1762.12901542166;-1726.8632933773;-4626.03536550674","5811.26499508076;-770.048269359143;-7398.94048974796","2308.21104448534;-1597.823544557;5000","5000;-961.751027590206;3156.62516012837",3323.90535787993,"-0;-0;10000","Z>X","RETAINED_SINGLE_BOUNDARY_UNIQUE"
3,A426,3,428,"1762.12901542166;-1726.8632933773;-4626.03536550674","2308.21104448534;-1597.823544557;-5000","1762.12901542166;-1726.8632933773;-4626.03536550674","5811.26499508076;-770.048269359143;-7398.94048974796","-5000;-961.751027590206;3156.62516012837","-4188.73500491924;-770.048269359143;2601.05951025204",1001.77543944704,"-10000;-0;10000","Z>X","RETAINED_SINGLE_BOUNDARY_UNIQUE"
3,A427,1,429,"1828.82464848207;-2792.90530448755;-2844.97552689135","2644.768876885;-1443.52713778499;-5000","1828.82464848207;-2792.90530448755;-2844.97552689135","3356.6154178603;-266.301848361812;-6880.08771126692","1828.82464848207;-2792.90530448755;-2844.97552689135","2644.768876885;-1443.52713778499;-5000",2670.3402218322,"-0;-0;-0","Z","RETAINED_SINGLE_BOUNDARY_UNIQUE"
3,A427,2,429,"1828.82464848207;-2792.90530448755;-2844.97552689135","2644.768876885;-1443.52713778499;-5000","1828.82464848207;-2792.90530448755;-2844.97552689135","3356.6154178603;-266.301848361812;-6880.08771126692","2644.768876885;-1443.52713778499;5000","3356.6154178603;-266.301848361812;3119.91228873309",2329.6597781678,"-0;-0;10000","Z","RETAINED_SINGLE_BOUNDARY_UNIQUE"
3,A428,1,430,"1836.78620348649;1880.8920296112;3275.3431747825","5000;-1194.62051862425;2791.97432075776","1836.78620348649;1880.8920296112;3275.3431747825","5400.34301866395;-1583.8638820847;2730.79813773729","1836.78620348649;1880.8920296112;3275.3431747825","5000;-1194.62051862425;2791.97432075776",4438.28169518884,"-0;-0;-0","X","RETAINED_SINGLE_BOUNDARY_UNIQUE"
3,A428,2,430,"1836.78620348649;1880.8920296112;3275.3431747825","5000;-1194.62051862425;2791.97432075776","1836.78620348649;1880.8920296112;3275.3431747825","5400.34301866395;-1583.8638820847;2730.79813773729","-5000;-1194.62051862425;2791.97432075776","-4599.65698133605;-1583.8638820847;2730.79813773729",561.71830481116,"-10000;-0;-0","X","RETAINED_SINGLE_BOUNDARY_UNIQUE"
3,A429,1,431,"1840.31077324359;419.667746797315;-187.628642044528","5000;346.991808315544;-355.331480048224","1840.31077324359;419.667746797315;-187.628642044528","6831.96651055746;304.854789176287;-452.564454844166","1840.31077324359;419.667746797315;-187.628642044528","5000;346.991808315544;-355.331480048224",3164.97109680155,"-0;-0;-0","X","RETAINED_SINGLE_BOUNDARY_UNIQUE"
3,A429,2,431,"1840.31077324359;419.667746797315;-187.628642044528","5000;346.991808315544;-355.331480048224","1840.31077324359;419.667746797315;-187.628642044528","6831.96651055746;304.854789176287;-452.564454844166","-5000;346.991808315544;-355.331480048224","-3168.03348944254;304.854789176287;-452.564454844166",1835.02890319845,"-10000;-0;-0","X","RETAINED_SINGLE_BOUNDARY_UNIQUE"
3,A430,1,432,"1906.75071034775;2762.6565602304;-704.023328117305","3839.79242642769;347.126966157744;3223.89806927011","1906.75071034775;2762.6565602304;-704.023328117305","3839.79242642769;347.126966157744;3223.89806927011","1906.75071034775;2762.6565602304;-704.023328117305","3839.79242642769;347.126966157744;3223.89806927011",5000,"-0;-0;-0","NONE","DIRECT_FULL"
3,A431,1,433,"1926.06627797377;-1140.09737839039;1970.71161337905","4116.20353736329;-1155.42203826977;5000","1926.06627797377;-1140.09737839039;1970.71161337905","4855.53160722755;-1160.59520774185;6022.60163208537","1926.06627797377;-1140.09737839039;1970.71161337905","4116.20353736329;-1155.42203826977;5000",3738.11773349679,"-0;-0;-0","Z","RETAINED_SINGLE_BOUNDARY_UNIQUE"
3,A431,2,433,"1926.06627797377;-1140.09737839039;1970.71161337905","4116.20353736329;-1155.42203826977;5000","1926.06627797377;-1140.09737839039;1970.71161337905","4855.53160722755;-1160.59520774185;6022.60163208537","4116.20353736329;-1155.42203826977;-5000","4855.53160722755;-1160.59520774185;-3977.39836791463",1261.88226650321,"-0;-0;-10000","Z","RETAINED_SINGLE_BOUNDARY_UNIQUE"
3,A432,1,434,"1956.60636853448;5000;4224.96559863317","3858.8603322988;1151.72677534199;3110.98002668423","3858.8603322988;1151.72677534199;3110.98002668423","1714.24096612677;5490.30692348953;4366.89804643709","3858.8603322988;1151.72677534199;3110.98002668423","1956.60636853448;5000;4224.96559863317",4434.94541215416,"-0;-0;-0","Y","RETAINED_SINGLE_BOUNDARY_UNIQUE"
3,A432,2,434,"1956.60636853448;5000;4224.96559863317","3858.8603322988;1151.72677534199;3110.98002668423","3858.8603322988;1151.72677534199;3110.98002668423","1714.24096612677;5490.30692348953;4366.89804643709","1956.60636853448;-5000;4224.96559863317","1714.24096612677;-4509.69307651047;4366.89804643709",565.05458784584,"-0;-10000;-0","Y","RETAINED_SINGLE_BOUNDARY_UNIQUE"
3,A433,1,435,"1971.10566789727;4380.81451405255;5000","2966.29088949712;4472.16281423261;4805.60486057525","2966.29088949712;4472.16281423261;4805.60486057525","-1921.17214367799;4023.54136107669;5760.30056660675","2966.29088949712;4472.16281423261;4805.60486057525","1971.10566789727;4380.81451405255;5000",1018.09999875675,"-0;-0;-0","Z","RETAINED_SINGLE_BOUNDARY_UNIQUE"
3,A433,2,435,"1971.10566789727;4380.81451405255;5000","2966.29088949712;4472.16281423261;4805.60486057525","2966.29088949712;4472.16281423261;4805.60486057525","-1921.17214367799;4023.54136107669;5760.30056660675","1971.10566789727;4380.81451405255;-5000","-1921.17214367799;4023.54136107669;-4239.69943339325",3981.90000124325,"-0;-0;-10000","Z","RETAINED_SINGLE_BOUNDARY_UNIQUE"
3,A434,1,436,"1972.03530513979;-2440.35333038349;5000","4868.58396922644;-1794.90668184374;2189.41519269911","4868.58396922644;-1794.90668184374;2189.41519269911","1325.22768636215;-2584.48341698145;5627.61164316779","4868.58396922644;-1794.90668184374;2189.41519269911","1972.03530513979;-2440.35333038349;5000",4087.29525463526,"-0;-0;-0","Z","RETAINED_SINGLE_BOUNDARY_UNIQUE"
3,A434,2,436,"1972.03530513979;-2440.35333038349;5000","4868.58396922644;-1794.90668184374;2189.41519269911","4868.58396922644;-1794.90668184374;2189.41519269911","1325.22768636215;-2584.48341698145;5627.61164316779","1972.03530513979;-2440.35333038349;-5000","1325.22768636215;-2584.48341698145;-4372.38835683221",912.704745364738,"-0;-0;-10000","Z","RETAINED_SINGLE_BOUNDARY_UNIQUE"
3,A435,1,437,"2138.15182996952;596.154126038026;-2941.99149094277","5000;215.344816075578;-4722.96002279038","2138.15182996952;596.154126038026;-2941.99149094277","6356.42586804517;34.8532008198345;-5567.08299621381","2138.15182996952;596.154126038026;-2941.99149094277","5000;215.344816075578;-4722.96002279038",3392.20276373514,"-0;-0;-0","X>Z","RETAINED_SINGLE_BOUNDARY_UNIQUE"
3,A435,2,437,"2138.15182996952;596.154126038026;-2941.99149094277","5000;215.344816075578;-4722.96002279038","2138.15182996952;596.154126038026;-2941.99149094277","6356.42586804517;34.8532008198345;-5567.08299621381","-5000;215.344816075578;-4722.96002279038","-4554.82293054324;156.107720828443;-5000",527.676800319796,"-10000;-0;-0","X>Z","RETAINED_SINGLE_BOUNDARY_UNIQUE"
3,A435,3,437,"2138.15182996952;596.154126038026;-2941.99149094277","5000;215.344816075578;-4722.96002279038","2138.15182996952;596.154126038026;-2941.99149094277","6356.42586804517;34.8532008198345;-5567.08299621381","-4554.82293054324;156.107720828443;5000","-3643.57413195483;34.8532008198346;4432.91700378619",1080.12043594506,"-10000;-0;10000","X>Z","RETAINED_SINGLE_BOUNDARY_UNIQUE"
3,A436,1,438,"2157.93527938752;-370.819460230364;-4072.21494380238","2737.94407125331;-5000;-4595.26398895854","2157.93527938752;-370.819460230364;-4072.21494380238","2775.67517943145;-5301.14045540643;-4629.28971474414","2157.93527938752;-370.819460230364;-4072.21494380238","2737.94407125331;-5000;-4595.26398895854",4694.60360116403,"-0;-0;-0","Y","RETAINED_SINGLE_BOUNDARY_UNIQUE"
3,A436,2,438,"2157.93527938752;-370.819460230364;-4072.21494380238","2737.94407125331;-5000;-4595.26398895854","2157.93527938752;-370.819460230364;-4072.21494380238","2775.67517943145;-5301.14045540643;-4629.28971474414","2737.94407125331;5000;-4595.26398895854","2775.67517943145;4698.85954459357;-4629.28971474414",305.396398835969,"-0;10000;-0","Y","RETAINED_SINGLE_BOUNDARY_UNIQUE"
3,A437,1,439,"2185.9855598441;1984.51628984381;781.369893030972","2651.80374283138;-684.01134952795;4983.98499059908","2185.9855598441;1984.51628984381;781.369893030972","2651.80374283138;-684.01134952795;4983.98499059908","2185.9855598441;1984.51628984381;781.369893030972","2651.80374283138;-684.01134952795;4983.98499059908",5000,"-0;-0;-0","NONE","DIRECT_FULL"
3,A438,1,440,"2194.75309856935;-4884.68753096991;254.963652473301","2811.35728923145;-5000;106.129939832887","2194.75309856935;-4884.68753096991;254.963652473301","6976.79105453411;-5778.9866811359;-899.307553840377","2194.75309856935;-4884.68753096991;254.963652473301","2811.35728923145;-5000;106.129939832887",644.708591127967,"-0;-0;-0","Y>X","RETAINED_SINGLE_BOUNDARY_UNIQUE"
3,A438,2,440,"2194.75309856935;-4884.68753096991;254.963652473301","2811.35728923145;-5000;106.129939832887","2194.75309856935;-4884.68753096991;254.963652473301","6976.79105453411;-5778.9866811359;-899.307553840377","2811.35728923145;5000;106.129939832887","5000;4590.6972436687;-422.156804273222",2288.39955989747,"-0;10000;-0","Y>X","RETAINED_SINGLE_BOUNDARY_UNIQUE"
3,A438,3,440,"2194.75309856935;-4884.68753096991;254.963652473301","2811.35728923145;-5000;106.129939832887","2194.75309856935;-4884.68753096991;254.963652473301","6976.79105453411;-5778.9866811359;-899.307553840377","-5000;4590.6972436687;-422.156804273222","-3023.20894546589;4221.0133188641;-899.307553840377",2066.89184897456,"-10000;10000;-0","Y>X","RETAINED_SINGLE_BOUNDARY_UNIQUE"
3,A439,1,441,"2205.66157082781;5000;2709.39855694187","3956.0133451513;1998.26546759159;4070.08993971435","3956.0133451513;1998.26546759159;4070.08993971435","1610.76934659088;6020.19980140473;2246.94024709133","3956.0133451513;1998.26546759159;4070.08993971435","2205.66157082781;5000;2709.39855694187",3731.70504944882,"-0;-0;-0","Y","RETAINED_SINGLE_BOUNDARY_UNIQUE"
3,A439,2,441,"2205.66157082781;5000;2709.39855694187","3956.0133451513;1998.26546759159;4070.08993971435","3956.0133451513;1998.26546759159;4070.08993971435","1610.76934659088;6020.19980140473;2246.94024709133","2205.66157082781;-5000;2709.39855694187","1610.76934659088;-3979.80019859527;2246.94024709133",1268.29495055118,"-0;-10000;-0","Y","RETAINED_SINGLE_BOUNDARY_UNIQUE"
3,A440,1,442,"2221.45452106537;-3691.24174937831;-4803.33026035023","2842.08931410852;-3776.52915494674;-5000","2221.45452106537;-3691.24174937831;-4803.33026035023","6947.48725516164;-4340.69143386373;-6300.93825431003","2221.45452106537;-3691.24174937831;-4803.33026035023","2842.08931410852;-3776.52915494674;-5000",656.612880149495,"-0;-0;-0","Z>X","RETAINED_SINGLE_BOUNDARY_UNIQUE"
3,A440,2,442,"2221.45452106537;-3691.24174937831;-4803.33026035023","2842.08931410852;-3776.52915494674;-5000","2221.45452106537;-3691.24174937831;-4803.33026035023","6947.48725516164;-4340.69143386373;-6300.93825431003","2842.08931410852;-3776.52915494674;5000","5000;-4073.06844973178;4316.19087821229",2283.00437946937,"-0;-0;10000","Z>X","RETAINED_SINGLE_BOUNDARY_UNIQUE"
3,A440,3,442,"2221.45452106537;-3691.24174937831;-4803.33026035023","2842.08931410852;-3776.52915494674;-5000","2221.45452106537;-3691.24174937831;-4803.33026035023","6947.48725516164;-4340.69143386373;-6300.93825431003","-5000;-4073.06844973178;4316.19087821229","-3052.51274483836;-4340.69143386373;3699.06174568997",2060.38274038113,"-10000;-0;10000","Z>X","RETAINED_SINGLE_BOUNDARY_UNIQUE"
3,A442,1,444,"2265.94857369379;4187.52171902625;-4180.4968656364","2599.84808578285;5000;-3453.82469485497","2265.94857369379;4187.52171902625;-4180.4968656364","3730.38502585634;7750.93756172736;-993.41459346891","2265.94857369379;4187.52171902625;-4180.4968656364","2599.84808578285;5000;-3453.82469485497",1140.02731766198,"-0;-0;-0","Y","RETAINED_SINGLE_BOUNDARY_UNIQUE"
3,A442,2,444,"2265.94857369379;4187.52171902625;-4180.4968656364","2599.84808578285;5000;-3453.82469485497","2265.94857369379;4187.52171902625;-4180.4968656364","3730.38502585634;7750.93756172736;-993.41459346891","2599.84808578285;-5000;-3453.82469485497","3730.38502585634;-2249.06243827264;-993.41459346891",3859.97268233802,"-0;-10000;-0","Y","RETAINED_SINGLE_BOUNDARY_UNIQUE"
3,A443,1,445,"2286.94509947694;-1448.6095039137;1283.25446944978","5000;-2778.66251188592;2206.82508489744","2286.94509947694;-1448.6095039137;1283.25446944978","6580.37900296593;-3553.43041143183;2744.81331658726","2286.94509947694;-1448.6095039137;1283.25446944978","5000;-2778.66251188592;2206.82508489744",3159.53961503674,"-0;-0;-0","X","RETAINED_SINGLE_BOUNDARY_UNIQUE"
3,A443,2,445,"2286.94509947694;-1448.6095039137;1283.25446944978","5000;-2778.66251188592;2206.82508489744","2286.94509947694;-1448.6095039137;1283.25446944978","6580.37900296593;-3553.43041143183;2744.81331658726","-5000;-2778.66251188592;2206.82508489744","-3419.62099703407;-3553.43041143183;2744.81331658726",1840.46038496326,"-10000;-0;-0","X","RETAINED_SINGLE_BOUNDARY_UNIQUE"
3,A444,1,446,"2293.03898663167;3878.20935848705;1496.82686801208","5000;1194.16708449381;2524.20597801391","2293.03898663167;3878.20935848705;1496.82686801208","5721.25004611858;479.023569555257;2797.94365905574","2293.03898663167;3878.20935848705;1496.82686801208","5000;1194.16708449381;2524.20597801391",3948.06644981402,"-0;-0;-0","X","RETAINED_SINGLE_BOUNDARY_UNIQUE"
3,A444,2,446,"2293.03898663167;3878.20935848705;1496.82686801208","5000;1194.16708449381;2524.20597801391","2293.03898663167;3878.20935848705;1496.82686801208","5721.25004611858;479.023569555257;2797.94365905574","-5000;1194.16708449381;2524.20597801391","-4278.74995388142;479.023569555257;2797.94365905574",1051.93355018598,"-10000;-0;-0","X","RETAINED_SINGLE_BOUNDARY_UNIQUE"
3,A446,1,448,"2349.51422773966;-4782.75116116942;-981.078798114355","3998.01639248422;-273.129505281531;-2375.98135154935","2349.51422773966;-4782.75116116942;-981.078798114355","3998.01639248422;-273.129505281531;-2375.98135154935","2349.51422773966;-4782.75116116942;-981.078798114355","3998.01639248422;-273.129505281531;-2375.98135154935",5000,"-0;-0;-0","NONE","DIRECT_FULL"
3,A447,1,449,"2363.50922572959;12.1807173140578;-3788.92078205071","5000;-26.7677428770708;-3530.30197874937","2363.50922572959;12.1807173140578;-3788.92078205071","7339.08858703125;-61.3227277094075;-3300.85596774968","2363.50922572959;12.1807173140578;-3788.92078205071","5000;-26.7677428770708;-3530.30197874937",2649.4309333865,"-0;-0;-0","X","RETAINED_SINGLE_BOUNDARY_UNIQUE"
3,A447,2,449,"2363.50922572959;12.1807173140578;-3788.92078205071","5000;-26.7677428770708;-3530.30197874937","2363.50922572959;12.1807173140578;-3788.92078205071","7339.08858703125;-61.3227277094075;-3300.85596774968","-5000;-26.7677428770708;-3530.30197874937","-2660.91141296876;-61.3227277094075;-3300.85596774968",2350.5690666135,"-10000;-0;-0","X","RETAINED_SINGLE_BOUNDARY_UNIQUE"
3,A448,1,450,"2389.1003916357;-594.534061345262;5000","3704.70262669962;521.179258242847;2617.25854019564","3704.70262669962;521.179258242847;2617.25854019564","1468.51011214793;-1375.25243452281;6667.31901783507","3704.70262669962;521.179258242847;2617.25854019564","2389.1003916357;-594.534061345262;5000",2941.61219685432,"-0;-0;-0","Z","RETAINED_SINGLE_BOUNDARY_UNIQUE"
3,A448,2,450,"2389.1003916357;-594.534061345262;5000","3704.70262669962;521.179258242847;2617.25854019564","3704.70262669962;521.179258242847;2617.25854019564","1468.51011214793;-1375.25243452281;6667.31901783507","2389.1003916357;-594.534061345262;-5000","1468.51011214793;-1375.25243452281;-3332.68098216493",2058.38780314568,"-0;-0;-10000","Z","RETAINED_SINGLE_BOUNDARY_UNIQUE"
3,A449,1,451,"2402.44476182982;-5000;-4654.9069888606","4965.34937834571;-3900.14640279146;-1609.38371949568","4965.34937834571;-3900.14640279146;-1609.38371949568","1862.23816723654;-5231.82609390548;-5296.8394835372","4965.34937834571;-3900.14640279146;-1609.38371949568","2402.44476182982;-5000;-4654.9069888606",4129.57261625149,"-0;-0;-0","Y>Z","RETAINED_SINGLE_BOUNDARY_UNIQUE"
3,A449,2,451,"2402.44476182982;-5000;-4654.9069888606","4965.34937834571;-3900.14640279146;-1609.38371949568","4965.34937834571;-3900.14640279146;-1609.38371949568","1862.23816723654;-5231.82609390548;-5296.8394835372","2402.44476182982;5000;-4654.9069888606","2112.03802605697;4875.37386645798;-5000",467.928340326953,"-0;10000;-0","Y>Z","RETAINED_SINGLE_BOUNDARY_UNIQUE"
3,A449,3,451,"2402.44476182982;-5000;-4654.9069888606","4965.34937834571;-3900.14640279146;-1609.38371949568","4965.34937834571;-3900.14640279146;-1609.38371949568","1862.23816723654;-5231.82609390548;-5296.8394835372","2112.03802605697;4875.37386645798;5000","1862.23816723654;4768.17390609452;4703.1605164628",402.499043421553,"-0;10000;10000","Y>Z","RETAINED_SINGLE_BOUNDARY_UNIQUE"
3,A450,1,452,"2514.52562627348;-4260.34208156521;-2304.59192919242","5000;-4427.31798471068;-2547.29172280084","2514.52562627348;-4260.34208156521;-2304.59192919242","7479.77079360645;-4593.91071736291;-2789.43457736672","2514.52562627348;-4260.34208156521;-2304.59192919242","5000;-4427.31798471068;-2547.29172280084",2502.87175150866,"-0;-0;-0","X","RETAINED_SINGLE_BOUNDARY_UNIQUE"
3,A450,2,452,"2514.52562627348;-4260.34208156521;-2304.59192919242","5000;-4427.31798471068;-2547.29172280084","2514.52562627348;-4260.34208156521;-2304.59192919242","7479.77079360645;-4593.91071736291;-2789.43457736672","-5000;-4427.31798471068;-2547.29172280084","-2520.22920639355;-4593.91071736291;-2789.43457736672",2497.12824849134,"-10000;-0;-0","X","RETAINED_SINGLE_BOUNDARY_UNIQUE"
3,A451,1,453,"2517.46943394691;2406.25814863304;-1448.34301043423","3077.34290090167;431.497648713124;-5000","2517.46943394691;2406.25814863304;-1448.34301043423","3199.88876507242;-0.740609172570885;-5777.39150131862","2517.46943394691;2406.25814863304;-1448.34301043423","3077.34290090167;431.497648713124;-5000",4102.12197558474,"-0;-0;-0","Z","RETAINED_SINGLE_BOUNDARY_UNIQUE"
3,A451,2,453,"2517.46943394691;2406.25814863304;-1448.34301043423","3077.34290090167;431.497648713124;-5000","2517.46943394691;2406.25814863304;-1448.34301043423","3199.88876507242;-0.740609172570885;-5777.39150131862","3077.34290090167;431.497648713124;5000","3199.88876507242;-0.740609172570657;4222.60849868138",897.878024415254,"-0;-0;10000","Z","RETAINED_SINGLE_BOUNDARY_UNIQUE"
3,A452,1,454,"2519.42483136072;-4562.5000572955;701.261118186283","5000;-4435.68841088378;396.827175517224","2519.42483136072;-4562.5000572955;701.261118186283","7475.81361822833;-4309.12018384299;92.9776044016452","2519.42483136072;-4562.5000572955;701.261118186283","5000;-4435.68841088378;396.827175517224",2502.40172362162,"-0;-0;-0","X","RETAINED_SINGLE_BOUNDARY_UNIQUE"
3,A452,2,454,"2519.42483136072;-4562.5000572955;701.261118186283","5000;-4435.68841088378;396.827175517224","2519.42483136072;-4562.5000572955;701.261118186283","7475.81361822833;-4309.12018384299;92.9776044016452","-5000;-4435.68841088378;396.827175517224","-2524.18638177167;-4309.12018384299;92.9776044016452",2497.59827637838,"-10000;-0;-0","X","RETAINED_SINGLE_BOUNDARY_UNIQUE"
3,A453,1,455,"2528.21606695881;1586.81745681389;2610.70769417941","4792.02545696911;1625.81941817716;-1847.27905913323","2528.21606695881;1586.81745681389;2610.70769417941","4792.02545696911;1625.81941817716;-1847.27905913323","2528.21606695881;1586.81745681389;2610.70769417941","4792.02545696911;1625.81941817716;-1847.27905913323",5000,"-0;-0;-0","NONE","DIRECT_FULL"
3,A454,1,456,"2539.69140013146;-1371.64340868335;2509.40607726431","5000;-1113.88857078746;3782.59616936743","2539.69140013146;-1371.64340868335;2509.40607726431","6961.22720877849;-908.420118048353;4797.51561919305","2539.69140013146;-1371.64340868335;2509.40607726431","5000;-1113.88857078746;3782.59616936743",2782.1878034517,"-0;-0;-0","X","RETAINED_SINGLE_BOUNDARY_UNIQUE"
3,A454,2,456,"2539.69140013146;-1371.64340868335;2509.40607726431","5000;-1113.88857078746;3782.59616936743","2539.69140013146;-1371.64340868335;2509.40607726431","6961.22720877849;-908.420118048353;4797.51561919305","-5000;-1113.88857078746;3782.59616936743","-3038.77279122151;-908.420118048353;4797.51561919305",2217.8121965483,"-10000;-0;-0","X","RETAINED_SINGLE_BOUNDARY_UNIQUE"
3,A455,1,457,"2560.67445445603;2313.47317171019;3733.12410882793","5000;4739.37397209142;3732.70908604063","2560.67445445603;2313.47317171019;3733.12410882793","6105.95052831149;5839.23793929084;3732.52092145894","2560.67445445603;2313.47317171019;3733.12410882793","5000;4739.37397209142;3732.70908604063",3440.24766298556,"-0;-0;-0","X>Y","RETAINED_SINGLE_BOUNDARY_UNIQUE"
3,A455,2,457,"2560.67445445603;2313.47317171019;3733.12410882793","5000;4739.37397209142;3732.70908604063","2560.67445445603;2313.47317171019;3733.12410882793","6105.95052831149;5839.23793929084;3732.52092145894","-5000;4739.37397209142;3732.70908604063","-4737.93168805124;5000;3732.66449817433",369.602121935405,"-10000;-0;-0","X>Y","RETAINED_SINGLE_BOUNDARY_UNIQUE"
3,A455,3,457,"2560.67445445603;2313.47317171019;3733.12410882793","5000;4739.37397209142;3732.70908604063","2560.67445445603;2313.47317171019;3733.12410882793","6105.95052831149;5839.23793929084;3732.52092145894","-4737.93168805124;-5000;3732.66449817433","-3894.04947168851;-4160.76206070916;3732.52092145894",1190.15021507904,"-10000;-10000;-0","X>Y","RETAINED_SINGLE_BOUNDARY_UNIQUE"
3,A456,1,458,"2572.73603125943;-3554.92440223894;3045.22702639135","5000;-3505.79987614971;2439.60639803962","2572.73603125943;-3554.92440223894;3045.22702639135","7423.07510843984;-3456.76012690378;1835.03092185926","2572.73603125943;-3554.92440223894;3045.22702639135","5000;-3505.79987614971;2439.60639803962",2502.15905539493,"-0;-0;-0","X","RETAINED_SINGLE_BOUNDARY_UNIQUE"
3,A456,2,458,"2572.73603125943;-3554.92440223894;3045.22702639135","5000;-3505.79987614971;2439.60639803962","2572.73603125943;-3554.92440223894;3045.22702639135","7423.07510843984;-3456.76012690378;1835.03092185926","-5000;-3505.79987614971;2439.60639803962","-2576.92489156016;-3456.76012690378;1835.03092185926",2497.84094460507,"-10000;-0;-0","X","RETAINED_SINGLE_BOUNDARY_UNIQUE"
3,A457,1,459,"2599.84808578285;-5000;-3453.82469485497","3730.38502585634;-2249.06243827263;-993.414593468929","3730.38502585634;-2249.06243827263;-993.414593468929","2265.94857369379;-5812.47828097376;-4180.4968656364","3730.38502585634;-2249.06243827263;-993.414593468929","2599.84808578285;-5000;-3453.82469485497",3859.97268233801,"-0;-0;-0","Y","RETAINED_SINGLE_BOUNDARY_UNIQUE"
3,A457,2,459,"2599.84808578285;-5000;-3453.82469485497","3730.38502585634;-2249.06243827263;-993.414593468929","3730.38502585634;-2249.06243827263;-993.414593468929","2265.94857369379;-5812.47828097376;-4180.4968656364","2599.84808578285;5000;-3453.82469485497","2265.94857369379;4187.52171902624;-4180.4968656364",1140.02731766199,"-0;10000;-0","Y","RETAINED_SINGLE_BOUNDARY_UNIQUE"
3,A458,1,460,"2644.768876885;-1443.52713778499;5000","3356.61541786031;-266.301848361813;3119.91228873309","3356.61541786031;-266.301848361813;3119.91228873309","1828.82464848206;-2792.90530448755;7155.02447310865","3356.61541786031;-266.301848361813;3119.91228873309","2644.768876885;-1443.52713778499;5000",2329.6597781678,"-0;-0;-0","Z","RETAINED_SINGLE_BOUNDARY_UNIQUE"
3,A458,2,460,"2644.768876885;-1443.52713778499;5000","3356.61541786031;-266.301848361813;3119.91228873309","3356.61541786031;-266.301848361813;3119.91228873309","1828.82464848206;-2792.90530448755;7155.02447310865","2644.768876885;-1443.52713778499;-5000","1828.82464848206;-2792.90530448755;-2844.97552689135",2670.3402218322,"-0;-0;-10000","Z","RETAINED_SINGLE_BOUNDARY_UNIQUE"
3,A459,1,461,"2660.20225997244;167.983263353894;-2854.89884709205","5000;3565.49103718811;-2132.46832683517","2660.20225997244;167.983263353894;-2854.89884709205","5453.63520860012;4224.19290758382;-1992.4049725762","2660.20225997244;167.983263353894;-2854.89884709205","5000;3565.49103718811;-2132.46832683517",4188.03275943499,"-0;-0;-0","X","RETAINED_SINGLE_BOUNDARY_UNIQUE"
3,A459,2,461,"2660.20225997244;167.983263353894;-2854.89884709205","5000;3565.49103718811;-2132.46832683517","2660.20225997244;167.983263353894;-2854.89884709205","5453.63520860012;4224.19290758382;-1992.4049725762","-5000;3565.49103718811;-2132.46832683517","-4546.36479139988;4224.19290758382;-1992.4049725762",811.967240565012,"-10000;-0;-0","X","RETAINED_SINGLE_BOUNDARY_UNIQUE"
3,A460,1,462,"2667.11551655743;-4578.02059768206;4020.77382847998","4636.58461882365;-451.557482808567;1997.53543006836","2667.11551655743;-4578.02059768206;4020.77382847998","4636.58461882365;-451.557482808567;1997.53543006836","2667.11551655743;-4578.02059768206;4020.77382847998","4636.58461882365;-451.557482808567;1997.53543006836",5000,"-0;-0;-0","NONE","DIRECT_FULL"
3,A461,1,463,"2685.69369049022;1007.78727821895;1133.7691620477","5000;1000.775202406;1139.47708819548","2685.69369049022;1007.78727821895;1133.7691620477","7685.65553305776;992.637982139224;1146.10089740262","2685.69369049022;1007.78727821895;1133.7691620477","5000;1000.775202406;1139.47708819548",2314.3239712419,"-0;-0;-0","X","RETAINED_SINGLE_BOUNDARY_UNIQUE"
3,A461,2,463,"2685.69369049022;1007.78727821895;1133.7691620477","5000;1000.775202406;1139.47708819548","2685.69369049022;1007.78727821895;1133.7691620477","7685.65553305776;992.637982139224;1146.10089740262","-5000;1000.775202406;1139.47708819548","-2314.34446694224;992.637982139224;1146.10089740262",2685.6760287581,"-10000;-0;-0","X","RETAINED_SINGLE_BOUNDARY_UNIQUE"
3,A462,1,464,"2697.46785066112;-338.839092535151;1065.68879817128","5000;-2897.59141411251;288.901642274303","2697.46785066112;-338.839092535151;1065.68879817128","5959.9753000578;-3964.39042857365;-34.957672036402","2697.46785066112;-338.839092535151;1065.68879817128","5000;-2897.59141411251;288.901642274303",3528.7768458041,"-0;-0;-0","X","RETAINED_SINGLE_BOUNDARY_UNIQUE"
3,A462,2,464,"2697.46785066112;-338.839092535151;1065.68879817128","5000;-2897.59141411251;288.901642274303","2697.46785066112;-338.839092535151;1065.68879817128","5959.9753000578;-3964.39042857365;-34.957672036402","-5000;-2897.59141411251;288.901642274303","-4040.0246999422;-3964.39042857365;-34.9576720364021",1471.2231541959,"-10000;-0;-0","X","RETAINED_SINGLE_BOUNDARY_UNIQUE"
3,A463,1,465,"2729.34719896387;4049.13681900675;956.225516721766","5000;3661.40876230168;200.799658762158","2729.34719896387;4049.13681900675;956.225516721766","7412.60283374673;3249.44185661583;-601.851704214716","2729.34719896387;4049.13681900675;956.225516721766","5000;3661.40876230168;200.799658762158",2424.22470404117,"-0;-0;-0","X","RETAINED_SINGLE_BOUNDARY_UNIQUE"
3,A463,2,465,"2729.34719896387;4049.13681900675;956.225516721766","5000;3661.40876230168;200.799658762158","2729.34719896387;4049.13681900675;956.225516721766","7412.60283374673;3249.44185661583;-601.851704214716","-5000;3661.40876230168;200.799658762158","-2587.39716625327;3249.44185661583;-601.851704214716",2575.77529595882,"-10000;-0;-0","X","RETAINED_SINGLE_BOUNDARY_UNIQUE"
3,A464,1,466,"2739.00510336012;-930.100019087671;-1850.99938562975","5000;-2285.37593637789;-1294.23920020719","2739.00510336012;-930.100019087671;-1850.99938562975","6935.00623321063;-3445.24911945059;-817.75230906152","2739.00510336012;-930.100019087671;-1850.99938562975","5000;-2285.37593637789;-1294.23920020719",2694.22579578813,"-0;-0;-0","X","RETAINED_SINGLE_BOUNDARY_UNIQUE"
3,A464,2,466,"2739.00510336012;-930.100019087671;-1850.99938562975","5000;-2285.37593637789;-1294.23920020719","2739.00510336012;-930.100019087671;-1850.99938562975","6935.00623321063;-3445.24911945059;-817.75230906152","-5000;-2285.37593637789;-1294.23920020719","-3064.99376678937;-3445.24911945059;-817.75230906152",2305.77420421187,"-10000;-0;-0","X","RETAINED_SINGLE_BOUNDARY_UNIQUE"
3,A465,1,467,"2749.70994887475;4109.09927983667;5000","4042.54040666104;4661.45590507464;4543.30808385988","4042.54040666104;4661.45590507464;4543.30808385988","-330.447858179859;2793.11421678495;6088.06468972458","4042.54040666104;4661.45590507464;4543.30808385988","2749.70994887475;4109.09927983667;5000",1478.20023687318,"-0;-0;-0","Z","RETAINED_SINGLE_BOUNDARY_UNIQUE"
3,A465,2,467,"2749.70994887475;4109.09927983667;5000","4042.54040666104;4661.45590507464;4543.30808385988","4042.54040666104;4661.45590507464;4543.30808385988","-330.447858179859;2793.11421678495;6088.06468972458","2749.70994887475;4109.09927983667;-5000","-330.447858179859;2793.11421678495;-3911.93531027542",3521.79976312682,"-0;-0;-10000","Z","RETAINED_SINGLE_BOUNDARY_UNIQUE"
3,A466,1,468,"2758.88857697661;-704.7833732692;-1028.25735121264","5000;-731.749344336892;-1448.85070583919","2758.88857697661;-704.7833732692;-1028.25735121264","7672.75294742295;-763.909003116403;-1950.45099072288","2758.88857697661;-704.7833732692;-1028.25735121264","5000;-731.749344336892;-1448.85070583919",2280.39609365513,"-0;-0;-0","X","RETAINED_SINGLE_BOUNDARY_UNIQUE"
3,A466,2,468,"2758.88857697661;-704.7833732692;-1028.25735121264","5000;-731.749344336892;-1448.85070583919","2758.88857697661;-704.7833732692;-1028.25735121264","7672.75294742295;-763.909003116403;-1950.45099072288","-5000;-731.749344336892;-1448.85070583919","-2327.24705257705;-763.909003116403;-1950.45099072288",2719.60390634487,"-10000;-0;-0","X","RETAINED_SINGLE_BOUNDARY_UNIQUE"
3,A467,1,469,"2788.07639586735;-851.58184383468;-2831.56760893294","3618.82653707032;-5000;-3859.51850674994","2788.07639586735;-851.58184383468;-2831.56760893294","3742.11239753227;-5615.63793561111;-4012.0695623134","2788.07639586735;-851.58184383468;-2831.56760893294","3618.82653707032;-5000;-3859.51850674994",4353.87207481267,"-0;-0;-0","Y","RETAINED_SINGLE_BOUNDARY_UNIQUE"
3,A467,2,469,"2788.07639586735;-851.58184383468;-2831.56760893294","3618.82653707032;-5000;-3859.51850674994","2788.07639586735;-851.58184383468;-2831.56760893294","3742.11239753227;-5615.63793561111;-4012.0695623134","3618.82653707032;5000;-3859.51850674994","3742.11239753227;4384.36206438889;-4012.0695623134",646.127925187328,"-0;10000;-0","Y","RETAINED_SINGLE_BOUNDARY_UNIQUE"
3,A468,1,470,"2791.90602670714;2133.65164203677;1194.55740686684","3693.01715076149;892.951182923789;-3564.50354177233","2791.90602670714;2133.65164203677;1194.55740686684","3693.01715076149;892.951182923789;-3564.50354177233","2791.90602670714;2133.65164203677;1194.55740686684","3693.01715076149;892.951182923789;-3564.50354177233",5000,"-0;-0;-0","NONE","DIRECT_FULL"
3,A471,1,473,"2927.57745307206;-1630.19458096303;3201.81323756936","5000;-1332.26025692466;4449.60978106156","2927.57745307206;-1630.19458096303;3201.81323756936","7178.9546405909;-1019.01073215133;5761.54883180484","2927.57745307206;-1630.19458096303;3201.81323756936","5000;-1332.26025692466;4449.60978106156",2437.3543625018,"-0;-0;-0","X>Z","RETAINED_SINGLE_BOUNDARY_UNIQUE"
3,A471,2,473,"2927.57745307206;-1630.19458096303;3201.81323756936","5000;-1332.26025692466;4449.60978106156","2927.57745307206;-1630.19458096303;3201.81323756936","7178.9546405909;-1019.01073215133;5761.54883180484","-5000;-1332.26025692466;4449.60978106156","-4085.87573408056;-1200.84449151644;5000",1075.09193562397,"-10000;-0;-0","X>Z","RETAINED_SINGLE_BOUNDARY_UNIQUE"
3,A471,3,473,"2927.57745307206;-1630.19458096303;3201.81323756936","5000;-1332.26025692466;4449.60978106156","2927.57745307206;-1630.19458096303;3201.81323756936","7178.9546405909;-1019.01073215133;5761.54883180484","-4085.87573408056;-1200.84449151644;-5000","-2821.0453594091;-1019.01073215133;-4238.45116819516",1487.55370187423,"-10000;-0;-10000","X>Z","RETAINED_SINGLE_BOUNDARY_UNIQUE"
3,A472,1,474,"2961.59336833087;2963.39287976499;931.959038464292","5000;-283.275356566054;933.891906571597","2961.59336833087;2963.39287976499;931.959038464292","5620.24752925451;-1271.17341410156;934.480040778632","2961.59336833087;2963.39287976499;931.959038464292","5000;-283.275356566055;933.891906571597",3833.53100532821,"-0;-0;-0","X","RETAINED_SINGLE_BOUNDARY_UNIQUE"
3,A472,2,474,"2961.59336833087;2963.39287976499;931.959038464292","5000;-283.275356566054;933.891906571597","2961.59336833087;2963.39287976499;931.959038464292","5620.24752925451;-1271.17341410156;934.480040778632","-5000;-283.275356566055;933.891906571597","-4379.75247074549;-1271.17341410156;934.480040778632",1166.46899467179,"-10000;-0;-0","X","RETAINED_SINGLE_BOUNDARY_UNIQUE"
3,A473,1,475,"2974.91581199981;-3209.11843150307;-2619.21472521137","3585.07779964407;-5000;-2721.12122547492","2974.91581199981;-3209.11843150307;-2619.21472521137","4585.08530857369;-7935.1140391668;-2888.13796453095","2974.91581199981;-3209.11843150307;-2619.21472521137","3585.07779964407;-5000;-2721.12122547492",1894.71353463894,"-0;-0;-0","Y","RETAINED_SINGLE_BOUNDARY_UNIQUE"
3,A473,2,475,"2974.91581199981;-3209.11843150307;-2619.21472521137","3585.07779964407;-5000;-2721.12122547492","2974.91581199981;-3209.11843150307;-2619.21472521137","4585.08530857369;-7935.1140391668;-2888.13796453095","3585.07779964407;5000;-2721.12122547492","4585.08530857369;2064.8859608332;-2888.13796453095",3105.28646536106,"-0;10000;-0","Y","RETAINED_SINGLE_BOUNDARY_UNIQUE"
3,A474,1,476,"3008.20482287106;4343.44127097059;-1074.47554257819","3462.77599720371;5000;-1569.82806180915","3008.20482287106;4343.44127097059;-1074.47554257819","5426.85053623706;7836.80610623826;-3710.10735315636","3008.20482287106;4343.44127097059;-1074.47554257819","3462.77599720371;5000;-1569.82806180915",939.722531126788,"-0;-0;-0","Y>X","RETAINED_SINGLE_BOUNDARY_UNIQUE"
3,A474,2,476,"3008.20482287106;4343.44127097059;-1074.47554257819","3462.77599720371;5000;-1569.82806180915","3008.20482287106;4343.44127097059;-1074.47554257819","5426.85053623706;7836.80610623826;-3710.10735315636","3462.77599720371;-5000;-1569.82806180915","5000;-2779.71438908078;-3244.96239808849",3177.86105319442,"-0;-10000;-0","Y>X","RETAINED_SINGLE_BOUNDARY_UNIQUE"
3,A474,3,476,"3008.20482287106;4343.44127097059;-1074.47554257819","3462.77599720371;5000;-1569.82806180915","3008.20482287106;4343.44127097059;-1074.47554257819","5426.85053623706;7836.80610623826;-3710.10735315636","-5000;-2779.71438908078;-3244.96239808849","-4573.14946376294;-2163.19389376174;-3710.10735315636",882.416415678787,"-10000;-10000;-0","Y>X","RETAINED_SINGLE_BOUNDARY_UNIQUE"
3,A475,1,477,"3077.34290090167;431.497648713124;5000","3199.88876507242;-0.740609172570657;4222.60849868138","3199.88876507242;-0.740609172570657;4222.60849868138","2517.46943394691;2406.25814863305;8551.65698956577","3199.88876507242;-0.740609172570657;4222.60849868138","3077.34290090167;431.497648713124;5000",897.878024415251,"-0;-0;-0","Z","RETAINED_SINGLE_BOUNDARY_UNIQUE"
3,A475,2,477,"3077.34290090167;431.497648713124;5000","3199.88876507242;-0.740609172570657;4222.60849868138","3199.88876507242;-0.740609172570657;4222.60849868138","2517.46943394691;2406.25814863305;8551.65698956577","3077.34290090167;431.497648713124;-5000","2517.46943394691;2406.25814863305;-1448.34301043423",4102.12197558475,"-0;-0;-10000","Z","RETAINED_SINGLE_BOUNDARY_UNIQUE"
3,A476,1,478,"3130.05601284577;5000;-3802.87634223128","3997.23654816611;1327.56862115095;-1116.33523242271","3997.23654816611;1327.56862115095;-1116.33523242271","3061.17902144353;5291.68784838194;-4016.25851743622","3997.23654816611;1327.56862115095;-1116.33523242271","3130.05601284577;5000;-3802.87634223128",4632.08996543516,"-0;-0;-0","Y","RETAINED_SINGLE_BOUNDARY_UNIQUE"
3,A476,2,478,"3130.05601284577;5000;-3802.87634223128","3997.23654816611;1327.56862115095;-1116.33523242271","3997.23654816611;1327.56862115095;-1116.33523242271","3061.17902144353;5291.68784838194;-4016.25851743622","3130.05601284577;-5000;-3802.87634223128","3061.17902144353;-4708.31215161806;-4016.25851743622",367.910034564844,"-0;-10000;-0","Y","RETAINED_SINGLE_BOUNDARY_UNIQUE"
3,A477,1,479,"3211.34287959151;-2934.55467460003;-1233.640012785","5000;-2691.57323766101;-1126.55329185837","3211.34287959151;-2934.55467460003;-1233.640012785","8157.14097762455;-2262.6891085513;-937.535580783764","3211.34287959151;-2934.55467460003;-1233.640012785","5000;-2691.57323766101;-1126.55329185837",1808.25933949856,"-0;-0;-0","X","RETAINED_SINGLE_BOUNDARY_UNIQUE"
3,A477,2,479,"3211.34287959151;-2934.55467460003;-1233.640012785","5000;-2691.57323766101;-1126.55329185837","3211.34287959151;-2934.55467460003;-1233.640012785","8157.14097762455;-2262.6891085513;-937.535580783764","-5000;-2691.57323766101;-1126.55329185837","-1842.85902237545;-2262.6891085513;-937.535580783764",3191.74066050144,"-10000;-0;-0","X","RETAINED_SINGLE_BOUNDARY_UNIQUE"
3,A478,1,480,"3254.19399524487;1204.43391370058;-3055.72089647054","5000;2103.41205632157;-2260.48027008985","3254.19399524487;1204.43391370058;-3055.72089647054","7374.40848672919;3326.08016801862;-1178.90185466047","3254.19399524487;1204.43391370058;-3055.72089647054","5000;2103.41205632157;-2260.48027008985",2118.58631190606,"-0;-0;-0","X","RETAINED_SINGLE_BOUNDARY_UNIQUE"
3,A478,2,480,"3254.19399524487;1204.43391370058;-3055.72089647054","5000;2103.41205632157;-2260.48027008985","3254.19399524487;1204.43391370058;-3055.72089647054","7374.40848672919;3326.08016801862;-1178.90185466047","-5000;2103.41205632157;-2260.48027008985","-2625.59151327081;3326.08016801862;-1178.90185466047",2881.41368809394,"-10000;-0;-0","X","RETAINED_SINGLE_BOUNDARY_UNIQUE"
3,A479,1,481,"3332.26597756176;-711.651708220177;-977.579563814859","5000;127.505239762082;-1252.26830164535","3332.26597756176;-711.651708220177;-977.579563814859","7751.14719131134;1511.80528368368;-1705.40359744172","3332.26597756176;-711.651708220177;-977.579563814859","5000;127.505239762082;-1252.26830164535",1887.05459794778,"-0;-0;-0","X","RETAINED_SINGLE_BOUNDARY_UNIQUE"
3,A479,2,481,"3332.26597756176;-711.651708220177;-977.579563814859","5000;127.505239762082;-1252.26830164535","3332.26597756176;-711.651708220177;-977.579563814859","7751.14719131134;1511.80528368368;-1705.40359744172","-5000;127.505239762082;-1252.26830164535","-2248.85280868866;1511.80528368368;-1705.40359744172",3112.94540205222,"-10000;-0;-0","X","RETAINED_SINGLE_BOUNDARY_UNIQUE"
3,A480,1,482,"3349.07042751365;-1449.86954706891;1910.41866420061","5000;-2602.2578268195;2880.14555663","3349.07042751365;-1449.86954706891;1910.41866420061","7042.90126159397;-4028.25170916487;4080.1097010496","3349.07042751365;-1449.86954706891;1910.41866420061","5000;-2602.2578268195;2880.14555663",2234.71193815159,"-0;-0;-0","X","RETAINED_SINGLE_BOUNDARY_UNIQUE"
3,A480,2,482,"3349.07042751365;-1449.86954706891;1910.41866420061","5000;-2602.2578268195;2880.14555663","3349.07042751365;-1449.86954706891;1910.41866420061","7042.90126159397;-4028.25170916487;4080.1097010496","-5000;-2602.2578268195;2880.14555663","-2957.09873840603;-4028.25170916487;4080.1097010496",2765.28806184841,"-10000;-0;-0","X","RETAINED_SINGLE_BOUNDARY_UNIQUE"
3,A481,1,483,"3365.03372627464;-605.81295403721;3011.27643085366","5000;-514.068744165381;4019.84708744789","3365.03372627464;-605.81295403721;3011.27643085366","7615.64627470073;-367.294829233285;5633.37522138438","3365.03372627464;-605.81295403721;3011.27643085366","5000;-514.068744165381;4019.84708744789",1923.21254301424,"-0;-0;-0","X>Z","RETAINED_SINGLE_BOUNDARY_UNIQUE"
3,A481,2,483,"3365.03372627464;-605.81295403721;3011.27643085366","5000;-514.068744165381;4019.84708744789","3365.03372627464;-605.81295403721;3011.27643085366","7615.64627470073;-367.294829233285;5633.37522138438","-5000;-514.068744165381;4019.84708744789","-3411.10095297854;-424.909542548986;5000",1869.02361591366,"-10000;-0;-0","X>Z","RETAINED_SINGLE_BOUNDARY_UNIQUE"
3,A481,3,483,"3365.03372627464;-605.81295403721;3011.27643085366","5000;-514.068744165381;4019.84708744789","3365.03372627464;-605.81295403721;3011.27643085366","7615.64627470073;-367.294829233285;5633.37522138438","-3411.10095297854;-424.909542548986;-5000","-2384.35372529927;-367.294829233285;-4366.62477861562",1207.7638410721,"-10000;-0;-10000","X>Z","RETAINED_SINGLE_BOUNDARY_UNIQUE"
3,A482,1,484,"3381.85542786493;-2559.68555181577;-734.934673134409","5000;-1568.74135130602;-712.470563064057","3381.85542786493;-2559.68555181577;-734.934673134409","7645.52745964923;51.3673451435477;-675.743671616228","3381.85542786493;-2559.68555181577;-734.934673134409","5000;-1568.74135130602;-712.470563064057",1897.59503084703,"-0;-0;-0","X","RETAINED_SINGLE_BOUNDARY_UNIQUE"
3,A482,2,484,"3381.85542786493;-2559.68555181577;-734.934673134409","5000;-1568.74135130602;-712.470563064057","3381.85542786493;-2559.68555181577;-734.934673134409","7645.52745964923;51.3673451435477;-675.743671616228","-5000;-1568.74135130602;-712.470563064057","-2354.47254035077;51.3673451435479;-675.743671616228",3102.40496915297,"-10000;-0;-0","X","RETAINED_SINGLE_BOUNDARY_UNIQUE"
3,A483,1,485,"3389.22068789153;2270.03689230683;645.133714541248","4142.41065939442;889.314218774148;5000","3389.22068789153;2270.03689230683;645.133714541248","4202.56947419117;779.033090844388;5347.83202677109","3389.22068789153;2270.03689230683;645.133714541248","4142.41065939442;889.314218774148;5000",4630.17824695822,"-0;-0;-0","Z","RETAINED_SINGLE_BOUNDARY_UNIQUE"
3,A483,2,485,"3389.22068789153;2270.03689230683;645.133714541248","4142.41065939442;889.314218774148;5000","3389.22068789153;2270.03689230683;645.133714541248","4202.56947419117;779.033090844388;5347.83202677109","4142.41065939442;889.314218774148;-5000","4202.56947419117;779.033090844388;-4652.16797322891",369.821753041782,"-0;-0;-10000","Z","RETAINED_SINGLE_BOUNDARY_UNIQUE"
3,A484,1,486,"3396.69722447229;2466.46467800159;3432.60710269445","3582.15960574464;-547.671098362899;-552.438596764017","3396.69722447229;2466.46467800159;3432.60710269445","3582.15960574464;-547.671098362899;-552.438596764017","3396.69722447229;2466.46467800159;3432.60710269445","3582.15960574464;-547.671098362899;-552.438596764017",5000,"-0;-0;-0","NONE","DIRECT_FULL"
3,A485,1,487,"3442.30249221077;-4498.08055405593;3039.05232600151","5000;-4519.66210305138;3025.31565018178","3442.30249221077;-4498.08055405593;3039.05232600151","8441.62832332588;-4567.3450902248;2994.96538491325","3442.30249221077;-4498.08055405593;3039.05232600151","5000;-4519.66210305138;3025.31565018178",1557.90756635058,"-0;-0;-0","X","RETAINED_SINGLE_BOUNDARY_UNIQUE"
3,A485,2,487,"3442.30249221077;-4498.08055405593;3039.05232600151","5000;-4519.66210305138;3025.31565018178","3442.30249221077;-4498.08055405593;3039.05232600151","8441.62832332588;-4567.3450902248;2994.96538491325","-5000;-4519.66210305138;3025.31565018178","-1558.37167667412;-4567.3450902248;2994.96538491325",3442.09243364942,"-10000;-0;-0","X","RETAINED_SINGLE_BOUNDARY_UNIQUE"
3,A487,1,489,"3465.18583464852;2343.86674548717;4333.74941344652","3771.44232067619;1502.87741477568;-585.492795511629","3465.18583464852;2343.86674548717;4333.74941344652","3771.44232067619;1502.87741477568;-585.492795511629","3465.18583464852;2343.86674548717;4333.74941344652","3771.44232067619;1502.87741477568;-585.492795511629",5000,"-0;-0;-0","NONE","DIRECT_FULL"
3,A489,1,491,"3509.60898672962;2590.92582646438;-3055.11953957641","5000;2297.16565005442;-2351.88553803245","3509.60898672962;2590.92582646438;-3055.11953957641","7961.3360595183;1713.47815093002;-954.593023176367","3509.60898672962;2590.92582646438;-3055.11953957641","5000;2297.16565005442;-2351.88553803245",1673.94697484988,"-0;-0;-0","X","RETAINED_SINGLE_BOUNDARY_UNIQUE"
3,A489,2,491,"3509.60898672962;2590.92582646438;-3055.11953957641","5000;2297.16565005442;-2351.88553803245","3509.60898672962;2590.92582646438;-3055.11953957641","7961.3360595183;1713.47815093002;-954.593023176367","-5000;2297.16565005442;-2351.88553803245","-2038.6639404817;1713.47815093002;-954.593023176367",3326.05302515012,"-10000;-0;-0","X","RETAINED_SINGLE_BOUNDARY_UNIQUE"
3,A490,1,492,"3512.87592410012;-3908.89270220084;833.536155343552","5000;-3934.96314704756;923.476102249517","3512.87592410012;-3908.89270220084;833.536155343552","8502.99267633444;-3996.37334061973;1135.33399657542","3512.87592410012;-3908.89270220084;833.536155343552","5000;-3934.96314704756;923.476102249517",1490.06942095495,"-0;-0;-0","X","RETAINED_SINGLE_BOUNDARY_UNIQUE"
3,A490,2,492,"3512.87592410012;-3908.89270220084;833.536155343552","5000;-3934.96314704756;923.476102249517","3512.87592410012;-3908.89270220084;833.536155343552","8502.99267633444;-3996.37334061973;1135.33399657542","-5000;-3934.96314704756;923.476102249517","-1497.00732366556;-3996.37334061973;1135.33399657542",3509.93057904505,"-10000;-0;-0","X","RETAINED_SINGLE_BOUNDARY_UNIQUE"
3,A491,1,493,"3529.52302702487;-1770.42110056799;-1042.75460219955","5000;-1730.49364760457;-1584.90290947253","3529.52302702487;-1770.42110056799;-1042.75460219955","8219.30941139707;-1643.08063301095;-2771.82605077521","3529.52302702487;-1770.42110056799;-1042.75460219955","5000;-1730.49364760457;-1584.90290947253",1567.74408518393,"-0;-0;-0","X","RETAINED_SINGLE_BOUNDARY_UNIQUE"
3,A491,2,493,"3529.52302702487;-1770.42110056799;-1042.75460219955","5000;-1730.49364760457;-1584.90290947253","3529.52302702487;-1770.42110056799;-1042.75460219955","8219.30941139707;-1643.08063301095;-2771.82605077521","-5000;-1730.49364760457;-1584.90290947253","-1780.69058860293;-1643.08063301095;-2771.82605077521",3432.25591481607,"-10000;-0;-0","X","RETAINED_SINGLE_BOUNDARY_UNIQUE"
3,A492,1,494,"3577.94567223215;-517.485852962534;3925.85781203698","3594.70813274764;-679.216648260341;5000","3577.94567223215;-517.485852962534;3925.85781203698","3655.09398305123;-1261.8430225512;8869.53868181607","3577.94567223215;-517.485852962534;3925.85781203698","3594.70813274764;-679.216648260341;5000",1086.37897171852,"-0;-0;-0","Z","RETAINED_SINGLE_BOUNDARY_UNIQUE"
3,A492,2,494,"3577.94567223215;-517.485852962534;3925.85781203698","3594.70813274764;-679.216648260341;5000","3577.94567223215;-517.485852962534;3925.85781203698","3655.09398305123;-1261.8430225512;8869.53868181607","3594.70813274764;-679.216648260341;-5000","3655.09398305123;-1261.8430225512;-1130.46131818393",3913.62102828149,"-0;-0;-10000","Z","RETAINED_SINGLE_BOUNDARY_UNIQUE"
3,A493,1,495,"3585.07779964407;5000;-2721.12122547492","4585.08530857369;2064.88596083319;-2888.13796453094","4585.08530857369;2064.88596083319;-2888.13796453094","2974.91581199982;6790.88156849692;-2619.21472521138","4585.08530857369;2064.88596083319;-2888.13796453094","3585.07779964407;5000;-2721.12122547492",3105.28646536107,"-0;-0;-0","Y","RETAINED_SINGLE_BOUNDARY_UNIQUE"
3,A493,2,495,"3585.07779964407;5000;-2721.12122547492","4585.08530857369;2064.88596083319;-2888.13796453094","4585.08530857369;2064.88596083319;-2888.13796453094","2974.91581199982;6790.88156849692;-2619.21472521138","3585.07779964407;-5000;-2721.12122547492","2974.91581199982;-3209.11843150308;-2619.21472521138",1894.71353463893,"-0;-10000;-0","Y","RETAINED_SINGLE_BOUNDARY_UNIQUE"
3,A494,1,496,"3594.70813274764;-679.216648260341;-5000","3655.09398305125;-1261.8430225512;-1130.46131818393","3655.09398305125;-1261.8430225512;-1130.46131818393","3577.94567223214;-517.485852962534;-6074.14218796302","3655.09398305125;-1261.8430225512;-1130.46131818393","3594.70813274764;-679.216648260341;-5000",3913.62102828149,"-0;-0;-0","Z","RETAINED_SINGLE_BOUNDARY_UNIQUE"
3,A494,2,496,"3594.70813274764;-679.216648260341;-5000","3655.09398305125;-1261.8430225512;-1130.46131818393","3655.09398305125;-1261.8430225512;-1130.46131818393","3577.94567223214;-517.485852962534;-6074.14218796302","3594.70813274764;-679.216648260341;5000","3577.94567223214;-517.485852962534;3925.85781203698",1086.37897171851,"-0;-0;10000","Z","RETAINED_SINGLE_BOUNDARY_UNIQUE"
3,A495,1,497,"3618.82653707032;5000;-3859.51850674994","3742.11239753227;4384.36206438889;-4012.0695623134","3742.11239753227;4384.36206438889;-4012.0695623134","2788.07639586738;9148.41815616533;-2831.56760893294","3742.11239753227;4384.36206438889;-4012.0695623134","3618.82653707032;5000;-3859.51850674994",646.127925187326,"-0;-0;-0","Y","RETAINED_SINGLE_BOUNDARY_UNIQUE"
3,A495,2,497,"3618.82653707032;5000;-3859.51850674994","3742.11239753227;4384.36206438889;-4012.0695623134","3742.11239753227;4384.36206438889;-4012.0695623134","2788.07639586738;9148.41815616533;-2831.56760893294","3618.82653707032;-5000;-3859.51850674994","2788.07639586738;-851.581843834672;-2831.56760893294",4353.87207481267,"-0;-10000;-0","Y","RETAINED_SINGLE_BOUNDARY_UNIQUE"
3,A497,1,499,"3708.81963961953;73.4954595251484;2118.95903323431","5000;1046.11706766861;1788.56189644159","3708.81963961953;73.4954595251484;2118.95903323431","7621.62984041104;3020.94096491726;1117.71913924001","3708.81963961953;73.4954595251484;2118.95903323431","5000;1046.11706766861;1788.56189644159",1649.93993334928,"-0;-0;-0","X","RETAINED_SINGLE_BOUNDARY_UNIQUE"
3,A497,2,499,"3708.81963961953;73.4954595251484;2118.95903323431","5000;1046.11706766861;1788.56189644159","3708.81963961953;73.4954595251484;2118.95903323431","7621.62984041104;3020.94096491726;1117.71913924001","-5000;1046.11706766861;1788.56189644159","-2378.37015958896;3020.94096491726;1117.71913924001",3350.06006665072,"-10000;-0;-0","X","RETAINED_SINGLE_BOUNDARY_UNIQUE"
3,A498,1,500,"3834.62293655403;-506.295200470953;2125.67594923218","5000;-424.768298245947;2438.90343590154","3834.62293655403;-506.295200470953;2125.67594923218","8652.26823599072;-169.264629335;3420.55206799232","3834.62293655403;-506.295200470953;2125.67594923218","5000;-424.768298245947;2438.90343590154",1209.48823648581,"-0;-0;-0","X","RETAINED_SINGLE_BOUNDARY_UNIQUE"
3,A498,2,500,"3834.62293655403;-506.295200470953;2125.67594923218","5000;-424.768298245947;2438.90343590154","3834.62293655403;-506.295200470953;2125.67594923218","8652.26823599072;-169.264629335;3420.55206799232","-5000;-424.768298245947;2438.90343590154","-1347.73176400928;-169.264629335;3420.55206799232",3790.51176351419,"-10000;-0;-0","X","RETAINED_SINGLE_BOUNDARY_UNIQUE"
3,A499,1,501,"3864.28520273758;319.864290043192;-282.432451387936","5000;365.573051258324;-447.706374220298","3864.28520273758;319.864290043192;-282.432451387936","8808.24882134474;518.842460481698;-1001.89852117701","3864.28520273758;319.864290043192;-282.432451387936","5000;365.573051258324;-447.706374220298",1148.58733283153,"-0;-0;-0","X","RETAINED_SINGLE_BOUNDARY_UNIQUE"
3,A499,2,501,"3864.28520273758;319.864290043192;-282.432451387936","5000;365.573051258324;-447.706374220298","3864.28520273758;319.864290043192;-282.432451387936","8808.24882134474;518.842460481698;-1001.89852117701","-5000;365.573051258324;-447.706374220298","-1191.75117865526;518.842460481698;-1001.89852117701",3851.41266716847,"-10000;-0;-0","X","RETAINED_SINGLE_BOUNDARY_UNIQUE"
3,A500,1,502,"3871.62491870093;844.90849683124;-4276.14084971973","5000;-164.470951784556;-3645.76776975669","3871.62491870093;844.90849683124;-4276.14084971973","7311.89043635041;-2232.55516649171;-2354.21718604344","3871.62491870093;844.90849683124;-4276.14084971973","5000;-164.470951784556;-3645.76776975669",1639.95347962273,"-0;-0;-0","X","RETAINED_SINGLE_BOUNDARY_UNIQUE"
3,A500,2,502,"3871.62491870093;844.90849683124;-4276.14084971973","5000;-164.470951784556;-3645.76776975669","3871.62491870093;844.90849683124;-4276.14084971973","7311.89043635041;-2232.55516649171;-2354.21718604344","-5000;-164.470951784556;-3645.76776975669","-2688.10956364959;-2232.55516649171;-2354.21718604344",3360.04652037727,"-10000;-0;-0","X","RETAINED_SINGLE_BOUNDARY_UNIQUE"
3,A501,1,503,"3872.16250000045;4296.49481642619;2348.90129974546","5000;3254.23450499493;1899.31110932199","3872.16250000045;4296.49481642619;2348.90129974546","7396.3412955833;1039.72095580789;944.056882182574","3872.16250000045;4296.49481642619;2348.90129974546","5000;3254.23450499493;1899.31110932199",1600.14228195965,"-0;-0;-0","X","RETAINED_SINGLE_BOUNDARY_UNIQUE"
3,A501,2,503,"3872.16250000045;4296.49481642619;2348.90129974546","5000;3254.23450499493;1899.31110932199","3872.16250000045;4296.49481642619;2348.90129974546","7396.3412955833;1039.72095580789;944.056882182574","-5000;3254.23450499493;1899.31110932199","-2603.6587044167;1039.72095580789;944.056882182574",3399.85771804035,"-10000;-0;-0","X","RETAINED_SINGLE_BOUNDARY_UNIQUE"
3,A502,1,504,"3888.74551072484;-31.3664051409514;1617.80884706797","5000;219.832056652714;1547.39993402217","3888.74551072484;-31.3664051409514;1617.80884706797","8756.40907779937;1068.96624807132;1309.3944342237","3888.74551072484;-31.3664051409514;1617.80884706797","5000;219.832056652714;1547.39993402217",1141.4659969434,"-0;-0;-0","X","RETAINED_SINGLE_BOUNDARY_UNIQUE"
3,A502,2,504,"3888.74551072484;-31.3664051409514;1617.80884706797","5000;219.832056652714;1547.39993402217","3888.74551072484;-31.3664051409514;1617.80884706797","8756.40907779937;1068.96624807132;1309.3944342237","-5000;219.832056652714;1547.39993402217","-1243.59092220063;1068.96624807132;1309.3944342237",3858.5340030566,"-10000;-0;-0","X","RETAINED_SINGLE_BOUNDARY_UNIQUE"
3,A503,1,505,"3907.247749323;4051.68894718334;-4381.70758343813","4523.28809233018;5000;-4039.04505271087","3907.247749323;4051.68894718334;-4381.70758343813","6514.01749298811;8064.45951996522;-2931.73384790775","3907.247749323;4051.68894718334;-4381.70758343813","4523.28809233018;5000;-4039.04505271087",1181.61633666392,"-0;-0;-0","Y>X","RETAINED_SINGLE_BOUNDARY_UNIQUE"
3,A503,2,505,"3907.247749323;4051.68894718334;-4381.70758343813","4523.28809233018;5000;-4039.04505271087","3907.247749323;4051.68894718334;-4381.70758343813","6514.01749298811;8064.45951996522;-2931.73384790775","4523.28809233018;-5000;-4039.04505271087","5000;-4266.16628897089;-3773.88172280204",914.372872457015,"-0;-10000;-0","Y>X","RETAINED_SINGLE_BOUNDARY_UNIQUE"
3,A503,3,505,"3907.247749323;4051.68894718334;-4381.70758343813","4523.28809233018;5000;-4039.04505271087","3907.247749323;4051.68894718334;-4381.70758343813","6514.01749298811;8064.45951996522;-2931.73384790775","-5000;-4266.16628897089;-3773.88172280204","-3485.9825070119;-1935.54048003478;-2931.73384790775",2904.01079087907,"-10000;-10000;-0","Y>X","RETAINED_SINGLE_BOUNDARY_UNIQUE"
3,A504,1,506,"3941.97856997146;-2592.1566237605;4508.83742012003","5000;-1885.81724045037;4304.47317215295","3941.97856997146;-2592.1566237605;4508.83742012003","8047.78743644732;148.897971568056;3715.77168678108","3941.97856997146;-2592.1566237605;4508.83742012003","5000;-1885.81724045037;4304.47317215295",1288.44457259974,"-0;-0;-0","X","RETAINED_SINGLE_BOUNDARY_UNIQUE"
3,A504,2,506,"3941.97856997146;-2592.1566237605;4508.83742012003","5000;-1885.81724045037;4304.47317215295","3941.97856997146;-2592.1566237605;4508.83742012003","8047.78743644732;148.897971568056;3715.77168678108","-5000;-1885.81724045037;4304.47317215295","-1952.21256355268;148.897971568056;3715.77168678108",3711.55542740026,"-10000;-0;-0","X","RETAINED_SINGLE_BOUNDARY_UNIQUE"
3,A505,1,507,"3965.33559940482;-4944.15626562438;-316.987420275041","5000;-4866.08250706701;-1349.01698940725","3965.33559940482;-4944.15626562438;-316.987420275041","7500.33285472774;-4677.41226432861;-3842.98260498987","3965.33559940482;-4944.15626562438;-316.987420275041","5000;-4866.08250706701;-1349.01698940725",1463.45856285631,"-0;-0;-0","X","RETAINED_SINGLE_BOUNDARY_UNIQUE"
3,A505,2,507,"3965.33559940482;-4944.15626562438;-316.987420275041","5000;-4866.08250706701;-1349.01698940725","3965.33559940482;-4944.15626562438;-316.987420275041","7500.33285472774;-4677.41226432861;-3842.98260498987","-5000;-4866.08250706701;-1349.01698940725","-2499.66714527226;-4677.41226432861;-3842.98260498987",3536.54143714369,"-10000;-0;-0","X","RETAINED_SINGLE_BOUNDARY_UNIQUE"
3,A506,1,508,"3966.59987515512;-1723.44607031509;1110.01620415164","5000;-1690.28799022273;1083.3790173988","3966.59987515512;-1723.44607031509;1110.01620415164","8962.37036816622;-1563.1498267326;981.243942181341","3966.59987515512;-1723.44607031509;1110.01620415164","5000;-1690.28799022273;1083.3790173988",1034.27501952959,"-0;-0;-0","X","RETAINED_SINGLE_BOUNDARY_UNIQUE"
3,A506,2,508,"3966.59987515512;-1723.44607031509;1110.01620415164","5000;-1690.28799022273;1083.3790173988","3966.59987515512;-1723.44607031509;1110.01620415164","8962.37036816622;-1563.1498267326;981.243942181341","-5000;-1690.28799022273;1083.3790173988","-1037.62963183378;-1563.1498267326;981.243942181341",3965.72498047041,"-10000;-0;-0","X","RETAINED_SINGLE_BOUNDARY_UNIQUE"
3,A507,1,509,"3997.33005539518;936.385010562742;3995.20101820592","5000;749.662862224878;3843.64876445069","3997.33005539518;936.385010562742;3995.20101820592","8859.43746017508;30.939360221889;3260.29982847813","3997.33005539518;936.385010562742;3995.20101820592","5000;749.662862224878;3843.64876445069",1031.10633016776,"-0;-0;-0","X","RETAINED_SINGLE_BOUNDARY_UNIQUE"
3,A507,2,509,"3997.33005539518;936.385010562742;3995.20101820592","5000;749.662862224878;3843.64876445069","3997.33005539518;936.385010562742;3995.20101820592","8859.43746017508;30.939360221889;3260.29982847813","-5000;749.662862224878;3843.64876445069","-1140.56253982492;30.939360221889;3260.29982847813",3968.89366983224,"-10000;-0;-0","X","RETAINED_SINGLE_BOUNDARY_UNIQUE"
3,A508,1,510,"4007.62434656254;3580.26727887345;1467.64157531646","5000;4268.99144661317;2473.37106164901","4007.62434656254;3580.26727887345;1467.64157531646","7164.38152144688;5771.10595019483;4666.87743018228","4007.62434656254;3580.26727887345;1467.64157531646","5000;4268.99144661317;2473.37106164901",1571.82766753958,"-0;-0;-0","X>Y","RETAINED_SINGLE_BOUNDARY_UNIQUE"
3,A508,2,510,"4007.62434656254;3580.26727887345;1467.64157531646","5000;4268.99144661317;2473.37106164901","4007.62434656254;3580.26727887345;1467.64157531646","7164.38152144688;5771.10595019483;4666.87743018228","-5000;4268.99144661317;2473.37106164901","-3946.69720504163;5000;3540.84755127944",1668.33040459782,"-10000;-0;-0","X>Y","RETAINED_SINGLE_BOUNDARY_UNIQUE"
3,A508,3,510,"4007.62434656254;3580.26727887345;1467.64157531646","5000;4268.99144661317;2473.37106164901","4007.62434656254;3580.26727887345;1467.64157531646","7164.38152144688;5771.10595019483;4666.87743018228","-3946.69720504163;-5000;3540.84755127944","-2835.61847855312;-4228.89404980517;4666.87743018228",1759.84192786259,"-10000;-10000;-0","X>Y","RETAINED_SINGLE_BOUNDARY_UNIQUE"
3,A509,1,511,"4021.40006053063;-1357.76387813387;2505.56433286008","5000;-1770.83504212766;2589.6427585874","4021.40006053063;-1357.76387813387;2505.56433286008","8613.47944105767;-3296.09996253494;2900.10227380759","4021.40006053063;-1357.76387813387;2505.56433286008","5000;-1770.83504212766;2589.6427585874",1065.53029507632,"-0;-0;-0","X","RETAINED_SINGLE_BOUNDARY_UNIQUE"
3,A509,2,511,"4021.40006053063;-1357.76387813387;2505.56433286008","5000;-1770.83504212766;2589.6427585874","4021.40006053063;-1357.76387813387;2505.56433286008","8613.47944105767;-3296.09996253494;2900.10227380759","-5000;-1770.83504212766;2589.6427585874","-1386.52055894233;-3296.09996253494;2900.10227380759",3934.46970492368,"-10000;-0;-0","X","RETAINED_SINGLE_BOUNDARY_UNIQUE"
3,A510,1,512,"4049.46947707715;1819.36027626139;-2766.319343881","5000;3498.43532509654;-3572.39428580983","4049.46947707715;1819.36027626139;-2766.319343881","6322.30640431312;5834.23794989798;-4693.74497614987","4049.46947707715;1819.36027626139;-2766.319343881","5000;3498.43532509654;-3572.39428580983",2091.06626069915,"-0;-0;-0","X>Y","RETAINED_SINGLE_BOUNDARY_UNIQUE"
3,A510,2,512,"4049.46947707715;1819.36027626139;-2766.319343881","5000;3498.43532509654;-3572.39428580983","4049.46947707715;1819.36027626139;-2766.319343881","6322.30640431312;5834.23794989798;-4693.74497614987","-5000;3498.43532509654;-3572.39428580983","-4149.95874864043;5000;-4293.2516762909",1870.00052923577,"-10000;-0;-0","X>Y","RETAINED_SINGLE_BOUNDARY_UNIQUE"
3,A510,3,512,"4049.46947707715;1819.36027626139;-2766.319343881","5000;3498.43532509654;-3572.39428580983","4049.46947707715;1819.36027626139;-2766.319343881","6322.30640431312;5834.23794989798;-4693.74497614987","-4149.95874864043;-5000;-4293.2516762909","-3677.69359568688;-4165.76205010202;-4693.74497614987",1038.93321006508,"-10000;-10000;-0","X>Y","RETAINED_SINGLE_BOUNDARY_UNIQUE"
3,A512,1,514,"4116.00215602141;-2323.41298522058;2932.9824985829","5000;-1980.646304769;3104.21465993047","4116.00215602141;-2323.41298522058;2932.9824985829","8703.60706294568;-544.587260835784;3821.61080121074","4116.00215602141;-2323.41298522058;2932.9824985829","5000;-1980.646304769;3104.21465993047",963.4633560579,"-0;-0;-0","X","RETAINED_SINGLE_BOUNDARY_UNIQUE"
3,A512,2,514,"4116.00215602141;-2323.41298522058;2932.9824985829","5000;-1980.646304769;3104.21465993047","4116.00215602141;-2323.41298522058;2932.9824985829","8703.60706294568;-544.587260835784;3821.61080121074","-5000;-1980.646304769;3104.21465993047","-1296.39293705432;-544.587260835784;3821.61080121074",4036.5366439421,"-10000;-0;-0","X","RETAINED_SINGLE_BOUNDARY_UNIQUE"
3,A513,1,515,"4116.20353736329;-1155.42203826977;-5000","4855.53160722755;-1160.59520774185;-3977.39836791464","4855.53160722755;-1160.59520774185;-3977.39836791464","1926.06627797376;-1140.0973783904;-8029.28838662096","4855.53160722755;-1160.59520774185;-3977.39836791464","4116.20353736329;-1155.42203826977;-5000",1261.8822665032,"-0;-0;-0","Z","RETAINED_SINGLE_BOUNDARY_UNIQUE"
3,A513,2,515,"4116.20353736329;-1155.42203826977;-5000","4855.53160722755;-1160.59520774185;-3977.39836791464","4855.53160722755;-1160.59520774185;-3977.39836791464","1926.06627797376;-1140.0973783904;-8029.28838662096","4116.20353736329;-1155.42203826977;5000","1926.06627797376;-1140.0973783904;1970.71161337905",3738.1177334968,"-0;-0;10000","Z","RETAINED_SINGLE_BOUNDARY_UNIQUE"
3,A514,1,516,"4117.8861574476;3795.58849197618;-3708.86649677219","5000;3806.1067662756;-3937.37836358058","4117.8861574476;3795.58849197618;-3708.86649677219","8957.79382138928;3853.29927026518;-4962.64609087469","4117.8861574476;3795.58849197618;-3708.86649677219","5000;3806.1067662756;-3937.37836358058",911.292016089822,"-0;-0;-0","X","RETAINED_SINGLE_BOUNDARY_UNIQUE"
3,A514,2,516,"4117.8861574476;3795.58849197618;-3708.86649677219","5000;3806.1067662756;-3937.37836358058","4117.8861574476;3795.58849197618;-3708.86649677219","8957.79382138928;3853.29927026518;-4962.64609087469","-5000;3806.1067662756;-3937.37836358058","-1042.20617861072;3853.29927026518;-4962.64609087469",4088.70798391018,"-10000;-0;-0","X","RETAINED_SINGLE_BOUNDARY_UNIQUE"
3,A515,1,517,"4193.64451642271;2188.20628558915;846.644790811998","5000;2627.09113694637;1730.26194557632","4193.64451642271;2188.20628558915;846.644790811998","7357.7861070763;3910.39189723333;4313.96143532861","4193.64451642271;2188.20628558915;846.644790811998","5000;2627.09113694637;1730.26194557632",1274.20891334185,"-0;-0;-0","X","RETAINED_SINGLE_BOUNDARY_UNIQUE"
3,A515,2,517,"4193.64451642271;2188.20628558915;846.644790811998","5000;2627.09113694637;1730.26194557632","4193.64451642271;2188.20628558915;846.644790811998","7357.7861070763;3910.39189723333;4313.96143532861","-5000;2627.09113694637;1730.26194557632","-2642.2138929237;3910.39189723333;4313.96143532861",3725.79108665815,"-10000;-0;-0","X","RETAINED_SINGLE_BOUNDARY_UNIQUE"
3,A516,1,518,"4203.73277612177;-1221.95108410427;-3535.95774239944","5000;-1099.7597181318;-3498.00726232382","4203.73277612177;-1221.95108410427;-3535.95774239944","9140.40641810757;-464.392719794675;-3300.67349476014","4203.73277612177;-1221.95108410427;-3535.95774239944","5000;-1099.7597181318;-3498.00726232382",806.481531517574,"-0;-0;-0","X","RETAINED_SINGLE_BOUNDARY_UNIQUE"
3,A516,2,518,"4203.73277612177;-1221.95108410427;-3535.95774239944","5000;-1099.7597181318;-3498.00726232382","4203.73277612177;-1221.95108410427;-3535.95774239944","9140.40641810757;-464.392719794675;-3300.67349476014","-5000;-1099.7597181318;-3498.00726232382","-859.593581892426;-464.392719794675;-3300.67349476014",4193.51846848243,"-10000;-0;-0","X","RETAINED_SINGLE_BOUNDARY_UNIQUE"
3,A517,1,519,"4207.5945219733;2069.91400679435;467.110873810386","5000;1627.86460746779;450.994674718855","4207.5945219733;2069.91400679435;467.110873810386","8573.41828760042;-365.593857143036;378.317336970382","4207.5945219733;2069.91400679435;467.110873810386","5000;1627.86460746779;450.994674718855",907.509694121695,"-0;-0;-0","X","RETAINED_SINGLE_BOUNDARY_UNIQUE"
3,A517,2,519,"4207.5945219733;2069.91400679435;467.110873810386","5000;1627.86460746779;450.994674718855","4207.5945219733;2069.91400679435;467.110873810386","8573.41828760042;-365.593857143036;378.317336970382","-5000;1627.86460746779;450.994674718855","-1426.58171239958;-365.593857143036;378.317336970382",4092.4903058783,"-10000;-0;-0","X","RETAINED_SINGLE_BOUNDARY_UNIQUE"
3,A518,1,520,"4219.88009867758;598.353222358301;4781.78126632245","4695.81841566927;859.259921486391;5000","4219.88009867758;598.353222358301;4781.78126632245","8287.8240394028;2828.37713075327;6646.94224144062","4219.88009867758;598.353222358301;4781.78126632245","4695.81841566927;859.259921486391;5000",584.986327155286,"-0;-0;-0","Z>X","RETAINED_SINGLE_BOUNDARY_UNIQUE"
3,A518,2,520,"4219.88009867758;598.353222358301;4781.78126632245","4695.81841566927;859.259921486391;5000","4219.88009867758;598.353222358301;4781.78126632245","8287.8240394028;2828.37713075327;6646.94224144062","4695.81841566927;859.259921486391;-5000","5000;1026.01054918311;-4860.53209466251",373.876322735782,"-0;-0;-10000","Z>X","RETAINED_SINGLE_BOUNDARY_UNIQUE"
3,A518,3,520,"4219.88009867758;598.353222358301;4781.78126632245","4695.81841566927;859.259921486391;5000","4219.88009867758;598.353222358301;4781.78126632245","8287.8240394028;2828.37713075327;6646.94224144062","-5000;1026.01054918311;-4860.53209466251","-1712.1759605972;2828.37713075327;-3353.05775855938",4041.13735010893,"-10000;-0;-10000","Z>X","RETAINED_SINGLE_BOUNDARY_UNIQUE"
3,A519,1,521,"4264.91944510701;2719.66656545626;-2717.73697995722","5000;2685.05139773563;-3256.3901885425","4264.91944510701;2719.66656545626;-2717.73697995722","8295.09981451955;2529.88414160761;-5670.97737342335","4264.91944510701;2719.66656545626;-2717.73697995722","5000;2685.05139773563;-3256.3901885425",911.969797272547,"-0;-0;-0","X>Z","RETAINED_SINGLE_BOUNDARY_UNIQUE"
3,A519,2,521,"4264.91944510701;2719.66656545626;-2717.73697995722","5000;2685.05139773563;-3256.3901885425","4264.91944510701;2719.66656545626;-2717.73697995722","8295.09981451955;2529.88414160761;-5670.97737342335","-5000;2685.05139773563;-3256.3901885425","-2620.55874300037;2573.00278259519;-5000",2952.02824550811,"-10000;-0;-0","X>Z","RETAINED_SINGLE_BOUNDARY_UNIQUE"
3,A519,3,521,"4264.91944510701;2719.66656545626;-2717.73697995722","5000;2685.05139773563;-3256.3901885425","4264.91944510701;2719.66656545626;-2717.73697995722","8295.09981451955;2529.88414160761;-5670.97737342335","-2620.55874300037;2573.00278259519;5000","-1704.90018548045;2529.88414160761;4329.02262657665",1136.00195721934,"-10000;-0;10000","X>Z","RETAINED_SINGLE_BOUNDARY_UNIQUE"
3,A520,1,522,"4282.87138818864;-1914.2426538574;-120.190611144002","5000;-2564.86128944441;-1330.47391306341","4282.87138818864;-1914.2426538574;-120.190611144002","6596.25510143776;-4013.07197165804;-4024.44102447743","4282.87138818864;-1914.2426538574;-120.190611144002","5000;-2564.86128944441;-1330.47391306341",1549.95603994324,"-0;-0;-0","X","RETAINED_SINGLE_BOUNDARY_UNIQUE"
3,A520,2,522,"4282.87138818864;-1914.2426538574;-120.190611144002","5000;-2564.86128944441;-1330.47391306341","4282.87138818864;-1914.2426538574;-120.190611144002","6596.25510143776;-4013.07197165804;-4024.44102447743","-5000;-2564.86128944441;-1330.47391306341","-3403.74489856224;-4013.07197165804;-4024.44102447743",3450.04396005676,"-10000;-0;-0","X","RETAINED_SINGLE_BOUNDARY_UNIQUE"
3,A521,1,523,"4290.87680487786;-1961.10631399335;-4070.08071759942","5000;-2432.17457103533;-3042.63852110194","4290.87680487786;-1961.10631399335;-4070.08071759942","6948.13092206936;-3726.31167480153;-220.009212959161","4290.87680487786;-1961.10631399335;-4070.08071759942","5000;-2432.17457103533;-3042.63852110194",1334.31573317426,"-0;-0;-0","X","RETAINED_SINGLE_BOUNDARY_UNIQUE"
3,A521,2,523,"4290.87680487786;-1961.10631399335;-4070.08071759942","5000;-2432.17457103533;-3042.63852110194","4290.87680487786;-1961.10631399335;-4070.08071759942","6948.13092206936;-3726.31167480153;-220.009212959161","-5000;-2432.17457103533;-3042.63852110194","-3051.86907793064;-3726.31167480153;-220.009212959161",3665.68426682574,"-10000;-0;-0","X","RETAINED_SINGLE_BOUNDARY_UNIQUE"
3,A522,1,524,"4299.79896780538;1349.80283907628;1835.79803419742","5000;2079.61755137113;2353.86167246439","4299.79896780538;1349.80283907628;1835.79803419742","7380.70901555297;4561.01415799684;4115.29691397877","4299.79896780538;1349.80283907628;1835.79803419742","5000;2079.61755137113;2353.86167246439",1136.35422869052,"-0;-0;-0","X","RETAINED_SINGLE_BOUNDARY_UNIQUE"
3,A522,2,524,"4299.79896780538;1349.80283907628;1835.79803419742","5000;2079.61755137113;2353.86167246439","4299.79896780538;1349.80283907628;1835.79803419742","7380.70901555297;4561.01415799684;4115.29691397877","-5000;2079.61755137113;2353.86167246439","-2619.29098444703;4561.01415799684;4115.29691397877",3863.64577130948,"-10000;-0;-0","X","RETAINED_SINGLE_BOUNDARY_UNIQUE"
3,A523,1,525,"4321.64254992263;2847.06674126333;401.469916902103","5000;2818.62465634076;378.700572215921","4321.64254992263;2847.06674126333;401.469916902103","9314.44665618272;2637.72908546577;233.884409242307","4321.64254992263;2847.06674126333;401.469916902103","5000;2818.62465634076;378.700572215921",679.335134766083,"-0;-0;-0","X","RETAINED_SINGLE_BOUNDARY_UNIQUE"
3,A523,2,525,"4321.64254992263;2847.06674126333;401.469916902103","5000;2818.62465634076;378.700572215921","4321.64254992263;2847.06674126333;401.469916902103","9314.44665618272;2637.72908546577;233.884409242307","-5000;2818.62465634076;378.700572215921","-685.553343817282;2637.72908546577;233.884409242307",4320.66486523392,"-10000;-0;-0","X","RETAINED_SINGLE_BOUNDARY_UNIQUE"
3,A524,1,526,"4325.20163426424;-1412.75606927509;-1448.18219569766","5000;-4113.79464480424;-1483.19311457291","4325.20163426424;-1412.75606927509;-1448.18219569766","5537.00423071558;-6263.27990741842;-1511.05478779547","4325.20163426424;-1412.75606927509;-1448.18219569766","5000;-4113.79464480424;-1483.19311457291",2784.27512744999,"-0;-0;-0","X>Y","RETAINED_SINGLE_BOUNDARY_UNIQUE"
3,A524,2,526,"4325.20163426424;-1412.75606927509;-1448.18219569766","5000;-4113.79464480424;-1483.19311457291","4325.20163426424;-1412.75606927509;-1448.18219569766","5537.00423071558;-6263.27990741842;-1511.05478779547","-5000;-4113.79464480424;-1483.19311457291","-4778.60000563849;-5000;-1494.68012704236",913.515101427663,"-10000;-0;-0","X>Y","RETAINED_SINGLE_BOUNDARY_UNIQUE"
3,A524,3,526,"4325.20163426424;-1412.75606927509;-1448.18219569766","5000;-4113.79464480424;-1483.19311457291","4325.20163426424;-1412.75606927509;-1448.18219569766","5537.00423071558;-6263.27990741842;-1511.05478779547","-4778.60000563849;5000;-1494.68012704236","-4462.99576928442;3736.72009258158;-1511.05478779547",1302.20977112234,"-10000;10000;-0","X>Y","RETAINED_SINGLE_BOUNDARY_UNIQUE"
3,A525,1,527,"4357.51711076798;-4345.88343765612;1246.1786196431","5000;-4209.37005304343;1282.30863091672","4357.51711076798;-4345.88343765612;1246.1786196431","9240.95089679447;-3308.2619136661;1520.79841217021","4357.51711076798;-4345.88343765612;1246.1786196431","5000;-4209.37005304343;1282.30863091672",657.818778121276,"-0;-0;-0","X","RETAINED_SINGLE_BOUNDARY_UNIQUE"
3,A525,2,527,"4357.51711076798;-4345.88343765612;1246.1786196431","5000;-4209.37005304343;1282.30863091672","4357.51711076798;-4345.88343765612;1246.1786196431","9240.95089679447;-3308.2619136661;1520.79841217021","-5000;-4209.37005304343;1282.30863091672","-759.049103205532;-3308.2619136661;1520.79841217021",4342.18122187872,"-10000;-0;-0","X","RETAINED_SINGLE_BOUNDARY_UNIQUE"
3,A526,1,528,"4407.7330623889;4841.08262603594;2760.95781151037","5000;4917.7334003533;2912.43041845257","4407.7330623889;4841.08262603594;2760.95781151037","9214.18634356008;5463.1304600886;3990.21097830278","4407.7330623889;4841.08262603594;2760.95781151037","5000;4917.7334003533;2912.43041845257",616.116399103731,"-0;-0;-0","X>Y","RETAINED_SINGLE_BOUNDARY_UNIQUE"
3,A526,2,528,"4407.7330623889;4841.08262603594;2760.95781151037","5000;4917.7334003533;2912.43041845257","4407.7330623889;4841.08262603594;2760.95781151037","9214.18634356008;5463.1304600886;3990.21097830278","-5000;4917.7334003533;2912.43041845257","-4364.34057614739;5000;3075.00067848886",661.256218116952,"-10000;-0;-0","X>Y","RETAINED_SINGLE_BOUNDARY_UNIQUE"
3,A526,3,528,"4407.7330623889;4841.08262603594;2760.95781151037","5000;4917.7334003533;2912.43041845257","4407.7330623889;4841.08262603594;2760.95781151037","9214.18634356008;5463.1304600886;3990.21097830278","-4364.34057614739;-5000;3075.00067848886","-785.813656439917;-4536.8695399114;3990.21097830278",3722.62738277932,"-10000;-10000;-0","X>Y","RETAINED_SINGLE_BOUNDARY_UNIQUE"
3,A528,1,530,"4446.18561480136;-1294.29525485802;4558.56428408025","5000;-1126.71993264818;4747.84309165573","4446.18561480136;-1294.29525485802;4558.56428408025","8994.71274920411;82.0158712142118;6113.12807879943","4446.18561480136;-1294.29525485802;4558.56428408025","5000;-1126.71993264818;4747.84309165573",608.784304055118,"-0;-0;-0","X>Z","RETAINED_SINGLE_BOUNDARY_UNIQUE"
3,A528,2,530,"4446.18561480136;-1294.29525485802;4558.56428408025","5000;-1126.71993264818;4747.84309165573","4446.18561480136;-1294.29525485802;4558.56428408025","8994.71274920411;82.0158712142118;6113.12807879943","-5000;-1126.71993264818;4747.84309165573","-4262.20940972178;-903.476370917806;5000",811.021423504271,"-10000;-0;-0","X>Z","RETAINED_SINGLE_BOUNDARY_UNIQUE"
3,A528,3,530,"4446.18561480136;-1294.29525485802;4558.56428408025","5000;-1126.71993264818;4747.84309165573","4446.18561480136;-1294.29525485802;4558.56428408025","8994.71274920411;82.0158712142118;6113.12807879943","-4262.20940972178;-903.476370917806;-5000","-1005.28725079589;82.0158712142118;-3886.87192120057",3580.19427244061,"-10000;-0;-10000","X>Z","RETAINED_SINGLE_BOUNDARY_UNIQUE"
3,A529,1,531,"4472.37546899875;-1620.35756654936;-1336.03639488305","5000;-1823.22140012199;290.683235674212","4472.37546899875;-1620.35756654936;-1336.03639488305","6004.26383580022;-2209.34600138376;3386.92990346057","4472.37546899875;-1620.35756654936;-1336.03639488305","5000;-1823.22140012199;290.683235674213",1722.13766497526,"-0;-0;-0","X","RETAINED_SINGLE_BOUNDARY_UNIQUE"
3,A529,2,531,"4472.37546899875;-1620.35756654936;-1336.03639488305","5000;-1823.22140012199;290.683235674212","4472.37546899875;-1620.35756654936;-1336.03639488305","6004.26383580022;-2209.34600138376;3386.92990346057","-5000;-1823.22140012199;290.683235674213","-3995.73616419978;-2209.34600138376;3386.92990346057",3277.86233502474,"-10000;-0;-0","X","RETAINED_SINGLE_BOUNDARY_UNIQUE"
3,A530,1,532,"4484.2193071036;-1361.265828981;2855.42176825384","5000;-1525.23346506892;2224.38202222794","4484.2193071036;-1361.265828981;2855.42176825384","7586.32353140851;-2347.43049850614;-939.894901818636","4484.2193071036;-1361.265828981;2855.42176825384","5000;-1525.23346506892;2224.38202222794",831.340044694939,"-0;-0;-0","X","RETAINED_SINGLE_BOUNDARY_UNIQUE"
3,A530,2,532,"4484.2193071036;-1361.265828981;2855.42176825384","5000;-1525.23346506892;2224.38202222794","4484.2193071036;-1361.265828981;2855.42176825384","7586.32353140851;-2347.43049850614;-939.894901818636","-5000;-1525.23346506892;2224.38202222794","-2413.67646859149;-2347.43049850614;-939.894901818636",4168.65995530506,"-10000;-0;-0","X","RETAINED_SINGLE_BOUNDARY_UNIQUE"
3,A531,1,533,"4506.68923613271;-883.7606239925;39.3922598071495","5000;598.350872167653;-242.484499556541","4506.68923613271;-883.7606239925;39.3922598071495","6060.6372080186;3784.94787024668;-848.530426292623","4506.68923613271;-883.7606239925;39.3922598071495","5000;598.350872167653;-242.484499556541",1587.28211237536,"-0;-0;-0","X","RETAINED_SINGLE_BOUNDARY_UNIQUE"
3,A531,2,533,"4506.68923613271;-883.7606239925;39.3922598071495","5000;598.350872167653;-242.484499556541","4506.68923613271;-883.7606239925;39.3922598071495","6060.6372080186;3784.94787024668;-848.530426292623","-5000;598.350872167653;-242.484499556541","-3939.3627919814;3784.94787024668;-848.530426292623",3412.71788762464,"-10000;-0;-0","X","RETAINED_SINGLE_BOUNDARY_UNIQUE"
3,A533,1,535,"4527.48521921945;-3051.06585963938;-3566.1500096106","5000;-2456.20339955356;-2657.38387812609","4527.48521921945;-3051.06585963938;-3566.1500096106","6522.09759845528;-539.990915338513;269.997026244985","4527.48521921945;-3051.06585963938;-3566.1500096106","5000;-2456.20339955356;-2657.38387812609",1184.47771030474,"-0;-0;-0","X","RETAINED_SINGLE_BOUNDARY_UNIQUE"
3,A533,2,535,"4527.48521921945;-3051.06585963938;-3566.1500096106","5000;-2456.20339955356;-2657.38387812609","4527.48521921945;-3051.06585963938;-3566.1500096106","6522.09759845528;-539.990915338513;269.997026244985","-5000;-2456.20339955356;-2657.38387812609","-3477.90240154472;-539.990915338513;269.997026244985",3815.52228969526,"-10000;-0;-0","X","RETAINED_SINGLE_BOUNDARY_UNIQUE"
3,A534,1,536,"4546.06572458795;-2333.105646127;1439.41223578663","5000;-2429.63780368038;1192.46496680503","4546.06572458795;-2333.105646127;1439.41223578663","8863.51423120501;-3251.23992689054;-909.346550295267","4546.06572458795;-2333.105646127;1439.41223578663","5000;-2429.63780368038;1192.46496680503",525.697382049068,"-0;-0;-0","X","RETAINED_SINGLE_BOUNDARY_UNIQUE"
3,A534,2,536,"4546.06572458795;-2333.105646127;1439.41223578663","5000;-2429.63780368038;1192.46496680503","4546.06572458795;-2333.105646127;1439.41223578663","8863.51423120501;-3251.23992689054;-909.346550295267","-5000;-2429.63780368038;1192.46496680503","-1136.48576879499;-3251.23992689054;-909.346550295267",4474.30261795093,"-10000;-0;-0","X","RETAINED_SINGLE_BOUNDARY_UNIQUE"
3,A535,1,537,"4671.56701386959;-4610.19129894059;59.5967397559434","5000;-4547.39384234608;-410.884225856586","4671.56701386959;-4610.19129894059;59.5967397559434","7516.60247213786;-4066.21125355775;-4015.92273037563","4671.56701386959;-4610.19129894059;59.5967397559434","5000;-4547.39384234608;-410.884225856586",577.203678034865,"-0;-0;-0","X","RETAINED_SINGLE_BOUNDARY_UNIQUE"
3,A535,2,537,"4671.56701386959;-4610.19129894059;59.5967397559434","5000;-4547.39384234608;-410.884225856586","4671.56701386959;-4610.19129894059;59.5967397559434","7516.60247213786;-4066.21125355775;-4015.92273037563","-5000;-4547.39384234608;-410.884225856586","-2483.39752786214;-4066.21125355775;-4015.92273037563",4422.79632196514,"-10000;-0;-0","X","RETAINED_SINGLE_BOUNDARY_UNIQUE"
