Group,MediumID,ExcelRow,RawLength,BoundaryEndpointCount,P1BoundaryAxes,P2BoundaryAxes,HasAbs500Coordinate,Classification,Status,InteriorPointXYZ,BoundaryPointXYZ,ObservedDirectionXYZ,MissingLength,OriginalStartXYZ,OriginalEndXYZ,ForwardPieceCount,BoundaryEventSequence,ObservedPieceMatched,MatchedPieceIndex,MatchedPieceTranslationXYZ,ReplayError,PhysicalCandidateCount,IsUniquelyReconstructed,Reason
1,A1,3,2447.81384794709,1,"X-5000","NONE",0,"RETAINED_SINGLE_BOUNDARY_UNIQUE","RETAINED_SINGLE_BOUNDARY_UNIQUE","-2588.09423943591;263.800242732266;-256.916004757901","-5000;-123.595139885209;-413.21077078022","-0.985330548148864;-0.158261782423681;-0.0638507565243977",2552.18615205291,"-2588.09423943591;263.800242732266;-256.916004757901","-7514.74698018023;-527.508669386136;-576.16978737989",2,"X",1,1,"-0;-0;-0",0,1,1,"Unique retained part replayed as a zero-translation GeometryPiece."
1,A2,4,2315.53436981696,1,"X-5000","NONE",0,"RETAINED_SINGLE_BOUNDARY_UNIQUE","RETAINED_SINGLE_BOUNDARY_UNIQUE","-2697.57508248102;420.228820486022;141.734026660795","-5000;260.638630130799;-45.5355334223004","-0.994338476479184;-0.0689215381276498;-0.080875310046855",2684.46563018304,"-2697.57508248102;420.228820486022;141.734026660795","-7669.26746487694;75.6211298477729;-262.64252357348",2,"X",1,1,"-0;-0;-0",2.1316282072803e-14,1,1,"Unique retained part replayed as a zero-translation GeometryPiece."
1,A3,5,1062.14117897414,1,"X-5000","NONE",0,"RETAINED_SINGLE_BOUNDARY_UNIQUE","RETAINED_SINGLE_BOUNDARY_UNIQUE","-3939.15969626586;318.937665072886;-118.26517904821","-5000;273.505296679324;-144.677940130256","-0.998775233212168;-0.0427743216183772;-0.0248674673432365",3937.85882102586,"-3939.15969626586;318.937665072886;-118.26517904821","-8933.0358623267;105.066056981;-242.602515764392",2,"X",1,1,"-0;-0;-0",0,1,1,"Unique retained part replayed as a zero-translation GeometryPiece."
1,A4,6,5000.00000000001,0,"NONE","NONE",0,"DIRECT_FULL","DIRECT_FULL","NaN;NaN;NaN","NaN;NaN;NaN","0.999788626628439;0.0119435545975628;-0.0167348011041376",0,"-4192.3186063671;261.813019412782;-199.977019550071","806.624526775099;321.530792400596;-283.651025070759",1,"NONE",1,1,"-0;-0;-0",2.27373675443232e-13,1,1,"Observed segment is already a complete 5000 nm Medium."
1,A5,7,5000,0,"NONE","NONE",0,"DIRECT_FULL","DIRECT_FULL","NaN;NaN;NaN","NaN;NaN;NaN","0.998661907114867;0.0513421395513645;-0.0061951581080478",0,"-2777.97743793496;-159.004834417892;-249.729794262883","2215.33209763938;97.7058633389306;-280.705584803122",1,"NONE",1,1,"-0;-0;-0",4.54969341307734e-13,1,1,"Observed segment is already a complete 5000 nm Medium."
1,A6,8,1419.64670679088,0,"NONE","NONE",1,"UNRESOLVED_NO_FORMAL_BOUNDARY","UNRESOLVED_NO_FORMAL_BOUNDARY","NaN;NaN;NaN","NaN;NaN;NaN","NaN;NaN;NaN",3580.35329320912,"NaN;NaN;NaN","NaN;NaN;NaN",0,"NONE",0,0,"NaN;NaN;NaN",Inf,0,0,"Short record has no endpoint on a formal +/-5000 face."
1,A7,9,3580.35329320912,0,"NONE","NONE",1,"UNRESOLVED_NO_FORMAL_BOUNDARY","UNRESOLVED_NO_FORMAL_BOUNDARY","NaN;NaN;NaN","NaN;NaN;NaN","NaN;NaN;NaN",1419.64670679088,"NaN;NaN;NaN","NaN;NaN;NaN",0,"NONE",0,0,"NaN;NaN;NaN",Inf,0,0,"Short record has no endpoint on a formal +/-5000 face."
1,A8,10,4423.31152946422,1,"NONE","X+5000",1,"RETAINED_SINGLE_BOUNDARY_UNIQUE","RETAINED_SINGLE_BOUNDARY_UNIQUE","577.038075568308;-500;-306.636481677966","5000;-472.318119184751;-258.403555236408","0.999920963054445;0.00625818024139982;0.010904257165762",576.688470535782,"577.038075568308;-500;-306.636481677966","5576.64289084053;-468.709098793001;-252.115195849156",2,"X",1,1,"-0;-0;-0",0,1,1,"Unique retained part replayed as a zero-translation GeometryPiece."
1,A9,11,3937.85882102586,1,"NONE","X+5000",0,"RETAINED_SINGLE_BOUNDARY_UNIQUE","RETAINED_SINGLE_BOUNDARY_UNIQUE","1066.9641376733;105.066056981001;-242.602515764394","5000;273.505296679324;-144.677940130256","0.998775233212168;0.042774321618377;0.0248674673432369",1062.14117897414,"1066.9641376733;105.066056981001;-242.602515764394","6060.84030373414;318.937665072886;-118.26517904821",2,"X",1,1,"-0;-0;-0",0,1,1,"Unique retained part replayed as a zero-translation GeometryPiece."
1,A10,12,2684.46563018304,1,"NONE","X+5000",0,"RETAINED_SINGLE_BOUNDARY_UNIQUE","RETAINED_SINGLE_BOUNDARY_UNIQUE","2330.73253512306;75.6211298477722;-262.64252357348","5000;260.638630130799;-45.5355334223004","0.994338476479184;0.06892153812765;0.0808753100468549",2315.53436981696,"2330.73253512306;75.6211298477722;-262.64252357348","7302.42491751898;420.228820486022;141.734026660795",2,"X",1,1,"-0;-0;-0",7.105427357601e-15,1,1,"Unique retained part replayed as a zero-translation GeometryPiece."
1,A11,13,1019.11725459342,0,"NONE","NONE",1,"UNRESOLVED_NO_FORMAL_BOUNDARY","UNRESOLVED_NO_FORMAL_BOUNDARY","NaN;NaN;NaN","NaN;NaN;NaN","NaN;NaN;NaN",3980.88274540658,"NaN;NaN;NaN","NaN;NaN;NaN",0,"NONE",0,0,"NaN;NaN;NaN",Inf,0,0,"Short record has no endpoint on a formal +/-5000 face."
1,A12,14,1359.25138469766,1,"NONE","X+5000",1,"RETAINED_SINGLE_BOUNDARY_UNIQUE","RETAINED_SINGLE_BOUNDARY_UNIQUE","3660.68808804375;-338.712686789317;-500","5000;-123.595139885209;-413.21077078022","0.985330548148865;0.158261782423681;0.0638507565243971",3640.74861530234,"3660.68808804375;-338.712686789317;-500","8587.34082878807;452.596225329087;-180.746217378014",2,"X",1,1,"-0;-0;-0",0,1,1,"Unique retained part replayed as a zero-translation GeometryPiece."
2,A1,3,1506.09418033954,1,"X-5000","NONE",1,"RETAINED_SINGLE_BOUNDARY_UNIQUE","RETAINED_SINGLE_BOUNDARY_UNIQUE","-3512.12594512394;-404.979103320158;-500","-5000;-460.898289390296;-273.23245049489","-0.9879023996631;-0.0371286117429465;0.150566646140274",3493.90581966046,"-3512.12594512394;-404.979103320158;-500","-8451.63794343944;-590.62216203489;252.833230701372",2,"X",1,1,"-0;-0;-0",5.6843418860808e-14,1,1,"Unique retained part replayed as a zero-translation GeometryPiece."
2,A2,4,4230.18584984047,1,"X-5000","NONE",1,"RETAINED_SINGLE_BOUNDARY_UNIQUE","RETAINED_SINGLE_BOUNDARY_UNIQUE","-826.711283177028;226.126989945019;-500","-5000;-192.583780408597;50.2861991895686","-0.986549732083368;-0.0989816488486922;0.130085584587335",769.814150159529,"-826.711283177028;226.126989945019;-500","-5759.45994359387;-268.781254298442;150.427922936673",2,"X",1,1,"-0;-0;-0",1.20792265079217e-13,1,1,"Unique retained part replayed as a zero-translation GeometryPiece."
2,A3,5,1844.66724462366,1,"X-5000","NONE",0,"RETAINED_SINGLE_BOUNDARY_UNIQUE","RETAINED_SINGLE_BOUNDARY_UNIQUE","-3181.83808795686;151.850100006258;318.205894642448","-5000;-143.414420351492;218.690227529327","-0.985631374624466;-0.160063838732058;-0.0539477607157404",3155.33275537634,"-3181.83808795686;151.850100006258;318.205894642448","-8109.99496107919;-648.469093654031;48.4670910637463",2,"X",1,1,"-0;-0;-0",2.8421709430404e-14,1,1,"Unique retained part replayed as a zero-translation GeometryPiece."
2,A4,6,3080.12275204436,1,"X-5000","NONE",0,"RETAINED_SINGLE_BOUNDARY_UNIQUE","RETAINED_SINGLE_BOUNDARY_UNIQUE","-1929.53238410003;108.400845346282;-0.786882742922217","-5000;-31.8043625940113;-200.10393428969","-0.996865340468012;-0.0455193572552377;-0.0647107494058397",1919.87724795564,"-1929.53238410003;108.400845346282;-0.786882742922217","-6913.85908644009;-119.195940929907;-324.340629772121",2,"X",1,1,"-0;-0;-0",7.105427357601e-15,1,1,"Unique retained part replayed as a zero-translation GeometryPiece."
2,A5,7,3017.14422333278,1,"X-5000","NONE",1,"RETAINED_SINGLE_BOUNDARY_UNIQUE","RETAINED_SINGLE_BOUNDARY_UNIQUE","-2024.41608957997;-500;-313.165070078707","-5000;-24.3939133305471;-161.974770248318","-0.986225281313584;0.157634521741255;0.0501103986548518",1982.85577666722,"-2024.41608957997;-500;-313.165070078707","-6955.54249614789;288.172608706274;-62.6130768044481",2,"X",1,1,"-0;-0;-0",1.24090954021291e-13,1,1,"Unique retained part replayed as a zero-translation GeometryPiece."
2,A6,8,2677.26381858866,1,"X-5000","NONE",0,"RETAINED_SINGLE_BOUNDARY_UNIQUE","RETAINED_SINGLE_BOUNDARY_UNIQUE","-2323.38920016757;-71.012294660458;297.870754283097","-5000;-14.0725596141766;281.931898702774","-0.999756087259052;0.0212678835200849;-0.00595341238680217",2322.73618141134,"-2323.38920016757;-71.012294660458;297.870754283097","-7322.16963646283;35.3271229399665;268.103692349086",2,"X",1,1,"-0;-0;-0",8.88178419700125e-15,1,1,"Unique retained part replayed as a zero-translation GeometryPiece."
2,A7,9,1556.48796969499,1,"X-5000","NONE",0,"RETAINED_SINGLE_BOUNDARY_UNIQUE","RETAINED_SINGLE_BOUNDARY_UNIQUE","-3449.63264509039;-144.842051888255;171.715758761894","-5000;-10.9123393011085;138.872240038616","-0.99606767613721;0.0860460955656417;-0.0211010424511756",3443.51203030501,"-3449.63264509039;-144.842051888255;171.715758761894","-8429.97102577644;285.388425939954;66.2105465060162",2,"X",1,1,"-0;-0;-0",1.06581410364015e-14,1,1,"Unique retained part replayed as a zero-translation GeometryPiece."
2,A8,10,829.438387900712,1,"X-5000","NONE",1,"RETAINED_SINGLE_BOUNDARY_UNIQUE","RETAINED_SINGLE_BOUNDARY_UNIQUE","-4173.94384524883;33.2672984059111;-500","-5000;85.6463529482064;-446.561220389142","-0.995922261136114;0.0631500245302914;0.0644276662261922",4170.56161209929,"-4173.94384524883;33.2672984059111;-500","-9153.5551509294;349.017421057368;-177.861668869039",2,"X",1,1,"-0;-0;-0",1.4210854715202e-14,1,1,"Unique retained part replayed as a zero-translation GeometryPiece."
2,A9,11,1944.05599729246,1,"X-5000","NONE",1,"RETAINED_SINGLE_BOUNDARY_UNIQUE","RETAINED_SINGLE_BOUNDARY_UNIQUE","-3079.42375967721;104.273670959877;-500","-5000;270.675162840378;-248.900081210053","-0.987922283616123;0.0855950096665181;0.129162904329742",3055.94400270754,"-3079.42375967721;104.273670959877;-500","-8019.03517775782;532.248719292468;145.814521648708",2,"X",1,1,"-0;-0;-0",5.6843418860808e-14,1,1,"Unique retained part replayed as a zero-translation GeometryPiece."
2,A10,12,1874.6776896276,1,"X-5000","NONE",0,"RETAINED_SINGLE_BOUNDARY_UNIQUE","RETAINED_SINGLE_BOUNDARY_UNIQUE","-3128.15310165583;291.66119757681;218.054960707695","-5000;300.316348054142;115.435676374726","-0.998489985078985;0.00461687388995987;-0.0547396946689828",3125.3223103724,"-3128.15310165583;291.66119757681;218.054960707695","-8120.60302705075;314.745567026609;-55.6435126372188",2,"X",1,1,"-0;-0;-0",1.4210854715202e-14,1,1,"Unique retained part replayed as a zero-translation GeometryPiece."
2,A11,13,3053.57357536614,1,"X-5000","NONE",0,"RETAINED_SINGLE_BOUNDARY_UNIQUE","RETAINED_SINGLE_BOUNDARY_UNIQUE","-1958.79173514694;114.169942843126;-325.954298674494","-5000;307.50626190705;-131.057049605648","-0.995950544433305;0.0633147734259987;0.0638259548226136",1946.42642463386,"-1958.79173514694;114.169942843126;-325.954298674494","-6938.54445731346;430.74380997312;-6.82452456142585",2,"X",1,1,"-0;-0;-0",0,1,1,"Unique retained part replayed as a zero-translation GeometryPiece."
2,A12,14,5000,0,"NONE","NONE",0,"DIRECT_FULL","DIRECT_FULL","NaN;NaN;NaN","NaN;NaN;NaN","0.999601035748314;0.0176779087468378;-0.022028637571047",0,"-4850.28126750738;82.5010658474648;-222.18011252894","147.723911234192;170.890609581654;-332.323300384175",1,"NONE",1,1,"-0;-0;-0",1.98951966012828e-13,1,1,"Observed segment is already a complete 5000 nm Medium."
2,A13,15,2967.30063640691,0,"NONE","NONE",1,"UNRESOLVED_NO_FORMAL_BOUNDARY","UNRESOLVED_NO_FORMAL_BOUNDARY","NaN;NaN;NaN","NaN;NaN;NaN","NaN;NaN;NaN",2032.69936359309,"NaN;NaN;NaN","NaN;NaN;NaN",0,"NONE",0,0,"NaN;NaN;NaN",Inf,0,0,"Short record has no endpoint on a formal +/-5000 face."
2,A14,16,5000,0,"NONE","NONE",0,"DIRECT_FULL","DIRECT_FULL","NaN;NaN;NaN","NaN;NaN;NaN","0.998138178611945;0.0515238334168776;-0.0326415530766912",0,"-4320.97782889831;-411.653921511031;368.315645023836","669.713064161411;-154.034754426643;205.10787964038",1,"NONE",1,1,"-0;-0;-0",2.29143147075165e-13,1,1,"Observed segment is already a complete 5000 nm Medium."
2,A15,17,3716.89680479572,0,"NONE","NONE",1,"UNRESOLVED_NO_FORMAL_BOUNDARY","UNRESOLVED_NO_FORMAL_BOUNDARY","NaN;NaN;NaN","NaN;NaN;NaN","NaN;NaN;NaN",1283.10319520428,"NaN;NaN;NaN","NaN;NaN;NaN",0,"NONE",0,0,"NaN;NaN;NaN",Inf,0,0,"Short record has no endpoint on a formal +/-5000 face."
2,A16,18,5000,0,"NONE","NONE",0,"DIRECT_FULL","DIRECT_FULL","NaN;NaN;NaN","NaN;NaN;NaN","0.998337666655567;-0.0294599502819483;-0.0495380123350046",0,"-3571.27624542796;181.81815690851;361.831173792362","1420.41208784988;34.5184054987683;114.141112117339",1,"NONE",1,1,"-0;-0;-0",2.28260125882812e-13,1,1,"Observed segment is already a complete 5000 nm Medium."
2,A17,19,1102.18149257544,0,"NONE","NONE",1,"UNRESOLVED_NO_FORMAL_BOUNDARY","UNRESOLVED_NO_FORMAL_BOUNDARY","NaN;NaN;NaN","NaN;NaN;NaN","NaN;NaN;NaN",3897.81850742456,"NaN;NaN;NaN","NaN;NaN;NaN",0,"NONE",0,0,"NaN;NaN;NaN",Inf,0,0,"Short record has no endpoint on a formal +/-5000 face."
2,A18,20,5000,0,"NONE","NONE",0,"DIRECT_FULL","DIRECT_FULL","NaN;NaN;NaN","NaN;NaN;NaN","0.998675364786905;0.0462937650183144;0.02245892001344",0,"-3511.51171165783;-474.333842855282;-463.533330394968","1481.8651122767;-242.86501776371;-351.238730327768",1,"NONE",1,1,"-0;-0;-0",0,1,1,"Observed segment is already a complete 5000 nm Medium."
2,A19,21,3746.52557798049,0,"NONE","NONE",1,"UNRESOLVED_NO_FORMAL_BOUNDARY","UNRESOLVED_NO_FORMAL_BOUNDARY","NaN;NaN;NaN","NaN;NaN;NaN","NaN;NaN;NaN",1253.47442201951,"NaN;NaN;NaN","NaN;NaN;NaN",0,"NONE",0,0,"NaN;NaN;NaN",Inf,0,0,"Short record has no endpoint on a formal +/-5000 face."
2,A20,22,2021.0259153868,0,"NONE","NONE",1,"UNRESOLVED_NO_FORMAL_BOUNDARY","UNRESOLVED_NO_FORMAL_BOUNDARY","NaN;NaN;NaN","NaN;NaN;NaN","NaN;NaN;NaN",2978.9740846132,"NaN;NaN;NaN","NaN;NaN;NaN",0,"NONE",0,0,"NaN;NaN;NaN",Inf,0,0,"Short record has no endpoint on a formal +/-5000 face."
2,A21,23,5000.00000000001,0,"NONE","NONE",0,"DIRECT_FULL","DIRECT_FULL","NaN;NaN;NaN","NaN;NaN;NaN","0.998941741919412;0.0390984323396661;-0.0242220733957787",0,"-2678.97911623744;295.087071499692;-78.7997608836554","2315.72959335963;490.579233198023;-199.910127862549",1,"NONE",1,1,"-0;-0;-0",0,1,1,"Observed segment is already a complete 5000 nm Medium."
2,A22,24,843.937832660219,0,"NONE","NONE",1,"UNRESOLVED_NO_FORMAL_BOUNDARY","UNRESOLVED_NO_FORMAL_BOUNDARY","NaN;NaN;NaN","NaN;NaN;NaN","NaN;NaN;NaN",4156.06216733978,"NaN;NaN;NaN","NaN;NaN;NaN",0,"NONE",0,0,"NaN;NaN;NaN",Inf,0,0,"Short record has no endpoint on a formal +/-5000 face."
2,A23,25,3472.01251981556,0,"NONE","NONE",1,"UNRESOLVED_NO_FORMAL_BOUNDARY","UNRESOLVED_NO_FORMAL_BOUNDARY","NaN;NaN;NaN","NaN;NaN;NaN","NaN;NaN;NaN",1527.98748018444,"NaN;NaN;NaN","NaN;NaN;NaN",0,"NONE",0,0,"NaN;NaN;NaN",Inf,0,0,"Short record has no endpoint on a formal +/-5000 face."
2,A24,26,5000,0,"NONE","NONE",0,"DIRECT_FULL","DIRECT_FULL","NaN;NaN;NaN","NaN;NaN;NaN","0.994498472256872;0.0552227343452287;0.0890125737757551",0,"-1977.25732408147;66.8052381259813;-477.030271691909","2995.23503720289;342.918909852125;-31.9674028131336",1,"NONE",1,1,"-0;-0;-0",4.55094163333639e-13,1,1,"Observed segment is already a complete 5000 nm Medium."
2,A25,27,5000,0,"NONE","NONE",0,"DIRECT_FULL","DIRECT_FULL","NaN;NaN;NaN","NaN;NaN;NaN","0.987867388540995;-0.0155458457313016;0.154519737696169",0,"-1838.56689459812;294.257902005536;-367.771364687737","3100.77004810686;216.528673349028;404.82732379311",1,"NONE",1,1,"-0;-0;-0",4.58286294150329e-13,1,1,"Observed segment is already a complete 5000 nm Medium."
2,A26,28,5000,0,"NONE","NONE",0,"DIRECT_FULL","DIRECT_FULL","NaN;NaN;NaN","NaN;NaN;NaN","0.999996310813414;-0.0023353622256966;0.0013872428905192",0,"-1779.52317608205;-232.026520024825;339.790039270438","3220.45837798502;-243.703331153308;346.726253723034",1,"NONE",1,1,"-0;-0;-0",0,1,1,"Observed segment is already a complete 5000 nm Medium."
2,A27,29,4156.06216733979,0,"NONE","NONE",1,"UNRESOLVED_NO_FORMAL_BOUNDARY","UNRESOLVED_NO_FORMAL_BOUNDARY","NaN;NaN;NaN","NaN;NaN;NaN","NaN;NaN;NaN",843.937832660213,"NaN;NaN;NaN","NaN;NaN;NaN",0,"NONE",0,0,"NaN;NaN;NaN",Inf,0,0,"Short record has no endpoint on a formal +/-5000 face."
2,A28,30,759.724984160844,0,"NONE","NONE",1,"UNRESOLVED_NO_FORMAL_BOUNDARY","UNRESOLVED_NO_FORMAL_BOUNDARY","NaN;NaN;NaN","NaN;NaN;NaN","NaN;NaN;NaN",4240.27501583916,"NaN;NaN;NaN","NaN;NaN;NaN",0,"NONE",0,0,"NaN;NaN;NaN",Inf,0,0,"Short record has no endpoint on a formal +/-5000 face."
2,A29,31,4999.99999999999,0,"NONE","NONE",0,"DIRECT_FULL","DIRECT_FULL","NaN;NaN;NaN","NaN;NaN;NaN","0.998687179930283;0.0444608612802507;0.025439112742329",0,"-1028.3713146442;-236.936150294581;-334.043480856211","3965.06458500721;-14.6318438933278;-206.847917144566",1,"NONE",1,1,"-0;-0;-0",1.24344978758018e-14,1,1,"Observed segment is already a complete 5000 nm Medium."
2,A30,32,1272.97437943224,0,"NONE","NONE",1,"UNRESOLVED_NO_FORMAL_BOUNDARY","UNRESOLVED_NO_FORMAL_BOUNDARY","NaN;NaN;NaN","NaN;NaN;NaN","NaN;NaN;NaN",3727.02562056776,"NaN;NaN;NaN","NaN;NaN;NaN",0,"NONE",0,0,"NaN;NaN;NaN",Inf,0,0,"Short record has no endpoint on a formal +/-5000 face."
2,A31,33,5000,0,"NONE","NONE",0,"DIRECT_FULL","DIRECT_FULL","NaN;NaN;NaN","NaN;NaN;NaN","0.997281149059282;0.0455645898649372;0.0579152646669044",0,"-568.823774163553;-394.401820150427;-168.577848702974","4417.58197113286;-166.578870825741;120.998474631548",1,"NONE",1,1,"-0;-0;-0",1.4210854715202e-14,1,1,"Observed segment is already a complete 5000 nm Medium."
2,A32,34,1064.85148373562,0,"NONE","NONE",1,"UNRESOLVED_NO_FORMAL_BOUNDARY","UNRESOLVED_NO_FORMAL_BOUNDARY","NaN;NaN;NaN","NaN;NaN;NaN","NaN;NaN;NaN",3935.14851626438,"NaN;NaN;NaN","NaN;NaN;NaN",0,"NONE",0,0,"NaN;NaN;NaN",Inf,0,0,"Short record has no endpoint on a formal +/-5000 face."
2,A33,35,5000,0,"NONE","NONE",0,"DIRECT_FULL","DIRECT_FULL","NaN;NaN;NaN","NaN;NaN;NaN","0.991782457524843;0.101629892001083;-0.0777105012069287",0,"-134.813541478156;-364.233142148315;427.977499036112","4824.09874614606;143.9163178571;39.4249930014681",1,"NONE",1,1,"-0;-0;-0",2.1316282072803e-14,1,1,"Observed segment is already a complete 5000 nm Medium."
2,A34,36,4925.51310143542,1,"NONE","X+5000",0,"RETAINED_SINGLE_BOUNDARY_UNIQUE","RETAINED_SINGLE_BOUNDARY_UNIQUE","74.4923033113464;-195.552670819329;257.81445243288","5000;-202.252076122608;260.705860635612","0.999998902703809;-0.00136014363687849;0.000587026801713182",74.486898564579,"74.4923033113464;-195.552670819329;257.81445243288","5074.48681683039;-202.353389003721;260.749586441446",2,"X",1,1,"-0;-0;-0",0,1,1,"Unique retained part replayed as a zero-translation GeometryPiece."
2,A35,37,1253.4744220195,0,"NONE","NONE",1,"UNRESOLVED_NO_FORMAL_BOUNDARY","UNRESOLVED_NO_FORMAL_BOUNDARY","NaN;NaN;NaN","NaN;NaN;NaN","NaN;NaN;NaN",3746.5255779805,"NaN;NaN;NaN","NaN;NaN;NaN",0,"NONE",0,0,"NaN;NaN;NaN",Inf,0,0,"Short record has no endpoint on a formal +/-5000 face."
2,A36,38,3935.14851626438,0,"NONE","NONE",1,"UNRESOLVED_NO_FORMAL_BOUNDARY","UNRESOLVED_NO_FORMAL_BOUNDARY","NaN;NaN;NaN","NaN;NaN;NaN","NaN;NaN;NaN",1064.85148373562,"NaN;NaN;NaN","NaN;NaN;NaN",0,"NONE",0,0,"NaN;NaN;NaN",Inf,0,0,"Short record has no endpoint on a formal +/-5000 face."
2,A37,39,1527.98748018443,0,"NONE","NONE",1,"UNRESOLVED_NO_FORMAL_BOUNDARY","UNRESOLVED_NO_FORMAL_BOUNDARY","NaN;NaN;NaN","NaN;NaN;NaN","NaN;NaN;NaN",3472.01251981557,"NaN;NaN;NaN","NaN;NaN;NaN",0,"NONE",0,0,"NaN;NaN;NaN",Inf,0,0,"Short record has no endpoint on a formal +/-5000 face."
2,A38,40,3443.51203030501,1,"NONE","X+5000",0,"RETAINED_SINGLE_BOUNDARY_UNIQUE","RETAINED_SINGLE_BOUNDARY_UNIQUE","1570.02897422356;285.388425939953;66.2105465060182","5000;-10.9123393011085;138.872240038616","0.99606767613721;-0.0860460955656416;0.021101042451175",1556.48796969499,"1570.02897422356;285.388425939953;66.2105465060182","6550.36735490961;-144.842051888255;171.715758761893",2,"X",1,1,"-0;-0;-0",1.06581410364015e-14,1,1,"Unique retained part replayed as a zero-translation GeometryPiece."
2,A39,41,3125.32231037239,1,"NONE","X+5000",0,"RETAINED_SINGLE_BOUNDARY_UNIQUE","RETAINED_SINGLE_BOUNDARY_UNIQUE","1879.39697294925;314.745567026607;-55.6435126372199","5000;300.316348054142;115.435676374726","0.998489985078984;-0.00461687388995911;0.0547396946689832",1874.67768962761,"1879.39697294925;314.745567026607;-55.6435126372199","6871.84689834417;291.661197576811;218.054960707696",2,"X",1,1,"-0;-0;-0",1.4210854715202e-14,1,1,"Unique retained part replayed as a zero-translation GeometryPiece."
2,A40,42,927.56174555182,0,"NONE","NONE",1,"UNRESOLVED_NO_FORMAL_BOUNDARY","UNRESOLVED_NO_FORMAL_BOUNDARY","NaN;NaN;NaN","NaN;NaN;NaN","NaN;NaN;NaN",4072.43825444818,"NaN;NaN;NaN","NaN;NaN;NaN",0,"NONE",0,0,"NaN;NaN;NaN",Inf,0,0,"Short record has no endpoint on a formal +/-5000 face."
2,A41,43,1338.58205286218,0,"NONE","NONE",1,"UNRESOLVED_NO_FORMAL_BOUNDARY","UNRESOLVED_NO_FORMAL_BOUNDARY","NaN;NaN;NaN","NaN;NaN;NaN","NaN;NaN;NaN",3661.41794713782,"NaN;NaN;NaN","NaN;NaN;NaN",0,"NONE",0,0,"NaN;NaN;NaN",Inf,0,0,"Short record has no endpoint on a formal +/-5000 face."
2,A42,44,2322.73618141134,1,"NONE","X+5000",0,"RETAINED_SINGLE_BOUNDARY_UNIQUE","RETAINED_SINGLE_BOUNDARY_UNIQUE","2677.83036353717;35.3271229399666;268.103692349086","5000;-14.0725596141766;281.931898702774","0.999756087259052;-0.0212678835200849;0.00595341238680225",2677.26381858866,"2677.83036353717;35.3271229399666;268.103692349086","7676.61079983243;-71.0122946604581;297.870754283097",2,"X",1,1,"-0;-0;-0",1.77635683940025e-15,1,1,"Unique retained part replayed as a zero-translation GeometryPiece."
2,A43,45,2227.77100982453,1,"NONE","X+5000",1,"RETAINED_SINGLE_BOUNDARY_UNIQUE","RETAINED_SINGLE_BOUNDARY_UNIQUE","2804.23899723811;-500;98.5069701618498","5000;-143.414420351492;218.690227529327","0.985631374624466;0.160063838732058;0.0539477607157404",2772.22899017547,"2804.23899723811;-500;98.5069701618498","7732.39587036044;300.31919366029;368.245773740552",2,"X",1,1,"-0;-0;-0",8.5265128291212e-14,1,1,"Unique retained part replayed as a zero-translation GeometryPiece."
2,A44,46,1946.42642463387,1,"NONE","X+5000",0,"RETAINED_SINGLE_BOUNDARY_UNIQUE","RETAINED_SINGLE_BOUNDARY_UNIQUE","3061.45554268653;430.743809973119;-6.82452456142613","5000;307.50626190705;-131.057049605648","0.995950544433305;-0.0633147734259982;-0.0638259548226133",3053.57357536613,"3061.45554268653;430.743809973119;-6.82452456142613","8041.20826485305;114.169942843128;-325.954298674493",2,"X",1,1,"-0;-0;-0",2.8421709430404e-14,1,1,"Unique retained part replayed as a zero-translation GeometryPiece."
2,A45,47,1919.87724795563,1,"NONE","X+5000",0,"RETAINED_SINGLE_BOUNDARY_UNIQUE","RETAINED_SINGLE_BOUNDARY_UNIQUE","3086.14091355992;-119.195940929906;-324.34062977212","5000;-31.8043625940113;-200.10393428969","0.996865340468012;0.0455193572552376;0.0647107494058397",3080.12275204437,"3086.14091355992;-119.195940929906;-324.34062977212","8070.46761589998;108.400845346282;-0.786882742921591",2,"X",1,1,"-0;-0;-0",2.92964275105423e-14,1,1,"Unique retained part replayed as a zero-translation GeometryPiece."
2,A46,48,1934.51292932385,1,"NONE","X+5000",0,"RETAINED_SINGLE_BOUNDARY_UNIQUE","RETAINED_SINGLE_BOUNDARY_UNIQUE","3092.13444207282;280.552107085691;-65.0355561569352","5000;-24.3939133305471;-161.974770248318","0.986225281313584;-0.157634521741254;-0.0501103986548515",3065.48707067615,"3092.13444207282;280.552107085691;-65.0355561569352","8023.26084864074;-507.620501620581;-315.587549431193",2,"X",1,1,"-0;-0;-0",4.9737991503207e-14,1,1,"Unique retained part replayed as a zero-translation GeometryPiece."
2,A47,49,1053.14227422283,1,"NONE","X+5000",1,"RETAINED_SINGLE_BOUNDARY_UNIQUE","RETAINED_SINGLE_BOUNDARY_UNIQUE","3959.59822010861;-500;-114.664350356616","5000;-460.898289390296;-273.23245049489","0.9879023996631;0.0371286117429472;-0.150566646140275",3946.85772577717,"3959.59822010861;-500;-114.664350356616","8899.11021842411;-314.356941285264;-867.497581057993",2,"X",1,1,"-0;-0;-0",0,1,1,"Unique retained part replayed as a zero-translation GeometryPiece."
2,A48,50,1034.91808732073,1,"NONE","X+5000",0,"RETAINED_SINGLE_BOUNDARY_UNIQUE","RETAINED_SINGLE_BOUNDARY_UNIQUE","3977.58135981847;359.25898652865;-115.227055308326","5000;270.675162840378;-248.900081210053","0.987922283616123;-0.0855950096665174;-0.129162904329741",3965.08191267927,"3977.58135981847;359.25898652865;-115.227055308326","8917.19277789908;-68.7160618039371;-761.041576957033",2,"X",1,1,"-0;-0;-0",2.8421709430404e-14,1,1,"Unique retained part replayed as a zero-translation GeometryPiece."
2,A49,51,577.473950139756,1,"NONE","X+5000",0,"RETAINED_SINGLE_BOUNDARY_UNIQUE","RETAINED_SINGLE_BOUNDARY_UNIQUE","4430.2932292045;-249.743104160598;125.407235577456","5000;-192.583780408597;50.2861991895686","0.986549732083368;0.0989816488486931;-0.130085584587335",4422.52604986024,"4430.2932292045;-249.743104160598;125.407235577456","9363.04188962134;245.165140082868;-525.020687359217",2,"X",1,1,"-0;-0;-0",7.105427357601e-15,1,1,"Unique retained part replayed as a zero-translation GeometryPiece."
3,A1,3,4874.80715336013,1,"X-5000","NONE",0,"RETAINED_SINGLE_BOUNDARY_UNIQUE","RETAINED_SINGLE_BOUNDARY_UNIQUE","-337.119122805609;-4694.65516508342;3967.32057366848","-5000;-4872.85737033347;2556.81333101074","-0.956526223602577;-0.0365557445953975;-0.289346265048762",125.192846639874,"-337.119122805609;-4694.65516508342;3967.32057366848","-5119.7502408185;-4877.43388806041;2520.58924842467",2,"X",1,1,"-0;-0;-0",4.54747350886464e-13,1,1,"Unique retained part replayed as a zero-translation GeometryPiece."
3,A2,4,3536.54143714368,1,"X-5000","NONE",0,"RETAINED_SINGLE_BOUNDARY_UNIQUE","RETAINED_SINGLE_BOUNDARY_UNIQUE","-2499.66714527227;-4677.41226432862;-3842.98260498987","-5000;-4866.08250706701;-1349.01698940725","-0.706999451064582;-0.0533488002591512;0.705199036942967",1463.45856285632,"-2499.66714527227;-4677.41226432862;-3842.98260498987","-6034.66440059518;-4944.15626562438;-316.987420275034",2,"X",1,1,"-0;-0;-0",4.54747350886464e-13,1,1,"Unique retained part replayed as a zero-translation GeometryPiece."
3,A3,5,1779.05263698407,2,"X-5000","Y-5000",0,"AMBIGUOUS_TWO_BOUNDARY_RETAINED","AMBIGUOUS_TWO_BOUNDARY_RETAINED","NaN;NaN;NaN","NaN;NaN;NaN","0.884482442579779;-0.164911033646857;-0.436457511963802",3220.94736301593,"NaN;NaN;NaN","NaN;NaN;NaN",0,"NONE",0,0,"NaN;NaN;NaN",Inf,0,0,"Missing length may lie on both sides; no unique a/b split is selected."
3,A4,6,1478.06913913149,1,"X-5000","NONE",0,"RETAINED_SINGLE_BOUNDARY_UNIQUE","RETAINED_SINGLE_BOUNDARY_UNIQUE","-3605.47101992416;-4152.45454528847;692.569672330724","-5000;-4560.01742740096;964.359666454309","-0.943480208845483;-0.275740066091883;0.183881786668849",3521.93086086851,"-3605.47101992416;-4152.45454528847;692.569672330724","-8322.87206415158;-5531.15487574788;1611.97860567497",3,"X>Y",1,1,"-0;-0;-0",0,1,1,"Unique retained part replayed as a zero-translation GeometryPiece."
3,A5,7,4422.79632196514,1,"X-5000","NONE",0,"RETAINED_SINGLE_BOUNDARY_UNIQUE","RETAINED_SINGLE_BOUNDARY_UNIQUE","-2483.39752786214;-4066.21125355775;-4015.92273037563","-5000;-4547.39384234608;-410.884225856586","-0.569007091653654;-0.108796009076568;0.815103894026315",577.203678034864,"-2483.39752786214;-4066.21125355775;-4015.92273037563","-5328.43298613041;-4610.19129894059;59.5967397559424",2,"X",1,1,"-0;-0;-0",4.54747350886464e-13,1,1,"Unique retained part replayed as a zero-translation GeometryPiece."
3,A6,8,3442.09243364942,1,"X-5000","NONE",0,"RETAINED_SINGLE_BOUNDARY_UNIQUE","RETAINED_SINGLE_BOUNDARY_UNIQUE","-1558.37167667412;-4567.34509022482;2994.96538491327","-5000;-4519.66210305138;3025.31565018178","-0.999865166223022;0.0138529072337796;0.00881738821764626",1557.90756635058,"-1558.37167667412;-4567.34509022482;2994.96538491327","-6557.69750778923;-4498.08055405592;3039.0523260015",2,"X",1,1,"-0;-0;-0",0,1,1,"Unique retained part replayed as a zero-translation GeometryPiece."
3,A7,9,2497.59827637838,1,"X-5000","NONE",0,"RETAINED_SINGLE_BOUNDARY_UNIQUE","RETAINED_SINGLE_BOUNDARY_UNIQUE","-2524.18638177167;-4309.12018384298;92.9776044016462","-5000;-4435.68841088378;396.827175517224","-0.991277757373522;-0.0506759746905055;0.121656702756927",2502.40172362163,"-2524.18638177167;-4309.12018384298;92.9776044016462","-7480.57516863928;-4562.50005729551;701.261118186282",2,"X",1,1,"-0;-0;-0",5.6843418860808e-14,1,1,"Unique retained part replayed as a zero-translation GeometryPiece."
3,A8,10,2497.12824849134,1,"X-5000","NONE",0,"RETAINED_SINGLE_BOUNDARY_UNIQUE","RETAINED_SINGLE_BOUNDARY_UNIQUE","-2520.22920639355;-4593.9107173629;-2789.43457736672","-5000;-4427.31798471068;-2547.29172280084","-0.993049033466594;0.0667137271595355;0.0969685296348608",2502.87175150866,"-2520.22920639355;-4593.9107173629;-2789.43457736672","-7485.47437372652;-4260.34208156522;-2304.59192919242",2,"X",1,1,"-0;-0;-0",0,1,1,"Unique retained part replayed as a zero-translation GeometryPiece."
3,A9,11,2904.01079087906,1,"X-5000","NONE",0,"RETAINED_SINGLE_BOUNDARY_UNIQUE","RETAINED_SINGLE_BOUNDARY_UNIQUE","-3485.9825070119;-1935.54048003478;-2931.73384790774","-5000;-4266.16628897089;-3773.88172280203","-0.52135394873302;-0.802554114556377;-0.289994747106076",2095.98920912094,"-3485.9825070119;-1935.54048003478;-2931.73384790774","-6092.752250677;-5948.31105281666;-4381.70758343812",3,"X>Y",1,1,"-0;-0;-0",0,1,1,"Unique retained part replayed as a zero-translation GeometryPiece."
3,A10,12,4342.18122187873,1,"X-5000","NONE",0,"RETAINED_SINGLE_BOUNDARY_UNIQUE","RETAINED_SINGLE_BOUNDARY_UNIQUE","-759.049103205538;-3308.26191366606;1520.79841217019","-5000;-4209.37005304343;1282.30863091672","-0.976686757205296;-0.207524304798013;-0.0549239585054175",657.818778121274,"-759.049103205538;-3308.26191366606;1520.79841217019","-5642.48288923202;-4345.88343765613;1246.1786196431",2,"X",1,1,"-0;-0;-0",2.27373675443232e-13,1,1,"Unique retained part replayed as a zero-translation GeometryPiece."
3,A11,13,913.515101427663,2,"X-5000","Y-5000",0,"AMBIGUOUS_TWO_BOUNDARY_RETAINED","AMBIGUOUS_TWO_BOUNDARY_RETAINED","NaN;NaN;NaN","NaN;NaN;NaN","0.242360519290268;-0.970104767628666;-0.0125745184195619",4086.48489857234,"NaN;NaN;NaN","NaN;NaN;NaN",0,"NONE",0,0,"NaN;NaN;NaN",Inf,0,0,"Missing length may lie on both sides; no unique a/b split is selected."
3,A12,14,2060.38274038113,1,"X-5000","NONE",0,"RETAINED_SINGLE_BOUNDARY_UNIQUE","RETAINED_SINGLE_BOUNDARY_UNIQUE","-3052.51274483836;-4340.69143386373;3699.06174568995","-5000;-4073.06844973178;4316.19087821228","-0.945206546819253;0.129889936897086;0.299521598791966",2939.61725961887,"-3052.51274483836;-4340.69143386373;3699.06174568995","-7778.54547893462;-3691.2417493783;5196.66973964978",3,"X>Z",1,1,"-0;-0;-0",0,1,1,"Unique retained part replayed as a zero-translation GeometryPiece."
3,A13,15,4528.15914247438,1,"X-5000","NONE",0,"RETAINED_SINGLE_BOUNDARY_UNIQUE","RETAINED_SINGLE_BOUNDARY_UNIQUE","-646.677960123347;-4404.32707824943;2419.94434435375","-5000;-3998.61005755231;1241.72274558076","-0.961388922717457;0.0895986664628175;-0.260198805232176",471.840857525615,"-646.677960123347;-4404.32707824943;2419.94434435375","-5453.62257371063;-3956.33374593534;1118.95031819287",2,"X",1,1,"-0;-0;-0",0,1,1,"Unique retained part replayed as a zero-translation GeometryPiece."
3,A14,16,3509.93057904505,1,"X-5000","NONE",0,"RETAINED_SINGLE_BOUNDARY_UNIQUE","RETAINED_SINGLE_BOUNDARY_UNIQUE","-1497.00732366556;-3996.37334061972;1135.33399657542","-5000;-3934.96314704756;923.476102249517","-0.998023350446864;0.0174961276837753;-0.0603595682463736",1490.06942095495,"-1497.00732366556;-3996.37334061972;1135.33399657542","-6487.12407589988;-3908.89270220084;833.536155343552",2,"X",1,1,"-0;-0;-0",0,1,1,"Unique retained part replayed as a zero-translation GeometryPiece."
3,A15,17,804.902585300458,1,"X-5000","NONE",0,"RETAINED_SINGLE_BOUNDARY_UNIQUE","RETAINED_SINGLE_BOUNDARY_UNIQUE","-4270.0171209558;-3898.40520002173;-2002.07012722856","-5000;-3809.67060242485;-2329.36103653559","-0.906920778210332;0.110242654474462;-0.406621764278291",4195.09741469954,"-4270.0171209558;-3898.40520002173;-2002.07012722856","-8804.62101200746;-3347.19192764942;-4035.17894862001",2,"X",1,1,"-0;-0;-0",0,1,1,"Unique retained part replayed as a zero-translation GeometryPiece."
3,A16,18,2497.84094460506,1,"X-5000","NONE",0,"RETAINED_SINGLE_BOUNDARY_UNIQUE","RETAINED_SINGLE_BOUNDARY_UNIQUE","-2576.92489156017;-3456.76012690378;1835.03092185925","-5000;-3505.79987614971;2439.60639803962","-0.97006781543608;-0.0196328550670322;0.242039220906422",2502.15905539494,"-2576.92489156017;-3456.76012690378;1835.03092185925","-7427.26396874057;-3554.92440223894;3045.22702639136",2,"X",1,1,"-0;-0;-0",0,1,1,"Unique retained part replayed as a zero-translation GeometryPiece."
3,A17,19,981.387976262608,1,"X-5000","NONE",0,"RETAINED_SINGLE_BOUNDARY_UNIQUE","RETAINED_SINGLE_BOUNDARY_UNIQUE","-4102.34949606856;-2841.41616101726;3433.53825557183","-5000;-3160.9915908559;3668.52224946907","-0.914674446440577;-0.325636178115479;0.239440465525289",4018.61202373739,"-4102.34949606856;-2841.41616101726;3433.53825557183","-8675.72172827145;-4469.59705159465;4630.74058319827",2,"X",1,1,"-0;-0;-0",0,1,1,"Unique retained part replayed as a zero-translation GeometryPiece."
3,A18,20,1471.2231541959,1,"X-5000","NONE",0,"RETAINED_SINGLE_BOUNDARY_UNIQUE","RETAINED_SINGLE_BOUNDARY_UNIQUE","-4040.0246999422;-3964.39042857365;-34.9576720364012","-5000;-2897.59141411251;288.901642274303","-0.652501489879337;0.725110267207699;0.220129294041536",3528.7768458041,"-4040.0246999422;-3964.39042857365;-34.9576720364012","-7302.53214933889;-338.839092535155;1065.68879817128",2,"X",1,1,"-0;-0;-0",4.58286294150329e-13,1,1,"Unique retained part replayed as a zero-translation GeometryPiece."
3,A19,21,882.416415678777,1,"X-5000","NONE",0,"RETAINED_SINGLE_BOUNDARY_UNIQUE","RETAINED_SINGLE_BOUNDARY_UNIQUE","-4573.14946376295;-2163.19389376176;-3710.10735315639","-5000;-2779.71438908079;-3244.96239808851","-0.483729142673197;-0.698672967053528;0.527126362115645",4117.58358432122,"-4573.14946376295;-2163.19389376176;-3710.10735315639","-6991.79517712893;-5656.5587290294;-1074.47554257817",3,"X>Y",1,1,"-0;-0;-0",0,1,1,"Unique retained part replayed as a zero-translation GeometryPiece."
3,A20,22,1840.46038496326,1,"X-5000","NONE",0,"RETAINED_SINGLE_BOUNDARY_UNIQUE","RETAINED_SINGLE_BOUNDARY_UNIQUE","-3419.62099703407;-3553.43041143183;2744.81331658726","-5000;-2778.66251188592;2206.82508489744","-0.858686780697798;0.420964181503628;-0.292311769427496",3159.53961503674,"-3419.62099703407;-3553.43041143183;2744.81331658726","-7713.05490052306;-1448.60950391369;1283.25446944978",2,"X",1,1,"-0;-0;-0",0,1,1,"Unique retained part replayed as a zero-translation GeometryPiece."
3,A21,23,3191.74066050144,1,"X-5000","NONE",0,"RETAINED_SINGLE_BOUNDARY_UNIQUE","RETAINED_SINGLE_BOUNDARY_UNIQUE","-1842.85902237545;-2262.68910855129;-937.535580783762","-5000;-2691.57323766101;-1126.55329185837","-0.989159619606608;-0.134373113209749;-0.0592208864002478",1808.25933949856,"-1842.85902237545;-2262.68910855129;-937.535580783762","-6788.65712040849;-2934.55467460004;-1233.640012785",2,"X",1,1,"-0;-0;-0",0,1,1,"Unique retained part replayed as a zero-translation GeometryPiece."
3,A22,24,2765.28806184841,1,"X-5000","NONE",0,"RETAINED_SINGLE_BOUNDARY_UNIQUE","RETAINED_SINGLE_BOUNDARY_UNIQUE","-2957.09873840603;-4028.25170916487;4080.1097010496","-5000;-2602.2578268195;2880.14555663","-0.738766166816064;0.515676432419193;-0.433938207369798",2234.71193815159,"-2957.09873840603;-4028.25170916487;4080.1097010496","-6650.92957248635;-1449.86954706891;1910.41866420061",2,"X",1,1,"-0;-0;-0",0,1,1,"Unique retained part replayed as a zero-translation GeometryPiece."
3,A23,25,3450.04396005675,1,"X-5000","NONE",0,"RETAINED_SINGLE_BOUNDARY_UNIQUE","RETAINED_SINGLE_BOUNDARY_UNIQUE","-3403.74489856223;-4013.07197165803;-4024.44102447742","-5000;-2564.86128944441;-1330.47391306341","-0.462676742649827;0.419765863560126;0.780850082666684",1549.95603994325,"-3403.74489856223;-4013.07197165803;-4024.44102447742","-5717.12861181137;-1914.2426538574;-120.190611144001",2,"X",1,1,"-0;-0;-0",5.08422994585042e-13,1,1,"Unique retained part replayed as a zero-translation GeometryPiece."
3,A24,26,3815.52228969526,1,"X-5000","NONE",0,"RETAINED_SINGLE_BOUNDARY_UNIQUE","RETAINED_SINGLE_BOUNDARY_UNIQUE","-3477.9024015447;-539.990915338504;269.997026244971","-5000;-2456.20339955356;-2657.38387812609","-0.398922475847171;-0.502214988860175;-0.767229407171113",1184.47771030474,"-3477.9024015447;-539.990915338504;269.997026244971","-5472.51478078056;-3051.06585963938;-3566.15000961059",2,"X",1,1,"-0;-0;-0",4.54747350886464e-13,1,1,"Unique retained part replayed as a zero-translation GeometryPiece."
3,A25,27,3665.68426682574,1,"X-5000","NONE",0,"RETAINED_SINGLE_BOUNDARY_UNIQUE","RETAINED_SINGLE_BOUNDARY_UNIQUE","-3051.86907793065;-3726.31167480155;-220.009212959164","-5000;-2432.17457103533;-3042.63852110194","-0.531450823438297;0.353041072161642;-0.770014300928051",1334.31573317426,"-3051.86907793065;-3726.31167480155;-220.009212959164","-5709.12319512214;-1961.10631399334;-4070.08071759942",2,"X",1,1,"-0;-0;-0",4.54747350886464e-13,1,1,"Unique retained part replayed as a zero-translation GeometryPiece."
3,A26,28,4474.30261795094,1,"X-5000","NONE",0,"RETAINED_SINGLE_BOUNDARY_UNIQUE","RETAINED_SINGLE_BOUNDARY_UNIQUE","-1136.48576879498;-3251.23992689051;-909.346550295275","-5000;-2429.63780368038;1192.46496680503","-0.863489701323413;0.183626856152701;0.469751757216381",525.697382049064,"-1136.48576879498;-3251.23992689051;-909.346550295275","-5453.93427541205;-2333.10564612701;1439.41223578663",2,"X",1,1,"-0;-0;-0",6.82121026329696e-13,1,1,"Unique retained part replayed as a zero-translation GeometryPiece."
3,A27,29,2305.77420421187,1,"X-5000","NONE",0,"RETAINED_SINGLE_BOUNDARY_UNIQUE","RETAINED_SINGLE_BOUNDARY_UNIQUE","-3064.99376678937;-3445.2491194506;-817.752309061515","-5000;-2285.37593637789;-1294.23920020719","-0.8392002259701;0.503029820072587;-0.206649415313648",2694.22579578813,"-3064.99376678937;-3445.2491194506;-817.752309061515","-7260.99489663987;-930.100019087664;-1850.99938562975",2,"X",1,1,"-0;-0;-0",2.27373675443232e-13,1,1,"Unique retained part replayed as a zero-translation GeometryPiece."
3,A28,30,4036.5366439421,1,"X-5000","NONE",0,"RETAINED_SINGLE_BOUNDARY_UNIQUE","RETAINED_SINGLE_BOUNDARY_UNIQUE","-1296.39293705433;-544.587260835758;3821.61080121073","-5000;-1980.646304769;3104.21465993047","-0.917520981384852;-0.355765144876966;-0.177725660525566",963.463356057905,"-1296.39293705433;-544.587260835758;3821.61080121073","-5883.99784397859;-2323.41298522059;2932.9824985829",2,"X",1,1,"-0;-0;-0",0,1,1,"Unique retained part replayed as a zero-translation GeometryPiece."
3,A29,31,3711.55542740026,1,"X-5000","NONE",0,"RETAINED_SINGLE_BOUNDARY_UNIQUE","RETAINED_SINGLE_BOUNDARY_UNIQUE","-1952.21256355269;148.897971568059;3715.77168678109","-5000;-1885.81724045037;4304.47317215295","-0.821161773295171;-0.548210919065713;0.158613146667788",1288.44457259974,"-1952.21256355269;148.897971568059;3715.77168678109","-6058.02143002854;-2592.15662376051;4508.83742012003",2,"X",1,1,"-0;-0;-0",2.27373675443232e-13,1,1,"Unique retained part replayed as a zero-translation GeometryPiece."
3,A30,32,831.635453761807,1,"X-5000","NONE",0,"RETAINED_SINGLE_BOUNDARY_UNIQUE","RETAINED_SINGLE_BOUNDARY_UNIQUE","-4193.73371013477;-2022.79385410491;-4369.53273436392","-5000;-1832.60798588856;-4442.89166913915","-0.96949485043979;0.228688985487651;-0.088210446588585",4168.36454623819,"-4193.73371013477;-2022.79385410491;-4369.53273436392","-9041.20796233372;-879.348926666654;-4810.58496730685",2,"X",1,1,"-0;-0;-0",0,1,1,"Unique retained part replayed as a zero-translation GeometryPiece."
3,A31,33,3277.86233502475,1,"X-5000","NONE",0,"RETAINED_SINGLE_BOUNDARY_UNIQUE","RETAINED_SINGLE_BOUNDARY_UNIQUE","-3995.73616419977;-2209.34600138377;3386.92990346057","-5000;-1823.22140012199;290.683235674212","-0.306377673360296;0.117797686966883;-0.944593259668723",1722.13766497525,"-3995.73616419977;-2209.34600138377;3386.92990346057","-5527.62453100125;-1620.35756654936;-1336.03639488305",2,"X",1,1,"-0;-0;-0",9.09494701772928e-13,1,1,"Unique retained part replayed as a zero-translation GeometryPiece."
3,A32,34,3934.46970492368,1,"X-5000","NONE",0,"RETAINED_SINGLE_BOUNDARY_UNIQUE","RETAINED_SINGLE_BOUNDARY_UNIQUE","-1386.52055894232;-3296.09996253492;2900.10227380758","-5000;-1770.83504212766;2589.6427585874","-0.918415876105411;0.387667216880209;-0.0789075881894997",1065.53029507632,"-1386.52055894232;-3296.09996253492;2900.10227380758","-5978.59993946937;-1357.76387813388;2505.56433286008",2,"X",1,1,"-0;-0;-0",2.27373675443232e-13,1,1,"Unique retained part replayed as a zero-translation GeometryPiece."
3,A33,35,3432.25591481607,1,"X-5000","NONE",0,"RETAINED_SINGLE_BOUNDARY_UNIQUE","RETAINED_SINGLE_BOUNDARY_UNIQUE","-1780.69058860293;-1643.08063301096;-2771.82605077521","-5000;-1730.49364760457;-1584.90290947253","-0.937957276874439;-0.0254680935114054;0.345814289715132",1567.74408518393,"-1780.69058860293;-1643.08063301096;-2771.82605077521","-6470.47697297513;-1770.42110056799;-1042.75460219955",2,"X",1,1,"-0;-0;-0",0,1,1,"Unique retained part replayed as a zero-translation GeometryPiece."
3,A34,36,3965.72498047042,1,"X-5000","NONE",0,"RETAINED_SINGLE_BOUNDARY_UNIQUE","RETAINED_SINGLE_BOUNDARY_UNIQUE","-1037.62963183377;-1563.14982673259;981.243942181346","-5000;-1690.28799022273;1083.3790173988","-0.999154098602221;-0.0320592487165004;0.0257544523940585",1034.27501952958,"-1037.62963183377;-1563.14982673259;981.243942181346","-6033.40012484487;-1723.44607031509;1110.01620415164",2,"X",1,1,"-0;-0;-0",0,1,1,"Unique retained part replayed as a zero-translation GeometryPiece."
3,A35,37,3102.40496915297,1,"X-5000","NONE",0,"RETAINED_SINGLE_BOUNDARY_UNIQUE","RETAINED_SINGLE_BOUNDARY_UNIQUE","-2354.47254035077;51.3673451435429;-675.743671616226","-5000;-1568.74135130602;-712.470563064057","-0.85273440635686;-0.522210579391862;-0.0118382003036368",1897.59503084703,"-2354.47254035077;51.3673451435429;-675.743671616226","-6618.14457213507;-2559.68555181577;-734.93467313441",2,"X",1,1,"-0;-0;-0",0,1,1,"Unique retained part replayed as a zero-translation GeometryPiece."
3,A36,38,4168.65995530506,1,"X-5000","NONE",0,"RETAINED_SINGLE_BOUNDARY_UNIQUE","RETAINED_SINGLE_BOUNDARY_UNIQUE","-2413.6764685915;-2347.43049850611;-939.89490181865","-5000;-1525.23346506892;2224.38202222794","-0.62042084486098;0.197232933905021;0.759063334014498",831.340044694938,"-2413.6764685915;-2347.43049850611;-939.89490181865","-5515.7806928964;-1361.26582898101;2855.42176825384",2,"X",1,1,"-0;-0;-0",0,1,1,"Unique retained part replayed as a zero-translation GeometryPiece."
3,A37,39,1075.09193562398,2,"X-5000","Z+5000",0,"AMBIGUOUS_TWO_BOUNDARY_RETAINED","AMBIGUOUS_TWO_BOUNDARY_RETAINED","NaN;NaN;NaN","NaN;NaN;NaN","0.850275437503769;0.122236769762353;0.511947118847094",3924.90806437602,"NaN;NaN;NaN","NaN;NaN;NaN",0,"NONE",0,0,"NaN;NaN;NaN",Inf,0,0,"Missing length may lie on both sides; no unique a/b split is selected."
3,A38,40,561.718304811153,1,"X-5000","NONE",0,"RETAINED_SINGLE_BOUNDARY_UNIQUE","RETAINED_SINGLE_BOUNDARY_UNIQUE","-4599.65698133606;-1583.8638820847;2730.79813773728","-5000;-1194.62051862425;2791.97432075776","-0.712711363035487;0.692951182339183;0.108909007409056",4438.28169518885,"-4599.65698133606;-1583.8638820847;2730.79813773728","-8163.2137965135;1880.89202961122;3275.34317478256",2,"X",1,1,"-0;-0;-0",0,1,1,"Unique retained part replayed as a zero-translation GeometryPiece."
3,A39,41,811.0214235043,2,"X-5000","Z+5000",0,"AMBIGUOUS_TWO_BOUNDARY_RETAINED","AMBIGUOUS_TWO_BOUNDARY_RETAINED","NaN;NaN;NaN","NaN;NaN;NaN","0.90970542688055;0.275262225214458;0.310912758943825",4188.9785764957,"NaN;NaN;NaN","NaN;NaN;NaN",0,"NONE",0,0,"NaN;NaN;NaN",Inf,0,0,"Missing length may lie on both sides; no unique a/b split is selected."
3,A40,42,2217.8121965483,1,"X-5000","NONE",0,"RETAINED_SINGLE_BOUNDARY_UNIQUE","RETAINED_SINGLE_BOUNDARY_UNIQUE","-3038.77279122151;-908.420118048348;4797.51561919305","-5000;-1113.88857078746;3782.59616936743","-0.884307161729406;-0.0926446581270016;-0.457621908385747",2782.1878034517,"-3038.77279122151;-908.420118048348;4797.51561919305","-7460.30859986854;-1371.64340868336;2509.40607726431",2,"X",1,1,"-0;-0;-0",0,1,1,"Unique retained part replayed as a zero-translation GeometryPiece."
3,A41,43,4193.51846848242,1,"X-5000","NONE",0,"RETAINED_SINGLE_BOUNDARY_UNIQUE","RETAINED_SINGLE_BOUNDARY_UNIQUE","-859.593581892434;-464.39271979464;-3300.67349476013","-5000;-1099.7597181318;-3498.00726232382","-0.987334728397159;-0.151511672861927;-0.0470568495278626",806.481531517576,"-859.593581892434;-464.39271979464;-3300.67349476013","-5796.26722387823;-1221.95108410428;-3535.95774239944",2,"X",1,1,"-0;-0;-0",0,1,1,"Unique retained part replayed as a zero-translation GeometryPiece."
3,A42,44,1222.58033939938,1,"X-5000","NONE",0,"RETAINED_SINGLE_BOUNDARY_UNIQUE","RETAINED_SINGLE_BOUNDARY_UNIQUE","-3841.2940835211;-642.904872072403;-3919.37008726385","-5000;-1032.75823239689;-3930.21641597039","-0.947754416734803;-0.318877498484893;-0.00887166949851995",3777.41966060062,"-3841.2940835211;-642.904872072403;-3919.37008726385","-8580.06616719511;-2237.29236449687;-3963.72843475645",2,"X",1,1,"-0;-0;-0",0,1,1,"Unique retained part replayed as a zero-translation GeometryPiece."
3,A43,45,1570.71075645864,1,"X-5000","NONE",0,"RETAINED_SINGLE_BOUNDARY_UNIQUE","RETAINED_SINGLE_BOUNDARY_UNIQUE","-3464.03861965299;-1273.96671209501;-218.561818589242","-5000;-1028.65263600888;0.015221859663427","-0.977876654903681;0.156180299318265;0.139158046476815",3429.28924354136,"-3464.03861965299;-1273.96671209501;-218.561818589242","-8353.4218941714;-493.065215503684;477.228413794833",2,"X",1,1,"-0;-0;-0",5.68035202208605e-14,1,1,"Unique retained part replayed as a zero-translation GeometryPiece."
3,A44,46,1001.77543944703,1,"X-5000","NONE",0,"RETAINED_SINGLE_BOUNDARY_UNIQUE","RETAINED_SINGLE_BOUNDARY_UNIQUE","-4188.73500491925;-770.048269359104;2601.05951025203","-5000;-961.751027590173;3156.62516012837","-0.809827195931815;-0.191363004803639;0.554581024848251",3998.22456055297,"-4188.73500491925;-770.048269359104;2601.05951025203","-8237.87098457833;-1726.8632933773;5373.96463449328",3,"X>Z",1,1,"-0;-0;-0",0,1,1,"Unique retained part replayed as a zero-translation GeometryPiece."
3,A45,47,2719.60390634487,1,"X-5000","NONE",0,"RETAINED_SINGLE_BOUNDARY_UNIQUE","RETAINED_SINGLE_BOUNDARY_UNIQUE","-2327.24705257705;-763.909003116404;-1950.45099072288","-5000;-731.749344336892;-1448.85070583919","-0.982772874089268;0.011825125969441;0.184438727902049",2280.39609365513,"-2327.24705257705;-763.909003116404;-1950.45099072288","-7241.11142302339;-704.783373269199;-1028.25735121264",2,"X",1,1,"-0;-0;-0",2.27373675443232e-13,1,1,"Unique retained part replayed as a zero-translation GeometryPiece."
3,A46,48,1133.87485420103,1,"X-5000","NONE",0,"RETAINED_SINGLE_BOUNDARY_UNIQUE","RETAINED_SINGLE_BOUNDARY_UNIQUE","-3941.26413545687;-1135.38813308892;1827.14762813308","-5000;-730.487962622236;1855.54491806651","-0.93373255489395;0.357094232195486;0.0250444657346599",3866.12514579897,"-3941.26413545687;-1135.38813308892;1827.14762813308","-8609.92690992662;650.083027888508;1952.36995680638",2,"X",1,1,"-0;-0;-0",2.27373675443232e-13,1,1,"Unique retained part replayed as a zero-translation GeometryPiece."
3,A47,49,1521.29921475044,1,"X-5000","NONE",0,"RETAINED_SINGLE_BOUNDARY_UNIQUE","RETAINED_SINGLE_BOUNDARY_UNIQUE","-3516.89101459389;-899.92465203099;2440.27368559865","-5000;-561.292731474646;2432.06024610751","-0.97489630641097;0.222593896896144;-0.00539896386687307",3478.70078524956,"-3516.89101459389;-899.92465203099;2440.27368559865","-8391.37254664874;213.044832449732;2413.27886626428",2,"X",1,1,"-0;-0;-0",0,1,1,"Unique retained part replayed as a zero-translation GeometryPiece."
3,A48,50,1869.02361591365,2,"X-5000","Z+5000",0,"AMBIGUOUS_TWO_BOUNDARY_RETAINED","AMBIGUOUS_TWO_BOUNDARY_RETAINED","NaN;NaN;NaN","NaN;NaN;NaN","0.850122509685217;0.0477036249607845;0.524419758106146",3130.97638408635,"NaN;NaN;NaN","NaN;NaN;NaN",0,"NONE",0,0,"NaN;NaN;NaN",Inf,0,0,"Missing length may lie on both sides; no unique a/b split is selected."
3,A49,51,4990.28278053823,1,"X-5000","NONE",0,"RETAINED_SINGLE_BOUNDARY_UNIQUE","RETAINED_SINGLE_BOUNDARY_UNIQUE","-673.118996697684;-2802.85269639203;-2157.83239774665","-5000;-476.615832602555;-1280.5382244246","-0.867061285620299;0.466153315571944;0.175800493058918",9.71721946176967,"-673.118996697684;-2802.85269639203;-2157.83239774665","-5008.42542479918;-472.086118532311;-1278.82993245206",2,"X",1,1,"-0;-0;-0",7.19018694364508e-13,1,1,"Unique retained part replayed as a zero-translation GeometryPiece."
3,A50,52,3790.51176351418,1,"X-5000","NONE",0,"RETAINED_SINGLE_BOUNDARY_UNIQUE","RETAINED_SINGLE_BOUNDARY_UNIQUE","-1347.73176400929;-169.264629335002;3420.55206799234","-5000;-424.768298245947;2438.90343590154","-0.963529059887337;-0.0674061142271902;-0.258975223752034",1209.48823648582,"-1347.73176400929;-169.264629335002;3420.55206799234","-6165.37706344597;-506.295200470953;2125.67594923217",2,"X",1,1,"-0;-0;-0",0,1,1,"Unique retained part replayed as a zero-translation GeometryPiece."
3,A51,53,1166.46899467179,1,"X-5000","NONE",0,"RETAINED_SINGLE_BOUNDARY_UNIQUE","RETAINED_SINGLE_BOUNDARY_UNIQUE","-4379.75247074549;-1271.17341410157;934.480040778632","-5000;-283.275356566054;933.891906571597","-0.531730832184725;0.846913258773313;-0.00050420046286823",3833.53100532821,"-4379.75247074549;-1271.17341410157;934.480040778632","-7038.40663166911;2963.392879765;931.959038464291",2,"X",1,1,"-0;-0;-0",5.6843418860808e-14,1,1,"Unique retained part replayed as a zero-translation GeometryPiece."
3,A52,54,4658.08876117796,1,"X-5000","NONE",0,"RETAINED_SINGLE_BOUNDARY_UNIQUE","RETAINED_SINGLE_BOUNDARY_UNIQUE","-463.63770658839;124.771338411342;4513.20773858641","-5000;-281.724644649797;3536.49433861641","-0.973867722577367;-0.087266688958143;-0.209681148223334",341.911238822037,"-463.63770658839;124.771338411342;4513.20773858641","-5332.97631947522;-311.562106379373;3464.80199746974",2,"X",1,1,"-0;-0;-0",0,1,1,"Unique retained part replayed as a zero-translation GeometryPiece."
3,A53,55,3360.04652037728,1,"X-5000","NONE",0,"RETAINED_SINGLE_BOUNDARY_UNIQUE","RETAINED_SINGLE_BOUNDARY_UNIQUE","-2688.10956364959;-2232.55516649171;-2354.21718604344","-5000;-164.470951784556;-3645.76776975669","-0.688053103529895;0.615492732664589;-0.384384732735257",1639.95347962272,"-2688.10956364959;-2232.55516649171;-2354.21718604344","-6128.37508129907;844.908496831237;-4276.14084971973",2,"X",1,1,"-0;-0;-0",6.25277607468888e-13,1,1,"Unique retained part replayed as a zero-translation GeometryPiece."
3,A54,56,2350.56906661349,1,"X-5000","NONE",0,"RETAINED_SINGLE_BOUNDARY_UNIQUE","RETAINED_SINGLE_BOUNDARY_UNIQUE","-2660.91141296876;-61.3227277094073;-3300.85596774969","-5000;-26.7677428770708;-3530.30197874937","-0.995115872260331;0.014700689004693;-0.0976129628602008",2649.43093338651,"-2660.91141296876;-61.3227277094073;-3300.85596774969","-7636.49077427042;12.1807173140578;-3788.92078205069",2,"X",1,1,"-0;-0;-0",3.5527136788005e-15,1,1,"Unique retained part replayed as a zero-translation GeometryPiece."
3,A55,57,3112.94540205222,1,"X-5000","NONE",0,"RETAINED_SINGLE_BOUNDARY_UNIQUE","RETAINED_SINGLE_BOUNDARY_UNIQUE","-2248.85280868866;1511.80528368367;-1705.40359744172","-5000;127.505239762082;-1252.26830164535","-0.883776242749917;-0.44469139838077;0.145564806725373",1887.05459794778,"-2248.85280868866;1511.80528368367;-1705.40359744172","-6667.73402243825;-711.651708220178;-977.579563814855",2,"X",1,1,"-0;-0;-0",5.6843418860808e-14,1,1,"Unique retained part replayed as a zero-translation GeometryPiece."
3,A56,58,527.676800319801,2,"X-5000","Z-5000",0,"AMBIGUOUS_TWO_BOUNDARY_RETAINED","AMBIGUOUS_TWO_BOUNDARY_RETAINED","NaN;NaN;NaN","NaN;NaN;NaN","0.843654807615133;-0.112260185043639;-0.525018301054203",4472.3231996802,"NaN;NaN;NaN","NaN;NaN;NaN",0,"NONE",0,0,"NaN;NaN;NaN",Inf,0,0,"Missing length may lie on both sides; no unique a/b split is selected."
3,A57,59,3858.5340030566,1,"X-5000","NONE",0,"RETAINED_SINGLE_BOUNDARY_UNIQUE","RETAINED_SINGLE_BOUNDARY_UNIQUE","-1243.59092220063;1068.96624807133;1309.39443422368","-5000;219.832056652714;1547.39993402217","-0.973532713414906;-0.220066530642457;0.0616828825688591",1141.4659969434,"-1243.59092220063;1068.96624807133;1309.39443422368","-6111.25448927516;-31.3664051409532;1617.80884706798",2,"X",1,1,"-0;-0;-0",2.8421709430404e-14,1,1,"Unique retained part replayed as a zero-translation GeometryPiece."
3,A58,60,1835.02890319845,1,"X-5000","NONE",0,"RETAINED_SINGLE_BOUNDARY_UNIQUE","RETAINED_SINGLE_BOUNDARY_UNIQUE","-3168.03348944253;304.854789176287;-452.564454844165","-5000;346.991808315544;-355.331480048224","-0.998331147462775;0.0229625915242055;0.052987162559927",3164.97109680155,"-3168.03348944253;304.854789176287;-452.564454844165","-8159.6892267564;419.667746797315;-187.62864204453",2,"X",1,1,"-0;-0;-0",0,1,1,"Unique retained part replayed as a zero-translation GeometryPiece."
3,A59,61,3851.41266716847,1,"X-5000","NONE",0,"RETAINED_SINGLE_BOUNDARY_UNIQUE","RETAINED_SINGLE_BOUNDARY_UNIQUE","-1191.75117865526;518.842460481699;-1001.89852117701","-5000;365.573051258324;-447.706374220298","-0.988792723721432;-0.0397956340877015;0.143893213957815",1148.58733283153,"-1191.75117865526;518.842460481699;-1001.89852117701","-6135.71479726242;319.864290043192;-282.432451387935",2,"X",1,1,"-0;-0;-0",5.6843418860808e-14,1,1,"Unique retained part replayed as a zero-translation GeometryPiece."
3,A60,62,3412.71788762464,1,"X-5000","NONE",0,"RETAINED_SINGLE_BOUNDARY_UNIQUE","RETAINED_SINGLE_BOUNDARY_UNIQUE","-3939.3627919814;3784.94787024668;-848.530426292623","-5000;598.350872167653;-242.484499556541","-0.310789594377178;-0.933741698847837;0.177584537219955",1587.28211237536,"-3939.3627919814;3784.94787024668;-848.530426292623","-5493.31076386729;-883.760623992503;39.3922598071502",2,"X",1,1,"-0;-0;-0",8.5265128291212e-14,1,1,"Unique retained part replayed as a zero-translation GeometryPiece."
3,A61,63,3968.89366983223,1,"X-5000","NONE",0,"RETAINED_SINGLE_BOUNDARY_UNIQUE","RETAINED_SINGLE_BOUNDARY_UNIQUE","-1140.56253982493;30.9393602218937;3260.29982847812","-5000;749.662862224878;3843.64876445069","-0.972421480955979;0.18108913006817;0.14698023794556",1031.10633016777,"-1140.56253982493;30.9393602218937;3260.29982847812","-6002.66994460483;936.385010562742;3995.20101820592",2,"X",1,1,"-0;-0;-0",1.13686837721616e-13,1,1,"Unique retained part replayed as a zero-translation GeometryPiece."
3,A62,64,2685.67602875809,1,"X-5000","NONE",0,"RETAINED_SINGLE_BOUNDARY_UNIQUE","RETAINED_SINGLE_BOUNDARY_UNIQUE","-2314.34446694224;992.637982139226;1146.10089740263","-5000;1000.775202406;1139.47708819548","-0.999992368513509;0.00302985921594451;-0.00246634707098787",2314.32397124191,"-2314.34446694224;992.637982139226;1146.10089740263","-7314.30630950978;1007.78727821895;1133.76916204769",2,"X",1,1,"-0;-0;-0",0,1,1,"Unique retained part replayed as a zero-translation GeometryPiece."
3,A63,65,4993.53751413764,1,"X-5000","NONE",0,"RETAINED_SINGLE_BOUNDARY_UNIQUE","RETAINED_SINGLE_BOUNDARY_UNIQUE","-68.3151146029868;637.107139705193;-3979.21483066616","-5000;1003.09122308877;-3286.42572353727","-0.98761346469001;0.0732915457924182;0.138737138785375",6.46248586236106,"-68.3151146029868;637.107139705193;-3979.21483066616","-5006.38243805304;1003.56486866728;-3285.52913673929",2,"X",1,1,"-0;-0;-0",0,1,1,"Unique retained part replayed as a zero-translation GeometryPiece."
3,A64,66,4041.13735010894,1,"X-5000","NONE",0,"RETAINED_SINGLE_BOUNDARY_UNIQUE","RETAINED_SINGLE_BOUNDARY_UNIQUE","-1712.1759605972;2828.3771307533;-3353.05775855939","-5000;1026.01054918311;-4860.53209466251","-0.813588788145043;-0.446004781679;-0.373032195023632",958.862649891061,"-1712.1759605972;2828.3771307533;-3353.05775855939","-5780.11990132241;598.3532223583;-5218.21873367755",3,"X>Z",1,1,"-0;-0;-0",9.37485680337354e-13,1,1,"Unique retained part replayed as a zero-translation GeometryPiece."
3,A65,67,3350.06006665072,1,"X-5000","NONE",0,"RETAINED_SINGLE_BOUNDARY_UNIQUE","RETAINED_SINGLE_BOUNDARY_UNIQUE","-2378.37015958896;3020.94096491727;1117.71913924","-5000;1046.11706766861;1788.56189644159","-0.7825620401583;-0.589489101078424;0.200247978798863",1649.93993334928,"-2378.37015958896;3020.94096491727;1117.71913924","-6291.18036038046;73.4954595251478;2118.95903323431",2,"X",1,1,"-0;-0;-0",2.27373675443232e-13,1,1,"Unique retained part replayed as a zero-translation GeometryPiece."
3,A66,68,1051.93355018598,1,"X-5000","NONE",0,"RETAINED_SINGLE_BOUNDARY_UNIQUE","RETAINED_SINGLE_BOUNDARY_UNIQUE","-4278.74995388142;479.023569555252;2797.94365905574","-5000;1194.16708449381;2524.20597801391","-0.685642211897378;0.679837157786363;-0.260223358208731",3948.06644981402,"-4278.74995388142;479.023569555252;2797.94365905574","-7706.96101336831;3878.20935848707;1496.82686801208",2,"X",1,1,"-0;-0;-0",0,1,1,"Unique retained part replayed as a zero-translation GeometryPiece."
3,A67,69,4794.64235304177,1,"X-5000","NONE",0,"RETAINED_SINGLE_BOUNDARY_UNIQUE","RETAINED_SINGLE_BOUNDARY_UNIQUE","-1321.90725800691;3096.10853520288;-1973.78722751036","-5000;1267.55444478739;-4446.96716704255","-0.767125568742301;-0.38137445001616;-0.515821568622982",205.357646958231,"-1321.90725800691;3096.10853520288;-1973.78722751036","-5157.53510171841;1189.23628512208;-4552.89507062527",2,"X",1,1,"-0;-0;-0",2.27373675443232e-13,1,1,"Unique retained part replayed as a zero-translation GeometryPiece."
3,A68,70,4092.49030587831,1,"X-5000","NONE",0,"RETAINED_SINGLE_BOUNDARY_UNIQUE","RETAINED_SINGLE_BOUNDARY_UNIQUE","-1426.58171239957;-365.593857143029;378.317336970383","-5000;1627.86460746779;450.994674718855","-0.873164753125426;0.487101572787475;0.0177587073680006",907.509694121693,"-1426.58171239957;-365.593857143029;378.317336970383","-5792.4054780267;2069.91400679435;467.110873810386",2,"X",1,1,"-0;-0;-0",2.27373675443232e-13,1,1,"Unique retained part replayed as a zero-translation GeometryPiece."
3,A69,71,703.657841629242,1,"X-5000","NONE",0,"RETAINED_SINGLE_BOUNDARY_UNIQUE","RETAINED_SINGLE_BOUNDARY_UNIQUE","-4303.035218537;1847.3209924815;-827.154160731464","-5000;1846.30617244491;-923.970593359659","-0.99048818932971;-0.00144220667567674;-0.137590213453782",4296.34215837076,"-4303.035218537;1847.3209924815;-827.154160731464","-9255.47616518555;1840.10995910312;-1515.10522800037",2,"X",1,1,"-0;-0;-0",0,1,1,"Unique retained part replayed as a zero-translation GeometryPiece."
3,A70,72,3863.64577130947,1,"X-5000","NONE",0,"RETAINED_SINGLE_BOUNDARY_UNIQUE","RETAINED_SINGLE_BOUNDARY_UNIQUE","-2619.29098444703;4561.01415799683;4115.29691397877","-5000;2079.61755137113;2353.86167246439","-0.616182009549519;-0.642242263784111;-0.455899775956271",1136.35422869053,"-2619.29098444703;4561.01415799683;4115.29691397877","-5700.20103219462;1349.80283907628;1835.79803419742",2,"X",1,1,"-0;-0;-0",0,1,1,"Unique retained part replayed as a zero-translation GeometryPiece."
3,A71,73,2881.41368809394,1,"X-5000","NONE",0,"RETAINED_SINGLE_BOUNDARY_UNIQUE","RETAINED_SINGLE_BOUNDARY_UNIQUE","-2625.59151327081;3326.08016801863;-1178.90185466049","-5000;2103.41205632157;-2260.48027008985","-0.824042898296864;-0.424329250863612;-0.375363808362007",2118.58631190606,"-2625.59151327081;3326.08016801863;-1178.90185466049","-6745.80600475513;1204.43391370057;-3055.72089647053",2,"X",1,1,"-0;-0;-0",0,1,1,"Unique retained part replayed as a zero-translation GeometryPiece."
3,A72,74,3326.05302515012,1,"X-5000","NONE",0,"RETAINED_SINGLE_BOUNDARY_UNIQUE","RETAINED_SINGLE_BOUNDARY_UNIQUE","-2038.66394048171;1713.47815093003;-954.593023176349","-5000;2297.16565005442;-2351.88553803245","-0.890345414557734;0.175489535106869;-0.420105303280014",1673.94697484988,"-2038.66394048171;1713.47815093003;-954.593023176349","-6490.39101327038;2590.92582646437;-3055.11953957642",2,"X",1,1,"-0;-0;-0",4.54747350886464e-13,1,1,"Unique retained part replayed as a zero-translation GeometryPiece."
3,A73,75,4593.51548495366,2,"X-5000","Z+5000",0,"AMBIGUOUS_TWO_BOUNDARY_RETAINED","AMBIGUOUS_TWO_BOUNDARY_RETAINED","NaN;NaN;NaN","NaN;NaN;NaN","0.877876727252477;-0.436092482264337;0.197878242010106",406.484515046343,"NaN;NaN;NaN","NaN;NaN;NaN",0,"NONE",0,0,"NaN;NaN;NaN",Inf,0,0,"Missing length may lie on both sides; no unique a/b split is selected."
3,A74,76,690.711020866484,1,"X-5000","NONE",0,"RETAINED_SINGLE_BOUNDARY_UNIQUE","RETAINED_SINGLE_BOUNDARY_UNIQUE","-4360.93868271287;2198.50476408577;-4544.80591895259","-5000;2352.95881316785;-4333.08370987709","-0.925222412819531;0.22361601945821;0.306527914973615",4309.28897913352,"-4360.93868271287;2198.50476408577;-4544.80591895259","-8987.05074681052;3316.58486137682;-3012.16634408452",2,"X",1,1,"-0;-0;-0",0,1,1,"Unique retained part replayed as a zero-translation GeometryPiece."
3,A75,77,3725.79108665815,1,"X-5000","NONE",0,"RETAINED_SINGLE_BOUNDARY_UNIQUE","RETAINED_SINGLE_BOUNDARY_UNIQUE","-2642.21389292369;3910.39189723333;4313.9614353286","-5000;2627.09113694637;1730.26194557632","-0.632828318130721;-0.344437122328836;-0.69346332890332",1274.20891334185,"-2642.21389292369;3910.39189723333;4313.9614353286","-5806.35548357729;2188.20628558915;846.644790812001",2,"X",1,1,"-0;-0;-0",2.27373675443232e-13,1,1,"Unique retained part replayed as a zero-translation GeometryPiece."
3,A76,78,2952.02824550811,2,"X-5000","Z-5000",0,"AMBIGUOUS_TWO_BOUNDARY_RETAINED","AMBIGUOUS_TWO_BOUNDARY_RETAINED","NaN;NaN;NaN","NaN;NaN;NaN","0.806036073882506;-0.0379564847697363;-0.590648078693226",2047.97175449189,"NaN;NaN;NaN","NaN;NaN;NaN",0,"NONE",0,0,"NaN;NaN;NaN",Inf,0,0,"Missing length may lie on both sides; no unique a/b split is selected."
3,A77,79,4320.66486523392,1,"X-5000","NONE",0,"RETAINED_SINGLE_BOUNDARY_UNIQUE","RETAINED_SINGLE_BOUNDARY_UNIQUE","-685.553343817277;2637.72908546581;233.884409242303","-5000;2818.62465634076;378.700572215921","-0.998560821252018;0.0418675311595028;0.0335171015319601",679.33513476608,"-685.553343817277;2637.72908546581;233.884409242303","-5678.35745007737;2847.06674126332;401.469916902103",2,"X",1,1,"-0;-0;-0",5.6843418860808e-14,1,1,"Unique retained part replayed as a zero-translation GeometryPiece."
3,A78,80,919.407116503299,1,"X-5000","NONE",0,"RETAINED_SINGLE_BOUNDARY_UNIQUE","RETAINED_SINGLE_BOUNDARY_UNIQUE","-4106.5715338784;2850.17217161023;3962.38128470717","-5000;3028.59273721468;3838.84536454666","-0.9717441273671;0.194060457442423;-0.13436476392563",4080.5928834967,"-4106.5715338784;2850.17217161023;3962.38128470717","-8965.2921707139;3820.47445882235;3290.55746507902",2,"X",1,1,"-0;-0;-0",0,1,1,"Unique retained part replayed as a zero-translation GeometryPiece."
3,A79,81,3399.85771804035,1,"X-5000","NONE",0,"RETAINED_SINGLE_BOUNDARY_UNIQUE","RETAINED_SINGLE_BOUNDARY_UNIQUE","-2603.65870441669;1039.7209558079;944.056882182582","-5000;3254.23450499493;1899.31110932199","-0.704835759116573;0.651354772123657;0.280968883512575",1600.14228195965,"-2603.65870441669;1039.7209558079;944.056882182582","-6127.83749999956;4296.49481642619;2348.90129974546",2,"X",1,1,"-0;-0;-0",9.09494701772928e-13,1,1,"Unique retained part replayed as a zero-translation GeometryPiece."
3,A80,82,771.300909264929,1,"X-5000","NONE",0,"RETAINED_SINGLE_BOUNDARY_UNIQUE","RETAINED_SINGLE_BOUNDARY_UNIQUE","-4482.53829449633;3883.67840956613;2963.6904047954","-5000;3411.9230946411;3287.08706342088","-0.670894717337783;-0.61163588588872;0.419287277819607",4228.69909073507,"-4482.53829449633;3883.67840956613;2963.6904047954","-7837.01188118525;825.498980122529;5060.12679389344",3,"X>Z",1,1,"-0;-0;-0",0,1,1,"Unique retained part replayed as a zero-translation GeometryPiece."
3,A81,83,1870.00052923577,2,"X-5000","Y+5000",0,"AMBIGUOUS_TWO_BOUNDARY_RETAINED","AMBIGUOUS_TWO_BOUNDARY_RETAINED","NaN;NaN;NaN","NaN;NaN;NaN","0.454567385447192;0.802975534727317;-0.385485126453776",3129.99947076423,"NaN;NaN;NaN","NaN;NaN;NaN",0,"NONE",0,0,"NaN;NaN;NaN",Inf,0,0,"Missing length may lie on both sides; no unique a/b split is selected."
3,A82,84,811.96724056501,1,"X-5000","NONE",0,"RETAINED_SINGLE_BOUNDARY_UNIQUE","RETAINED_SINGLE_BOUNDARY_UNIQUE","-4546.36479139988;4224.19290758382;-1992.40497257619","-5000;3565.49103718811;-2132.46832683517","-0.558686589725536;-0.811241928845984;-0.17249877490318",4188.03275943499,"-4546.36479139988;4224.19290758382;-1992.40497257619","-7339.79774002756;167.983263353901;-2854.89884709209",2,"X",1,1,"-0;-0;-0",0,1,1,"Unique retained part replayed as a zero-translation GeometryPiece."
3,A83,85,2575.77529595882,1,"X-5000","NONE",0,"RETAINED_SINGLE_BOUNDARY_UNIQUE","RETAINED_SINGLE_BOUNDARY_UNIQUE","-2587.39716625327;3249.44185661583;-601.851704214715","-5000;3661.40876230168;200.799658762158","-0.936651126956573;0.159938992478184;0.311615444187296",2424.22470404118,"-2587.39716625327;3249.44185661583;-601.851704214715","-7270.65280103613;4049.13681900675;956.225516721767",2,"X",1,1,"-0;-0;-0",5.6843418860808e-14,1,1,"Unique retained part replayed as a zero-translation GeometryPiece."
3,A84,86,4088.70798391017,1,"X-5000","NONE",0,"RETAINED_SINGLE_BOUNDARY_UNIQUE","RETAINED_SINGLE_BOUNDARY_UNIQUE","-1042.20617861071;3853.29927026519;-4962.64609087465","-5000;3806.1067662756;-3937.37836358058","-0.967981532788339;-0.0115421556578022;0.25075591882049",911.292016089827,"-1042.20617861071;3853.29927026519;-4962.64609087465","-5882.11384255241;3795.58849197618;-3708.8664967722",2,"X",1,1,"-0;-0;-0",0,1,1,"Unique retained part replayed as a zero-translation GeometryPiece."
3,A85,87,1668.3304045978,2,"X-5000","Y+5000",0,"AMBIGUOUS_TWO_BOUNDARY_RETAINED","AMBIGUOUS_TWO_BOUNDARY_RETAINED","NaN;NaN;NaN","NaN;NaN;NaN","0.631351434976868;0.438167734264281;0.63984717097316",3331.6695954022,"NaN;NaN;NaN","NaN;NaN;NaN",0,"NONE",0,0,"NaN;NaN;NaN",Inf,0,0,"Missing length may lie on both sides; no unique a/b split is selected."
3,A86,88,3595.47694819031,1,"X-5000","NONE",0,"RETAINED_SINGLE_BOUNDARY_UNIQUE","RETAINED_SINGLE_BOUNDARY_UNIQUE","-2504.86390859264;2456.65557167601;-1802.23708289236","-5000;4321.31901781948;-3598.00449626768","-0.693965258952145;0.518613656272222;-0.499451794366022",1404.52305180969,"-2504.86390859264;2456.65557167601;-1802.23708289236","-5974.69020335337;5049.72385303712;-4299.49605472247",3,"X>Y",1,1,"-0;-0;-0",4.54747350886464e-13,1,1,"Unique retained part replayed as a zero-translation GeometryPiece."
3,A87,89,700.403163458043,1,"X-5000","NONE",0,"RETAINED_SINGLE_BOUNDARY_UNIQUE","RETAINED_SINGLE_BOUNDARY_UNIQUE","-4467.32729598824;4063.70432695529;174.563232702057","-5000;4516.05011482006;127.577383940598","-0.760522984193616;0.645836300383682;-0.06708400420335",4299.59683654196,"-4467.32729598824;4063.70432695529;174.563232702057","-8269.94221695632;7292.8858288737;-160.856788314693",3,"X>Y",1,1,"-0;-0;-0",0,1,1,"Unique retained part replayed as a zero-translation GeometryPiece."
3,A88,90,827.249017764548,2,"X-5000","Z-5000",0,"AMBIGUOUS_TWO_BOUNDARY_RETAINED","AMBIGUOUS_TWO_BOUNDARY_RETAINED","NaN;NaN;NaN","NaN;NaN;NaN","0.906197431044029;-0.275428997010861;-0.32085056268424",4172.75098223545,"NaN;NaN;NaN","NaN;NaN;NaN",0,"NONE",0,0,"NaN;NaN;NaN",Inf,0,0,"Missing length may lie on both sides; no unique a/b split is selected."
3,A89,91,2066.89184897457,1,"X-5000","NONE",0,"RETAINED_SINGLE_BOUNDARY_UNIQUE","RETAINED_SINGLE_BOUNDARY_UNIQUE","-3023.20894546589;4221.01331886411;-899.307553840379","-5000;4590.6972436687;-422.156804273222","-0.956407591192951;0.178859830033196;0.230854241262736",2933.10815102543,"-3023.20894546589;4221.01331886411;-899.307553840379","-7805.24690143064;5115.31246903009;254.963652473301",3,"X>Y",1,1,"-0;-0;-0",5.6843418860808e-14,1,1,"Unique retained part replayed as a zero-translation GeometryPiece."
3,A90,92,1594.67885104065,1,"X-5000","NONE",0,"RETAINED_SINGLE_BOUNDARY_UNIQUE","RETAINED_SINGLE_BOUNDARY_UNIQUE","-3460.34701963225;4970.55812487301;4265.37900658388","-5000;4726.03596082898;3929.70319677292","-0.965494073846287;-0.153336305855226;-0.210497436265557",3405.32114895935,"-3460.34701963225;4970.55812487301;4265.37900658388","-8287.81738886369;4203.87659559688;3212.89182525609",2,"X",1,1,"-0;-0;-0",0,1,1,"Unique retained part replayed as a zero-translation GeometryPiece."
3,A91,93,661.256218116935,2,"X-5000","Y+5000",0,"AMBIGUOUS_TWO_BOUNDARY_RETAINED","AMBIGUOUS_TWO_BOUNDARY_RETAINED","NaN;NaN;NaN","NaN;NaN;NaN","0.961290656234241;0.124409566810535;0.245850633358463",4338.74378188307,"NaN;NaN;NaN","NaN;NaN;NaN",0,"NONE",0,0,"NaN;NaN;NaN",Inf,0,0,"Missing length may lie on both sides; no unique a/b split is selected."
3,A92,94,3800.25416017011,1,"NONE","Z+5000",0,"RETAINED_SINGLE_BOUNDARY_UNIQUE","RETAINED_SINGLE_BOUNDARY_UNIQUE","-4995.91838936805;1956.76737973369;1769.17430952256","-4139.83987317681;148.224702947496;5000","0.225268753117534;-0.475900453117389;0.850160424620869",1199.7458398299,"-4995.91838936805;1956.76737973369;1769.17430952256","-3869.57462378038;-422.734885853253;6019.9764326269",2,"Z",1,1,"-0;-0;-0",1.4210854715202e-13,1,1,"Unique retained part replayed as a zero-translation GeometryPiece."
3,A93,95,5000,0,"NONE","NONE",0,"DIRECT_FULL","DIRECT_FULL","NaN;NaN;NaN","NaN;NaN;NaN","0.99996903940683;0.00246804011938938;0.0074718810048872",0,"-4902.46883794863;-94.4166207700482;672.934600297983","97.3763590855169;-82.0764201731013;710.294005322419",1,"NONE",1,1,"-0;-0;-0",2.8421709430404e-14,1,1,"Observed segment is already a complete 5000 nm Medium."
3,A94,96,5000,0,"NONE","NONE",0,"DIRECT_FULL","DIRECT_FULL","NaN;NaN;NaN","NaN;NaN;NaN","0.377154978103316;0.920120594049948;0.105509311897374",0,"-4897.9224016491;-4362.03473939685;1312.21633831054","-3012.14751113252;238.568230852889;1839.76289779741",1,"NONE",1,1,"-0;-0;-0",4.2632564145606e-13,1,1,"Observed segment is already a complete 5000 nm Medium."
3,A95,97,5000,0,"NONE","NONE",0,"DIRECT_FULL","DIRECT_FULL","NaN;NaN;NaN","NaN;NaN;NaN","0.917420828911057;-0.393094937335835;0.0617688669240889",0,"-4845.08073283386;1462.43827903822;-85.8584979188063","-257.976588278578;-503.036407640955;222.985836701638",1,"NONE",1,1,"-0;-0;-0",2.34371420084339e-13,1,1,"Observed segment is already a complete 5000 nm Medium."
3,A96,98,1531.44317552721,1,"NONE","Z-5000",0,"RETAINED_SINGLE_BOUNDARY_UNIQUE","RETAINED_SINGLE_BOUNDARY_UNIQUE","-4833.38316603981;1700.44016001606;-4028.8396946924","-4383.69077915118;605.021236298684;-5000","0.293639616588333;-0.715285386504966;-0.634147137044944",3468.55682447279,"-4833.38316603981;1700.44016001606;-4028.8396946924","-3365.18508309815;-1875.98677250877;-7199.57537991712",2,"Z",1,1,"-0;-0;-0",2.27373675443232e-13,1,1,"Unique retained part replayed as a zero-translation GeometryPiece."
3,A97,99,5000,0,"NONE","NONE",0,"DIRECT_FULL","DIRECT_FULL","NaN;NaN;NaN","NaN;NaN;NaN","0.422199172672252;-0.077235410554296;0.903206814606364",0,"-4801.86959698975;-3582.07213390288;-1984.64462751909","-2690.87373362849;-3968.24918667436;2531.38944551273",1,"NONE",1,1,"-0;-0;-0",0,1,1,"Observed segment is already a complete 5000 nm Medium."
3,A98,100,5000,0,"NONE","NONE",0,"DIRECT_FULL","DIRECT_FULL","NaN;NaN;NaN","NaN;NaN;NaN","0.992644640968302;0.0885602741932339;-0.0825451064069239",0,"-4779.75109652657;-2344.06989304822;-3220.67869193697","183.472108314943;-1901.26852208205;-3633.40422397159",1,"NONE",1,1,"-0;-0;-0",3.97903932025656e-13,1,1,"Observed segment is already a complete 5000 nm Medium."
3,A99,101,1302.20977112235,1,"Y+5000","NONE",0,"RETAINED_SINGLE_BOUNDARY_UNIQUE","RETAINED_SINGLE_BOUNDARY_UNIQUE","-4462.99576928441;3736.72009258158;-1511.05478779547","-4778.60000563849;5000;-1494.68012704236","-0.242360519290274;0.970104767628664;0.0125745184195608",3697.79022887765,"-4462.99576928441;3736.72009258158;-1511.05478779547","-5674.79836573578;8587.2439307249;-1448.18219569767",3,"Y>X",1,1,"-0;-0;-0",0,1,1,"Unique retained part replayed as a zero-translation GeometryPiece."
3,A100,102,4999.99999999999,0,"NONE","NONE",0,"DIRECT_FULL","DIRECT_FULL","NaN;NaN;NaN","NaN;NaN;NaN","0.322457519641918;-0.737010076612443;0.594001090064743",0,"-4745.53953435397;3309.54611875961;-4101.31881632114","-3133.25193614438;-375.504264302602;-1131.31336599743",1,"NONE",1,1,"-0;-0;-0",2.27373675443232e-13,1,1,"Observed segment is already a complete 5000 nm Medium."
3,A101,103,5000,0,"NONE","NONE",0,"DIRECT_FULL","DIRECT_FULL","NaN;NaN;NaN","NaN;NaN;NaN","0.982041146626879;0.188053235239092;0.015204178632058",0,"-4741.19356786378;-378.567447110398;1578.804023168","169.012165270613;561.698729085063;1654.82491632829",1,"NONE",1,1,"-0;-0;-0",2.8421709430404e-14,1,1,"Observed segment is already a complete 5000 nm Medium."
3,A102,104,1190.15021507902,1,"Y-5000","NONE",0,"RETAINED_SINGLE_BOUNDARY_UNIQUE","RETAINED_SINGLE_BOUNDARY_UNIQUE","-3894.04947168852;-4160.76206070917;3732.52092145894","-4737.93168805124;-5000;3732.66449817433","-0.709055214771093;-0.705152953516129;0.000120637473800522",3809.84978492098,"-3894.04947168852;-4160.76206070917;3732.52092145894","-7439.32554554398;-7686.52682828981;3733.12410882794",3,"Y>X",1,1,"-0;-0;-0",0,1,1,"Unique retained part replayed as a zero-translation GeometryPiece."
3,A103,105,5000,0,"NONE","NONE",0,"DIRECT_FULL","DIRECT_FULL","NaN;NaN;NaN","NaN;NaN;NaN","0.888926217301974;0.082191371891182;0.450615976835985",0,"-4677.06527617311;1542.78684951119;-2987.78613940108","-232.43418966324;1953.7437089671;-734.706255221154",1,"NONE",1,1,"-0;-0;-0",4.41223582363933e-13,1,1,"Observed segment is already a complete 5000 nm Medium."
3,A104,106,3905.22827248758,1,"NONE","Y+5000",0,"RETAINED_SINGLE_BOUNDARY_UNIQUE","RETAINED_SINGLE_BOUNDARY_UNIQUE","-4668.25542612177;2564.41390693882;1131.01493516207","-4242.63293207097;5000;-1891.82706138378","0.108987865587607;0.623673169176802;-0.774050013373568",1094.77172751242,"-4668.25542612177;2564.41390693882;1131.01493516207","-4123.31609818373;5682.77975282283;-2739.23513170577",2,"Y",1,1,"-0;-0;-0",2.27373675443232e-13,1,1,"Unique retained part replayed as a zero-translation GeometryPiece."
3,A105,107,2910.80889568809,1,"NONE","Z-5000",0,"RETAINED_SINGLE_BOUNDARY_UNIQUE","RETAINED_SINGLE_BOUNDARY_UNIQUE","-4645.06298240691;-4013.03042006628;-4280.17502219044","-1825.07983650809;-4061.56376308928;-5000","0.968797075643195;-0.0166734900030348;-0.247293794819669",2089.19110431191,"-4645.06298240691;-4013.03042006628;-4280.17502219044","198.922395809063;-4096.39787008145;-5516.64399628879",2,"Z",1,1,"-0;-0;-0",4.54747350886464e-13,1,1,"Unique retained part replayed as a zero-translation GeometryPiece."
3,A106,108,5000,0,"NONE","NONE",0,"DIRECT_FULL","DIRECT_FULL","NaN;NaN;NaN","NaN;NaN;NaN","0.662485798871878;0.183953955567216;-0.726136012413834",0,"-4642.45937836692;-4593.49833680742;3474.40935702149","-1330.03038400753;-3673.72855897134;-156.270705047679",1,"NONE",1,1,"-0;-0;-0",3.0212691549237e-13,1,1,"Observed segment is already a complete 5000 nm Medium."
3,A107,109,5000,0,"NONE","NONE",0,"DIRECT_FULL","DIRECT_FULL","NaN;NaN;NaN","NaN;NaN;NaN","0.995319739141284;-0.019214489380148;-0.094707023359338",0,"-4628.93500514492;-4623.92424534162;-3379.01806989156","347.663690561501;-4719.99669224236;-3852.55318668825",1,"NONE",1,1,"-0;-0;-0",3.97903932025656e-13,1,1,"Observed segment is already a complete 5000 nm Medium."
3,A108,110,5000,0,"NONE","NONE",0,"DIRECT_FULL","DIRECT_FULL","NaN;NaN;NaN","NaN;NaN;NaN","0.730700144172043;-0.682698266452697;-0.000613424354857944",0,"-4571.84128933919;-731.76490888297;4020.15092057908","-918.340568478979;-4145.25624114645;4017.08379880479",1,"NONE",1,1,"-0;-0;-0",1.13686837721616e-13,1,1,"Observed segment is already a complete 5000 nm Medium."
3,A109,111,4814.48425745186,1,"NONE","Y+5000",0,"RETAINED_SINGLE_BOUNDARY_UNIQUE","RETAINED_SINGLE_BOUNDARY_UNIQUE","-4565.75792650676;973.668456715803;-249.852342702499","-3598.81024182215;5000;2206.34902198435","0.200841384658797;0.836295504975895;0.510169154854986",185.515742548142,"-4565.75792650676;973.668456715803;-249.852342702499","-3561.55100321278;5155.14598159528;2300.99343157243",2,"Y",1,1,"-0;-0;-0",4.54747350886464e-13,1,1,"Unique retained part replayed as a zero-translation GeometryPiece."
3,A110,112,1080.12043594506,1,"Z+5000","NONE",0,"RETAINED_SINGLE_BOUNDARY_UNIQUE","RETAINED_SINGLE_BOUNDARY_UNIQUE","-3643.57413195483;34.8532008198337;4432.91700378619","-4554.82293054323;156.107720828442;5000","-0.843654807615128;0.112260185043639;0.52501830105421",3919.87956405494,"-3643.57413195483;34.8532008198337;4432.91700378619","-7861.84817003047;596.154126038027;7058.00850905724",3,"Z>X",1,1,"-0;-0;-0",2.8421709430404e-14,1,1,"Unique retained part replayed as a zero-translation GeometryPiece."
3,A111,113,5000,0,"NONE","NONE",0,"DIRECT_FULL","DIRECT_FULL","NaN;NaN;NaN","NaN;NaN;NaN","0.823855943946944;-0.52871385992444;-0.204262179433908",0,"-4537.55944532078;2428.70864022709;-631.52951422848","-418.27972558606;-214.860659395111;-1652.84041139802",1,"NONE",1,1,"-0;-0;-0",4.44870120261911e-13,1,1,"Observed segment is already a complete 5000 nm Medium."
3,A112,114,705.212623967009,1,"NONE","Z-5000",0,"RETAINED_SINGLE_BOUNDARY_UNIQUE","RETAINED_SINGLE_BOUNDARY_UNIQUE","-4531.87720662466;656.546568365086;-4461.362601052","-4275.03899601177;280.742455792943;-5000","0.364199678060365;-0.532894760814327;-0.763794323360267",4294.78737603299,"-4531.87720662466;656.546568365086;-4461.362601052","-2710.87881632283;-2007.92723570655;-8280.33421785333",2,"Z",1,1,"-0;-0;-0",5.6843418860808e-14,1,1,"Unique retained part replayed as a zero-translation GeometryPiece."
3,A113,115,5000,0,"NONE","NONE",0,"DIRECT_FULL","DIRECT_FULL","NaN;NaN;NaN","NaN;NaN;NaN","0.882566979219149;-0.018799395123046;0.469810717135097",0,"-4518.7611476125;2882.08375528358;694.061209470425","-105.926251516752;2788.08677966835;3043.11479514591",1,"NONE",1,1,"-0;-0;-0",4.54969341307734e-13,1,1,"Observed segment is already a complete 5000 nm Medium."
3,A114,116,5000.00000000001,0,"NONE","NONE",0,"DIRECT_FULL","DIRECT_FULL","NaN;NaN;NaN","NaN;NaN;NaN","0.136855005795456;0.987192377895532;0.0819872942210559",0,"-4464.31365797202;-3357.94869264603;1667.83281348784","-3780.03862899474;1578.01319683164;2077.76928459312",1,"NONE",1,1,"-0;-0;-0",4.54747350886464e-13,1,1,"Observed segment is already a complete 5000 nm Medium."
3,A115,117,5000,0,"NONE","NONE",0,"DIRECT_FULL","DIRECT_FULL","NaN;NaN;NaN","NaN;NaN;NaN","0.51224573503553;0.855495878070705;-0.075704091976214",0,"-4463.68735379139;-4886.22789661029;-2725.99859426592","-1902.45867861374;-608.74850625676;-3104.51905414699",1,"NONE",1,1,"-0;-0;-0",3.21554935538437e-13,1,1,"Observed segment is already a complete 5000 nm Medium."
3,A116,118,5000,0,"NONE","NONE",0,"DIRECT_FULL","DIRECT_FULL","NaN;NaN;NaN","NaN;NaN;NaN","0.966242744340918;-0.037474019693878;-0.254893422544628",0,"-4437.424910375;-1542.88317408878;3661.64513403437","393.788811329587;-1730.25327255817;2387.17802131123",1,"NONE",1,1,"-0;-0;-0",3.41060513164848e-13,1,1,"Observed segment is already a complete 5000 nm Medium."
3,A117,119,5000,0,"NONE","NONE",0,"DIRECT_FULL","DIRECT_FULL","NaN;NaN;NaN","NaN;NaN;NaN","0.778845455950482;-0.0738977857359392;-0.622847391427958",0,"-4422.28950725118;715.442990850514;4148.53114128022","-528.062227498771;345.954062170818;1034.29418414043",1,"NONE",1,1,"-0;-0;-0",1.13686837721616e-13,1,1,"Observed segment is already a complete 5000 nm Medium."
3,A118,120,4833.7867686378,1,"Z-5000","NONE",0,"RETAINED_SINGLE_BOUNDARY_UNIQUE","RETAINED_SINGLE_BOUNDARY_UNIQUE","-1643.83896399538;2545.40656668242;-3320.95510371989","-4410.28259747553;-1045.28868406092;-5000","-0.572313957129671;-0.742832777407602;-0.347356012303637",166.213231362195,"-1643.83896399538;2545.40656668242;-3320.95510371989","-4505.40874964374;-1168.75732035559;-5057.73516523807",2,"Z",1,1,"-0;-0;-0",2.27373675443232e-13,1,1,"Unique retained part replayed as a zero-translation GeometryPiece."
3,A119,121,5000,0,"NONE","NONE",0,"DIRECT_FULL","DIRECT_FULL","NaN;NaN;NaN","NaN;NaN;NaN","0.643729136350723;0.744282675035315;0.177921608174576",0,"-4403.60727755624;-4592.70038720672;-3723.58682101653","-1184.96159580262;-871.28701203014;-2833.97878014365",1,"NONE",1,1,"-0;-0;-0",2.27373675443232e-13,1,1,"Observed segment is already a complete 5000 nm Medium."
3,A120,122,5000,0,"NONE","NONE",0,"DIRECT_FULL","DIRECT_FULL","NaN;NaN;NaN","NaN;NaN;NaN","0.814011537644226;0.111294309681544;0.570086654127766",0,"-4397.29493631101;1830.1361867125;-2506.42937971872","-327.237248089884;2386.60773512022;344.003890920108",1,"NONE",1,1,"-0;-0;-0",1.13686837721616e-13,1,1,"Observed segment is already a complete 5000 nm Medium."
3,A121,123,3468.55682447278,1,"Z+5000","NONE",0,"RETAINED_SINGLE_BOUNDARY_UNIQUE","RETAINED_SINGLE_BOUNDARY_UNIQUE","-3365.18508309814;-1875.98677250877;2800.42462008289","-4383.69077915118;605.021236298684;5000","-0.293639616588335;0.715285386504967;0.634147137044942",1531.44317552722,"-3365.18508309814;-1875.98677250877;2800.42462008289","-4833.38316603981;1700.44016001606;5971.1603053076",2,"Z",1,1,"-0;-0;-0",2.27373675443232e-13,1,1,"Unique retained part replayed as a zero-translation GeometryPiece."
3,A122,124,5000,0,"NONE","NONE",0,"DIRECT_FULL","DIRECT_FULL","NaN;NaN;NaN","NaN;NaN;NaN","0.958325615479638;0.276641768556054;-0.071283564766024",0,"-4367.72812969583;2076.92333379447;1425.12626491372","423.899947702362;3460.13217657474;1068.7084410836",1,"NONE",1,1,"-0;-0;-0",2.8421709430404e-13,1,1,"Observed segment is already a complete 5000 nm Medium."
3,A123,125,2099.37127947342,1,"NONE","Y-5000",0,"RETAINED_SINGLE_BOUNDARY_UNIQUE","RETAINED_SINGLE_BOUNDARY_UNIQUE","-4366.88748213927;-3819.61253713339;-2675.94087134222","-4310.41849023409;-5000;-4411.12283861205","0.0268980491718186;-0.562257602744134;-0.82652458106651",2900.62872052658,"-4366.88748213927;-3819.61253713339;-2675.94087134222","-4232.39723628018;-6630.90055085406;-6808.56377667477",3,"Y>Z",1,1,"-0;-0;-0",0,1,1,"Unique retained part replayed as a zero-translation GeometryPiece."
3,A124,126,3722.62738277933,1,"Y-5000","NONE",0,"RETAINED_SINGLE_BOUNDARY_UNIQUE","RETAINED_SINGLE_BOUNDARY_UNIQUE","-785.813656439914;-4536.86953991139;3990.21097830275","-4364.3405761474;-5000;3075.00067848884","-0.961290656234237;-0.124409566810534;-0.245850633358477",1277.37261722067,"-785.813656439914;-4536.86953991139;3990.21097830275","-5592.2669376111;-5158.91737396406;2760.95781151036",3,"Y>X",1,1,"-0;-0;-0",1.01684598917008e-12,1,1,"Unique retained part replayed as a zero-translation GeometryPiece."
3,A125,127,5000,0,"NONE","NONE",0,"DIRECT_FULL","DIRECT_FULL","NaN;NaN;NaN","NaN;NaN;NaN","0.987573473666023;0.11387265176612;-0.108312756824746",0,"-4326.70685705914;-3313.35506887951;-3148.29031733543","611.160511270979;-2743.99181004891;-3689.85410145916",1,"NONE",1,1,"-0;-0;-0",4.54747350886464e-13,1,1,"Observed segment is already a complete 5000 nm Medium."
3,A126,128,5000,0,"NONE","NONE",0,"DIRECT_FULL","DIRECT_FULL","NaN;NaN;NaN","NaN;NaN;NaN","0.921864133138931;0.36612465742356;-0.126961629079369",0,"-4325.93534522974;-1636.01576929022;687.287707327499","283.385320464921;194.607517827582;52.4795619306548",1,"NONE",1,1,"-0;-0;-0",3.08165915075185e-13,1,1,"Observed segment is already a complete 5000 nm Medium."
3,A127,129,2212.29056922531,1,"NONE","Y+5000",0,"RETAINED_SINGLE_BOUNDARY_UNIQUE","RETAINED_SINGLE_BOUNDARY_UNIQUE","-4314.49442587369;3019.10780590509;406.19185737708","-4052.34173484081;5000;1355.7031235774","0.118498308802482;0.895403262867304;0.429198261480098",2787.70943077469,"-4314.49442587369;3019.10780590509;406.19185737708","-3722.00288186128;7496.12412024161;2552.18316477757",2,"Y",1,1,"-0;-0;-0",2.27373675443232e-13,1,1,"Unique retained part replayed as a zero-translation GeometryPiece."
3,A128,130,5000,0,"NONE","NONE",0,"DIRECT_FULL","DIRECT_FULL","NaN;NaN;NaN","NaN;NaN;NaN","0.291168724768884;-0.376329454735172;0.879543583465419",0,"-4313.76832575146;-563.93752595661;-133.083517332063","-2857.92470190704;-2445.58479963247;4264.63439999503",1,"NONE",1,1,"-0;-0;-0",0,1,1,"Observed segment is already a complete 5000 nm Medium."
3,A129,131,712.473863303729,2,"Y+5000","Z-5000",0,"AMBIGUOUS_TWO_BOUNDARY_RETAINED","AMBIGUOUS_TWO_BOUNDARY_RETAINED","NaN;NaN;NaN","NaN;NaN;NaN","0.0268980491718343;-0.562257602744139;-0.826524581066506",4287.52613669627,"NaN;NaN;NaN","NaN;NaN;NaN",0,"NONE",0,0,"NaN;NaN;NaN",Inf,0,0,"Missing length may lie on both sides; no unique a/b split is selected."
3,A130,132,2188.15485722285,1,"Z+5000","NONE",0,"RETAINED_SINGLE_BOUNDARY_UNIQUE","RETAINED_SINGLE_BOUNDARY_UNIQUE","-4232.39723628016;3369.09944914594;3191.43622332523","-4291.2543332253;4599.40615360099;5000","-0.0268980491718215;0.562257602744132;0.826524581066511",2811.84514277715,"-4232.39723628016;3369.09944914594;3191.43622332523","-4366.88748213927;6180.3874628666;7324.05912865779",3,"Z>Y",1,1,"-0;-0;-0",0,1,1,"Unique retained part replayed as a zero-translation GeometryPiece."
3,A131,133,5000,0,"NONE","NONE",0,"DIRECT_FULL","DIRECT_FULL","NaN;NaN;NaN","NaN;NaN;NaN","0.7685273389592;-0.341520524352923;-0.54104478624047",0,"-4283.65344231607;782.214621001764;4731.05726019267","-441.016747520069;-925.388000762852;2025.83332899032",1,"NONE",1,1,"-0;-0;-0",3.21554935538437e-13,1,1,"Observed segment is already a complete 5000 nm Medium."
3,A132,134,4294.78737603298,1,"Z+5000","NONE",0,"RETAINED_SINGLE_BOUNDARY_UNIQUE","RETAINED_SINGLE_BOUNDARY_UNIQUE","-2710.87881632285;-2007.92723570653;1719.66578214666","-4275.03899601177;280.742455792943;5000","-0.364199678060362;0.532894760814324;0.76379432336027",705.21262396702,"-2710.87881632285;-2007.92723570653;1719.66578214666","-4531.87720662466;656.54656836509;5538.63739894801",2,"Z",1,1,"-0;-0;-0",2.27373675443232e-13,1,1,"Unique retained part replayed as a zero-translation GeometryPiece."
3,A133,135,3580.19427244057,1,"Z-5000","NONE",0,"RETAINED_SINGLE_BOUNDARY_UNIQUE","RETAINED_SINGLE_BOUNDARY_UNIQUE","-1005.2872507959;82.0158712142527;-3886.8719212006","-4262.20940972175;-903.476370917789;-5000","-0.909705426880549;-0.275262225214456;-0.310912758943831",1419.80572755943,"-1005.2872507959;82.0158712142527;-3886.8719212006","-5553.81438519865;-1294.29525485803;-5441.43571591975",3,"Z>X",1,1,"-0;-0;-0",9.71340767286794e-13,1,1,"Unique retained part replayed as a zero-translation GeometryPiece."
3,A134,136,2651.71788614618,1,"Z+5000","NONE",0,"RETAINED_SINGLE_BOUNDARY_UNIQUE","RETAINED_SINGLE_BOUNDARY_UNIQUE","-1847.3691289889;3625.09710343992;4149.19482415013","-4250.34906526807;4355.45710117692;5000","-0.906197431044029;0.27542899701086;0.320850562684242",2348.28211385382,"-1847.3691289889;3625.09710343992;4149.19482415013","-6378.35628420904;5002.24208849422;5753.44763757134",4,"Z>X>Y",1,1,"-0;-0;-0",0,1,1,"Unique retained part replayed as a zero-translation GeometryPiece."
3,A135,137,1094.77172751241,1,"Y-5000","NONE",0,"RETAINED_SINGLE_BOUNDARY_UNIQUE","RETAINED_SINGLE_BOUNDARY_UNIQUE","-4123.31609818374;-4317.22024717717;-2739.23513170577","-4242.63293207097;-5000;-1891.82706138378","-0.108987865587602;-0.623673169176802;0.774050013373569",3905.22827248758,"-4123.31609818374;-4317.22024717717;-2739.23513170577","-4668.25542612175;-7435.58609306118;1131.01493516208",2,"Y",1,1,"-0;-0;-0",2.27373675443232e-13,1,1,"Unique retained part replayed as a zero-translation GeometryPiece."
3,A136,138,5000,0,"NONE","NONE",0,"DIRECT_FULL","DIRECT_FULL","NaN;NaN;NaN","NaN;NaN;NaN","0.995355821821694;0.0710167637024519;0.0649877468365419",0,"-4224.87904616298;1018.43605070981;1905.69831751946","751.900062945494;1373.51986922207;2230.63705170217",1,"NONE",1,1,"-0;-0;-0",0,1,1,"Observed segment is already a complete 5000 nm Medium."
3,A137,139,5000,0,"NONE","NONE",0,"DIRECT_FULL","DIRECT_FULL","NaN;NaN;NaN","NaN;NaN;NaN","0.931288941202282;0.225383735116894;0.286187141463572",0,"-4223.07600315043;-1771.37115843877;1892.94507460088","433.368702860982;-644.452482854297;3323.88078191874",1,"NONE",1,1,"-0;-0;-0",1.13686837721616e-13,1,1,"Observed segment is already a complete 5000 nm Medium."
3,A138,140,4297.11991408837,1,"NONE","Z-5000",0,"RETAINED_SINGLE_BOUNDARY_UNIQUE","RETAINED_SINGLE_BOUNDARY_UNIQUE","-4210.6959543032;-1730.15353464306;-1888.43185450096","-3056.33359422777;999.467459856282;-5000","0.26863629201754;0.6352210431806;-0.72410549570599",702.880085911632,"-4210.6959543032;-1730.15353464306;-1888.43185450096","-2867.5144942155;1445.95168125994;-5508.95933303091",2,"Z",1,1,"-0;-0;-0",4.54747350886464e-13,1,1,"Unique retained part replayed as a zero-translation GeometryPiece."
3,A139,141,1038.93321006507,1,"Y-5000","NONE",0,"RETAINED_SINGLE_BOUNDARY_UNIQUE","RETAINED_SINGLE_BOUNDARY_UNIQUE","-3677.69359568689;-4165.76205010203;-4693.74497614987","-4149.95874864043;-5000;-4293.25167629091","-0.454567385447193;-0.802975534727317;0.385485126453774",3961.06678993493,"-3677.69359568689;-4165.76205010203;-4693.74497614987","-5950.53052292286;-8180.63972373862;-2766.319343881",3,"Y>X",1,1,"-0;-0;-0",0,1,1,"Unique retained part replayed as a zero-translation GeometryPiece."
3,A140,142,1199.74583982989,1,"Z-5000","NONE",0,"RETAINED_SINGLE_BOUNDARY_UNIQUE","RETAINED_SINGLE_BOUNDARY_UNIQUE","-3869.57462378038;-422.734885853251;-3980.0235673731","-4139.83987317681;148.224702947496;-5000","-0.225268753117536;0.475900453117389;-0.850160424620868",3800.25416017011,"-3869.57462378038;-422.734885853251;-3980.0235673731","-4995.91838936806;1956.76737973369;-8230.82569047744",2,"Z",1,1,"-0;-0;-0",1.4210854715202e-13,1,1,"Unique retained part replayed as a zero-translation GeometryPiece."
3,A141,143,5000,0,"NONE","NONE",0,"DIRECT_FULL","DIRECT_FULL","NaN;NaN;NaN","NaN;NaN;NaN","0.999364229923958;0.0348770107493721;0.00739797740482599",0,"-4102.31621428781;4431.47429291086;-2415.60705080457","894.504935331985;4605.85934665772;-2378.61716378044",1,"NONE",1,1,"-0;-0;-0",4.54747350886464e-13,1,1,"Observed segment is already a complete 5000 nm Medium."
3,A142,144,1487.55370187422,1,"Z-5000","NONE",0,"RETAINED_SINGLE_BOUNDARY_UNIQUE","RETAINED_SINGLE_BOUNDARY_UNIQUE","-2821.0453594091;-1019.01073215131;-4238.45116819516","-4085.87573408055;-1200.84449151643;-5000","-0.850275437503768;-0.122236769762343;-0.511947118847098",3512.44629812578,"-2821.0453594091;-1019.01073215131;-4238.45116819516","-7072.42254692794;-1630.19458096303;-6798.18676243065",3,"Z>X",1,1,"-0;-0;-0",0,1,1,"Unique retained part replayed as a zero-translation GeometryPiece."
3,A143,145,2787.70943077468,1,"Y-5000","NONE",0,"RETAINED_SINGLE_BOUNDARY_UNIQUE","RETAINED_SINGLE_BOUNDARY_UNIQUE","-3722.00288186128;-2503.8758797584;2552.18316477757","-4052.34173484081;-5000;1355.7031235774","-0.118498308802482;-0.895403262867303;-0.429198261480099",2212.29056922532,"-3722.00288186128;-2503.8758797584;2552.18316477757","-4314.49442587369;-6980.89219409491;406.191857377074",2,"Y",1,1,"-0;-0;-0",2.27373675443232e-13,1,1,"Unique retained part replayed as a zero-translation GeometryPiece."
3,A144,146,5000,0,"NONE","NONE",0,"DIRECT_FULL","DIRECT_FULL","NaN;NaN;NaN","NaN;NaN;NaN","0.871431125051796;0.178284385694543;-0.456970975126956",0,"-4012.39270998318;-1834.8453603863;3726.07429706474","344.762915275798;-943.423431913583;1441.21942142996",1,"NONE",1,1,"-0;-0;-0",2.8421709430404e-13,1,1,"Observed segment is already a complete 5000 nm Medium."
3,A145,147,1225.26841466554,1,"NONE","Z-5000",0,"RETAINED_SINGLE_BOUNDARY_UNIQUE","RETAINED_SINGLE_BOUNDARY_UNIQUE","-3949.01857827991;-2074.5740788911;-4102.45285721345","-3353.52228170234;-2658.59118070843;-5000","0.486012933533523;-0.47664421511816;-0.732531037316872",3774.73158533446,"-3949.01857827991;-2074.5740788911;-4102.45285721345","-1518.95391061229;-4457.7951544819;-7765.10804379781",2,"Z",1,1,"-0;-0;-0",0,1,1,"Unique retained part replayed as a zero-translation GeometryPiece."
3,A146,148,1759.84192786261,1,"Y-5000","NONE",0,"RETAINED_SINGLE_BOUNDARY_UNIQUE","RETAINED_SINGLE_BOUNDARY_UNIQUE","-2835.61847855312;-4228.89404980516;4666.87743018227","-3946.69720504164;-5000;3540.84755127942","-0.631351434976868;-0.438167734264278;-0.639847170973162",3240.15807213739,"-2835.61847855312;-4228.89404980516;4666.87743018227","-5992.37565343746;-6419.73272112655;1467.64157531646",3,"Y>X",1,1,"-0;-0;-0",4.54747350886464e-13,1,1,"Unique retained part replayed as a zero-translation GeometryPiece."
3,A147,149,4332.51149395308,1,"NONE","Z+5000",0,"RETAINED_SINGLE_BOUNDARY_UNIQUE","RETAINED_SINGLE_BOUNDARY_UNIQUE","-3941.62191782659;-2541.21008300394;4386.14290663014","127.47594178968;-3896.30340931817;5000","0.939200707325425;-0.312773163603961;0.141686200769836",667.488506046918,"-3941.62191782659;-2541.21008300394;4386.14290663014","754.381618800537;-4105.07590102375;5094.57391047932",2,"Z",1,1,"-0;-0;-0",1.58710500286854e-12,1,1,"Unique retained part replayed as a zero-translation GeometryPiece."
3,A148,150,4804.00542169829,1,"Z+5000","NONE",0,"RETAINED_SINGLE_BOUNDARY_UNIQUE","RETAINED_SINGLE_BOUNDARY_UNIQUE","19.8734899426172;1651.04826883585;3841.45871502447","-3936.74189396395;-815.010304383299;5000","-0.82360760169747;-0.51333384472896;0.24116152736688",195.994578301715,"19.8734899426172;1651.04826883585;3841.45871502447","-4098.16451854473;-915.620954808949;5047.26635185887",2,"Z",1,1,"-0;-0;-0",1.01684598917008e-12,1,1,"Unique retained part replayed as a zero-translation GeometryPiece."
3,A149,151,5000,0,"NONE","NONE",0,"DIRECT_FULL","DIRECT_FULL","NaN;NaN;NaN","NaN;NaN;NaN","0.602284198598985;-0.295489320300542;0.741579264614581",0,"-3935.66950286621;-221.024131726583;1238.27483308518","-924.248509871287;-1698.47073322929;4946.17115615808",1,"NONE",1,1,"-0;-0;-0",1.13686837721616e-13,1,1,"Observed segment is already a complete 5000 nm Medium."
3,A150,152,2116.56423481571,1,"NONE","Y+5000",0,"RETAINED_SINGLE_BOUNDARY_UNIQUE","RETAINED_SINGLE_BOUNDARY_UNIQUE","-3927.63123837517;3971.44880669682;3989.56636951461","-2318.33342960861;5000;3077.37824990617","0.760334972260683;0.485953214357671;-0.430975873353479",2883.43576518429,"-3927.63123837517;3971.44880669682;3989.56636951461","-125.956377071754;6401.21487848517;1834.68700274722",2,"Y",1,1,"-0;-0;-0",4.54747350886464e-13,1,1,"Unique retained part replayed as a zero-translation GeometryPiece."
3,A151,153,5000,0,"NONE","NONE",0,"DIRECT_FULL","DIRECT_FULL","NaN;NaN;NaN","NaN;NaN;NaN","0.875968947891887;0.464547761732939;-0.129899112383792",0,"-3902.89572773884;-3088.9993237149;1630.40870061951","476.949011720593;-766.260515050205;980.91313870055",1,"NONE",1,1,"-0;-0;-0",2.8421709430404e-13,1,1,"Observed segment is already a complete 5000 nm Medium."
3,A152,154,4015.66027169416,1,"NONE","Y+5000",0,"RETAINED_SINGLE_BOUNDARY_UNIQUE","RETAINED_SINGLE_BOUNDARY_UNIQUE","-3868.12247744941;1284.55208881491;2507.95188151583","-2994.47150044517;5000;1259.87007037014","0.217560978243724;0.925239601909249;-0.310803635442781",984.33972830584,"-3868.12247744941;1284.55208881491;2507.95188151583","-2780.31758623079;5910.75009836115;953.933704301926",2,"Y",1,1,"-0;-0;-0",2.27373675443232e-13,1,1,"Unique retained part replayed as a zero-translation GeometryPiece."
3,A153,155,1820.96286391131,1,"NONE","Y+5000",0,"RETAINED_SINGLE_BOUNDARY_UNIQUE","RETAINED_SINGLE_BOUNDARY_UNIQUE","-3831.21985516059;3507.15877538373;965.904437966886","-3543.18800486655;5000;1968.08629923084","0.158175576230789;0.819808714500493;0.550358209453723",3179.03713608869,"-3831.21985516059;3507.15877538373;965.904437966886","-3040.34197400664;7606.20234788619;3717.6954852355",2,"Y",1,1,"-0;-0;-0",2.27373675443232e-13,1,1,"Unique retained part replayed as a zero-translation GeometryPiece."
3,A154,156,5000,0,"NONE","NONE",0,"DIRECT_FULL","DIRECT_FULL","NaN;NaN;NaN","NaN;NaN;NaN","0.397007226049776;-0.74277903151577;-0.539133167969434",0,"-3786.81574078267;4843.24926450574;1101.85560042605","-1801.77961053379;1129.35410692689;-1593.81023942112",1,"NONE",1,1,"-0;-0;-0",0,1,1,"Observed segment is already a complete 5000 nm Medium."
3,A155,157,5000,0,"NONE","NONE",0,"DIRECT_FULL","DIRECT_FULL","NaN;NaN;NaN","NaN;NaN;NaN","0.165986453861824;-0.433458949583662;0.885754952659145",0,"-3779.58706323983;2768.76779575297;-2930.32195471563","-2949.65479393071;601.473047834658;1498.4528085801",1,"NONE",1,1,"-0;-0;-0",3.21554935538437e-13,1,1,"Observed segment is already a complete 5000 nm Medium."
3,A156,158,3936.06202969232,1,"NONE","Z+5000",0,"RETAINED_SINGLE_BOUNDARY_UNIQUE","RETAINED_SINGLE_BOUNDARY_UNIQUE","-3767.53791624575;756.658513759222;2570.50459685003","-1139.28564155133;-881.152943100944;5000","0.667736497765475;-0.416104076740933;0.617240120918491",1063.93797030768,"-3767.53791624575;756.658513759222;2570.50459685003","-428.855427418373;-1323.86186994544;5656.70520144248",2,"Z",1,1,"-0;-0;-0",2.54211497292521e-13,1,1,"Unique retained part replayed as a zero-translation GeometryPiece."
3,A157,159,5000,0,"NONE","NONE",0,"DIRECT_FULL","DIRECT_FULL","NaN;NaN;NaN","NaN;NaN;NaN","0.536572272083608;-0.786396313977675;0.306057240060354",0,"-3736.69743835885;-973.397803807633;2686.98807733915","-1053.83607794081;-4905.37937369601;4217.27427764092",1,"NONE",1,1,"-0;-0;-0",0,1,1,"Observed segment is already a complete 5000 nm Medium."
3,A158,160,4634.68646516899,1,"Z+5000","NONE",0,"RETAINED_SINGLE_BOUNDARY_UNIQUE","RETAINED_SINGLE_BOUNDARY_UNIQUE","324.917711790812;-2983.52391990687;2664.20596181481","-3655.86794161053;-2561.94305782553;5000","-0.858911532272592;0.090962110436087;0.503981025629103",365.313534831005,"324.917711790812;-2983.52391990687;2664.20596181481","-3969.63994957215;-2528.71336772644;5184.11108996032",2,"Z",1,1,"-0;-0;-0",0,1,1,"Unique retained part replayed as a zero-translation GeometryPiece."
3,A159,161,4564.22118696735,1,"NONE","Y+5000",0,"RETAINED_SINGLE_BOUNDARY_UNIQUE","RETAINED_SINGLE_BOUNDARY_UNIQUE","-3634.45936732771;1213.13905013493;4050.24673685265","-1090.27763432926;5000;4187.86395752528","0.557418588797382;0.829683925195837;0.0301513040309224",435.778813032651,"-3634.45936732771;1213.13905013493;4050.24673685265","-847.366423340802;5361.55867611411;4201.00325700726",2,"Y",1,1,"-0;-0;-0",2.27373675443232e-13,1,1,"Unique retained part replayed as a zero-translation GeometryPiece."
3,A160,162,5000,0,"NONE","NONE",0,"DIRECT_FULL","DIRECT_FULL","NaN;NaN;NaN","NaN;NaN;NaN","0.795141819593099;0.16651405349115;-0.583114531395096",0,"-3628.8074308068;-4587.61306219392;4681.3589361279","346.901667158697;-3755.04279473817;1765.78627915242",1,"NONE",1,1,"-0;-0;-0",2.54211497292521e-13,1,1,"Observed segment is already a complete 5000 nm Medium."
3,A161,163,4997.38931275427,1,"Y-5000","NONE",0,"RETAINED_SINGLE_BOUNDARY_UNIQUE","RETAINED_SINGLE_BOUNDARY_UNIQUE","-3253.21910971766;-52.5884890382549;2701.62965415288","-3558.93159825572;-5000;3336.89271681722","-0.0611744391732348;-0.989999217858618;0.127118986116017",2.61068724573124,"-3253.21910971766;-52.5884890382549;2701.62965415288","-3559.09130558383;-5002.58457833135;3337.22458473296",2,"Y",1,1,"-0;-0;-0",0,1,1,"Unique retained part replayed as a zero-translation GeometryPiece."
3,A162,164,3179.03713608869,1,"Y-5000","NONE",0,"RETAINED_SINGLE_BOUNDARY_UNIQUE","RETAINED_SINGLE_BOUNDARY_UNIQUE","-3040.34197400664;-2393.79765211381;3717.69548523551","-3543.18800486655;-5000;1968.08629923084","-0.15817557623079;-0.819808714500491;-0.550358209453725",1820.96286391131,"-3040.34197400664;-2393.79765211381;3717.69548523551","-3831.21985516059;-6492.84122461626;965.904437966884",2,"Y",1,1,"-0;-0;-0",2.27373675443232e-13,1,1,"Unique retained part replayed as a zero-translation GeometryPiece."
3,A163,165,2193.43489022273,1,"NONE","Y-5000",0,"RETAINED_SINGLE_BOUNDARY_UNIQUE","RETAINED_SINGLE_BOUNDARY_UNIQUE","-3496.54007033917;-4290.83309731229;1172.81001896321","-1606.50179312531;-5000;314.908956809084","0.861679681324819;-0.323313404855933;-0.391122191945717",2806.56510977727,"-3496.54007033917;-4290.83309731229;1172.81001896321","811.858336284925;-5907.40012159195;-782.800940765374",2,"Y",1,1,"-0;-0;-0",7.19018694364508e-13,1,1,"Unique retained part replayed as a zero-translation GeometryPiece."
3,A164,166,5000,0,"NONE","NONE",0,"DIRECT_FULL","DIRECT_FULL","NaN;NaN;NaN","NaN;NaN;NaN","0.748693520398369;0.585285372705451;0.311286114387612",0,"-3496.37091092846;-696.631470477054;1531.62191440463","247.096691063384;2229.7953930502;3088.05248634269",1,"NONE",1,1,"-0;-0;-0",1.98951966012828e-13,1,1,"Observed segment is already a complete 5000 nm Medium."
3,A165,167,1714.28308421033,1,"NONE","Z+5000",0,"RETAINED_SINGLE_BOUNDARY_UNIQUE","RETAINED_SINGLE_BOUNDARY_UNIQUE","-3482.77574037465;2116.61032978454;4198.39286257169","-2074.82170008288;2676.84055965415;5000","0.821307783562673;0.32680146880623;0.467604880904231",3285.71691578967,"-3482.77574037465;2116.61032978454;4198.39286257169","623.763177438714;3750.61767381569;6536.41726709285",2,"Z",1,1,"-0;-0;-0",0,1,1,"Unique retained part replayed as a zero-translation GeometryPiece."
3,A166,168,3983.39186299556,1,"NONE","Y-5000",0,"RETAINED_SINGLE_BOUNDARY_UNIQUE","RETAINED_SINGLE_BOUNDARY_UNIQUE","-3457.83167560648;-4229.12624197928;1555.86418738945","445.692382111427;-5000;1744.71416539256","0.979949799561625;-0.193521949266878;0.0474093397030471",1016.60813700444,"-3457.83167560648;-4229.12624197928;1555.86418738945","1441.91732220165;-5196.73598831367;1792.91088590469",2,"Y",1,1,"-0;-0;-0",1.4391604169273e-12,1,1,"Unique retained part replayed as a zero-translation GeometryPiece."
3,A167,169,559.223064247723,1,"NONE","Z+5000",0,"RETAINED_SINGLE_BOUNDARY_UNIQUE","RETAINED_SINGLE_BOUNDARY_UNIQUE","-3453.7495830052;-2903.72992487522;4589.29175869421","-3183.76253826938;-2636.9787828253;5000","0.482789537836769;0.477003112181645;0.73442650627846",4440.77693575228,"-3453.7495830052;-2903.72992487522;4589.29175869421","-1039.80189382136;-518.714363966994;8261.42429008651",2,"Z",1,1,"-0;-0;-0",0,1,1,"Unique retained part replayed as a zero-translation GeometryPiece."
3,A168,170,4532.156821229,1,"Y+5000","NONE",0,"RETAINED_SINGLE_BOUNDARY_UNIQUE","RETAINED_SINGLE_BOUNDARY_UNIQUE","-2896.96682537518;1031.94875525788;3561.56028795574","-3418.29014619929;5000;1434.77003819485","-0.115027643876352;0.875532644006368;-0.469266694347121",467.843178771001,"-2896.96682537518;1031.94875525788;3561.56028795574","-3472.10504475694;5409.61197528972;1215.22681622013",2,"Y",1,1,"-0;-0;-0",2.27373675443232e-13,1,1,"Unique retained part replayed as a zero-translation GeometryPiece."
3,A169,171,1207.76384107211,1,"Z-5000","NONE",0,"RETAINED_SINGLE_BOUNDARY_UNIQUE","RETAINED_SINGLE_BOUNDARY_UNIQUE","-2384.35372529927;-367.294829233286;-4366.62477861562","-3411.10095297855;-424.909542548987;-5000","-0.850122509685219;-0.0477036249607851;-0.524419758106143",3792.23615892789,"-2384.35372529927;-367.294829233286;-4366.62477861562","-6634.96627372537;-605.812954037211;-6988.72356914633",3,"Z>X",1,1,"-0;-0;-0",0,1,1,"Unique retained part replayed as a zero-translation GeometryPiece."
3,A170,172,4999.99999999999,0,"NONE","NONE",0,"DIRECT_FULL","DIRECT_FULL","NaN;NaN;NaN","NaN;NaN;NaN","0.965429092532668;0.254438413349831;0.0566371000632122",0,"-3381.94352263597;-2014.29877013302;-4270.86180286394","1445.20194002736;-742.106703383865;-3987.67630254788",1,"NONE",1,1,"-0;-0;-0",2.54211497292521e-13,1,1,"Observed segment is already a complete 5000 nm Medium."
3,A171,173,4999.99999999999,0,"NONE","NONE",0,"DIRECT_FULL","DIRECT_FULL","NaN;NaN;NaN","NaN;NaN;NaN","0.965818300834543;-0.178822683826446;-0.187663149078828",0,"-3381.48967918435;2792.75267863163;3344.15385990426","1447.60182498836;1898.6392594994;2405.83811451012",1,"NONE",1,1,"-0;-0;-0",4.54747350886464e-13,1,1,"Observed segment is already a complete 5000 nm Medium."
3,A172,174,5000,0,"NONE","NONE",0,"DIRECT_FULL","DIRECT_FULL","NaN;NaN;NaN","NaN;NaN;NaN","0.986771939996006;0.141489378495184;-0.079132131334654",0,"-3365.54201309952;3426.34108505962;-2178.65524259573","1568.31768688051;4133.78797753554;-2574.315899269",1,"NONE",1,1,"-0;-0;-0",2.27373675443232e-13,1,1,"Observed segment is already a complete 5000 nm Medium."
3,A173,175,3774.73158533446,1,"Z+5000","NONE",0,"RETAINED_SINGLE_BOUNDARY_UNIQUE","RETAINED_SINGLE_BOUNDARY_UNIQUE","-1518.9539106123;-4457.79515448191;2234.89195620219","-3353.52228170234;-2658.59118070843;5000","-0.486012933533521;0.476644215118162;0.732531037316872",1225.26841466554,"-1518.9539106123;-4457.79515448191;2234.89195620219","-3949.01857827991;-2074.5740788911;5897.54714278655",2,"Z",1,1,"-0;-0;-0",4.54747350886464e-13,1,1,"Unique retained part replayed as a zero-translation GeometryPiece."
3,A174,176,2292.64918281482,1,"NONE","Z+5000",0,"RETAINED_SINGLE_BOUNDARY_UNIQUE","RETAINED_SINGLE_BOUNDARY_UNIQUE","-3353.12058222035;3082.95543817606;2986.00711651426","-2430.32442495684;2492.59944991985;5000","0.40250212033336;-0.257499486917311;0.878456633741513",2707.35081718518,"-3353.12058222035;3082.95543817606;2986.00711651426","-1340.60998055355;1795.4580035895;7378.29028522183",2,"Z",1,1,"-0;-0;-0",0,1,1,"Unique retained part replayed as a zero-translation GeometryPiece."
3,A175,177,5000,0,"NONE","NONE",0,"DIRECT_FULL","DIRECT_FULL","NaN;NaN;NaN","NaN;NaN;NaN","0.473339570359108;-0.748277837212771;-0.464790199410909",0,"-3330.97683930299;-192.554020631002;767.786431203294","-964.278987507449;-3933.94320669486;-1556.16456585125",1,"NONE",1,1,"-0;-0;-0",2.54211497292521e-13,1,1,"Observed segment is already a complete 5000 nm Medium."
3,A176,178,5000,0,"NONE","NONE",0,"DIRECT_FULL","DIRECT_FULL","NaN;NaN;NaN","NaN;NaN;NaN","0.456721755210572;0.0692116628609679;-0.886913177284786",0,"-3286.85924593133;-2974.02552709837;3459.42089366925","-1003.25046987847;-2627.96721279353;-975.144992754681",1,"NONE",1,1,"-0;-0;-0",4.68742840168677e-13,1,1,"Observed segment is already a complete 5000 nm Medium."
3,A177,179,4323.19445208131,1,"NONE","Z+5000",0,"RETAINED_SINGLE_BOUNDARY_UNIQUE","RETAINED_SINGLE_BOUNDARY_UNIQUE","-3252.76362536888;386.447498381996;875.664562809716","-2020.03735496558;-13.8691441656208;5000","0.285142452893793;-0.0925974177161735;0.954001834269729",676.805547918691,"-3252.76362536888;386.447498381996;875.664562809716","-1827.05136089992;-76.5395901988716;5645.67373415836",2,"Z",1,1,"-0;-0;-0",1.06581410364015e-14,1,1,"Unique retained part replayed as a zero-translation GeometryPiece."
3,A178,180,2584.56310279916,1,"Z+5000","NONE",0,"RETAINED_SINGLE_BOUNDARY_UNIQUE","RETAINED_SINGLE_BOUNDARY_UNIQUE","-907.288935789322;4530.30275265791;3871.94801863882","-3193.28962195469;4956.52572546604;5000","-0.884482442579777;0.164911033646854;0.436457511963808",2415.43689720084,"-907.288935789322;4530.30275265791;3871.94801863882","-5329.70114868821;5354.85792089218;6054.23557845786",4,"Z>Y>X",1,1,"-0;-0;-0",4.54747350886464e-13,1,1,"Unique retained part replayed as a zero-translation GeometryPiece."
3,A179,181,4440.77693575228,1,"Z-5000","NONE",0,"RETAINED_SINGLE_BOUNDARY_UNIQUE","RETAINED_SINGLE_BOUNDARY_UNIQUE","-1039.80189382133;-518.714363967028;-1738.57570991348","-3183.76253826938;-2636.9787828253;-5000","-0.482789537836774;-0.477003112181637;-0.734426506278461",559.223064247717,"-1039.80189382133;-518.714363967028;-1738.57570991348","-3453.7495830052;-2903.72992487521;-5410.70824130579",2,"Z",1,1,"-0;-0;-0",0,1,1,"Unique retained part replayed as a zero-translation GeometryPiece."
3,A180,182,5000,0,"NONE","NONE",0,"DIRECT_FULL","DIRECT_FULL","NaN;NaN;NaN","NaN;NaN;NaN","0.479831378692876;0.389593217049013;0.786116386580953",0,"-3132.55886825909;-2477.77804858886;-18.8121899238568","-733.401974794709;-529.811963343794;3911.76974298091",1,"NONE",1,1,"-0;-0;-0",1.60777467769219e-13,1,1,"Observed segment is already a complete 5000 nm Medium."
3,A181,183,5000,0,"NONE","NONE",0,"DIRECT_FULL","DIRECT_FULL","NaN;NaN;NaN","NaN;NaN;NaN","0.019473556812534;-0.904638685575992;0.425734223600135",0,"-3127.03672616569;2903.73641347257;467.769085676664","-3029.66894210302;-1619.45701440739;2596.44020367734",1,"NONE",1,1,"-0;-0;-0",0,1,1,"Observed segment is already a complete 5000 nm Medium."
3,A182,184,2301.16502332824,1,"NONE","Y+5000",0,"RETAINED_SINGLE_BOUNDARY_UNIQUE","RETAINED_SINGLE_BOUNDARY_UNIQUE","-3118.66362985694;3167.45706181989;926.242622903726","-1987.85122394199;5000;114.817859327749","0.491408653639026;0.79635442030561;-0.352614764847411",2698.83497667176,"-3118.66362985694;3167.45706181989;926.242622903726","-661.620361661811;7149.22916334794;-836.831201333331",2,"Y",1,1,"-0;-0;-0",2.8421709430404e-14,1,1,"Unique retained part replayed as a zero-translation GeometryPiece."
3,A183,185,5000,0,"NONE","NONE",0,"DIRECT_FULL","DIRECT_FULL","NaN;NaN;NaN","NaN;NaN;NaN","0.296864898796212;0.949953088008951;-0.0972643945386673",0,"-3115.7239937972;-814.320182024368;-801.001503680503","-1631.39949981614;3935.44525802039;-1287.32347637384",1,"NONE",1,1,"-0;-0;-0",0,1,1,"Observed segment is already a complete 5000 nm Medium."
3,A184,186,4999.99999999999,0,"NONE","NONE",0,"DIRECT_FULL","DIRECT_FULL","NaN;NaN;NaN","NaN;NaN;NaN","0.880628934977087;-0.0690014839826315;0.468755238999327",0,"-3093.68097161333;504.855793962775;190.215289626727","1309.4637032721;159.848374049618;2533.99148462336",1,"NONE",1,1,"-0;-0;-0",2.29143147075165e-13,1,1,"Observed segment is already a complete 5000 nm Medium."
3,A185,187,1507.08805693065,1,"NONE","Z-5000",0,"RETAINED_SINGLE_BOUNDARY_UNIQUE","RETAINED_SINGLE_BOUNDARY_UNIQUE","-3089.67308499266;-3525.67520974636;-3568.40727676765","-2843.90956049885;-3123.85811683023;-5000","0.163071774979316;0.266618191995015;-0.949906487977845",3492.91194306935,"-3089.67308499266;-3525.67520974636;-3568.40727676765","-2274.31421009608;-2192.58424977129;-8317.93971665688",2,"Z",1,1,"-0;-0;-0",0,1,1,"Unique retained part replayed as a zero-translation GeometryPiece."
3,A186,188,5000,0,"NONE","NONE",0,"DIRECT_FULL","DIRECT_FULL","NaN;NaN;NaN","NaN;NaN;NaN","0.674595184814943;-0.551605727603912;0.490563408642606",0,"-3084.82362850467;594.686233675939;1354.51266409409","288.152295570044;-2163.34240434362;3807.32970730712",1,"NONE",1,1,"-0;-0;-0",1.13686837721616e-13,1,1,"Observed segment is already a complete 5000 nm Medium."
3,A187,189,702.880085911635,1,"Z+5000","NONE",0,"RETAINED_SINGLE_BOUNDARY_UNIQUE","RETAINED_SINGLE_BOUNDARY_UNIQUE","-2867.51449421549;1445.95168125994;4491.04066696909","-3056.33359422777;999.467459856282;5000","-0.268636292017552;-0.6352210431806;0.724105495705985",4297.11991408837,"-2867.51449421549;1445.95168125994;4491.04066696909","-4210.69595430325;-1730.15353464306;8111.56814549902",2,"Z",1,1,"-0;-0;-0",0,1,1,"Unique retained part replayed as a zero-translation GeometryPiece."
3,A188,190,4466.33871196905,1,"NONE","Z+5000",0,"RETAINED_SINGLE_BOUNDARY_UNIQUE","RETAINED_SINGLE_BOUNDARY_UNIQUE","-3048.36888233805;-2547.3639288818;2298.33794672485","499.538428499835;-2299.25638439847;5000","0.794365931390308;0.05555054385339;0.604894126375848",533.661288030949,"-3048.36888233805;-2547.3639288818;2298.33794672485","923.460774613492;-2269.61120961485;5322.80857860409",2,"Z",1,1,"-0;-0;-0",5.6843418860808e-14,1,1,"Unique retained part replayed as a zero-translation GeometryPiece."
3,A189,191,984.339728305846,1,"Y-5000","NONE",0,"RETAINED_SINGLE_BOUNDARY_UNIQUE","RETAINED_SINGLE_BOUNDARY_UNIQUE","-2780.31758623079;-4089.24990163884;953.933704301927","-2994.47150044517;-5000;1259.87007037014","-0.217560978243723;-0.92523960190925;0.310803635442778",4015.66027169415,"-2780.31758623079;-4089.24990163884;953.933704301927","-3868.1224774494;-8715.44791118509;2507.95188151582",2,"Y",1,1,"-0;-0;-0",2.27373675443232e-13,1,1,"Unique retained part replayed as a zero-translation GeometryPiece."
3,A190,192,5000,0,"NONE","NONE",0,"DIRECT_FULL","DIRECT_FULL","NaN;NaN;NaN","NaN;NaN;NaN","0.985728829045656;-0.01318913022702;0.167823485937264",0,"-2986.51011041048;-3997.31782735063;2302.07283132353","1942.1340348178;-4063.26347848573;3141.19026100985",1,"NONE",1,1,"-0;-0;-0",4.54747350886464e-13,1,1,"Observed segment is already a complete 5000 nm Medium."
3,A191,193,5000,0,"NONE","NONE",0,"DIRECT_FULL","DIRECT_FULL","NaN;NaN;NaN","NaN;NaN;NaN","0.989756239810202;-0.0355538514124221;-0.138269698077752",0,"-2986.31280160509;-4387.10103169164;-366.71570439906","1962.46839744592;-4564.87028875375;-1058.06419478782",1,"NONE",1,1,"-0;-0;-0",0,1,1,"Observed segment is already a complete 5000 nm Medium."
3,A192,194,4728.58759313997,1,"NONE","Z+5000",0,"RETAINED_SINGLE_BOUNDARY_UNIQUE","RETAINED_SINGLE_BOUNDARY_UNIQUE","-2969.40250126496;1406.65104185053;2094.97168441098","530.595838770839;114.225906157981;5000","0.740178387540805;-0.273321601902341;0.614354341199793",271.412406860033,"-2969.40250126496;1406.65104185053;2094.97168441098","731.489436439067;40.0430323388269;5166.74339040995",2,"Z",1,1,"-0;-0;-0",2.8421709430404e-13,1,1,"Unique retained part replayed as a zero-translation GeometryPiece."
3,A193,195,5000,0,"NONE","NONE",0,"DIRECT_FULL","DIRECT_FULL","NaN;NaN;NaN","NaN;NaN;NaN","0.627055866427988;-0.584466260865779;0.514975854082326",0,"-2968.73708555886;-835.022338979809;-4918.29134699381","166.542246581075;-3757.3536433087;-2343.41207658218",1,"NONE",1,1,"-0;-0;-0",2.27373675443232e-13,1,1,"Observed segment is already a complete 5000 nm Medium."
3,A194,196,5000,0,"NONE","NONE",0,"DIRECT_FULL","DIRECT_FULL","NaN;NaN;NaN","NaN;NaN;NaN","0.999870892009002;-0.002741399601068;0.01583300481112",0,"-2895.93436936923;1368.51452280352;-2002.05617326184","2103.42009067578;1354.80752479818;-1922.89114920624",1,"NONE",1,1,"-0;-0;-0",4.54747350886464e-13,1,1,"Observed segment is already a complete 5000 nm Medium."
3,A195,197,3492.91194306935,1,"Z+5000","NONE",0,"RETAINED_SINGLE_BOUNDARY_UNIQUE","RETAINED_SINGLE_BOUNDARY_UNIQUE","-2274.31421009608;-2192.58424977127;1682.06028334313","-2843.90956049885;-3123.85811683023;5000","-0.163071774979316;-0.26661819199502;0.949906487977844",1507.08805693065,"-2274.31421009608;-2192.58424977127;1682.06028334313","-3089.67308499266;-3525.67520974637;6431.59272323235",2,"Z",1,1,"-0;-0;-0",0,1,1,"Unique retained part replayed as a zero-translation GeometryPiece."
3,A196,198,4540.804961644,1,"Y-5000","NONE",0,"RETAINED_SINGLE_BOUNDARY_UNIQUE","RETAINED_SINGLE_BOUNDARY_UNIQUE","-1180.52502181864;-848.929626044734;1262.81558483149","-2842.11048487333;-5000;471.198127263159","-0.365923107706682;-0.914170595085937;-0.174334168557138",459.195038356004,"-1180.52502181864;-848.929626044734;1262.81558483149","-3010.14056035205;-5419.78260147442;391.144742045802",2,"Y",1,1,"-0;-0;-0",4.68742840168677e-13,1,1,"Unique retained part replayed as a zero-translation GeometryPiece."
3,A197,199,2794.32269310754,1,"NONE","Y-5000",0,"RETAINED_SINGLE_BOUNDARY_UNIQUE","RETAINED_SINGLE_BOUNDARY_UNIQUE","-2834.85811065107;-2402.68161026534;3706.40903851621","-2792.29860490794;-5000;4736.14938638688","0.0152307054042495;-0.929498370442753;0.368511607628791",2205.67730689246,"-2834.85811065107;-2402.68161026534;3706.40903851621","-2758.70458362982;-7050.1734624791;5548.96707666016",3,"Y>Z",1,1,"-0;-0;-0",0,1,1,"Unique retained part replayed as a zero-translation GeometryPiece."
3,A198,200,3707.37065546017,1,"NONE","Y-5000",0,"RETAINED_SINGLE_BOUNDARY_UNIQUE","RETAINED_SINGLE_BOUNDARY_UNIQUE","-2793.92468518926;-3116.18560171035;-513.773974660901","363.940369207;-5000;-986.77375054526","0.851780236687529;-0.508126802890667;-0.12758362188246",1292.62934453983,"-2793.92468518926;-3116.18560171035;-513.773974660901","1464.97649824839;-5656.81961616368;-1151.6920840732",2,"Y",1,1,"-0;-0;-0",0,1,1,"Unique retained part replayed as a zero-translation GeometryPiece."
3,A199,201,715.989966532897,2,"Y+5000","Z+5000",0,"AMBIGUOUS_TWO_BOUNDARY_RETAINED","AMBIGUOUS_TWO_BOUNDARY_RETAINED","NaN;NaN;NaN","NaN;NaN;NaN","0.0152307054042481;-0.929498370442754;0.368511607628788",4284.0100334671,"NaN;NaN;NaN","NaN;NaN;NaN",0,"NONE",0,0,"NaN;NaN;NaN",Inf,0,0,"Missing length may lie on both sides; no unique a/b split is selected."
3,A200,202,1489.68734035956,1,"Z-5000","NONE",0,"RETAINED_SINGLE_BOUNDARY_UNIQUE","RETAINED_SINGLE_BOUNDARY_UNIQUE","-2758.70458362983;2949.8265375209;-4451.03292333984","-2781.39357265528;4334.48849285431;-5000","-0.0152307054042453;0.929498370442753;-0.368511607628791",3510.31265964044,"-2758.70458362983;2949.8265375209;-4451.03292333984","-2834.85811065106;7597.31838973466;-6293.5909614838",3,"Z>Y",1,1,"-0;-0;-0",0,1,1,"Unique retained part replayed as a zero-translation GeometryPiece."
3,A201,203,1662.79929088666,1,"NONE","Y+5000",0,"RETAINED_SINGLE_BOUNDARY_UNIQUE","RETAINED_SINGLE_BOUNDARY_UNIQUE","-2746.01690991268;3619.88483228078;3319.02036967736","-2152.91734216583;5000;4032.0536847076","0.356687407191875;0.829995042265925;0.428815022316992",3337.20070911334,"-2746.01690991268;3619.88483228078;3319.02036967736","-962.579873953304;7769.86004361041;5463.09548126232",3,"Y>Z",1,1,"-0;-0;-0",0,1,1,"Unique retained part replayed as a zero-translation GeometryPiece."
3,A202,204,5000,0,"NONE","NONE",0,"DIRECT_FULL","DIRECT_FULL","NaN;NaN;NaN","NaN;NaN;NaN","0.086347391477832;-0.803223211273108;-0.589386631047134",0,"-2735.73864867041;4334.7976314327;-1158.0041120667","-2304.00169128125;318.681575067157;-4104.93726730237",1,"NONE",1,1,"-0;-0;-0",1.70530256582424e-13,1,1,"Observed segment is already a complete 5000 nm Medium."
3,A203,205,5000,0,"NONE","NONE",0,"DIRECT_FULL","DIRECT_FULL","NaN;NaN;NaN","NaN;NaN;NaN","0.547899233325075;-0.684279634970387;-0.48121493252661",0,"-2732.62655978701;3173.87799493308;-1253.96384006569","6.86960683836378;-247.520179918855;-3660.03850269874",1,"NONE",1,1,"-0;-0;-0",1.42111322682477e-13,1,1,"Observed segment is already a complete 5000 nm Medium."
3,A204,206,4384.08315640866,1,"NONE","Y+5000",0,"RETAINED_SINGLE_BOUNDARY_UNIQUE","RETAINED_SINGLE_BOUNDARY_UNIQUE","-2713.51983737423;2768.20364613302;-4216.7934866811","-1913.90102083919;5000;-528.991986408167","0.182391343413766;0.50906797938003;0.841179642060871",615.916843591338,"-2713.51983737423;2768.20364613302;-4216.7934866811","-1801.5631203054;5313.54354303317;-10.8952763767437",2,"Y",1,1,"-0;-0;-0",1.13686837721616e-13,1,1,"Unique retained part replayed as a zero-translation GeometryPiece."
3,A205,207,5000,0,"NONE","NONE",0,"DIRECT_FULL","DIRECT_FULL","NaN;NaN;NaN","NaN;NaN;NaN","0.612762063273137;0.233977050737066;0.754836004402037",0,"-2705.11635183855;2724.75473679113;209.559653063315","358.693964527135;3894.63999047646;3983.7396750735",1,"NONE",1,1,"-0;-0;-0",0,1,1,"Observed segment is already a complete 5000 nm Medium."
3,A206,208,5000.00000000001,0,"NONE","NONE",0,"DIRECT_FULL","DIRECT_FULL","NaN;NaN;NaN","NaN;NaN;NaN","0.590116025864895;0.282462298524562;0.756292354800472",0,"-2677.92026474569;-2636.29494613645;-4264.98243282158","272.65986457879;-1223.98345351364;-483.520658819213",1,"NONE",1,1,"-0;-0;-0",2.0495186137532e-13,1,1,"Observed segment is already a complete 5000 nm Medium."
3,A207,209,4620.62460134513,1,"NONE","Z+5000",0,"RETAINED_SINGLE_BOUNDARY_UNIQUE","RETAINED_SINGLE_BOUNDARY_UNIQUE","-2639.76796077274;-2885.06730731208;2684.63195984258","1355.18881554025;-2713.12865382102;5000","0.864592370293402;0.0372111280022632;0.501094167979668",379.375398654873,"-2639.76796077274;-2885.06730731208;2684.63195984258","1683.19389069427;-2699.01166730076;5190.10279974092",2,"Z",1,1,"-0;-0;-0",2.27373675443232e-13,1,1,"Unique retained part replayed as a zero-translation GeometryPiece."
3,A208,210,2917.96802848347,1,"NONE","Y-5000",0,"RETAINED_SINGLE_BOUNDARY_UNIQUE","RETAINED_SINGLE_BOUNDARY_UNIQUE","-2629.90751246813;-2843.64608887052;-2734.93360670101","-2189.80705200214;-5000;-4650.91555074587","0.150824291482974;-0.738991616796495;-0.656615125780058",2082.03197151653,"-2629.90751246813;-2843.64608887052;-2734.93360670101","-1875.78605505326;-6538.604172853;-6018.0092356013",3,"Y>Z",1,1,"-0;-0;-0",0,1,1,"Unique retained part replayed as a zero-translation GeometryPiece."
3,A209,211,1136.00195721934,1,"Z+5000","NONE",0,"RETAINED_SINGLE_BOUNDARY_UNIQUE","RETAINED_SINGLE_BOUNDARY_UNIQUE","-1704.90018548046;2529.88414160758;4329.02262657665","-2620.55874300038;2573.00278259517;5000","-0.806036073882505;0.0379564847697393;0.590648078693227",3863.99804278066,"-1704.90018548046;2529.88414160758;4329.02262657665","-5735.08055489299;2719.66656545628;7282.26302004279",3,"Z>X",1,1,"-0;-0;-0",0,1,1,"Unique retained part replayed as a zero-translation GeometryPiece."
3,A210,212,2939.89401740938,1,"NONE","Z+5000",0,"RETAINED_SINGLE_BOUNDARY_UNIQUE","RETAINED_SINGLE_BOUNDARY_UNIQUE","-2558.61843911067;-2372.71621498393;3461.18778183696","-1723.79412288732;-10.9155985317666;5000","0.283964085534959;0.8033625030243;0.523424385046041",2060.10598259062,"-2558.61843911067;-2372.71621498393;3461.18778183696","-1138.79801143588;1644.09630013757;6078.30970706717",2,"Z",1,1,"-0;-0;-0",8.88178419700125e-15,1,1,"Unique retained part replayed as a zero-translation GeometryPiece."
3,A211,213,5000,0,"NONE","NONE",0,"DIRECT_FULL","DIRECT_FULL","NaN;NaN;NaN","NaN;NaN;NaN","0.979610705154;0.00748452632932604;0.200765654964458",0,"-2558.22695403246;2942.37905225634;-2002.4004020602","2339.82657173754;2979.80168390297;-998.572127237908",1,"NONE",1,1,"-0;-0;-0",4.54747350886464e-13,1,1,"Observed segment is already a complete 5000 nm Medium."
3,A212,214,3696.90963175142,1,"NONE","Y+5000",0,"RETAINED_SINGLE_BOUNDARY_UNIQUE","RETAINED_SINGLE_BOUNDARY_UNIQUE","-2556.99566448664;4442.37920643136;-3160.32796331038","602.993942573618;5000;-1324.39072059552","0.854765174652973;0.150834304625527;0.496614044050917",1303.09036824858,"-2556.99566448664;4442.37920643136;-3160.32796331038","1716.83020877822;5196.550729559;-677.257743055793",2,"Y",1,1,"-0;-0;-0",2.0495186137532e-12,1,1,"Unique retained part replayed as a zero-translation GeometryPiece."
3,A213,215,2801.99766413508,1,"NONE","Y+5000",0,"RETAINED_SINGLE_BOUNDARY_UNIQUE","RETAINED_SINGLE_BOUNDARY_UNIQUE","-2520.59504579702;2704.46472649792;2786.33384317137","-921.723081166874;5000;2627.22017736635","0.570618592975767;0.819249531462642;-0.056785795306555",2198.00233586492,"-2520.59504579702;2704.46472649792;2786.33384317137","332.497919081817;6800.71238381113;2502.40486663859",2,"Y",1,1,"-0;-0;-0",2.27373675443232e-13,1,1,"Unique retained part replayed as a zero-translation GeometryPiece."
3,A214,216,5000,0,"NONE","NONE",0,"DIRECT_FULL","DIRECT_FULL","NaN;NaN;NaN","NaN;NaN;NaN","0.946943719932287;-0.315992463442784;0.0587056583998759",0,"-2514.9777610282;-1076.90801464736;-2360.48997091467","2219.74083863324;-2656.87033186128;-2066.96167891529",1,"NONE",1,1,"-0;-0;-0",0,1,1,"Observed segment is already a complete 5000 nm Medium."
3,A215,217,622.589126458353,1,"NONE","Z-5000",0,"RETAINED_SINGLE_BOUNDARY_UNIQUE","RETAINED_SINGLE_BOUNDARY_UNIQUE","-2470.45984035823;-3863.37174097604;-4506.98479799321","-2170.23239774886;-4096.64564367117;-5000","0.482224038054177;-0.374683547755044;-0.79187891509019",4377.41087354165,"-2470.45984035823;-3863.37174097604;-4506.98479799321","-59.3396500873428;-5736.78947975126;-8466.37937344416",3,"Z>Y",1,1,"-0;-0;-0",0,1,1,"Unique retained part replayed as a zero-translation GeometryPiece."
3,A216,218,5000,0,"NONE","NONE",0,"DIRECT_FULL","DIRECT_FULL","NaN;NaN;NaN","NaN;NaN;NaN","0.999652990825616;0.000265615258700018;-0.026340603294818",0,"-2446.27314653107;1373.72966518059;-2438.82758059225","2551.99180759701;1375.05774147409;-2570.53059706634",1,"NONE",1,1,"-0;-0;-0",0,1,1,"Observed segment is already a complete 5000 nm Medium."
3,A217,219,4123.50004025937,1,"NONE","Y+5000",0,"RETAINED_SINGLE_BOUNDARY_UNIQUE","RETAINED_SINGLE_BOUNDARY_UNIQUE","-2438.33403198682;1949.28385329019;-4240.40876203936","-2033.28362992771;5000;-1495.90193092838","0.0982297558153126;0.739836574978648;0.66557701086826",876.499959740629,"-2438.33403198682;1949.28385329019;-4240.40876203936","-1947.18525291026;5648.46672818343;-912.523707698062",2,"Y",1,1,"-0;-0;-0",0,1,1,"Unique retained part replayed as a zero-translation GeometryPiece."
3,A218,220,2707.35081718519,1,"Z-5000","NONE",0,"RETAINED_SINGLE_BOUNDARY_UNIQUE","RETAINED_SINGLE_BOUNDARY_UNIQUE","-1340.60998055355;1795.45800358949;-2621.70971477817","-2430.32442495684;2492.59944991985;-5000","-0.402502120333359;0.257499486917315;-0.878456633741512",2292.64918281481,"-1340.60998055355;1795.45800358949;-2621.70971477817","-3353.12058222035;3082.95543817607;-7013.99288348573",2,"Z",1,1,"-0;-0;-0",4.54747350886464e-13,1,1,"Unique retained part replayed as a zero-translation GeometryPiece."
3,A219,221,4587.0763405977,1,"NONE","Z+5000",0,"RETAINED_SINGLE_BOUNDARY_UNIQUE","RETAINED_SINGLE_BOUNDARY_UNIQUE","-2429.25437488962;-1243.579648126;2720.59759159582","-1707.4938831343;2671.09221648456;5000","0.157346518384142;0.853413279819205;0.49691835041646",412.9236594023,"-2429.25437488962;-1243.579648126;2720.59759159582","-1642.52178296891;3023.48675097003;5205.18934367812",2,"Z",1,1,"-0;-0;-0",2.27373675443232e-13,1,1,"Unique retained part replayed as a zero-translation GeometryPiece."
3,A220,222,5000,0,"NONE","NONE",0,"DIRECT_FULL","DIRECT_FULL","NaN;NaN;NaN","NaN;NaN;NaN","0.754179086028112;-0.602653060949134;0.26081256550719",0,"-2414.47353666484;-849.026396101761;-3329.22657332843","1356.42189347572;-3862.29170084743;-2025.16374579248",1,"NONE",1,1,"-0;-0;-0",0,1,1,"Observed segment is already a complete 5000 nm Medium."
3,A221,223,5000,0,"NONE","NONE",0,"DIRECT_FULL","DIRECT_FULL","NaN;NaN;NaN","NaN;NaN;NaN","0.999365047183386;-0.02852008985252;0.021356660388562",0,"-2406.55684813261;1553.72190916102;2981.06732438274","2590.26838778432;1411.12145989842;3087.85062632555",1,"NONE",1,1,"-0;-0;-0",0,1,1,"Observed segment is already a complete 5000 nm Medium."
3,A222,224,5000,0,"NONE","NONE",0,"DIRECT_FULL","DIRECT_FULL","NaN;NaN;NaN","NaN;NaN;NaN","0.616143951373225;0.461883000744333;0.63798959616094",0,"-2404.00490826933;117.226869004377;-4832.9411747539","676.714848596792;2426.64187272604;-1642.9931939492",1,"NONE",1,1,"-0;-0;-0",2.54211497292521e-13,1,1,"Observed segment is already a complete 5000 nm Medium."
3,A223,225,5000.00000000001,0,"NONE","NONE",0,"DIRECT_FULL","DIRECT_FULL","NaN;NaN;NaN","NaN;NaN;NaN","0.750687730097763;-0.573142952594342;0.328595629569396",0,"-2395.64019653782;-119.973703180315;2506.29549538455","1357.798453951;-2985.68846615203;4149.27364323153",1,"NONE",1,1,"-0;-0;-0",2.27373675443232e-13,1,1,"Observed segment is already a complete 5000 nm Medium."
3,A224,226,3042.81663141002,1,"NONE","Y-5000",0,"RETAINED_SINGLE_BOUNDARY_UNIQUE","RETAINED_SINGLE_BOUNDARY_UNIQUE","-2392.33093833262;-2788.67312895647;-153.262345847898","-650.511828604231;-5000;1002.08725958384","0.572436436605528;-0.726736816217156;0.379697413740096",1957.18336858998,"-2392.33093833262;-2788.67312895647;-153.262345847898","469.851244695019;-6422.35721004225;1745.22472285258",2,"Y",1,1,"-0;-0;-0",3.59509347182254e-13,1,1,"Unique retained part replayed as a zero-translation GeometryPiece."
3,A225,227,5000.00000000001,0,"NONE","NONE",0,"DIRECT_FULL","DIRECT_FULL","NaN;NaN;NaN","NaN;NaN;NaN","0.990731858533169;0.127318375415092;0.0473330304235319",0,"-2357.32332415099;-3978.94082377783;-3712.33910970985","2596.33596851486;-3342.34894670237;-3475.67395759219",1,"NONE",1,1,"-0;-0;-0",4.54747350886464e-13,1,1,"Observed segment is already a complete 5000 nm Medium."
3,A226,228,2347.12211264691,1,"NONE","Y-5000",0,"RETAINED_SINGLE_BOUNDARY_UNIQUE","RETAINED_SINGLE_BOUNDARY_UNIQUE","-2345.28127734759;-3451.81618422104;2481.30622919476","-1994.91457542075;-5000;4210.28056631406","0.149275020689793;-0.659609403122631;0.736635869008745",2652.87788735309,"-2345.28127734759;-3451.81618422104;2481.30622919476","-1598.90617389862;-6749.8631998342;6164.48557423848",3,"Y>Z",1,1,"-0;-0;-0",0,1,1,"Unique retained part replayed as a zero-translation GeometryPiece."
3,A227,229,2883.43576518429,1,"Y-5000","NONE",0,"RETAINED_SINGLE_BOUNDARY_UNIQUE","RETAINED_SINGLE_BOUNDARY_UNIQUE","-125.956377071757;-3598.78512151482;1834.68700274722","-2318.33342960861;-5000;3077.37824990617","-0.760334972260682;-0.485953214357673;0.430975873353477",2116.56423481571,"-125.956377071757;-3598.78512151482;1834.68700274722","-3927.63123837517;-6028.55119330319;3989.56636951461",2,"Y",1,1,"-0;-0;-0",4.54747350886464e-13,1,1,"Unique retained part replayed as a zero-translation GeometryPiece."
3,A228,230,5000,0,"NONE","NONE",0,"DIRECT_FULL","DIRECT_FULL","NaN;NaN;NaN","NaN;NaN;NaN","0.997789204883233;0.0597859027561859;-0.02902323982798",0,"-2274.23620732417;1886.7944044507;3789.67674392776","2714.709817092;2185.72391823163;3644.56054478786",1,"NONE",1,1,"-0;-0;-0",0,1,1,"Observed segment is already a complete 5000 nm Medium."
3,A229,231,4999.99999999999,0,"NONE","NONE",0,"DIRECT_FULL","DIRECT_FULL","NaN;NaN;NaN","NaN;NaN;NaN","0.996334749230573;-0.0770538740442531;0.0371452280976001",0,"-2273.23100033529;-997.119451403975;3158.27000080394","2708.44274581757;-1382.38882162524;3343.99614129194",1,"NONE",1,1,"-0;-0;-0",0,1,1,"Observed segment is already a complete 5000 nm Medium."
3,A230,232,3830.29145697035,1,"NONE","Z+5000",0,"RETAINED_SINGLE_BOUNDARY_UNIQUE","RETAINED_SINGLE_BOUNDARY_UNIQUE","-2254.24596254165;2436.54255627196;2425.05814136151","411.500150875135;3403.29212507181;5000","0.695964300201143;0.252395824093376;0.672257421547549",1169.70854302965,"-2254.24596254165;2436.54255627196;2425.05814136151","1225.57553846407;3698.52167673884;5786.34524909925",2,"Z",1,1,"-0;-0;-0",6.82121026329696e-13,1,1,"Unique retained part replayed as a zero-translation GeometryPiece."
3,A231,233,1778.70169108243,1,"NONE","Z-5000",0,"RETAINED_SINGLE_BOUNDARY_UNIQUE","RETAINED_SINGLE_BOUNDARY_UNIQUE","-2253.4458059737;1535.25248123995;-3228.86436047797","-2166.88121009537;1396.09493378098;-5000","0.0486672927294801;-0.0782354613798595;-0.995746306646961",3221.29830891757,"-2253.4458059737;1535.25248123995;-3228.86436047797","-2010.1093423263;1144.07517434065;-8207.59589371277",2,"Z",1,1,"-0;-0;-0",0,1,1,"Unique retained part replayed as a zero-translation GeometryPiece."
3,A232,234,531.642412043764,2,"Y+5000","Z-5000",0,"AMBIGUOUS_TWO_BOUNDARY_RETAINED","AMBIGUOUS_TWO_BOUNDARY_RETAINED","NaN;NaN;NaN","NaN;NaN;NaN","0.150824291482974;-0.738991616796494;-0.656615125780058",4468.35758795624,"NaN;NaN;NaN","NaN;NaN;NaN",0,"NONE",0,0,"NaN;NaN;NaN",Inf,0,0,"Missing length may lie on both sides; no unique a/b split is selected."
3,A233,235,5000.00000000001,0,"NONE","NONE",0,"DIRECT_FULL","DIRECT_FULL","NaN;NaN;NaN","NaN;NaN;NaN","0.614347206883041;0.488635063921015;0.619526661009767",0,"-2188.50524220757;2097.4606904741;-4434.40067871513","883.230792207638;4540.63601007918;-1336.76737366629",1,"NONE",1,1,"-0;-0;-0",1.13686837721616e-13,1,1,"Observed segment is already a complete 5000 nm Medium."
3,A234,236,2410.9795098861,2,"Z+5000","Y-5000",0,"AMBIGUOUS_TWO_BOUNDARY_RETAINED","AMBIGUOUS_TWO_BOUNDARY_RETAINED","NaN;NaN;NaN","NaN;NaN;NaN","0.482224038054183;-0.37468354775504;-0.791878915090189",2589.0204901139,"NaN;NaN;NaN","NaN;NaN;NaN",0,"NONE",0,0,"NaN;NaN;NaN",Inf,0,0,"Missing length may lie on both sides; no unique a/b split is selected."
3,A235,237,3221.29830891757,1,"Z+5000","NONE",0,"RETAINED_SINGLE_BOUNDARY_UNIQUE","RETAINED_SINGLE_BOUNDARY_UNIQUE","-2010.10934232631;1144.07517434065;1792.40410628723","-2166.88121009537;1396.09493378098;5000","-0.0486672927294768;0.0782354613798604;0.995746306646961",1778.70169108243,"-2010.10934232631;1144.07517434065;1792.40410628723","-2253.44580597369;1535.25248123995;6771.13563952204",2,"Z",1,1,"-0;-0;-0",0,1,1,"Unique retained part replayed as a zero-translation GeometryPiece."
3,A236,238,2257.25840961064,2,"Y-5000","Z+5000",0,"AMBIGUOUS_TWO_BOUNDARY_RETAINED","AMBIGUOUS_TWO_BOUNDARY_RETAINED","NaN;NaN;NaN","NaN;NaN;NaN","0.356687407191881;0.829995042265924;0.428815022316989",2742.74159038936,"NaN;NaN;NaN","NaN;NaN;NaN",0,"NONE",0,0,"NaN;NaN;NaN",Inf,0,0,"Missing length may lie on both sides; no unique a/b split is selected."
3,A237,239,1550.38955947277,1,"Z+5000","NONE",0,"RETAINED_SINGLE_BOUNDARY_UNIQUE","RETAINED_SINGLE_BOUNDARY_UNIQUE","-1875.78605505326;3461.395827147;3981.9907643987","-2109.62246188334;4607.12071436619;5000","-0.150824291482973;0.738991616796496;0.656615125780057",3449.61044052723,"-1875.78605505326;3461.395827147;3981.9907643987","-2629.90751246813;7156.35391112948;7265.06639329898",3,"Z>Y",1,1,"-0;-0;-0",0,1,1,"Unique retained part replayed as a zero-translation GeometryPiece."
3,A238,240,5000,0,"NONE","NONE",0,"DIRECT_FULL","DIRECT_FULL","NaN;NaN;NaN","NaN;NaN;NaN","0.997379691866654;-0.0719299167420981;-0.007735459226996",0,"-2108.23336608646;-3665.72367124177;389.165966663762","2878.66509324681;-4025.37325495226;350.488670528782",1,"NONE",1,1,"-0;-0;-0",4.54747350886464e-13,1,1,"Observed segment is already a complete 5000 nm Medium."
3,A239,241,3285.71691578968,1,"Z-5000","NONE",0,"RETAINED_SINGLE_BOUNDARY_UNIQUE","RETAINED_SINGLE_BOUNDARY_UNIQUE","623.763177438724;3750.61767381568;-3463.58273290715","-2074.82170008288;2676.84055965415;-5000","-0.821307783562674;-0.326801468806226;-0.467604880904232",1714.28308421032,"623.763177438724;3750.61767381568;-3463.58273290715","-3482.77574037465;2116.61032978455;-5801.60713742831",2,"Z",1,1,"-0;-0;-0",4.54747350886464e-13,1,1,"Unique retained part replayed as a zero-translation GeometryPiece."
3,A240,242,5000.00000000001,0,"NONE","NONE",0,"DIRECT_FULL","DIRECT_FULL","NaN;NaN;NaN","NaN;NaN;NaN","0.974745058806217;-0.0382253951356219;-0.220024747470804",0,"-2071.1049254666;4244.89005528479;-2447.3561755707","2802.62036856449;4053.76307960668;-3547.47991292472",1,"NONE",1,1,"-0;-0;-0",0,1,1,"Observed segment is already a complete 5000 nm Medium."
3,A241,243,876.499959740629,1,"Y-5000","NONE",0,"RETAINED_SINGLE_BOUNDARY_UNIQUE","RETAINED_SINGLE_BOUNDARY_UNIQUE","-1947.18525291025;-4351.53327181657;-912.523707698063","-2033.28362992771;-5000;-1495.90193092838","-0.0982297558153203;-0.739836574978648;-0.665577010868258",4123.50004025937,"-1947.18525291025;-4351.53327181657;-912.523707698063","-2438.33403198685;-8050.71614670981;-4240.40876203935",2,"Y",1,1,"-0;-0;-0",0,1,1,"Unique retained part replayed as a zero-translation GeometryPiece."
3,A242,244,5000,0,"NONE","NONE",0,"DIRECT_FULL","DIRECT_FULL","NaN;NaN;NaN","NaN;NaN;NaN","0.097117527018146;0.0364873803431239;-0.994603869398051",0,"-2033.25644272164;-4865.30820637923;2322.528469226","-1547.66880763091;-4682.87130466361;-2650.49087776426",1,"NONE",1,1,"-0;-0;-0",4.54747350886464e-13,1,1,"Observed segment is already a complete 5000 nm Medium."
3,A243,245,676.80554791869,1,"Z-5000","NONE",0,"RETAINED_SINGLE_BOUNDARY_UNIQUE","RETAINED_SINGLE_BOUNDARY_UNIQUE","-1827.05136089992;-76.5395901988716;-4354.32626584164","-2020.03735496558;-13.8691441656208;-5000","-0.285142452893789;0.0925974177161737;-0.95400183426973",4323.19445208131,"-1827.05136089992;-76.5395901988716;-4354.32626584164","-3252.76362536887;386.447498381997;-9124.33543719029",2,"Z",1,1,"-0;-0;-0",2.48689957516035e-14,1,1,"Unique retained part replayed as a zero-translation GeometryPiece."
3,A244,246,1072.06215025698,2,"Y+5000","Z+5000",0,"AMBIGUOUS_TWO_BOUNDARY_RETAINED","AMBIGUOUS_TWO_BOUNDARY_RETAINED","NaN;NaN;NaN","NaN;NaN;NaN","0.149275020689788;-0.659609403122628;0.736635869008748",3927.93784974302,"NaN;NaN;NaN","NaN;NaN;NaN",0,"NONE",0,0,"NaN;NaN;NaN",Inf,0,0,"Missing length may lie on both sides; no unique a/b split is selected."
3,A245,247,5000,0,"NONE","NONE",0,"DIRECT_FULL","DIRECT_FULL","NaN;NaN;NaN","NaN;NaN;NaN","0.992703204852488;0.0702462293518622;-0.0980092563865521",0,"-1993.0511691762;-583.626826635024;-4381.51774328181","2970.46485508624;-232.395679875713;-4871.56402521457",1,"NONE",1,1,"-0;-0;-0",2.8421709430404e-14,1,1,"Observed segment is already a complete 5000 nm Medium."
3,A246,248,2698.83497667175,1,"Y-5000","NONE",0,"RETAINED_SINGLE_BOUNDARY_UNIQUE","RETAINED_SINGLE_BOUNDARY_UNIQUE","-661.620361661812;-2850.77083665206;-836.831201333332","-1987.85122394199;-5000;114.817859327749","-0.491408653639026;-0.79635442030561;0.352614764847412",2301.16502332825,"-661.620361661812;-2850.77083665206;-836.831201333332","-3118.66362985694;-6832.54293818011;926.242622903728",2,"Y",1,1,"-0;-0;-0",2.42835191821698e-13,1,1,"Unique retained part replayed as a zero-translation GeometryPiece."
3,A247,249,5000,0,"NONE","NONE",0,"DIRECT_FULL","DIRECT_FULL","NaN;NaN;NaN","NaN;NaN;NaN","0.714509837334882;0.583065644558453;-0.386665419306299",0,"-1979.2166521355;-3031.76700765613;1464.07268224517","1593.33253453891;-116.438784863866;-469.254414286326",1,"NONE",1,1,"-0;-0;-0",1.98951966012828e-13,1,1,"Observed segment is already a complete 5000 nm Medium."
3,A248,250,5000,0,"NONE","NONE",0,"DIRECT_FULL","DIRECT_FULL","NaN;NaN;NaN","NaN;NaN;NaN","0.816180603126011;-0.538384438363801;0.209741315931208",0,"-1976.3601228957;-636.977474317082;-2204.53441950196","2104.54289273436;-3328.89966613609;-1155.82783984592",1,"NONE",1,1,"-0;-0;-0",0,1,1,"Observed segment is already a complete 5000 nm Medium."
3,A249,251,4941.14986216036,1,"NONE","Y+5000",0,"RETAINED_SINGLE_BOUNDARY_UNIQUE","RETAINED_SINGLE_BOUNDARY_UNIQUE","-1967.20584138617;735.587853598221;-1791.44236131533","-193.372875396314;5000;-35.5187824782665","0.358991938207335;0.863040439040094;0.355367399860514",58.8501378396386,"-1967.20584138617;735.587853598221;-1791.44236131533","-172.246150349493;5050.79004879869;-14.6053620127613",2,"Y",1,1,"-0;-0;-0",6.35528743231302e-14,1,1,"Unique retained part replayed as a zero-translation GeometryPiece."
3,A250,252,5000.00000000001,0,"NONE","NONE",0,"DIRECT_FULL","DIRECT_FULL","NaN;NaN;NaN","NaN;NaN;NaN","0.999888674064566;0.00148965946513999;0.0148465616248741",0,"-1959.7032688218;-3760.91767555766;4797.89980168489","3039.74010150104;-3753.46937823196;4872.13260980926",1,"NONE",1,1,"-0;-0;-0",4.54747350886464e-13,1,1,"Observed segment is already a complete 5000 nm Medium."
3,A251,253,3981.90000124325,1,"NONE","Z-5000",0,"RETAINED_SINGLE_BOUNDARY_UNIQUE","RETAINED_SINGLE_BOUNDARY_UNIQUE","-1921.17214367799;4023.54136107669;-4239.69943339324","1971.10566789727;4380.81451405255;-5000","0.977492606635022;0.0897242906311838;-0.190939141206302",1018.09999875675,"-1921.17214367799;4023.54136107669;-4239.69943339324","2966.29088949712;4472.16281423261;-5194.39513942475",2,"Z",1,1,"-0;-0;-0",1.13686837721616e-12,1,1,"Unique retained part replayed as a zero-translation GeometryPiece."
3,A252,254,615.91684359134,1,"Y-5000","NONE",0,"RETAINED_SINGLE_BOUNDARY_UNIQUE","RETAINED_SINGLE_BOUNDARY_UNIQUE","-1801.5631203054;-4686.45645696683;-10.8952763767429","-1913.90102083919;-5000;-528.991986408167","-0.182391343413765;-0.509067979380031;-0.84117964206087",4384.08315640866,"-1801.5631203054;-4686.45645696683;-10.8952763767429","-2713.51983737422;-7231.79635386699;-4216.79348668109",2,"Y",1,1,"-0;-0;-0",1.13686837721616e-13,1,1,"Unique retained part replayed as a zero-translation GeometryPiece."
3,A253,255,5000,0,"NONE","NONE",0,"DIRECT_FULL","DIRECT_FULL","NaN;NaN;NaN","NaN;NaN;NaN","0.961993547161487;0.0691085037806125;0.264182569305518",0,"-1913.65157229474;658.792262492777;-2053.58803643263","2896.3161635127;1004.33478139584;-732.67518990504",1,"NONE",1,1,"-0;-0;-0",0,1,1,"Observed segment is already a complete 5000 nm Medium."
3,A254,256,787.488553358562,1,"NONE","Y+5000",0,"RETAINED_SINGLE_BOUNDARY_UNIQUE","RETAINED_SINGLE_BOUNDARY_UNIQUE","-1903.57591142826;4616.10307835296;-3945.18109835403","-1592.7428138185;5000;-3331.87517089938","0.394714432716625;0.487495240419377;0.77881249808516",4212.51144664144,"-1903.57591142826;4616.10307835296;-3945.18109835403","69.9962521548625;7053.57928044985;-51.1186079282325",2,"Y",1,1,"-0;-0;-0",0,1,1,"Unique retained part replayed as a zero-translation GeometryPiece."
3,A255,257,5000,0,"NONE","NONE",0,"DIRECT_FULL","DIRECT_FULL","NaN;NaN;NaN","NaN;NaN;NaN","0.542864805904489;0.621970721652386;0.564313940920736",0,"-1838.89283938742;45.9084458449079;-3327.47236662416","875.431190135028;3155.76205410684;-505.902662020478",1,"NONE",1,1,"-0;-0;-0",2.0495186137532e-13,1,1,"Observed segment is already a complete 5000 nm Medium."
3,A256,258,1580.8157370961,1,"Z-5000","NONE",0,"RETAINED_SINGLE_BOUNDARY_UNIQUE","RETAINED_SINGLE_BOUNDARY_UNIQUE","-1598.90617389863;3250.13680016581;-3835.51442576151","-1834.8824757604;4292.85772495863;-5000","-0.149275020689792;0.659609403122629;-0.736635869008746",3419.1842629039,"-1598.90617389863;3250.13680016581;-3835.51442576151","-2345.28127734759;6548.18381577896;-7518.69377080524",3,"Z>Y",1,1,"-0;-0;-0",0,1,1,"Unique retained part replayed as a zero-translation GeometryPiece."
3,A257,259,5000,0,"NONE","NONE",0,"DIRECT_FULL","DIRECT_FULL","NaN;NaN;NaN","NaN;NaN;NaN","0.745635708797524;0.115991388955924;0.656180910613902",0,"-1827.4342002489;-1648.39626907614;-1547.27202047728","1900.74434373872;-1068.43932429652;1733.63253259223",1,"NONE",1,1,"-0;-0;-0",3.21554935538437e-13,1,1,"Observed segment is already a complete 5000 nm Medium."
3,A258,260,2089.19110431191,1,"Z+5000","NONE",0,"RETAINED_SINGLE_BOUNDARY_UNIQUE","RETAINED_SINGLE_BOUNDARY_UNIQUE","198.922395809066;-4096.39787008146;4483.35600371121","-1825.07983650809;-4061.56376308928;5000","-0.968797075643195;0.0166734900030374;0.24729379481967",2910.80889568809,"198.922395809066;-4096.39787008146;4483.35600371121","-4645.06298240691;-4013.03042006627;5719.82497780956",2,"Z",1,1,"-0;-0;-0",0,1,1,"Unique retained part replayed as a zero-translation GeometryPiece."
3,A259,261,5000,0,"NONE","NONE",0,"DIRECT_FULL","DIRECT_FULL","NaN;NaN;NaN","NaN;NaN;NaN","0.012843844366996;0.890938566511394;-0.453942183944717",0,"-1824.9495825332;-4478.62663682293;2381.53247841767","-1760.73036069822;-23.933804265962;111.821558694086",1,"NONE",1,1,"-0;-0;-0",4.8322130328186e-14,1,1,"Observed segment is already a complete 5000 nm Medium."
3,A260,262,5000,0,"NONE","NONE",0,"DIRECT_FULL","DIRECT_FULL","NaN;NaN;NaN","NaN;NaN;NaN","0.953275656795912;-0.208293980718276;-0.218813024650858",0,"-1804.43496642929;-125.481945182031;-2904.76845004073","2961.94331755027;-1166.95184877341;-3998.83357329502",1,"NONE",1,1,"-0;-0;-0",4.54747350886464e-13,1,1,"Observed segment is already a complete 5000 nm Medium."
3,A261,263,5000,0,"NONE","NONE",0,"DIRECT_FULL","DIRECT_FULL","NaN;NaN;NaN","NaN;NaN;NaN","0.873777541420436;0.18957730003554;-0.447854055938419",0,"-1768.36631086668;3611.11350022682;1302.35594993159","2600.5213962355;4559.00000040452;-936.914329760507",1,"NONE",1,1,"-0;-0;-0",1.13686837721616e-13,1,1,"Observed segment is already a complete 5000 nm Medium."
3,A262,264,5000,0,"NONE","NONE",0,"DIRECT_FULL","DIRECT_FULL","NaN;NaN;NaN","NaN;NaN;NaN","0.838076018837223;0.544763526389499;0.0293476909760879",0,"-1760.28009020591;-100.847387880996;-2161.86617951344","2430.10000398021;2622.9702440665;-2015.127724633",1,"NONE",1,1,"-0;-0;-0",0,1,1,"Observed segment is already a complete 5000 nm Medium."
3,A263,265,2060.10598259062,1,"Z-5000","NONE",0,"RETAINED_SINGLE_BOUNDARY_UNIQUE","RETAINED_SINGLE_BOUNDARY_UNIQUE","-1138.79801143588;1644.09630013757;-3921.69029293283","-1723.79412288732;-10.9155985317666;-5000","-0.283964085534957;-0.8033625030243;-0.523424385046043",2939.89401740938,"-1138.79801143588;1644.09630013757;-3921.69029293283","-2558.61843911066;-2372.71621498393;-6538.81221816304",2,"Z",1,1,"-0;-0;-0",8.88178419700125e-15,1,1,"Unique retained part replayed as a zero-translation GeometryPiece."
3,A264,266,5000,0,"NONE","NONE",0,"DIRECT_FULL","DIRECT_FULL","NaN;NaN;NaN","NaN;NaN;NaN","0.330388321946911;-0.473032225584342;-0.816752147398358",0,"-1714.324078827;2687.77286668013;-322.869727028028","-62.3824690924421;322.61173875842;-4406.63046401982",1,"NONE",1,1,"-0;-0;-0",6.07087979554246e-14,1,1,"Observed segment is already a complete 5000 nm Medium."
3,A265,267,5000,0,"NONE","NONE",0,"DIRECT_FULL","DIRECT_FULL","NaN;NaN;NaN","NaN;NaN;NaN","0.993191567424111;-0.11577817212496;-0.0128811978108081",0,"-1696.85726928882;4633.57939662882;4469.7931162593","3269.10056783173;4054.68853600402;4405.38712720526",1,"NONE",1,1,"-0;-0;-0",4.54747350886464e-13,1,1,"Observed segment is already a complete 5000 nm Medium."
3,A266,268,4999.99999999999,0,"NONE","NONE",0,"DIRECT_FULL","DIRECT_FULL","NaN;NaN;NaN","NaN;NaN;NaN","0.942453820388335;0.149061934209476;0.299268000636822",0,"-1688.02675109733;3264.63107973665;-3397.74222253306","3024.24235084434;4009.94075078403;-1901.40221934895",1,"NONE",1,1,"-0;-0;-0",0,1,1,"Observed segment is already a complete 5000 nm Medium."
3,A267,269,4957.33929067089,1,"Y+5000","NONE",0,"RETAINED_SINGLE_BOUNDARY_UNIQUE","RETAINED_SINGLE_BOUNDARY_UNIQUE","3183.78868966805;4086.64282368784;1093.21147565664","-1687.9610282177;5000;1177.15310769089","-0.98273477610334;0.184243426313585;0.0169327994539768",42.6607093291077,"3183.78868966805;4086.64282368784;1093.21147565664","-1729.88519084865;5007.85995525576;1177.87547292652",2,"Y",1,1,"-0;-0;-0",9.09494701772928e-13,1,1,"Unique retained part replayed as a zero-translation GeometryPiece."
3,A268,270,4844.16844643241,1,"NONE","Y-5000",0,"RETAINED_SINGLE_BOUNDARY_UNIQUE","RETAINED_SINGLE_BOUNDARY_UNIQUE","-1678.84298934076;-3136.82305666654;1160.98133744767","2697.56123343217;-5000;243.579738289891","0.903437663485056;-0.384622657931236;-0.189382679257039",155.831553567588,"-1678.84298934076;-3136.82305666654;1160.98133744767","2838.34532808452;-5059.93634632272;214.067941162474",2,"Y",1,1,"-0;-0;-0",4.68742840168677e-13,1,1,"Unique retained part replayed as a zero-translation GeometryPiece."
3,A269,271,4267.81119649178,1,"NONE","Z+5000",0,"RETAINED_SINGLE_BOUNDARY_UNIQUE","RETAINED_SINGLE_BOUNDARY_UNIQUE","-1668.94292631907;-2095.64445248237;2000.7498810709","-352.052958113104;-4831.42805953957;5000","0.308563314442887;-0.641027327850413;0.702760731635583",732.188803508217,"-1668.94292631907;-2095.64445248237;2000.7498810709","-126.126354104637;-5300.78109173443;5514.55353924882",3,"Z>Y",1,1,"-0;-0;-0",5.6843418860808e-14,1,1,"Unique retained part replayed as a zero-translation GeometryPiece."
3,A270,272,5000,0,"NONE","NONE",0,"DIRECT_FULL","DIRECT_FULL","NaN;NaN;NaN","NaN;NaN;NaN","0.85006366258767;-0.484542049924032;-0.206423766566385",0,"-1638.21381065445;-2001.95466930316;1739.68347518704","2612.1045022839;-4424.66491892332;707.564642355113",1,"NONE",1,1,"-0;-0;-0",1.13686837721616e-13,1,1,"Observed segment is already a complete 5000 nm Medium."
3,A271,273,3930.02113943689,1,"NONE","Y-5000",0,"RETAINED_SINGLE_BOUNDARY_UNIQUE","RETAINED_SINGLE_BOUNDARY_UNIQUE","-1630.79438494195;-1627.7545400243;-2431.43756672781","-949.22480432159;-5000;-4331.0400569523","0.173426441344287;-0.85807310961663;-0.483356812298642",1069.97886056311,"-1630.79438494195;-1627.7545400243;-2431.43756672781","-763.662178220514;-5918.12008810745;-4848.22162822102",2,"Y",1,1,"-0;-0;-0",0,1,1,"Unique retained part replayed as a zero-translation GeometryPiece."
3,A272,274,2806.56510977727,1,"Y+5000","NONE",0,"RETAINED_SINGLE_BOUNDARY_UNIQUE","RETAINED_SINGLE_BOUNDARY_UNIQUE","811.85833628492;4092.59987840804;-782.800940765375","-1606.50179312531;5000;314.908956809084","-0.861679681324818;0.323313404855935;0.391122191945717",2193.43489022273,"811.85833628492;4092.59987840804;-782.800940765375","-3496.54007033917;5709.16690268772;1172.81001896321",2,"Y",1,1,"-0;-0;-0",5.6843418860808e-13,1,1,"Unique retained part replayed as a zero-translation GeometryPiece."
3,A273,275,4212.51144664144,1,"Y-5000","NONE",0,"RETAINED_SINGLE_BOUNDARY_UNIQUE","RETAINED_SINGLE_BOUNDARY_UNIQUE","69.996252154885;-2946.42071955013;-51.1186079282602","-1592.7428138185;-5000;-3331.87517089938","-0.39471443271663;-0.487495240419383;-0.778812498085153",787.488553358564,"69.996252154885;-2946.42071955013;-51.1186079282602","-1903.57591142827;-5383.89692164705;-3945.18109835403",2,"Y",1,1,"-0;-0;-0",5.08422994585042e-13,1,1,"Unique retained part replayed as a zero-translation GeometryPiece."
3,A274,276,5000,0,"NONE","NONE",0,"DIRECT_FULL","DIRECT_FULL","NaN;NaN;NaN","NaN;NaN;NaN","0.361424561970706;-0.019148835886398;-0.932204702889059",0,"-1574.65981391307;298.460551002785;2855.46447150688","232.462995940462;202.716371570795;-1805.55904293842",1,"NONE",1,1,"-0;-0;-0",2.34371420084339e-13,1,1,"Observed segment is already a complete 5000 nm Medium."
3,A275,277,5000.00000000001,0,"NONE","NONE",0,"DIRECT_FULL","DIRECT_FULL","NaN;NaN;NaN","NaN;NaN;NaN","0.997696483778711;0.067642405578004;0.00512164262883397",0,"-1561.9368141303;4624.04884276696;3593.21278741863","3426.54560476326;4962.26087065698;3618.8210005628",1,"NONE",1,1,"-0;-0;-0",4.54747350886464e-13,1,1,"Observed segment is already a complete 5000 nm Medium."
3,A276,278,5000,0,"NONE","NONE",0,"DIRECT_FULL","DIRECT_FULL","NaN;NaN;NaN","NaN;NaN;NaN","0.156040759804805;0.981264409393388;-0.113010796552302",0,"-1548.58886727104;-98.2144255899202;-4227.9844913351","-768.385068247016;4808.10762137702;-4793.03847409661",1,"NONE",1,1,"-0;-0;-0",0,1,1,"Observed segment is already a complete 5000 nm Medium."
3,A277,279,2874.34986829384,1,"NONE","Z+5000",0,"RETAINED_SINGLE_BOUNDARY_UNIQUE","RETAINED_SINGLE_BOUNDARY_UNIQUE","-1538.64137353927;-650.382714172144;2840.70790805912","356.774037270775;-732.512169948754;5000","0.659424042882828;-0.0285732285698959;0.751227996201658",2125.65013170616,"-1538.64137353927;-650.382714172144;2840.70790805912","1758.47884087487;-793.248857021624;6596.84788906741",2,"Z",1,1,"-0;-0;-0",3.41060513164848e-13,1,1,"Unique retained part replayed as a zero-translation GeometryPiece."
3,A278,280,5000,0,"NONE","NONE",0,"DIRECT_FULL","DIRECT_FULL","NaN;NaN;NaN","NaN;NaN;NaN","0.606108149457606;-0.767217401454135;-0.209786486855186",0,"-1489.57061795279;4386.19018971233;1992.54195980958","1540.97012933524;550.103182441659;943.609525533649",1,"NONE",1,1,"-0;-0;-0",2.54211497292521e-13,1,1,"Observed segment is already a complete 5000 nm Medium."
3,A279,281,4118.7372743169,1,"NONE","Y-5000",0,"RETAINED_SINGLE_BOUNDARY_UNIQUE","RETAINED_SINGLE_BOUNDARY_UNIQUE","-1465.67232088247;-2716.32934866515;2555.56071368742","559.91870832304;-5000;-209.547977391733","0.491799037980993;-0.554458927393857;-0.671348645693297",881.262725683096,"-1465.67232088247;-2716.32934866515;2555.56071368742","993.322869022494;-5488.62398563444;-801.182514779062",2,"Y",1,1,"-0;-0;-0",3.81317245938781e-13,1,1,"Unique retained part replayed as a zero-translation GeometryPiece."
3,A280,282,5000,0,"NONE","NONE",0,"DIRECT_FULL","DIRECT_FULL","NaN;NaN;NaN","NaN;NaN;NaN","0.988910815565337;0.0295673339687281;0.145537526500496",0,"-1462.5326550549;-2061.1894796973;4271.08530302224","3482.02142277178;-1913.35280985366;4998.77293552472",1,"NONE",1,1,"-0;-0;-0",4.54747350886464e-13,1,1,"Observed segment is already a complete 5000 nm Medium."
3,A281,283,3260.35486012245,1,"NONE","Y-5000",0,"RETAINED_SINGLE_BOUNDARY_UNIQUE","RETAINED_SINGLE_BOUNDARY_UNIQUE","-1410.4247519827;-1801.71988954496;2327.68588257511","-777.434329676149;-5000;2312.15287707315","0.194147707677065;-0.980960738223117;-0.00476420701683269",1739.64513987755,"-1410.4247519827;-1801.71988954496;2327.68588257511","-439.686213597374;-6706.52358066054;2303.86484749095",2,"Y",1,1,"-0;-0;-0",0,1,1,"Unique retained part replayed as a zero-translation GeometryPiece."
3,A282,284,5000,0,"NONE","NONE",0,"DIRECT_FULL","DIRECT_FULL","NaN;NaN;NaN","NaN;NaN;NaN","0.924967334241124;0.10220126442194;0.366046898822303",0,"-1370.47673295522;544.724842807719;-2522.27527979119","3254.3599382504;1055.73116491742;-692.040785679673",1,"NONE",1,1,"-0;-0;-0",4.54747350886464e-13,1,1,"Observed segment is already a complete 5000 nm Medium."
3,A283,285,1079.9422995027,1,"Z-5000","NONE",0,"RETAINED_SINGLE_BOUNDARY_UNIQUE","RETAINED_SINGLE_BOUNDARY_UNIQUE","-962.579873953287;-2230.1399563896;-4536.90451873769","-1347.78169267974;-3126.4867109101;-5000","-0.356687407191879;-0.829995042265924;-0.42881502231699",3920.0577004973,"-962.579873953287;-2230.1399563896;-4536.90451873769","-2746.01690991268;-6380.11516771922;-6680.97963032264",3,"Z>Y",1,1,"-0;-0;-0",0,1,1,"Unique retained part replayed as a zero-translation GeometryPiece."
3,A284,286,4999.99999999999,0,"NONE","NONE",0,"DIRECT_FULL","DIRECT_FULL","NaN;NaN;NaN","NaN;NaN;NaN","0.797425939217021;-0.138763157753843;-0.587244972319078",0,"-1289.85348481225;-922.684354973808;2795.09947323115","2697.27621127285;-1616.50014374302;-141.125388364235",1,"NONE",1,1,"-0;-0;-0",1.70530256582424e-13,1,1,"Observed segment is already a complete 5000 nm Medium."
3,A285,287,5000,0,"NONE","NONE",0,"DIRECT_FULL","DIRECT_FULL","NaN;NaN;NaN","NaN;NaN;NaN","0.65590374441669;0.594346484480785;0.465341309627135",0,"-1287.5492143397;510.037087201225;-3113.48050250706","1991.96950774375;3481.76950960515;-786.773954371387",1,"NONE",1,1,"-0;-0;-0",1.13686837721616e-13,1,1,"Observed segment is already a complete 5000 nm Medium."
3,A286,288,5000,0,"NONE","NONE",0,"DIRECT_FULL","DIRECT_FULL","NaN;NaN;NaN","NaN;NaN;NaN","0.89524894539531;-0.445366158875359;-0.0133532878795499",0,"-1195.86508286475;1713.51827928881;-2864.80604719042","3280.3796441118;-513.312515087985;-2931.57248658817",1,"NONE",1,1,"-0;-0;-0",4.54747350886464e-13,1,1,"Observed segment is already a complete 5000 nm Medium."
3,A287,289,5000,0,"NONE","NONE",0,"DIRECT_FULL","DIRECT_FULL","NaN;NaN;NaN","NaN;NaN;NaN","0.888343591344653;-0.457930456678318;-0.03384317602222",0,"-1191.06447425374;4854.01252903279;3310.70161072481","3250.65348246953;2564.3602456412;3141.48573061371",1,"NONE",1,1,"-0;-0;-0",0,1,1,"Observed segment is already a complete 5000 nm Medium."
3,A288,290,5000,0,"NONE","NONE",0,"DIRECT_FULL","DIRECT_FULL","NaN;NaN;NaN","NaN;NaN;NaN","0.9942057239169;0.10110284023599;-0.0365129323266334",0,"-1172.37821295477;3442.62672615013;-67.954334003678","3798.65040662973;3948.14092733008;-250.518995636845",1,"NONE",1,1,"-0;-0;-0",4.55634663634368e-13,1,1,"Observed segment is already a complete 5000 nm Medium."
3,A289,291,4999.99999999999,0,"NONE","NONE",0,"DIRECT_FULL","DIRECT_FULL","NaN;NaN;NaN","NaN;NaN;NaN","0.378235260847277;-0.364685405370281;-0.850848190079585",0,"-1164.21722372438;4444.28286971334;3053.98346259342","726.959080512002;2620.85584286194;-1200.2574878045",1,"NONE",1,1,"-0;-0;-0",2.27373675443232e-13,1,1,"Observed segment is already a complete 5000 nm Medium."
3,A290,292,1063.93797030767,1,"Z-5000","NONE",0,"RETAINED_SINGLE_BOUNDARY_UNIQUE","RETAINED_SINGLE_BOUNDARY_UNIQUE","-428.855427418372;-1323.86186994544;-4343.29479855752","-1139.28564155133;-881.152943100944;-5000","-0.667736497765478;0.416104076740932;-0.617240120918488",3936.06202969233,"-428.855427418372;-1323.86186994544;-4343.29479855752","-3767.53791624576;756.65851375922;-7429.49540314996",2,"Z",1,1,"-0;-0;-0",0,1,1,"Unique retained part replayed as a zero-translation GeometryPiece."
3,A291,293,5000,0,"NONE","NONE",0,"DIRECT_FULL","DIRECT_FULL","NaN;NaN;NaN","NaN;NaN;NaN","0.779647842548698;0.494780273832838;-0.383851171986048",0,"-1122.31996570061;-2622.92397988768;-1872.3566919596","2775.91924704288;-149.022610723488;-3791.61255188984",1,"NONE",1,1,"-0;-0;-0",4.55634663634368e-13,1,1,"Observed segment is already a complete 5000 nm Medium."
3,A292,294,664.571804287634,1,"NONE","Z-5000",0,"RETAINED_SINGLE_BOUNDARY_UNIQUE","RETAINED_SINGLE_BOUNDARY_UNIQUE","-1115.62918680786;-2644.33441256991;-4686.32069539784","-859.66131957779;-2117.32262155939;-5000","0.385162093213458;0.793009555341327;-0.472002126148578",4335.42819571237,"-1115.62918680786;-2644.33441256991;-4686.32069539784","810.181279259431;1320.71336413672;-7046.33132614073",2,"Z",1,1,"-0;-0;-0",0,1,1,"Unique retained part replayed as a zero-translation GeometryPiece."
3,A293,295,5000,0,"NONE","NONE",0,"DIRECT_FULL","DIRECT_FULL","NaN;NaN;NaN","NaN;NaN;NaN","0.877393748458672;-0.27847505119656;-0.390681271661074",0,"-1061.35395684506;-3390.18109115154;-2144.22934907679","3325.6147854483;-4782.55634713434;-4097.63570738216",1,"NONE",1,1,"-0;-0;-0",0,1,1,"Observed segment is already a complete 5000 nm Medium."
3,A294,296,5000,0,"NONE","NONE",0,"DIRECT_FULL","DIRECT_FULL","NaN;NaN;NaN","NaN;NaN;NaN","0.267909046821151;0.150760535798438;-0.951575537452046",0,"-1042.35387041865;-3835.56683670731;1322.40942771576","297.191363687103;-3081.76415771512;-3435.46825954447",1,"NONE",1,1,"-0;-0;-0",5.6843418860808e-14,1,1,"Observed segment is already a complete 5000 nm Medium."
3,A295,297,4847.92956512635,1,"Y-5000","NONE",0,"RETAINED_SINGLE_BOUNDARY_UNIQUE","RETAINED_SINGLE_BOUNDARY_UNIQUE","2558.25111562526;-2482.78222076087;-4391.09020975249","-1029.0689812948;-5000;-2318.12850182297","-0.739969516621177;-0.519235633567527;0.427597323781558",152.070434873646,"2558.25111562526;-2482.78222076087;-4391.09020975249","-1141.59646748062;-5078.96038859851;-2253.1035908447",2,"Y",1,1,"-0;-0;-0",2.27373675443232e-13,1,1,"Unique retained part replayed as a zero-translation GeometryPiece."
3,A296,298,5000,0,"NONE","NONE",0,"DIRECT_FULL","DIRECT_FULL","NaN;NaN;NaN","NaN;NaN;NaN","0.959544804465073;-0.187512195261654;-0.210030818815334",0,"-1021.46911361414;4270.80141946141;-2415.39333624588","3776.25490871123;3333.24044315314;-3465.54743032255",1,"NONE",1,1,"-0;-0;-0",0,1,1,"Observed segment is already a complete 5000 nm Medium."
3,A297,299,1966.43136365555,1,"Y+5000","NONE",0,"RETAINED_SINGLE_BOUNDARY_UNIQUE","RETAINED_SINGLE_BOUNDARY_UNIQUE","-59.3396500873241;4263.21052024876;1533.62062655584","-1007.60012282569;5000;3090.79616140672","-0.48222403805418;0.374683547755039;0.791878915090191",3033.56863634445,"-59.3396500873241;4263.21052024876;1533.62062655584","-2470.45984035822;6136.62825902396;5493.0152020068",3,"Y>Z",1,1,"-0;-0;-0",3.41060513164848e-13,1,1,"Unique retained part replayed as a zero-translation GeometryPiece."
3,A298,300,5000,0,"NONE","NONE",0,"DIRECT_FULL","DIRECT_FULL","NaN;NaN;NaN","NaN;NaN;NaN","0.993965466652767;0.053975398530166;-0.0954950650832591",0,"-1001.0229248571;-1870.25182089103;120.667151387046","3968.80440840674;-1600.3748282402;-356.80817402925",1,"NONE",1,1,"-0;-0;-0",5.6843418860808e-14,1,1,"Observed segment is already a complete 5000 nm Medium."
3,A299,301,5000,0,"NONE","NONE",0,"DIRECT_FULL","DIRECT_FULL","NaN;NaN;NaN","NaN;NaN;NaN","0.682399838620935;-0.39171017488122;-0.617165779304593",0,"-950.257296144078;1499.49936863303;2966.68000651468","2461.7418969606;-459.051505773072;-119.148890008285",1,"NONE",1,1,"-0;-0;-0",4.54969341307734e-13,1,1,"Observed segment is already a complete 5000 nm Medium."
3,A300,302,1069.97886056311,1,"Y+5000","NONE",0,"RETAINED_SINGLE_BOUNDARY_UNIQUE","RETAINED_SINGLE_BOUNDARY_UNIQUE","-763.662178220516;4081.87991189255;-4848.22162822102","-949.22480432159;5000;-4331.0400569523","-0.173426441344285;0.85807310961663;0.483356812298642",3930.02113943689,"-763.662178220516;4081.87991189255;-4848.22162822102","-1630.79438494194;8372.2454599757;-2431.43756672781",2,"Y",1,1,"-0;-0;-0",0,1,1,"Unique retained part replayed as a zero-translation GeometryPiece."
3,A301,303,3658.6314329986,1,"NONE","Y-5000",0,"RETAINED_SINGLE_BOUNDARY_UNIQUE","RETAINED_SINGLE_BOUNDARY_UNIQUE","-943.883047879913;-1796.63283259212;-2999.87574297452","778.809805718535;-5000;-3395.28955843804","0.470857173002129;-0.875564326735808;-0.108076974329016",1341.3685670014,"-943.883047879913;-1796.63283259212;-2999.87574297452","1410.40281713073;-6174.45446627116;-3540.2606146196",2,"Y",1,1,"-0;-0;-0",4.54747350886464e-13,1,1,"Unique retained part replayed as a zero-translation GeometryPiece."
3,A302,304,1454.10096490555,1,"NONE","Y-5000",0,"RETAINED_SINGLE_BOUNDARY_UNIQUE","RETAINED_SINGLE_BOUNDARY_UNIQUE","-939.621197616654;-3684.98516091987;-605.647591962363","-885.05274629301;-5000;-1223.84486893666","0.0375272781193626;-0.904349058846509;-0.425140545185219",3545.89903509446,"-939.621197616654;-3684.98516091987;-605.647591962363","-751.984807019841;-8206.73045515241;-2731.35031788846",2,"Y",1,1,"-0;-0;-0",0,1,1,"Unique retained part replayed as a zero-translation GeometryPiece."
3,A303,305,5000,0,"NONE","NONE",0,"DIRECT_FULL","DIRECT_FULL","NaN;NaN;NaN","NaN;NaN;NaN","0.83530613136902;0.407018816611108;0.369593492667031",0,"-924.116992474872;-1871.61122667849;-1439.10685171816","3252.41366437023;163.48285637705;408.860611616995",1,"NONE",1,1,"-0;-0;-0",4.6960370928725e-13,1,1,"Observed segment is already a complete 5000 nm Medium."
3,A304,306,2198.00233586492,1,"Y-5000","NONE",0,"RETAINED_SINGLE_BOUNDARY_UNIQUE","RETAINED_SINGLE_BOUNDARY_UNIQUE","332.497919081818;-3199.28761618887;2502.4048666386","-921.723081166874;-5000;2627.22017736635","-0.570618592975767;-0.819249531462642;0.0567857953065526",2801.99766413508,"332.497919081818;-3199.28761618887;2502.4048666386","-2520.59504579702;-7295.53527350208;2786.33384317136",2,"Y",1,1,"-0;-0;-0",2.27373675443232e-13,1,1,"Unique retained part replayed as a zero-translation GeometryPiece."
3,A305,307,5000,0,"NONE","NONE",0,"DIRECT_FULL","DIRECT_FULL","NaN;NaN;NaN","NaN;NaN;NaN","0.998233399185565;-0.0494661313182638;0.0329117395899672",0,"-910.643496863629;-450.056741007482;-1105.08540016829","4080.52349906419;-697.387397598801;-940.526702218454",1,"NONE",1,1,"-0;-0;-0",4.54747350886464e-13,1,1,"Observed segment is already a complete 5000 nm Medium."
3,A306,308,5000,0,"NONE","NONE",0,"DIRECT_FULL","DIRECT_FULL","NaN;NaN;NaN","NaN;NaN;NaN","0.973075622304239;0.00425446806724803;0.230446811170566",0,"-908.524734493589;3603.37968043794;1710.26256478597","3956.85337702761;3624.65202077418;2862.4966206388",1,"NONE",1,1,"-0;-0;-0",0,1,1,"Observed segment is already a complete 5000 nm Medium."
3,A307,309,3545.89903509446,1,"Y+5000","NONE",0,"RETAINED_SINGLE_BOUNDARY_UNIQUE","RETAINED_SINGLE_BOUNDARY_UNIQUE","-751.984807019842;1793.26954484759;-2731.35031788847","-885.05274629301;5000;-1223.84486893666","-0.0375272781193623;0.904349058846508;0.425140545185222",1454.10096490554,"-751.984807019842;1793.26954484759;-2731.35031788847","-939.621197616653;6315.01483908013;-605.647591962359",2,"Y",1,1,"-0;-0;-0",2.27373675443232e-13,1,1,"Unique retained part replayed as a zero-translation GeometryPiece."
3,A308,310,4335.42819571237,1,"Z+5000","NONE",0,"RETAINED_SINGLE_BOUNDARY_UNIQUE","RETAINED_SINGLE_BOUNDARY_UNIQUE","810.181279259444;1320.71336413673;2953.66867385928","-859.66131957779;-2117.32262155939;5000","-0.385162093213461;-0.793009555341327;0.472002126148575",664.57180428763,"810.181279259444;1320.71336413673;2953.66867385928","-1115.62918680786;-2644.33441256991;5313.67930460216",2,"Z",1,1,"-0;-0;-0",4.54747350886464e-13,1,1,"Unique retained part replayed as a zero-translation GeometryPiece."
3,A309,311,5000,0,"NONE","NONE",0,"DIRECT_FULL","DIRECT_FULL","NaN;NaN;NaN","NaN;NaN;NaN","0.932732182475779;0.15511538499784;0.325499451782858",0,"-816.786552340955;1153.60241984912;3248.23555409033","3846.87436003794;1929.17934483832;4875.73281300462",1,"NONE",1,1,"-0;-0;-0",0,1,1,"Observed segment is already a complete 5000 nm Medium."
3,A310,312,1739.64513987756,1,"Y+5000","NONE",0,"RETAINED_SINGLE_BOUNDARY_UNIQUE","RETAINED_SINGLE_BOUNDARY_UNIQUE","-439.686213597374;3293.47641933945;2303.86484749095","-777.434329676149;5000;2312.15287707315","-0.194147707677065;0.980960738223117;0.00476420701683071",3260.35486012244,"-439.686213597374;3293.47641933945;2303.86484749095","-1410.4247519827;8198.28011045503;2327.6858825751",2,"Y",1,1,"-0;-0;-0",0,1,1,"Unique retained part replayed as a zero-translation GeometryPiece."
3,A311,313,3273.0231007313,1,"NONE","Z+5000",0,"RETAINED_SINGLE_BOUNDARY_UNIQUE","RETAINED_SINGLE_BOUNDARY_UNIQUE","-775.312506684465;1207.43249816536;3820.471398528","1531.21178765571;3207.76701415233;5000","0.704707612306439;0.611158080595284;0.360378941782737",1726.9768992687,"-775.312506684465;1207.43249816536;3820.471398528","2748.22555484773;4263.22290114178;5622.36610744169",2,"Z",1,1,"-0;-0;-0",6.43109871076874e-13,1,1,"Unique retained part replayed as a zero-translation GeometryPiece."
3,A312,314,5000,0,"NONE","NONE",0,"DIRECT_FULL","DIRECT_FULL","NaN;NaN;NaN","NaN;NaN;NaN","0.970418890099188;0.221175904094302;-0.096790480868356",0,"-720.662959498911;1395.74107118604;-3368.76689505706","4131.43149099703;2501.62059165755;-3852.71929939884",1,"NONE",1,1,"-0;-0;-0",0,1,1,"Observed segment is already a complete 5000 nm Medium."
3,A313,315,5000,0,"NONE","NONE",0,"DIRECT_FULL","DIRECT_FULL","NaN;NaN;NaN","NaN;NaN;NaN","0.995705754219202;0.028882373761804;-0.0879537350011559",0,"-704.26011590517;1397.35574361483;-2062.10024317056","4274.26865519084;1541.76761242385;-2501.86891817634",1,"NONE",1,1,"-0;-0;-0",0,1,1,"Observed segment is already a complete 5000 nm Medium."
3,A314,316,4793.50417987968,1,"NONE","Y-5000",0,"RETAINED_SINGLE_BOUNDARY_UNIQUE","RETAINED_SINGLE_BOUNDARY_UNIQUE","-658.666884309651;-2631.64145942732;2307.07644646147","-238.999264181734;-5000;-1839.3001927787","0.0875492342093776;-0.494076661185289;-0.864999066162125",206.495820120316,"-658.666884309651;-2631.64145942732;2307.07644646147","-220.920713262763;-5102.02476535376;-2017.91888434916",2,"Y",1,1,"-0;-0;-0",4.55634663634368e-13,1,1,"Unique retained part replayed as a zero-translation GeometryPiece."
3,A315,317,1957.18336858997,1,"Y+5000","NONE",0,"RETAINED_SINGLE_BOUNDARY_UNIQUE","RETAINED_SINGLE_BOUNDARY_UNIQUE","469.851244695014;3577.64278995776;1745.22472285259","-650.511828604231;5000;1002.08725958384","-0.572436436605527;0.726736816217154;-0.379697413740101",3042.81663141003,"469.851244695014;3577.64278995776;1745.22472285259","-2392.33093833262;7211.32687104353;-153.262345847913",2,"Y",1,1,"-0;-0;-0",1.13686837721616e-13,1,1,"Unique retained part replayed as a zero-translation GeometryPiece."
3,A316,318,5000,0,"NONE","NONE",0,"DIRECT_FULL","DIRECT_FULL","NaN;NaN;NaN","NaN;NaN;NaN","0.815291758446604;-0.091681957262098;0.571746243819438",0,"-628.303131437458;3941.83493952219;-2970.13746682894","3448.15566079556;3483.4251532117;-111.406247731752",1,"NONE",1,1,"-0;-0;-0",4.2632564145606e-14,1,1,"Observed segment is already a complete 5000 nm Medium."
3,A317,319,2629.61794473875,1,"NONE","Z+5000",0,"RETAINED_SINGLE_BOUNDARY_UNIQUE","RETAINED_SINGLE_BOUNDARY_UNIQUE","-611.897627660977;-1832.7227813926;3058.5871537184","-9.33664821784089;-164.572020328917;5000","0.229143925888063;0.634370009681925;0.738287039060527",2370.38205526125,"-611.897627660977;-1832.7227813926;3058.5871537184","533.822001779337;1339.12726701702;6750.02234902104",2,"Z",1,1,"-0;-0;-0",2.53422066947322e-13,1,1,"Unique retained part replayed as a zero-translation GeometryPiece."
3,A318,320,5000,0,"NONE","NONE",0,"DIRECT_FULL","DIRECT_FULL","NaN;NaN;NaN","NaN;NaN;NaN","0.827236960554579;-0.521667176841346;-0.208668080210659",0,"-600.293524099337;2058.66606159803;544.869717003619","3535.89127867356;-549.669822608702;-498.470684049675",1,"NONE",1,1,"-0;-0;-0",4.68742840168677e-13,1,1,"Observed segment is already a complete 5000 nm Medium."
3,A319,321,5000,0,"NONE","NONE",0,"DIRECT_FULL","DIRECT_FULL","NaN;NaN;NaN","NaN;NaN;NaN","0.990264532608354;0.0684272529687362;-0.121218259800704",0,"-541.389696544848;-4477.10912074193;229.79011253271","4409.93296649692;-4134.97285589825;-376.301186470811",1,"NONE",1,1,"-0;-0;-0",9.11269327268735e-13,1,1,"Observed segment is already a complete 5000 nm Medium."
3,A320,322,5000,0,"NONE","NONE",0,"DIRECT_FULL","DIRECT_FULL","NaN;NaN;NaN","NaN;NaN;NaN","0.61732417457704;-0.42111104888834;0.664512112746592",0,"-533.710007971979;-580.055111920089;-1355.23468988366","2552.91086491322;-2685.61035636179;1967.3258738493",1,"NONE",1,1,"-0;-0;-0",0,1,1,"Observed segment is already a complete 5000 nm Medium."
3,A321,323,3979.18308966163,1,"NONE","Z-5000",0,"RETAINED_SINGLE_BOUNDARY_UNIQUE","RETAINED_SINGLE_BOUNDARY_UNIQUE","-514.141679471809;3603.84491387508;-1790.11529514643","1578.72833284756;4676.42747672536;-5000","0.525954690990944;0.26954843209828;-0.806669266662602",1020.81691033837,"-514.141679471809;3603.84491387508;-1790.11529514643","2115.63177548291;4951.58707436648;-5823.46162845944",2,"Z",1,1,"-0;-0;-0",0,1,1,"Unique retained part replayed as a zero-translation GeometryPiece."
3,A322,324,5000,0,"NONE","NONE",0,"DIRECT_FULL","DIRECT_FULL","NaN;NaN;NaN","NaN;NaN;NaN","0.974206354377921;-0.138940987834114;-0.177812769477791",0,"-503.316277716019;-2536.20202748796;434.485855444772","4367.71549417358;-3230.90696665853;-454.577991944181",1,"NONE",1,1,"-0;-0;-0",0,1,1,"Observed segment is already a complete 5000 nm Medium."
3,A323,325,5000,0,"NONE","NONE",0,"DIRECT_FULL","DIRECT_FULL","NaN;NaN;NaN","NaN;NaN;NaN","0.937264856488586;-0.207717897645375;0.279978327356272",0,"-465.372955518574;308.12634250627;-2814.46533546512","4220.95132692436;-730.463145720607;-1414.57369868376",1,"NONE",1,1,"-0;-0;-0",1.13686837721616e-13,1,1,"Observed segment is already a complete 5000 nm Medium."
3,A324,326,5000.00000000001,0,"NONE","NONE",0,"DIRECT_FULL","DIRECT_FULL","NaN;NaN;NaN","NaN;NaN;NaN","0.763608967581822;-0.222597588935744;-0.606095419904009",0,"-436.455355049266;-1018.12076494026;319.488721381171","3381.58948285985;-2131.10870961898;-2710.98837813888",1,"NONE",1,1,"-0;-0;-0",0,1,1,"Observed segment is already a complete 5000 nm Medium."
3,A325,327,4998.981194219,1,"NONE","Y-5000",0,"RETAINED_SINGLE_BOUNDARY_UNIQUE","RETAINED_SINGLE_BOUNDARY_UNIQUE","-425.685083763202;-2747.83684877655;-2647.37640701039","3242.9911355031;-5000;-106.040357091689","0.733884781064768;-0.450524429623366;0.508370796204953",1.01880578100099,"-425.685083763202;-2747.83684877655;-2647.37640701039","3243.73882156064;-5000.45899689338;-105.522425985623",2,"Y",1,1,"-0;-0;-0",5.21753229085272e-13,1,1,"Unique retained part replayed as a zero-translation GeometryPiece."
3,A326,328,5000,0,"NONE","NONE",0,"DIRECT_FULL","DIRECT_FULL","NaN;NaN;NaN","NaN;NaN;NaN","0.85718199861031;-0.445287680802186;0.258762251080496",0,"-418.74576243275;632.329806281322;-4816.96976636464","3867.1642306188;-1594.10859772961;-3523.15851096216",1,"NONE",1,1,"-0;-0;-0",5.08422994585042e-13,1,1,"Observed segment is already a complete 5000 nm Medium."
3,A327,329,5000,0,"NONE","NONE",0,"DIRECT_FULL","DIRECT_FULL","NaN;NaN;NaN","NaN;NaN;NaN","0.961335588079124;0.189473681255018;-0.199833959086628",0,"-414.147359128009;-213.361934866363;-3902.442133719","4392.53058126761;734.006471408728;-4901.61192915214",1,"NONE",1,1,"-0;-0;-0",0,1,1,"Observed segment is already a complete 5000 nm Medium."
3,A328,330,5000,0,"NONE","NONE",0,"DIRECT_FULL","DIRECT_FULL","NaN;NaN;NaN","NaN;NaN;NaN","0.206994905545995;0.020282785489428;0.97813174863655",0,"-403.88275820486;-1325.2405856818;-4191.238712224","631.091769525115;-1223.82665823466;699.420030958747",1,"NONE",1,1,"-0;-0;-0",2.54211497292521e-13,1,1,"Observed segment is already a complete 5000 nm Medium."
3,A329,331,5000,0,"NONE","NONE",0,"DIRECT_FULL","DIRECT_FULL","NaN;NaN;NaN","NaN;NaN;NaN","0.245192514104273;-0.052178957058104;0.968069205928768",0,"-397.875958023511;2315.67886379874;-4449.70523441582","828.086612497854;2054.78407850822;390.640795228022",1,"NONE",1,1,"-0;-0;-0",3.97903932025656e-13,1,1,"Observed segment is already a complete 5000 nm Medium."
3,A330,332,4581.83853070264,1,"NONE","Y-5000",0,"RETAINED_SINGLE_BOUNDARY_UNIQUE","RETAINED_SINGLE_BOUNDARY_UNIQUE","-392.074020409426;-1116.11102244978;-1281.25884910726","1917.79921275;-5000;-2038.3165604007","0.504136760315995;-0.84767041691332;-0.165230115862975",418.161469297359,"-392.074020409426;-1116.11102244978;-1281.25884910726","2128.60978117055;-5354.46310701638;-2107.40942842213",2,"Y",1,1,"-0;-0;-0",3.21554935538437e-13,1,1,"Unique retained part replayed as a zero-translation GeometryPiece."
3,A331,333,5000,0,"NONE","NONE",0,"DIRECT_FULL","DIRECT_FULL","NaN;NaN;NaN","NaN;NaN;NaN","0.868694049415166;-0.495080359288665;-0.016312153667996",0,"-381.467276296109;172.279256578303;-1186.26355630822","3962.00297077972;-2303.12253986502;-1267.8243246482",1,"NONE",1,1,"-0;-0;-0",4.54747350886464e-13,1,1,"Observed segment is already a complete 5000 nm Medium."
3,A332,334,1391.5287687711,1,"NONE","Z-5000",0,"RETAINED_SINGLE_BOUNDARY_UNIQUE","RETAINED_SINGLE_BOUNDARY_UNIQUE","-371.3647187537;-1299.16849353423;-4433.05606033993","-329.180988389027;-29.0710892014554;-5000","0.0303146663664932;0.912735282831727;-0.407425237899145",3608.4712312289,"-371.3647187537;-1299.16849353423;-4433.05606033993","-219.791386921234;3264.50792062441;-6470.18224983566",2,"Z",1,1,"-0;-0;-0",2.48689957516035e-13,1,1,"Unique retained part replayed as a zero-translation GeometryPiece."
3,A333,335,5000,0,"NONE","NONE",0,"DIRECT_FULL","DIRECT_FULL","NaN;NaN;NaN","NaN;NaN;NaN","0.732633444529167;-0.033398805386612;0.679803468478998",0,"-368.865902150036;-3149.50771607562;-931.872482803781","3294.3013204958;-3316.50174300868;2467.14485959121",1,"NONE",1,1,"-0;-0;-0",0,1,1,"Observed segment is already a complete 5000 nm Medium."
3,A334,336,3521.79976312683,1,"NONE","Z-5000",0,"RETAINED_SINGLE_BOUNDARY_UNIQUE","RETAINED_SINGLE_BOUNDARY_UNIQUE","-330.447858179871;2793.11421678497;-3911.93531027542","2749.70994887475;4109.09927983667;-5000","0.874597652968182;0.373668337657932;-0.30895132117294",1478.20023687317,"-330.447858179871;2793.11421678497;-3911.93531027542","4042.54040666104;4661.45590507463;-5456.69191614012",2,"Z",1,1,"-0;-0;-0",0,1,1,"Unique retained part replayed as a zero-translation GeometryPiece."
3,A335,337,3608.47123122889,1,"Z+5000","NONE",0,"RETAINED_SINGLE_BOUNDARY_UNIQUE","RETAINED_SINGLE_BOUNDARY_UNIQUE","-219.791386921234;3264.5079206244;3529.81775016435","-329.180988389027;-29.0710892014554;5000","-0.0303146663664933;-0.912735282831728;0.407425237899144",1391.52876877111,"-219.791386921234;3264.5079206244;3529.81775016435","-371.3647187537;-1299.16849353424;5566.94393966007",2,"Z",1,1,"-0;-0;-0",4.33431068813661e-13,1,1,"Unique retained part replayed as a zero-translation GeometryPiece."
3,A336,338,5000,0,"NONE","NONE",0,"DIRECT_FULL","DIRECT_FULL","NaN;NaN;NaN","NaN;NaN;NaN","0.873474409902668;0.450471302956533;-0.184710748084213",0,"-282.135790835826;-1268.68413518342;1519.21346714945","4085.23625867751;983.672379599244;595.659726728388",1,"NONE",1,1,"-0;-0;-0",1.13686837721616e-13,1,1,"Observed segment is already a complete 5000 nm Medium."
3,A337,339,5000,0,"NONE","NONE",0,"DIRECT_FULL","DIRECT_FULL","NaN;NaN;NaN","NaN;NaN;NaN","0.238201145888763;-0.332821145034229;-0.912409063696424",0,"-270.578233818549;261.710661713484;2529.95981221472","920.427495625266;-1402.39506345766;-2032.0855062674",1,"NONE",1,1,"-0;-0;-0",1.13686837721616e-13,1,1,"Observed segment is already a complete 5000 nm Medium."
3,A338,340,5000,0,"NONE","NONE",0,"DIRECT_FULL","DIRECT_FULL","NaN;NaN;NaN","NaN;NaN;NaN","0.998231940773884;0.032966670822448;-0.049458983346704",0,"-203.022377696583;-4050.4016749952;4380.48543607846","4788.13732617284;-3885.56832088296;4133.19051934494",1,"NONE",1,1,"-0;-0;-0",0,1,1,"Observed segment is already a complete 5000 nm Medium."
3,A339,341,5000,0,"NONE","NONE",0,"DIRECT_FULL","DIRECT_FULL","NaN;NaN;NaN","NaN;NaN;NaN","0.561643106327581;0.248510134556817;-0.789176617834853",0,"-185.834471623048;-1015.99448022286;3503.63552234271","2622.38106001486;226.556192561225;-442.247566831559",1,"NONE",1,1,"-0;-0;-0",1.72882509170285e-13,1,1,"Observed segment is already a complete 5000 nm Medium."
3,A340,342,5000,0,"NONE","NONE",0,"DIRECT_FULL","DIRECT_FULL","NaN;NaN;NaN","NaN;NaN;NaN","0.885161025008627;0.356739613522162;-0.298708566917215",0,"-155.293961348396;2767.08119774224;421.095504509658","4270.51116369474;4550.77926535305;-1072.44733007642",1,"NONE",1,1,"-0;-0;-0",0,1,1,"Observed segment is already a complete 5000 nm Medium."
3,A341,343,4999.99999999999,0,"NONE","NONE",0,"DIRECT_FULL","DIRECT_FULL","NaN;NaN;NaN","NaN;NaN;NaN","0.192875681746984;0.227173647501892;0.954563306057447",0,"-86.1455555047714;2126.88721944666;-4115.80358825911","878.232853230145;3262.75545695612;657.012942028117",1,"NONE",1,1,"-0;-0;-0",3.41060513164848e-13,1,1,"Observed segment is already a complete 5000 nm Medium."
3,A342,344,1427.43867354528,1,"NONE","Y-5000",0,"RETAINED_SINGLE_BOUNDARY_UNIQUE","RETAINED_SINGLE_BOUNDARY_UNIQUE","-81.7282437599506;-3707.73601417115;-1895.37735052434","458.134127585559;-5000;-1619.36362320694","0.378203548321044;-0.905302630353498;0.193362932105429",3572.56132645472,"-81.7282437599506;-3707.73601417115;-1895.37735052434","1809.28949784527;-8234.24916593864;-928.562689997193",2,"Y",1,1,"-0;-0;-0",3.21554935538437e-13,1,1,"Unique retained part replayed as a zero-translation GeometryPiece."
3,A343,345,5000,0,"NONE","NONE",0,"DIRECT_FULL","DIRECT_FULL","NaN;NaN;NaN","NaN;NaN;NaN","0.917994723799112;-0.167914873296752;-0.359291361436269",0,"-63.0604605725512;-2575.97595484392;2693.87582587505","4526.91315842301;-3415.55032132768;897.419018693707",1,"NONE",1,1,"-0;-0;-0",1.13686837721616e-13,1,1,"Observed segment is already a complete 5000 nm Medium."
3,A344,346,5000,0,"NONE","NONE",0,"DIRECT_FULL","DIRECT_FULL","NaN;NaN;NaN","NaN;NaN;NaN","0.989933697749991;-0.127314486115332;0.061824717421264",0,"-38.4408876811713;-4330.4626423527;-3595.37063258734","4911.22760106878;-4967.03507292936;-3286.24704548102",1,"NONE",1,1,"-0;-0;-0",0,1,1,"Observed segment is already a complete 5000 nm Medium."
3,A345,347,2370.38205526124,1,"Z-5000","NONE",0,"RETAINED_SINGLE_BOUNDARY_UNIQUE","RETAINED_SINGLE_BOUNDARY_UNIQUE","533.822001779335;1339.12726701702;-3249.97765097897","-9.33664821784089;-164.572020328917;-5000","-0.229143925888063;-0.634370009681925;-0.738287039060527",2629.61794473876,"533.822001779335;1339.12726701702;-3249.97765097897","-611.897627660978;-1832.72278139261;-6941.41284628161",2,"Z",1,1,"-0;-0;-0",2.5501085777433e-13,1,1,"Unique retained part replayed as a zero-translation GeometryPiece."
3,A346,348,827.213344498678,1,"NONE","Z-5000",0,"RETAINED_SINGLE_BOUNDARY_UNIQUE","RETAINED_SINGLE_BOUNDARY_UNIQUE","-2.83675374090944;1276.58331143327;-4501.5357393613","276.483792974385;678.423357603801;-5000","0.337664459323457;-0.72310239892464;-0.602582470355078",4172.78665550132,"-2.83675374090944;1276.58331143327;-4501.5357393613","1685.48554287637;-2338.92868318993;-7514.44809113669",2,"Z",1,1,"-0;-0;-0",0,1,1,"Unique retained part replayed as a zero-translation GeometryPiece."
3,A347,349,5000,0,"NONE","NONE",0,"DIRECT_FULL","DIRECT_FULL","NaN;NaN;NaN","NaN;NaN;NaN","0.607373688884779;-0.558666970789;0.564790596415998",0,"92.0145236920653;2387.73542071801;1936.39342771548","3128.88296811596;-405.599433226992;4760.34640979547",1,"NONE",1,1,"-0;-0;-0",0,1,1,"Observed segment is already a complete 5000 nm Medium."
3,A348,350,5000,0,"NONE","NONE",0,"DIRECT_FULL","DIRECT_FULL","NaN;NaN;NaN","NaN;NaN;NaN","0.269998542534153;0.238076522722853;0.932963212756874",0,"106.998054848587;-132.056937913214;-3311.95882972781","1456.99076751935;1058.32567570105;1352.85723405656",1,"NONE",1,1,"-0;-0;-0",2.27373675443232e-13,1,1,"Observed segment is already a complete 5000 nm Medium."
3,A349,351,667.488506046921,1,"Z-5000","NONE",0,"RETAINED_SINGLE_BOUNDARY_UNIQUE","RETAINED_SINGLE_BOUNDARY_UNIQUE","754.381618800539;-4105.07590102375;-4905.42608952068","127.47594178968;-3896.30340931817;-5000","-0.939200707325425;0.312773163603965;-0.141686200769833",4332.51149395308,"754.381618800539;-4105.07590102375;-4905.42608952068","-3941.62191782658;-2541.21008300392;-5613.85709336985",2,"Z",1,1,"-0;-0;-0",2.70006239588838e-13,1,1,"Unique retained part replayed as a zero-translation GeometryPiece."
3,A350,352,1156.50289680255,1,"NONE","Y+5000",0,"RETAINED_SINGLE_BOUNDARY_UNIQUE","RETAINED_SINGLE_BOUNDARY_UNIQUE","156.891365494355;4807.07204571865;4591.63849545779","1092.30143225638;5000;3939.49912249388","0.808826393213721;0.166820121951056;-0.563889095969339",3843.49710319745,"156.891365494355;4807.07204571865;4591.63849545779","4201.02333156296;5641.17265547393;1772.1930156111",2,"Y",1,1,"-0;-0;-0",0,1,1,"Unique retained part replayed as a zero-translation GeometryPiece."
3,A351,353,4937.90565426453,1,"NONE","X+5000",0,"RETAINED_SINGLE_BOUNDARY_UNIQUE","RETAINED_SINGLE_BOUNDARY_UNIQUE","211.148240821421;1136.46844059657;-2525.87633098532","5000;2320.05109684332;-2747.10737505857","0.969814349337107;0.239693250361025;-0.0448026065225017",62.0943457354679,"211.148240821421;1136.46844059657;-2525.87633098532","5060.21998750696;2334.9346924017;-2749.88936359783",2,"X",1,1,"-0;-0;-0",0,1,1,"Unique retained part replayed as a zero-translation GeometryPiece."
3,A352,354,1995.46099134144,1,"NONE","Y+5000",0,"RETAINED_SINGLE_BOUNDARY_UNIQUE","RETAINED_SINGLE_BOUNDARY_UNIQUE","231.672702700437;3630.53732214301;-763.977686007768","1610.86558347968;5000;-1215.93292663453","0.691165042445698;0.686288874500309;-0.226491644080166",3004.53900865856,"231.672702700437;3630.53732214301;-763.977686007768","3687.49791492892;7061.98169464455;-1896.4359064086",2,"Y",1,1,"-0;-0;-0",2.27373675443232e-13,1,1,"Unique retained part replayed as a zero-translation GeometryPiece."
3,A353,355,5000,0,"NONE","NONE",0,"DIRECT_FULL","DIRECT_FULL","NaN;NaN;NaN","NaN;NaN;NaN","0.254809378605778;0.965732620472426;-0.049322270122116",0,"254.41793273461;-4059.37458782871;2455.57122246777","1528.4648257635;769.288514533416;2208.95987185719",1,"NONE",1,1,"-0;-0;-0",2.27373675443232e-13,1,1,"Observed segment is already a complete 5000 nm Medium."
3,A354,356,4172.78665550132,1,"Z+5000","NONE",0,"RETAINED_SINGLE_BOUNDARY_UNIQUE","RETAINED_SINGLE_BOUNDARY_UNIQUE","1685.48554287638;-2338.92868318992;2485.5519088633","276.483792974385;678.423357603801;5000","-0.337664459323458;0.723102398924638;0.60258247035508",827.213344498678,"1685.48554287638;-2338.92868318992;2485.5519088633","-2.83675374091081;1276.58331143327;5498.4642606387",2,"Z",1,1,"-0;-0;-0",3.59509347182254e-13,1,1,"Unique retained part replayed as a zero-translation GeometryPiece."
3,A355,357,2125.65013170616,1,"Z-5000","NONE",0,"RETAINED_SINGLE_BOUNDARY_UNIQUE","RETAINED_SINGLE_BOUNDARY_UNIQUE","1758.47884087487;-793.248857021623;-3403.15211093259","356.774037270775;-732.512169948754;-5000","-0.659424042882829;0.0285732285698957;-0.751227996201658",2874.34986829384,"1758.47884087487;-793.248857021623;-3403.15211093259","-1538.64137353927;-650.382714172145;-7159.29209194088",2,"Z",1,1,"-0;-0;-0",1.13686837721616e-13,1,1,"Unique retained part replayed as a zero-translation GeometryPiece."
3,A356,358,1292.62934453984,1,"Y+5000","NONE",0,"RETAINED_SINGLE_BOUNDARY_UNIQUE","RETAINED_SINGLE_BOUNDARY_UNIQUE","1464.97649824839;4343.18038383631;-1151.6920840732","363.940369207;5000;-986.77375054526","-0.851780236687528;0.508126802890669;0.127583621882458",3707.37065546016,"1464.97649824839;4343.18038383631;-1151.6920840732","-2793.92468518925;6883.81439828965;-513.773974660912",2,"Y",1,1,"-0;-0;-0",2.54211497292521e-13,1,1,"Unique retained part replayed as a zero-translation GeometryPiece."
3,A357,359,5000,0,"NONE","NONE",0,"DIRECT_FULL","DIRECT_FULL","NaN;NaN;NaN","NaN;NaN;NaN","0.678114648346617;0.724557393813995;-0.123195400755128",0,"383.107705224529;-3933.65443276843;3435.6812403306","3773.68094695761;-310.867463698459;2819.70423655496",1,"NONE",1,1,"-0;-0;-0",2.27373675443232e-13,1,1,"Observed segment is already a complete 5000 nm Medium."
3,A358,360,5000,0,"NONE","NONE",0,"DIRECT_FULL","DIRECT_FULL","NaN;NaN;NaN","NaN;NaN;NaN","0.555932763065806;0.420253501407798;-0.717165083857618",0,"406.992942192289;-3542.14741296542;4705.67555745157","3186.65675752132;-1440.87990592643;1119.85013816348",1,"NONE",1,1,"-0;-0;-0",2.27373675443232e-13,1,1,"Observed segment is already a complete 5000 nm Medium."
3,A359,361,1169.70854302966,1,"Z-5000","NONE",0,"RETAINED_SINGLE_BOUNDARY_UNIQUE","RETAINED_SINGLE_BOUNDARY_UNIQUE","1225.57553846407;3698.52167673884;-4213.65475090074","411.500150875135;3403.29212507181;-5000","-0.695964300201143;-0.252395824093374;-0.67225742154755",3830.29145697034,"1225.57553846407;3698.52167673884;-4213.65475090074","-2254.24596254164;2436.54255627197;-7574.94185863849",2,"Z",1,1,"-0;-0;-0",1.13686837721616e-13,1,1,"Unique retained part replayed as a zero-translation GeometryPiece."
3,A360,362,894.26331305287,1,"NONE","Y+5000",0,"RETAINED_SINGLE_BOUNDARY_UNIQUE","RETAINED_SINGLE_BOUNDARY_UNIQUE","423.332418198398;4343.36116556851;-201.674718098","550.791036340347;5000;391.862656336074","0.142529181597337;0.734279070657424;0.663716565099639",4105.73668694713,"423.332418198398;4343.36116556851;-201.674718098","1135.97832618508;8014.75651885563;3116.9081074002",2,"Y",1,1,"-0;-0;-0",1.13686837721616e-13,1,1,"Unique retained part replayed as a zero-translation GeometryPiece."
3,A361,363,1016.60813700444,1,"Y+5000","NONE",0,"RETAINED_SINGLE_BOUNDARY_UNIQUE","RETAINED_SINGLE_BOUNDARY_UNIQUE","1441.91732220165;4803.26401168633;1792.91088590468","445.692382111427;5000;1744.71416539256","-0.979949799561625;0.193521949266878;-0.0474093397030416",3983.39186299556,"1441.91732220165;4803.26401168633;1792.91088590468","-3457.83167560648;5770.87375802072;1555.86418738947",2,"Y",1,1,"-0;-0;-0",1.70530256582424e-13,1,1,"Unique retained part replayed as a zero-translation GeometryPiece."
3,A362,364,3572.56132645471,1,"Y+5000","NONE",0,"RETAINED_SINGLE_BOUNDARY_UNIQUE","RETAINED_SINGLE_BOUNDARY_UNIQUE","1809.28949784527;1765.75083406136;-928.562689997217","458.134127585559;5000;-1619.36362320694","-0.378203548321045;0.905302630353499;-0.193362932105423",1427.43867354529,"1809.28949784527;1765.75083406136;-928.562689997217","-81.7282437599533;6292.26398582886;-1895.37735052433",2,"Y",1,1,"-0;-0;-0",4.0990372275064e-13,1,1,"Unique retained part replayed as a zero-translation GeometryPiece."
3,A363,365,4508.64473911168,1,"NONE","X+5000",0,"RETAINED_SINGLE_BOUNDARY_UNIQUE","RETAINED_SINGLE_BOUNDARY_UNIQUE","492.402131071251;4580.44511070799;3968.11088999173","5000;4483.35151399071;3971.52688544928","0.99976780823429;-0.0215349849756426;0.00075765460691926",491.355260888316,"492.402131071251;4580.44511070799;3968.11088999173","5491.2411722427;4472.77018582978;3971.89916302633",2,"X",1,1,"-0;-0;-0",0,1,1,"Unique retained part replayed as a zero-translation GeometryPiece."
3,A364,366,5000,0,"NONE","NONE",0,"DIRECT_FULL","DIRECT_FULL","NaN;NaN;NaN","NaN;NaN;NaN","0.672637382139726;0.648834419063212;-0.355770781244216",0,"494.068620001137;942.193442097078;2484.59737919321","3857.25553069977;4186.36553741314;705.743472972127",1,"NONE",1,1,"-0;-0;-0",1.13686837721616e-13,1,1,"Observed segment is already a complete 5000 nm Medium."
3,A365,367,1067.93004343111,1,"NONE","Z-5000",0,"RETAINED_SINGLE_BOUNDARY_UNIQUE","RETAINED_SINGLE_BOUNDARY_UNIQUE","496.859678960925;712.458250662728;-4286.60260672017","1272.65192829093;540.164539797207;-5000","0.726444821083497;-0.161334267094842;-0.668018844181762",3932.06995656889,"496.859678960925;712.458250662728;-4286.60260672017","4129.08378437841;-94.2130848114811;-7626.69682762898",2,"Z",1,1,"-0;-0;-0",2.27373675443232e-13,1,1,"Unique retained part replayed as a zero-translation GeometryPiece."
3,A366,368,533.66128803095,1,"Z-5000","NONE",0,"RETAINED_SINGLE_BOUNDARY_UNIQUE","RETAINED_SINGLE_BOUNDARY_UNIQUE","923.460774613493;-2269.61120961485;-4677.19142139591","499.538428499835;-2299.25638439847;-5000","-0.79436593139031;-0.0555505438533901;-0.604894126375846",4466.33871196905,"923.460774613493;-2269.61120961485;-4677.19142139591","-3048.36888233806;-2547.3639288818;-7701.66205327514",2,"Z",1,1,"-0;-0;-0",5.6843418860808e-14,1,1,"Unique retained part replayed as a zero-translation GeometryPiece."
3,A367,369,4503.32754166859,1,"NONE","X+5000",0,"RETAINED_SINGLE_BOUNDARY_UNIQUE","RETAINED_SINGLE_BOUNDARY_UNIQUE","532.308645355847;1283.98753616482;3280.54272597601","5000;759.66972671406;3068.92103077088","0.992086698847752;-0.116428974930055;-0.0469922947524974",496.672458331413,"532.308645355847;1283.98753616482;3280.54272597601","5492.74213959461;701.842661514543;3045.58125221352",2,"X",1,1,"-0;-0;-0",0,1,1,"Unique retained part replayed as a zero-translation GeometryPiece."
3,A368,370,4105.73668694713,1,"Y-5000","NONE",0,"RETAINED_SINGLE_BOUNDARY_UNIQUE","RETAINED_SINGLE_BOUNDARY_UNIQUE","1135.97832618508;-1985.24348114437;3116.90810740019","550.791036340347;-5000;391.862656336074","-0.142529181597336;-0.734279070657425;-0.663716565099638",894.263313052873,"1135.97832618508;-1985.24348114437;3116.90810740019","423.332418198398;-5656.63883443149;-201.674718098001",2,"Y",1,1,"-0;-0;-0",4.54747350886464e-13,1,1,"Unique retained part replayed as a zero-translation GeometryPiece."
3,A369,371,881.262725683091,1,"Y+5000","NONE",0,"RETAINED_SINGLE_BOUNDARY_UNIQUE","RETAINED_SINGLE_BOUNDARY_UNIQUE","993.322869022494;4511.37601436557;-801.18251477906","559.91870832304;5000;-209.547977391733","-0.491799037980996;0.554458927393853;0.671348645693298",4118.73727431691,"993.322869022494;4511.37601436557;-801.18251477906","-1465.67232088248;7283.67065133484;2555.56071368743",2,"Y",1,1,"-0;-0;-0",5.6843418860808e-14,1,1,"Unique retained part replayed as a zero-translation GeometryPiece."
3,A370,372,5000,0,"NONE","NONE",0,"DIRECT_FULL","DIRECT_FULL","NaN;NaN;NaN","NaN;NaN;NaN","0.591463567493223;0.067528301576441;-0.803499083269166",0,"565.209734297242;633.01202140712;3085.50967980725","3522.52757176336;970.653529289325;-931.985736538582",1,"NONE",1,1,"-0;-0;-0",1.13686837721616e-13,1,1,"Observed segment is already a complete 5000 nm Medium."
3,A371,373,1303.09036824859,1,"Y-5000","NONE",0,"RETAINED_SINGLE_BOUNDARY_UNIQUE","RETAINED_SINGLE_BOUNDARY_UNIQUE","1716.83020877823;-4803.449270441;-677.257743055791","602.993942573618;-5000;-1324.39072059552","-0.854765174652973;-0.150834304625528;-0.496614044050916",3696.90963175141,"1716.83020877823;-4803.449270441;-677.257743055791","-2556.99566448664;-5557.62079356864;-3160.32796331037",2,"Y",1,1,"-0;-0;-0",2.54211497292521e-13,1,1,"Unique retained part replayed as a zero-translation GeometryPiece."
3,A372,374,5000,0,"NONE","NONE",0,"DIRECT_FULL","DIRECT_FULL","NaN;NaN;NaN","NaN;NaN;NaN","0.247735906047054;-0.040188345566134;-0.967993707487658",0,"622.398518405673;2145.01866127435;2978.00711759627","1861.07804864094;1944.07693344368;-1861.96141984202",1,"NONE",1,1,"-0;-0;-0",0,1,1,"Observed segment is already a complete 5000 nm Medium."
3,A373,375,5000,0,"NONE","NONE",0,"DIRECT_FULL","DIRECT_FULL","NaN;NaN;NaN","NaN;NaN;NaN","0.585224923073972;0.342747798136476;-0.734871237895225",0,"668.604709862218;-1843.80610746591;1098.49883344741","3594.72932523208;-130.067116783526;-2575.85735602872",1,"NONE",1,1,"-0;-0;-0",0,1,1,"Observed segment is already a complete 5000 nm Medium."
3,A374,376,4296.34215837076,1,"NONE","X+5000",0,"RETAINED_SINGLE_BOUNDARY_UNIQUE","RETAINED_SINGLE_BOUNDARY_UNIQUE","744.523834814451;1840.10995910313;-1515.10522800037","5000;1846.30617244491;-923.970593359659","0.99048818932971;0.00144220667567357;0.137590213453781",703.657841629244,"744.523834814451;1840.10995910313;-1515.10522800037","5696.964781463;1847.3209924815;-827.154160731464",2,"X",1,1,"-0;-0;-0",1.13686837721616e-13,1,1,"Unique retained part replayed as a zero-translation GeometryPiece."
3,A375,377,911.494663134396,1,"NONE","Y-5000",0,"RETAINED_SINGLE_BOUNDARY_UNIQUE","RETAINED_SINGLE_BOUNDARY_UNIQUE","757.860120215932;-4541.93098739454;-1391.3961700317","1544.6530312542;-5000;-1435.58005570366","0.863189816529139;-0.502547114242313;-0.0484741024374439",4088.5053368656,"757.860120215932;-4541.93098739454;-1391.3961700317","5073.80920286162;-7054.66655860611;-1633.76668221892",3,"Y>X",1,1,"-0;-0;-0",0,1,1,"Unique retained part replayed as a zero-translation GeometryPiece."
3,A376,378,1341.3685670014,1,"Y+5000","NONE",0,"RETAINED_SINGLE_BOUNDARY_UNIQUE","RETAINED_SINGLE_BOUNDARY_UNIQUE","1410.40281713073;3825.54553372884;-3540.2606146196","778.809805718535;5000;-3395.28955843804","-0.470857173002127;0.875564326735809;0.108076974329016",3658.6314329986,"1410.40281713073;3825.54553372884;-3540.2606146196","-943.883047879906;8203.36716740788;-2999.87574297452",2,"Y",1,1,"-0;-0;-0",1.13686837721616e-13,1,1,"Unique retained part replayed as a zero-translation GeometryPiece."
3,A377,379,5000,0,"NONE","NONE",0,"DIRECT_FULL","DIRECT_FULL","NaN;NaN;NaN","NaN;NaN;NaN","0.716077648777898;0.58622424192456;-0.378911518828198",0,"795.178926303391;-2265.60079922479;-2290.95730866955","4375.56717019288;665.520410398012;-4185.51490281054",1,"NONE",1,1,"-0;-0;-0",2.27373675443232e-13,1,1,"Observed segment is already a complete 5000 nm Medium."
3,A378,380,4541.62487768027,1,"NONE","Y+5000",0,"RETAINED_SINGLE_BOUNDARY_UNIQUE","RETAINED_SINGLE_BOUNDARY_UNIQUE","806.518284429546;2527.15196887878;4996.79605034444","3154.80381442403;5000;1997.30705817215","0.517058452259034;0.544485310372943;-0.660444020137644",458.375122319732,"806.518284429546;2527.15196887878;4996.79605034444","3391.81054572472;5249.5785207435;1694.57594965622",2,"Y",1,1,"-0;-0;-0",6.43109871076874e-13,1,1,"Unique retained part replayed as a zero-translation GeometryPiece."
3,A379,381,5000,0,"NONE","NONE",0,"DIRECT_FULL","DIRECT_FULL","NaN;NaN;NaN","NaN;NaN;NaN","0.618848834142461;-0.379006464458436;0.688026322446484",0,"865.062607610237;4615.61376860144;1397.25611195393","3959.30677832254;2720.58144630926;4837.38772418635",1,"NONE",1,1,"-0;-0;-0",0,1,1,"Observed segment is already a complete 5000 nm Medium."
3,A380,382,5000.00000000001,0,"NONE","NONE",0,"DIRECT_FULL","DIRECT_FULL","NaN;NaN;NaN","NaN;NaN;NaN","0.609525049267954;-0.780135069208666;0.140955624597562",0,"944.769247035697;3429.39133366972;-1769.06720844637","3992.39449337547;-471.284012373614;-1064.28908545856",1,"NONE",1,1,"-0;-0;-0",1.13686837721616e-13,1,1,"Observed segment is already a complete 5000 nm Medium."
3,A381,383,4168.36454623819,1,"NONE","X+5000",0,"RETAINED_SINGLE_BOUNDARY_UNIQUE","RETAINED_SINGLE_BOUNDARY_UNIQUE","958.792037666284;-879.348926666641;-4810.58496730686","5000;-1832.60798588856;-4442.89166913915","0.969494850439789;-0.228688985487654;0.0882104465885885",831.635453761808,"958.792037666284;-879.348926666641;-4810.58496730686","5806.26628986523;-2022.79385410491;-4369.53273436392",2,"X",1,1,"-0;-0;-0",0,1,1,"Unique retained part replayed as a zero-translation GeometryPiece."
3,A382,384,4977.96547913873,1,"Y-5000","NONE",0,"RETAINED_SINGLE_BOUNDARY_UNIQUE","RETAINED_SINGLE_BOUNDARY_UNIQUE","2409.08897076284;-317.933048138722;-4559.73963121102","985.100630922984;-5000;-3648.34148671792","-0.286058299481464;-0.94055834084879;0.183086473442316",22.0345208612689,"2409.08897076284;-317.933048138722;-4559.73963121102","978.797473355521;-5020.72475238267;-3644.30726399944",2,"Y",1,1,"-0;-0;-0",2.27373675443232e-13,1,1,"Unique retained part replayed as a zero-translation GeometryPiece."
3,A383,385,1514.13310299847,1,"NONE","Y-5000",0,"RETAINED_SINGLE_BOUNDARY_UNIQUE","RETAINED_SINGLE_BOUNDARY_UNIQUE","1001.72112666501;-3492.79544373779;3262.43978050237","1120.54013397706;-5000;3344.99595943283","0.0784732908069639;-0.995424083442504;0.0545237263269473",3485.86689700153,"1001.72112666501;-3492.79544373779;3262.43978050237","1394.08758069983;-8469.91586095031;3535.05841213711",2,"Y",1,1,"-0;-0;-0",0,1,1,"Unique retained part replayed as a zero-translation GeometryPiece."
3,A384,386,5000,0,"NONE","NONE",0,"DIRECT_FULL","DIRECT_FULL","NaN;NaN;NaN","NaN;NaN;NaN","0.499481298971848;0.678933096811419;0.538115491350558",0,"1002.39598117343;-4014.10029880713;1094.16799460625","3499.80247603267;-619.434814750036;3784.74545135904",1,"NONE",1,1,"-0;-0;-0",1.13686837721616e-13,1,1,"Observed segment is already a complete 5000 nm Medium."
3,A385,387,5000,0,"NONE","NONE",0,"DIRECT_FULL","DIRECT_FULL","NaN;NaN;NaN","NaN;NaN;NaN","0.411577593498294;-0.404441959419406;0.8167194046863",0,"1005.10802619205;196.204502359582;-1972.62336370054","3062.99599368352;-1826.00529473745;2110.97365973096",1,"NONE",1,1,"-0;-0;-0",0,1,1,"Observed segment is already a complete 5000 nm Medium."
3,A386,388,4309.28897913351,1,"NONE","X+5000",0,"RETAINED_SINGLE_BOUNDARY_UNIQUE","RETAINED_SINGLE_BOUNDARY_UNIQUE","1012.94925318949;3316.58486137686;-3012.16634408452","5000;2352.95881316785;-4333.08370987709","0.925222412819528;-0.223616019458219;-0.306527914973614",690.711020866488,"1012.94925318949;3316.58486137686;-3012.16634408452","5639.06131728713;2198.50476408576;-4544.80591895259",2,"X",1,1,"-0;-0;-0",0,1,1,"Unique retained part replayed as a zero-translation GeometryPiece."
3,A387,389,5000,0,"NONE","NONE",0,"DIRECT_FULL","DIRECT_FULL","NaN;NaN;NaN","NaN;NaN;NaN","0.363762578740078;0.117704985123654;-0.924025066102327",0,"1023.47987152438;-4386.14471858764;3623.31623564462","2842.29276522477;-3797.61979296937;-996.809094867012",1,"NONE",1,1,"-0;-0;-0",3.41060513164848e-13,1,1,"Observed segment is already a complete 5000 nm Medium."
3,A388,390,4080.59288349671,1,"NONE","X+5000",0,"RETAINED_SINGLE_BOUNDARY_UNIQUE","RETAINED_SINGLE_BOUNDARY_UNIQUE","1034.7078292861;3820.47445882237;3290.55746507901","5000;3028.59273721468;3838.84536454666","0.971744127367099;-0.194060457442429;0.134364763925632",919.407116503294,"1034.7078292861;3820.47445882237;3290.55746507901","5893.42846612159;2850.17217161023;3962.38128470717",2,"X",1,1,"-0;-0;-0",0,1,1,"Unique retained part replayed as a zero-translation GeometryPiece."
3,A389,391,4904.30107336559,1,"NONE","X+5000",0,"RETAINED_SINGLE_BOUNDARY_UNIQUE","RETAINED_SINGLE_BOUNDARY_UNIQUE","1051.01118043376;3708.3829333319;632.90013712865","5000;829.687579326896;1046.14265670484","0.805209297001058;-0.586973619878009;0.0842612460765182",95.6989266344144,"1051.01118043376;3708.3829333319;632.90013712865","5077.05766543905;773.514833941854;1054.20636751124",2,"X",1,1,"-0;-0;-0",0,1,1,"Unique retained part replayed as a zero-translation GeometryPiece."
3,A390,392,4911.87016671171,1,"Y-5000","NONE",0,"RETAINED_SINGLE_BOUNDARY_UNIQUE","RETAINED_SINGLE_BOUNDARY_UNIQUE","3424.32782395823;-1008.00338776219;2300.59278565999","1071.59727602405;-5000;3930.03764552231","-0.478988749311595;-0.812724375186464;0.331736142153196",88.129833288287,"3424.32782395823;-1008.00338776219;2300.59278565999","1029.38407740025;-5071.62526369451;3959.27349642597",2,"Y",1,1,"-0;-0;-0",5.08422994585042e-13,1,1,"Unique retained part replayed as a zero-translation GeometryPiece."
3,A391,393,3843.49710319746,1,"Y-5000","NONE",0,"RETAINED_SINGLE_BOUNDARY_UNIQUE","RETAINED_SINGLE_BOUNDARY_UNIQUE","4201.02333156298;-4358.82734452606;1772.19301561112","1092.30143225638;-5000;3939.49912249388","-0.808826393213725;-0.166820121951058;0.563889095969332",1156.50289680254,"4201.02333156298;-4358.82734452606;1772.19301561112","156.891365494354;-5192.92795428135;4591.63849545778",2,"Y",1,1,"-0;-0;-0",1.92932961323062e-12,1,1,"Unique retained part replayed as a zero-translation GeometryPiece."
3,A392,394,3485.86689700152,1,"Y+5000","NONE",0,"RETAINED_SINGLE_BOUNDARY_UNIQUE","RETAINED_SINGLE_BOUNDARY_UNIQUE","1394.08758069982;1530.08413904969;3535.05841213711","1120.54013397706;5000;3344.99595943283","-0.0784732908069612;0.995424083442505;-0.0545237263269483",1514.13310299848,"1394.08758069982;1530.08413904969;3535.05841213711","1001.72112666501;6507.20455626221;3262.43978050237",2,"Y",1,1,"-0;-0;-0",0,1,1,"Unique retained part replayed as a zero-translation GeometryPiece."
3,A393,395,4195.09741469954,1,"NONE","X+5000",0,"RETAINED_SINGLE_BOUNDARY_UNIQUE","RETAINED_SINGLE_BOUNDARY_UNIQUE","1195.37898799255;-3347.19192764941;-4035.17894862004","5000;-3809.67060242485;-2329.36103653559","0.906920778210329;-0.110242654474464;0.406621764278297",804.902585300457,"1195.37898799255;-3347.19192764941;-4035.17894862004","5729.9828790442;-3898.40520002173;-2002.07012722856",2,"X",1,1,"-0;-0;-0",4.54747350886464e-13,1,1,"Unique retained part replayed as a zero-translation GeometryPiece."
3,A394,396,5000,0,"NONE","NONE",0,"DIRECT_FULL","DIRECT_FULL","NaN;NaN;NaN","NaN;NaN;NaN","0.426576359097054;0.895366401233962;-0.127873442906826",0,"1264.70298217998;-1415.80394084898;4551.81403118693","3397.58477766525;3061.02806532083;3912.4468166528",1,"NONE",1,1,"-0;-0;-0",4.54747350886464e-13,1,1,"Observed segment is already a complete 5000 nm Medium."
3,A395,397,3932.06995656888,1,"Z+5000","NONE",0,"RETAINED_SINGLE_BOUNDARY_UNIQUE","RETAINED_SINGLE_BOUNDARY_UNIQUE","4129.0837843784;-94.2130848114791;2373.30317237102","1272.65192829093;540.164539797207;5000","-0.726444821083496;0.161334267094842;0.668018844181763",1067.93004343112,"4129.0837843784;-94.2130848114791;2373.30317237102","496.859678960922;712.458250662729;5713.39739327984",2,"Z",1,1,"-0;-0;-0",2.27373675443232e-13,1,1,"Unique retained part replayed as a zero-translation GeometryPiece."
3,A396,398,4695.54112112537,1,"NONE","Z+5000",0,"RETAINED_SINGLE_BOUNDARY_UNIQUE","RETAINED_SINGLE_BOUNDARY_UNIQUE","1279.67638853253;1669.55766104041;378.06144762305","2104.52326539026;1595.9501344617;5000","0.175665989409979;-0.0156760476971542;0.984325008162045",304.458878874628,"1279.67638853253;1669.55766104041;378.06144762305","2158.00633558242;1591.17742255464;5299.68648843328",2,"Z",1,1,"-0;-0;-0",4.54747350886464e-13,1,1,"Unique retained part replayed as a zero-translation GeometryPiece."
3,A397,399,5000,0,"NONE","NONE",0,"DIRECT_FULL","DIRECT_FULL","NaN;NaN;NaN","NaN;NaN;NaN","0.274818815358788;-0.255118744257828;0.927032386194302",0,"1292.77038055592;2549.40480193222;-3104.88593942965","2666.86445734986;1273.81108064308;1530.27599154186",1,"NONE",1,1,"-0;-0;-0",4.54747350886464e-13,1,1,"Observed segment is already a complete 5000 nm Medium."
3,A398,400,4018.61202373739,1,"NONE","X+5000",0,"RETAINED_SINGLE_BOUNDARY_UNIQUE","RETAINED_SINGLE_BOUNDARY_UNIQUE","1324.27827172855;-4469.59705159468;4630.74058319824","5000;-3160.9915908559;3668.52224946907","0.914674446440578;0.325636178115485;-0.23944046552528",981.387976262607,"1324.27827172855;-4469.59705159468;4630.74058319824","5897.65050393144;-2841.41616101725;3433.53825557184",2,"X",1,1,"-0;-0;-0",6.43109871076874e-13,1,1,"Unique retained part replayed as a zero-translation GeometryPiece."
3,A399,401,912.704745364744,1,"NONE","Z-5000",0,"RETAINED_SINGLE_BOUNDARY_UNIQUE","RETAINED_SINGLE_BOUNDARY_UNIQUE","1325.22768636215;-2584.48341698145;-4372.3883568322","1972.03530513979;-2440.35333038349;-5000","0.708671256572854;0.157915347027544;-0.68763929009374",4087.29525463526,"1325.22768636215;-2584.48341698145;-4372.3883568322","4868.58396922642;-1794.90668184373;-7810.5848073009",2,"Z",1,1,"-0;-0;-0",0,1,1,"Unique retained part replayed as a zero-translation GeometryPiece."
3,A400,402,605.068179852784,1,"NONE","Y+5000",0,"RETAINED_SINGLE_BOUNDARY_UNIQUE","RETAINED_SINGLE_BOUNDARY_UNIQUE","1351.85435908598;4559.32913990164;2603.46126235044","1755.97322242223;5000;2696.22245912123","0.667889796212014;0.728299511974961;0.153307015406692",4394.93182014722,"1351.85435908598;4559.32913990164;2603.46126235044","4691.30334014605;8200.82669977644;3369.9963393839",2,"Y",1,1,"-0;-0;-0",0,1,1,"Unique retained part replayed as a zero-translation GeometryPiece."
3,A401,403,1339.52263637702,1,"NONE","Z-5000",0,"RETAINED_SINGLE_BOUNDARY_UNIQUE","RETAINED_SINGLE_BOUNDARY_UNIQUE","1388.23379378314;-2412.71707588015;-4610.4379747046","1472.63083146869;-3691.5600927685;-5000","0.0630053090508547;-0.954700564334776;-0.290821532026544",3660.47736362298,"1388.23379378314;-2412.71707588015;-4610.4379747046","1703.26033903741;-7186.21989755403;-6064.54563483732",3,"Z>Y",1,1,"-0;-0;-0",0,1,1,"Unique retained part replayed as a zero-translation GeometryPiece."
3,A402,404,3866.12514579897,1,"NONE","X+5000",0,"RETAINED_SINGLE_BOUNDARY_UNIQUE","RETAINED_SINGLE_BOUNDARY_UNIQUE","1390.07309007338;650.083027888496;1952.36995680637","5000;-730.487962622236;1855.54491806651","0.93373255489395;-0.357094232195483;-0.0250444657346575",1133.87485420103,"1390.07309007338;650.083027888496;1952.36995680637","6058.73586454313;-1135.38813308892;1827.14762813308",2,"X",1,1,"-0;-0;-0",2.27373675443232e-13,1,1,"Unique retained part replayed as a zero-translation GeometryPiece."
3,A403,405,3777.41966060062,1,"NONE","X+5000",0,"RETAINED_SINGLE_BOUNDARY_UNIQUE","RETAINED_SINGLE_BOUNDARY_UNIQUE","1419.93383280489;-2237.29236449688;-3963.72843475643","5000;-1032.75823239689;-3930.21641597039","0.947754416734802;0.318877498484896;0.0088716694985147",1222.58033939938,"1419.93383280489;-2237.29236449688;-3963.72843475643","6158.7059164789;-642.904872072399;-3919.37008726386",2,"X",1,1,"-0;-0;-0",0,1,1,"Unique retained part replayed as a zero-translation GeometryPiece."
3,A404,406,5000,0,"NONE","NONE",0,"DIRECT_FULL","DIRECT_FULL","NaN;NaN;NaN","NaN;NaN;NaN","0.622324014223866;0.220561069506266;0.751043032015174",0,"1458.74307874793;-3341.53860868994;-785.100297677509","4570.36314986726;-2238.73326115861;2970.11486239836",1,"NONE",1,1,"-0;-0;-0",0,1,1,"Observed segment is already a complete 5000 nm Medium."
3,A405,407,4999.99999999999,0,"NONE","NONE",0,"DIRECT_FULL","DIRECT_FULL","NaN;NaN;NaN","NaN;NaN;NaN","0.695785216884877;-0.496736623190137;0.518782863196275",0,"1458.90090187067;4790.72702281352;1077.24372965009","4937.82698629505;2307.04390686284;3671.15804563146",1,"NONE",1,1,"-0;-0;-0",4.54747350886464e-13,1,1,"Observed segment is already a complete 5000 nm Medium."
3,A406,408,2058.38780314568,1,"NONE","Z-5000",0,"RETAINED_SINGLE_BOUNDARY_UNIQUE","RETAINED_SINGLE_BOUNDARY_UNIQUE","1468.51011214792;-1375.25243452281;-3332.68098216493","2389.1003916357;-594.534061345262;-5000","0.447238502910342;0.379286338553132;-0.810012095527885",2941.61219685432,"1468.51011214792;-1375.25243452281;-3332.68098216493","3704.70262669963;521.179258242848;-7382.74145980436",2,"Z",1,1,"-0;-0;-0",0,1,1,"Unique retained part replayed as a zero-translation GeometryPiece."
3,A407,409,1370.52386487611,2,"Z+5000","Y-5000",0,"AMBIGUOUS_TWO_BOUNDARY_RETAINED","AMBIGUOUS_TWO_BOUNDARY_RETAINED","NaN;NaN;NaN","NaN;NaN;NaN","0.0630053090508467;-0.954700564334777;-0.290821532026544",3629.47613512389,"NaN;NaN;NaN","NaN;NaN;NaN",0,"NONE",0,0,"NaN;NaN;NaN",Inf,0,0,"Missing length may lie on both sides; no unique a/b split is selected."
3,A408,410,1726.9768992687,1,"Z-5000","NONE",0,"RETAINED_SINGLE_BOUNDARY_UNIQUE","RETAINED_SINGLE_BOUNDARY_UNIQUE","2748.22555484774;4263.22290114178;-4377.63389255832","1531.21178765571;3207.76701415233;-5000","-0.704707612306443;-0.611158080595282;-0.360378941782733",3273.0231007313,"2748.22555484774;4263.22290114178;-4377.63389255832","-775.312506684476;1207.43249816537;-6179.52860147199",2,"Z",1,1,"-0;-0;-0",4.54747350886464e-13,1,1,"Unique retained part replayed as a zero-translation GeometryPiece."
3,A409,411,5000,0,"NONE","NONE",0,"DIRECT_FULL","DIRECT_FULL","NaN;NaN;NaN","NaN;NaN;NaN","0.575486098663988;0.075505928527184;-0.814318491133384",0,"1540.90076270817;-4926.41172089898;-254.469495786169","4418.33125602811;-4548.88207826306;-4326.06195145309",1,"NONE",1,1,"-0;-0;-0",0,1,1,"Observed segment is already a complete 5000 nm Medium."
3,A410,412,4002.99783730032,2,"Y+5000","X+5000",0,"AMBIGUOUS_TWO_BOUNDARY_RETAINED","AMBIGUOUS_TWO_BOUNDARY_RETAINED","NaN;NaN;NaN","NaN;NaN;NaN","0.863189816529137;-0.502547114242316;-0.0484741024374358",997.002162699675,"NaN;NaN;NaN","NaN;NaN;NaN",0,"NONE",0,0,"NaN;NaN;NaN",Inf,0,0,"Missing length may lie on both sides; no unique a/b split is selected."
3,A411,413,4555.10390298357,1,"NONE","X+5000",0,"RETAINED_SINGLE_BOUNDARY_UNIQUE","RETAINED_SINGLE_BOUNDARY_UNIQUE","1549.12759581782;-1814.93600226961;-2644.84019768204","5000;-3765.34358350932;-400.656273830713","0.757583685834669;-0.428180700765619;0.492674584740295",444.896097016428,"1549.12759581782;-1814.93600226961;-2644.84019768204","5337.04602499116;-3955.8395060977;-181.467273980566",2,"X",1,1,"-0;-0;-0",5.6843418860808e-14,1,1,"Unique retained part replayed as a zero-translation GeometryPiece."
3,A412,414,2289.95349874687,1,"Y+5000","NONE",0,"RETAINED_SINGLE_BOUNDARY_UNIQUE","RETAINED_SINGLE_BOUNDARY_UNIQUE","1703.26033903739;2813.78010244596;3935.45436516269","1558.98111113677;5000;4601.42214993779","-0.063005309050849;0.954700564334778;0.290821532026539",2710.04650125313,"1703.26033903739;2813.78010244596;3935.45436516269","1388.23379378314;7587.28292411985;5389.56202529539",3,"Y>Z",1,1,"-0;-0;-0",0,1,1,"Unique retained part replayed as a zero-translation GeometryPiece."
3,A413,415,4639.94149979009,1,"NONE","X+5000",0,"RETAINED_SINGLE_BOUNDARY_UNIQUE","RETAINED_SINGLE_BOUNDARY_UNIQUE","1574.93897247575;350.248784313318;-991.22432516025","5000;2441.81260448057;-3320.0383721327","0.738169010897918;0.450773747958218;-0.501905907020122",360.058500209911,"1574.93897247575;350.248784313318;-991.22432516025","5265.78402696534;2604.11752410441;-3500.75386026086",2,"X",1,1,"-0;-0;-0",0,1,1,"Unique retained part replayed as a zero-translation GeometryPiece."
3,A414,416,1020.81691033838,1,"Z+5000","NONE",0,"RETAINED_SINGLE_BOUNDARY_UNIQUE","RETAINED_SINGLE_BOUNDARY_UNIQUE","2115.63177548291;4951.58707436648;4176.53837154056","1578.72833284756;4676.42747672536;5000","-0.525954690990944;-0.26954843209828;0.806669266662602",3979.18308966162,"2115.63177548291;4951.58707436648;4176.53837154056","-514.141679471808;3603.84491387508;8209.88470485357",2,"Z",1,1,"-0;-0;-0",0,1,1,"Unique retained part replayed as a zero-translation GeometryPiece."
3,A415,417,4517.04299910179,1,"Z-5000","NONE",0,"RETAINED_SINGLE_BOUNDARY_UNIQUE","RETAINED_SINGLE_BOUNDARY_UNIQUE","3251.13420872606;2320.90203147463;-1612.30174457247","1592.19789573657;4805.87854954328;-5000","-0.367261572076991;0.550133465314097;-0.74998140511418",482.95700089821,"3251.13420872606;2320.90203147463;-1612.30174457247","1414.8263483411;5071.56935804512;-5362.20877014337",3,"Z>Y",1,1,"-0;-0;-0",2.27373675443232e-13,1,1,"Unique retained part replayed as a zero-translation GeometryPiece."
3,A416,418,3478.70078524956,1,"NONE","X+5000",0,"RETAINED_SINGLE_BOUNDARY_UNIQUE","RETAINED_SINGLE_BOUNDARY_UNIQUE","1608.62745335126;213.044832449734;2413.27886626429","5000;-561.292731474646;2432.06024610751","0.97489630641097;-0.222593896896145;0.00539896386687148",1521.29921475044,"1608.62745335126;213.044832449734;2413.27886626429","6483.10898540611;-899.924652030992;2440.27368559865",2,"X",1,1,"-0;-0;-0",1.13686837721616e-13,1,1,"Unique retained part replayed as a zero-translation GeometryPiece."
3,A417,419,1268.29495055118,1,"NONE","Y-5000",0,"RETAINED_SINGLE_BOUNDARY_UNIQUE","RETAINED_SINGLE_BOUNDARY_UNIQUE","1610.76934659088;-3979.80019859528;2246.94024709132","2205.66157082781;-5000;2709.39855694187","0.469048799712086;-0.804386866762624;0.36462993852461",3731.70504944882,"1610.76934659088;-3979.80019859528;2246.94024709132","3956.01334515131;-8001.7345324084;4070.08993971437",2,"Y",1,1,"-0;-0;-0",0,1,1,"Unique retained part replayed as a zero-translation GeometryPiece."
3,A418,420,3004.53900865855,1,"Y-5000","NONE",0,"RETAINED_SINGLE_BOUNDARY_UNIQUE","RETAINED_SINGLE_BOUNDARY_UNIQUE","3687.49791492891;-2938.01830535544;-1896.43590640861","1610.86558347968;-5000;-1215.93292663453","-0.691165042445693;-0.686288874500312;0.22649164408017",1995.46099134145,"3687.49791492891;-2938.01830535544;-1896.43590640861","231.672702700443;-6369.462677857;-763.97768600776",2,"Y",1,1,"-0;-0;-0",5.08422994585042e-13,1,1,"Unique retained part replayed as a zero-translation GeometryPiece."
3,A419,421,3429.28924354136,1,"NONE","X+5000",0,"RETAINED_SINGLE_BOUNDARY_UNIQUE","RETAINED_SINGLE_BOUNDARY_UNIQUE","1646.5781058286;-493.065215503701;477.228413794834","5000;-1028.65263600888;0.015221859663427","0.977876654903682;-0.15618029931826;-0.139158046476815",1570.71075645864,"1646.5781058286;-493.065215503701;477.228413794834","6535.96138034701;-1273.966712095;-218.561818589242",2,"X",1,1,"-0;-0;-0",5.68833175007555e-14,1,1,"Unique retained part replayed as a zero-translation GeometryPiece."
3,A420,422,1926.28834567294,1,"NONE","Y+5000",0,"RETAINED_SINGLE_BOUNDARY_UNIQUE","RETAINED_SINGLE_BOUNDARY_UNIQUE","1677.12793584843;4468.84512425212;1611.97860567496","3494.54286652056;5000;1257.76926303324","0.943480208845483;0.275740066091882;-0.183881786668848",3073.71165432706,"1677.12793584843;4468.84512425212;1611.97860567496","6394.52898007585;5847.54545471153;692.569672330721",3,"Y>X",1,1,"-0;-0;-0",4.54747350886464e-13,1,1,"Unique retained part replayed as a zero-translation GeometryPiece."
3,A421,423,4634.87361748108,1,"Z-5000","NONE",0,"RETAINED_SINGLE_BOUNDARY_UNIQUE","RETAINED_SINGLE_BOUNDARY_UNIQUE","2222.6813460659;1039.34020203186;-1497.91463122529","1684.62979850263;-1948.62767798309;-5000","-0.116087641642252;-0.644670842532881;-0.755594576638746",365.126382518919,"2222.6813460659;1039.34020203186;-1497.91463122529","1642.24313785464;-2184.01401063254;-5275.88751441902",2,"Z",1,1,"-0;-0;-0",4.54747350886464e-13,1,1,"Unique retained part replayed as a zero-translation GeometryPiece."
3,A422,424,3405.32114895935,1,"NONE","X+5000",0,"RETAINED_SINGLE_BOUNDARY_UNIQUE","RETAINED_SINGLE_BOUNDARY_UNIQUE","1712.18261113632;4203.87659559688;3212.89182525608","5000;4726.03596082898;3929.70319677292","0.965494073846286;0.153336305855226;0.210497436265562",1594.67885104065,"1712.18261113632;4203.87659559688;3212.89182525608","6539.65298036775;4970.55812487301;4265.37900658389",2,"X",1,1,"-0;-0;-0",4.54747350886464e-13,1,1,"Unique retained part replayed as a zero-translation GeometryPiece."
3,A423,425,565.054587845842,1,"NONE","Y-5000",0,"RETAINED_SINGLE_BOUNDARY_UNIQUE","RETAINED_SINGLE_BOUNDARY_UNIQUE","1714.24096612677;-4509.69307651047;4366.8980464371","1956.60636853448;-5000;4224.96559863317","0.428923873234407;-0.867716029629504;-0.251183603950583",4434.94541215416,"1714.24096612677;-4509.69307651047;4366.8980464371","3858.8603322988;-8848.27322465799;3110.98002668419",2,"Y",1,1,"-0;-0;-0",0,1,1,"Unique retained part replayed as a zero-translation GeometryPiece."
3,A424,426,3550.25852141096,1,"NONE","Y-5000",0,"RETAINED_SINGLE_BOUNDARY_UNIQUE","RETAINED_SINGLE_BOUNDARY_UNIQUE","1730.0577830437;-2707.11417112629;-160.856788314695","4430.11098840597;-5000;77.3087692586194","0.760522984193613;-0.645836300383686;0.0670840042033506",1449.74147858904,"1730.0577830437;-2707.11417112629;-160.856788314695","5532.67270401177;-5936.29567304472;174.563232702058",3,"Y>X",1,1,"-0;-0;-0",2.8421709430404e-14,1,1,"Unique retained part replayed as a zero-translation GeometryPiece."
3,A425,427,4394.93182014721,1,"Y-5000","NONE",0,"RETAINED_SINGLE_BOUNDARY_UNIQUE","RETAINED_SINGLE_BOUNDARY_UNIQUE","4691.30334014602;-1799.17330022355;3369.99633938397","1755.97322242223;-5000;2696.22245912123","-0.667889796212008;-0.728299511974963;-0.153307015406708",605.06817985279,"4691.30334014602;-1799.17330022355;3369.99633938397","1351.85435908598;-5440.67086009837;2603.46126235043",2,"Y",1,1,"-0;-0;-0",2.27373675443232e-13,1,1,"Unique retained part replayed as a zero-translation GeometryPiece."
3,A426,428,674.319202673029,1,"NONE","Z-5000",0,"RETAINED_SINGLE_BOUNDARY_UNIQUE","RETAINED_SINGLE_BOUNDARY_UNIQUE","1762.12901542166;-1726.8632933773;-4626.03536550674","2308.21104448534;-1597.823544557;-5000","0.809827195931821;0.191363004803631;-0.554581024848245",4325.68079732697,"1762.12901542166;-1726.8632933773;-4626.03536550674","5811.26499508076;-770.048269359143;-7398.94048974796",3,"Z>X",1,1,"-0;-0;-0",0,1,1,"Unique retained part replayed as a zero-translation GeometryPiece."
3,A427,429,2670.3402218322,1,"NONE","Z-5000",0,"RETAINED_SINGLE_BOUNDARY_UNIQUE","RETAINED_SINGLE_BOUNDARY_UNIQUE","1828.82464848207;-2792.90530448755;-2844.97552689135","2644.768876885;-1443.52713778499;-5000","0.305558153875646;0.505320691225148;-0.807022436875113",2329.6597781678,"1828.82464848207;-2792.90530448755;-2844.97552689135","3356.6154178603;-266.301848361812;-6880.08771126692",2,"Z",1,1,"-0;-0;-0",0,1,1,"Unique retained part replayed as a zero-translation GeometryPiece."
3,A428,430,4438.28169518884,1,"NONE","X+5000",0,"RETAINED_SINGLE_BOUNDARY_UNIQUE","RETAINED_SINGLE_BOUNDARY_UNIQUE","1836.78620348649;1880.8920296112;3275.3431747825","5000;-1194.62051862425;2791.97432075776","0.712711363035492;-0.692951182339181;-0.108909007409043",561.718304811161,"1836.78620348649;1880.8920296112;3275.3431747825","5400.34301866395;-1583.8638820847;2730.79813773729",2,"X",1,1,"-0;-0;-0",4.54747350886464e-13,1,1,"Unique retained part replayed as a zero-translation GeometryPiece."
3,A429,431,3164.97109680155,1,"NONE","X+5000",0,"RETAINED_SINGLE_BOUNDARY_UNIQUE","RETAINED_SINGLE_BOUNDARY_UNIQUE","1840.31077324359;419.667746797315;-187.628642044528","5000;346.991808315544;-355.331480048224","0.998331147462775;-0.0229625915242056;-0.0529871625599276",1835.02890319845,"1840.31077324359;419.667746797315;-187.628642044528","6831.96651055746;304.854789176287;-452.564454844166",2,"X",1,1,"-0;-0;-0",0,1,1,"Unique retained part replayed as a zero-translation GeometryPiece."
3,A430,432,5000,0,"NONE","NONE",0,"DIRECT_FULL","DIRECT_FULL","NaN;NaN;NaN","NaN;NaN;NaN","0.386608343215988;-0.483105918814531;0.785584279477483",0,"1906.75071034775;2762.6565602304;-704.023328117305","3839.79242642769;347.126966157744;3223.89806927011",1,"NONE",1,1,"-0;-0;-0",5.6843418860808e-14,1,1,"Observed segment is already a complete 5000 nm Medium."
3,A431,433,3738.11773349679,1,"NONE","Z+5000",0,"RETAINED_SINGLE_BOUNDARY_UNIQUE","RETAINED_SINGLE_BOUNDARY_UNIQUE","1926.06627797377;-1140.09737839039;1970.71161337905","4116.20353736329;-1155.42203826977;5000","0.585893065850757;-0.00409956587029283;0.810378003741264",1261.88226650321,"1926.06627797377;-1140.09737839039;1970.71161337905","4855.53160722755;-1160.59520774185;6022.60163208537",2,"Z",1,1,"-0;-0;-0",0,1,1,"Unique retained part replayed as a zero-translation GeometryPiece."
3,A432,434,4434.94541215416,1,"Y+5000","NONE",0,"RETAINED_SINGLE_BOUNDARY_UNIQUE","RETAINED_SINGLE_BOUNDARY_UNIQUE","3858.8603322988;1151.72677534199;3110.98002668423","1956.60636853448;5000;4224.96559863317","-0.428923873234406;0.867716029629508;0.251183603950573",565.05458784584,"3858.8603322988;1151.72677534199;3110.98002668423","1714.24096612677;5490.30692348953;4366.89804643709",2,"Y",1,1,"-0;-0;-0",2.27373675443232e-13,1,1,"Unique retained part replayed as a zero-translation GeometryPiece."
3,A433,435,1018.09999875675,1,"Z+5000","NONE",0,"RETAINED_SINGLE_BOUNDARY_UNIQUE","RETAINED_SINGLE_BOUNDARY_UNIQUE","2966.29088949712;4472.16281423261;4805.60486057525","1971.10566789727;4380.81451405255;5000","-0.977492606635023;-0.0897242906311848;0.1909391412063",3981.90000124325,"2966.29088949712;4472.16281423261;4805.60486057525","-1921.17214367799;4023.54136107669;5760.30056660675",2,"Z",1,1,"-0;-0;-0",0,1,1,"Unique retained part replayed as a zero-translation GeometryPiece."
3,A434,436,4087.29525463526,1,"Z+5000","NONE",0,"RETAINED_SINGLE_BOUNDARY_UNIQUE","RETAINED_SINGLE_BOUNDARY_UNIQUE","4868.58396922644;-1794.90668184374;2189.41519269911","1972.03530513979;-2440.35333038349;5000","-0.708671256572858;-0.157915347027541;0.687639290093737",912.704745364737,"4868.58396922644;-1794.90668184374;2189.41519269911","1325.22768636215;-2584.48341698145;5627.61164316779",2,"Z",1,1,"-0;-0;-0",2.27373675443232e-13,1,1,"Unique retained part replayed as a zero-translation GeometryPiece."
3,A435,437,3392.20276373514,1,"NONE","X+5000",0,"RETAINED_SINGLE_BOUNDARY_UNIQUE","RETAINED_SINGLE_BOUNDARY_UNIQUE","2138.15182996952;596.154126038026;-2941.99149094277","5000;215.344816075578;-4722.96002279038","0.84365480761513;-0.112260185043638;-0.525018301054208",1607.79723626486,"2138.15182996952;596.154126038026;-2941.99149094277","6356.42586804517;34.8532008198345;-5567.08299621381",3,"X>Z",1,1,"-0;-0;-0",8.5265128291212e-14,1,1,"Unique retained part replayed as a zero-translation GeometryPiece."
3,A436,438,4694.60360116403,1,"NONE","Y-5000",0,"RETAINED_SINGLE_BOUNDARY_UNIQUE","RETAINED_SINGLE_BOUNDARY_UNIQUE","2157.93527938752;-370.819460230364;-4072.21494380238","2737.94407125331;-5000;-4595.26398895854","0.123547980008786;-0.986064199035213;-0.111414954188351",305.396398835969,"2157.93527938752;-370.819460230364;-4072.21494380238","2775.67517943145;-5301.14045540643;-4629.28971474414",2,"Y",1,1,"-0;-0;-0",0,1,1,"Unique retained part replayed as a zero-translation GeometryPiece."
3,A437,439,5000,0,"NONE","NONE",0,"DIRECT_FULL","DIRECT_FULL","NaN;NaN;NaN","NaN;NaN;NaN","0.093163636597456;-0.533705527874352;0.840523019513622",0,"2185.9855598441;1984.51628984381;781.369893030972","2651.80374283138;-684.01134952795;4983.98499059908",1,"NONE",1,1,"-0;-0;-0",0,1,1,"Observed segment is already a complete 5000 nm Medium."
3,A438,440,644.708591127967,1,"NONE","Y-5000",0,"RETAINED_SINGLE_BOUNDARY_UNIQUE","RETAINED_SINGLE_BOUNDARY_UNIQUE","2194.75309856935;-4884.68753096991;254.963652473301","2811.35728923145;-5000;106.129939832887","0.956407591192951;-0.178859830033197;-0.230854241262736",4355.29140887203,"2194.75309856935;-4884.68753096991;254.963652473301","6976.79105453411;-5778.9866811359;-899.307553840377",3,"Y>X",1,1,"-0;-0;-0",4.58286294150329e-13,1,1,"Unique retained part replayed as a zero-translation GeometryPiece."
3,A439,441,3731.70504944882,1,"Y+5000","NONE",0,"RETAINED_SINGLE_BOUNDARY_UNIQUE","RETAINED_SINGLE_BOUNDARY_UNIQUE","3956.0133451513;1998.26546759159;4070.08993971435","2205.66157082781;5000;2709.39855694187","-0.469048799712084;0.804386866762627;-0.364629938524605",1268.29495055118,"3956.0133451513;1998.26546759159;4070.08993971435","1610.76934659088;6020.19980140473;2246.94024709133",2,"Y",1,1,"-0;-0;-0",0,1,1,"Unique retained part replayed as a zero-translation GeometryPiece."
3,A440,442,656.612880149495,1,"NONE","Z-5000",0,"RETAINED_SINGLE_BOUNDARY_UNIQUE","RETAINED_SINGLE_BOUNDARY_UNIQUE","2221.45452106537;-3691.24174937831;-4803.33026035023","2842.08931410852;-3776.52915494674;-5000","0.945206546819255;-0.129889936897083;-0.29952159879196",4343.3871198505,"2221.45452106537;-3691.24174937831;-4803.33026035023","6947.48725516164;-4340.69143386373;-6300.93825431003",3,"Z>X",1,1,"-0;-0;-0",0,1,1,"Unique retained part replayed as a zero-translation GeometryPiece."
3,A441,443,4085.29670989942,2,"Z+5000","X+5000",0,"AMBIGUOUS_TWO_BOUNDARY_RETAINED","AMBIGUOUS_TWO_BOUNDARY_RETAINED","NaN;NaN;NaN","NaN;NaN;NaN","0.670894717337781;0.611635885888724;-0.419287277819606",914.703290100576,"NaN;NaN;NaN","NaN;NaN;NaN",0,"NONE",0,0,"NaN;NaN;NaN",Inf,0,0,"Missing length may lie on both sides; no unique a/b split is selected."
3,A442,444,1140.02731766198,1,"NONE","Y+5000",0,"RETAINED_SINGLE_BOUNDARY_UNIQUE","RETAINED_SINGLE_BOUNDARY_UNIQUE","2265.94857369379;4187.52171902625;-4180.4968656364","2599.84808578285;5000;-3453.82469485497","0.29288729043251;0.712683168540222;0.637416454433498",3859.97268233802,"2265.94857369379;4187.52171902625;-4180.4968656364","3730.38502585634;7750.93756172736;-993.41459346891",2,"Y",1,1,"-0;-0;-0",0,1,1,"Unique retained part replayed as a zero-translation GeometryPiece."
3,A443,445,3159.53961503674,1,"NONE","X+5000",0,"RETAINED_SINGLE_BOUNDARY_UNIQUE","RETAINED_SINGLE_BOUNDARY_UNIQUE","2286.94509947694;-1448.6095039137;1283.25446944978","5000;-2778.66251188592;2206.82508489744","0.858686780697799;-0.420964181503625;0.292311769427496",1840.46038496326,"2286.94509947694;-1448.6095039137;1283.25446944978","6580.37900296593;-3553.43041143183;2744.81331658726",2,"X",1,1,"-0;-0;-0",0,1,1,"Unique retained part replayed as a zero-translation GeometryPiece."
3,A444,446,3948.06644981402,1,"NONE","X+5000",0,"RETAINED_SINGLE_BOUNDARY_UNIQUE","RETAINED_SINGLE_BOUNDARY_UNIQUE","2293.03898663167;3878.20935848705;1496.82686801208","5000;1194.16708449381;2524.20597801391","0.685642211897383;-0.679837157786359;0.260223358208732",1051.93355018598,"2293.03898663167;3878.20935848705;1496.82686801208","5721.25004611858;479.023569555257;2797.94365905574",2,"X",1,1,"-0;-0;-0",5.08422994585042e-13,1,1,"Unique retained part replayed as a zero-translation GeometryPiece."
3,A445,447,3323.90535787994,2,"Z+5000","X+5000",0,"AMBIGUOUS_TWO_BOUNDARY_RETAINED","AMBIGUOUS_TWO_BOUNDARY_RETAINED","NaN;NaN;NaN","NaN;NaN;NaN","0.809827195931818;0.191363004803641;-0.554581024848245",1676.09464212006,"NaN;NaN;NaN","NaN;NaN;NaN",0,"NONE",0,0,"NaN;NaN;NaN",Inf,0,0,"Missing length may lie on both sides; no unique a/b split is selected."
3,A446,448,5000,0,"NONE","NONE",0,"DIRECT_FULL","DIRECT_FULL","NaN;NaN;NaN","NaN;NaN;NaN","0.329700432948912;0.901924331177578;-0.278980510686999",0,"2349.51422773966;-4782.75116116942;-981.078798114355","3998.01639248422;-273.129505281531;-2375.98135154935",1,"NONE",1,1,"-0;-0;-0",2.27373675443232e-13,1,1,"Observed segment is already a complete 5000 nm Medium."
3,A447,449,2649.4309333865,1,"NONE","X+5000",0,"RETAINED_SINGLE_BOUNDARY_UNIQUE","RETAINED_SINGLE_BOUNDARY_UNIQUE","2363.50922572959;12.1807173140578;-3788.92078205071","5000;-26.7677428770708;-3530.30197874937","0.995115872260331;-0.0147006890046931;0.097612962860207",2350.5690666135,"2363.50922572959;12.1807173140578;-3788.92078205071","7339.08858703125;-61.3227277094075;-3300.85596774968",2,"X",1,1,"-0;-0;-0",3.5527136788005e-15,1,1,"Unique retained part replayed as a zero-translation GeometryPiece."
3,A448,450,2941.61219685432,1,"Z+5000","NONE",0,"RETAINED_SINGLE_BOUNDARY_UNIQUE","RETAINED_SINGLE_BOUNDARY_UNIQUE","3704.70262669962;521.179258242847;2617.25854019564","2389.1003916357;-594.534061345262;5000","-0.447238502910339;-0.379286338553131;0.810012095527887",2058.38780314568,"3704.70262669962;521.179258242847;2617.25854019564","1468.51011214793;-1375.25243452281;6667.31901783507",2,"Z",1,1,"-0;-0;-0",4.54747350886464e-13,1,1,"Unique retained part replayed as a zero-translation GeometryPiece."
3,A449,451,4129.57261625149,1,"Y-5000","NONE",0,"RETAINED_SINGLE_BOUNDARY_UNIQUE","RETAINED_SINGLE_BOUNDARY_UNIQUE","4965.34937834571;-3900.14640279146;-1609.38371949568","2402.44476182982;-5000;-4654.9069888606","-0.620622242221834;-0.266335938222804;-0.737491152808304",870.427383748505,"4965.34937834571;-3900.14640279146;-1609.38371949568","1862.23816723654;-5231.82609390548;-5296.8394835372",3,"Y>Z",1,1,"-0;-0;-0",1.01684598917008e-12,1,1,"Unique retained part replayed as a zero-translation GeometryPiece."
3,A450,452,2502.87175150866,1,"NONE","X+5000",0,"RETAINED_SINGLE_BOUNDARY_UNIQUE","RETAINED_SINGLE_BOUNDARY_UNIQUE","2514.52562627348;-4260.34208156521;-2304.59192919242","5000;-4427.31798471068;-2547.29172280084","0.993049033466594;-0.0667137271595406;-0.0969685296348592",2497.12824849134,"2514.52562627348;-4260.34208156521;-2304.59192919242","7479.77079360645;-4593.91071736291;-2789.43457736672",2,"X",1,1,"-0;-0;-0",0,1,1,"Unique retained part replayed as a zero-translation GeometryPiece."
3,A451,453,4102.12197558475,1,"NONE","Z-5000",0,"RETAINED_SINGLE_BOUNDARY_UNIQUE","RETAINED_SINGLE_BOUNDARY_UNIQUE","2517.46943394691;2406.25814863304;-1448.34301043423","3077.34290090167;431.497648713124;-5000","0.136483866225102;-0.481399751561122;-0.865809698176879",897.878024415255,"2517.46943394691;2406.25814863304;-1448.34301043423","3199.88876507242;-0.740609172570885;-5777.39150131862",2,"Z",1,1,"-0;-0;-0",1.13686837721616e-13,1,1,"Unique retained part replayed as a zero-translation GeometryPiece."
3,A452,454,2502.40172362162,1,"NONE","X+5000",0,"RETAINED_SINGLE_BOUNDARY_UNIQUE","RETAINED_SINGLE_BOUNDARY_UNIQUE","2519.42483136072;-4562.5000572955;701.261118186283","5000;-4435.68841088378;396.827175517224","0.991277757373523;0.0506759746905025;-0.121656702756928",2497.59827637838,"2519.42483136072;-4562.5000572955;701.261118186283","7475.81361822833;-4309.12018384299;92.9776044016452",2,"X",1,1,"-0;-0;-0",5.6843418860808e-14,1,1,"Unique retained part replayed as a zero-translation GeometryPiece."
3,A453,455,5000,0,"NONE","NONE",0,"DIRECT_FULL","DIRECT_FULL","NaN;NaN;NaN","NaN;NaN;NaN","0.45276187800206;0.00780039227265402;-0.891597350662529",0,"2528.21606695881;1586.81745681389;2610.70769417941","4792.02545696911;1625.81941817716;-1847.27905913323",1,"NONE",1,1,"-0;-0;-0",0,1,1,"Observed segment is already a complete 5000 nm Medium."
3,A454,456,2782.1878034517,1,"NONE","X+5000",0,"RETAINED_SINGLE_BOUNDARY_UNIQUE","RETAINED_SINGLE_BOUNDARY_UNIQUE","2539.69140013146;-1371.64340868335;2509.40607726431","5000;-1113.88857078746;3782.59616936743","0.884307161729406;0.0926446581269994;0.457621908385749",2217.8121965483,"2539.69140013146;-1371.64340868335;2509.40607726431","6961.22720877849;-908.420118048353;4797.51561919305",2,"X",1,1,"-0;-0;-0",0,1,1,"Unique retained part replayed as a zero-translation GeometryPiece."
3,A455,457,3440.24766298556,1,"NONE","X+5000",0,"RETAINED_SINGLE_BOUNDARY_UNIQUE","RETAINED_SINGLE_BOUNDARY_UNIQUE","2560.67445445603;2313.47317171019;3733.12410882793","5000;4739.37397209142;3732.70908604063","0.709055214771091;0.70515295351613;-0.00012063747379731",1559.75233701444,"2560.67445445603;2313.47317171019;3733.12410882793","6105.95052831149;5839.23793929084;3732.52092145894",3,"X>Y",1,1,"-0;-0;-0",0,1,1,"Unique retained part replayed as a zero-translation GeometryPiece."
3,A456,458,2502.15905539493,1,"NONE","X+5000",0,"RETAINED_SINGLE_BOUNDARY_UNIQUE","RETAINED_SINGLE_BOUNDARY_UNIQUE","2572.73603125943;-3554.92440223894;3045.22702639135","5000;-3505.79987614971;2439.60639803962","0.970067815436081;0.0196328550670317;-0.242039220906419",2497.84094460507,"2572.73603125943;-3554.92440223894;3045.22702639135","7423.07510843984;-3456.76012690378;1835.03092185926",2,"X",1,1,"-0;-0;-0",0,1,1,"Unique retained part replayed as a zero-translation GeometryPiece."
3,A457,459,3859.97268233801,1,"Y-5000","NONE",0,"RETAINED_SINGLE_BOUNDARY_UNIQUE","RETAINED_SINGLE_BOUNDARY_UNIQUE","3730.38502585634;-2249.06243827263;-993.414593468929","2599.84808578285;-5000;-3453.82469485497","-0.29288729043251;-0.712683168540226;-0.637416454433494",1140.02731766199,"3730.38502585634;-2249.06243827263;-993.414593468929","2265.94857369379;-5812.47828097376;-4180.4968656364",2,"Y",1,1,"-0;-0;-0",4.54747350886464e-13,1,1,"Unique retained part replayed as a zero-translation GeometryPiece."
3,A458,460,2329.6597781678,1,"Z+5000","NONE",0,"RETAINED_SINGLE_BOUNDARY_UNIQUE","RETAINED_SINGLE_BOUNDARY_UNIQUE","3356.61541786031;-266.301848361813;3119.91228873309","2644.768876885;-1443.52713778499;5000","-0.30555815387565;-0.505320691225148;0.807022436875111",2670.3402218322,"3356.61541786031;-266.301848361813;3119.91228873309","1828.82464848206;-2792.90530448755;7155.02447310865",2,"Z",1,1,"-0;-0;-0",2.27373675443232e-13,1,1,"Unique retained part replayed as a zero-translation GeometryPiece."
3,A459,461,4188.03275943499,1,"NONE","X+5000",0,"RETAINED_SINGLE_BOUNDARY_UNIQUE","RETAINED_SINGLE_BOUNDARY_UNIQUE","2660.20225997244;167.983263353894;-2854.89884709205","5000;3565.49103718811;-2132.46832683517","0.558686589725536;0.811241928845986;0.17249877490317",811.967240565013,"2660.20225997244;167.983263353894;-2854.89884709205","5453.63520860012;4224.19290758382;-1992.4049725762",2,"X",1,1,"-0;-0;-0",0,1,1,"Unique retained part replayed as a zero-translation GeometryPiece."
3,A460,462,5000,0,"NONE","NONE",0,"DIRECT_FULL","DIRECT_FULL","NaN;NaN;NaN","NaN;NaN;NaN","0.393893820453244;0.825292622974699;-0.404647679682324",0,"2667.11551655743;-4578.02059768206;4020.77382847998","4636.58461882365;-451.557482808567;1997.53543006836",1,"NONE",1,1,"-0;-0;-0",3.41060513164848e-13,1,1,"Observed segment is already a complete 5000 nm Medium."
3,A461,463,2314.3239712419,1,"NONE","X+5000",0,"RETAINED_SINGLE_BOUNDARY_UNIQUE","RETAINED_SINGLE_BOUNDARY_UNIQUE","2685.69369049022;1007.78727821895;1133.7691620477","5000;1000.775202406;1139.47708819548","0.999992368513509;-0.00302985921594513;0.00246634707098376",2685.6760287581,"2685.69369049022;1007.78727821895;1133.7691620477","7685.65553305776;992.637982139224;1146.10089740262",2,"X",1,1,"-0;-0;-0",0,1,1,"Unique retained part replayed as a zero-translation GeometryPiece."
3,A462,464,3528.7768458041,1,"NONE","X+5000",0,"RETAINED_SINGLE_BOUNDARY_UNIQUE","RETAINED_SINGLE_BOUNDARY_UNIQUE","2697.46785066112;-338.839092535151;1065.68879817128","5000;-2897.59141411251;288.901642274303","0.652501489879336;-0.7251102672077;-0.220129294041536",1471.2231541959,"2697.46785066112;-338.839092535151;1065.68879817128","5959.9753000578;-3964.39042857365;-34.957672036402",2,"X",1,1,"-0;-0;-0",5.6843418860808e-14,1,1,"Unique retained part replayed as a zero-translation GeometryPiece."
3,A463,465,2424.22470404117,1,"NONE","X+5000",0,"RETAINED_SINGLE_BOUNDARY_UNIQUE","RETAINED_SINGLE_BOUNDARY_UNIQUE","2729.34719896387;4049.13681900675;956.225516721766","5000;3661.40876230168;200.799658762158","0.936651126956572;-0.159938992478184;-0.311615444187296",2575.77529595883,"2729.34719896387;4049.13681900675;956.225516721766","7412.60283374673;3249.44185661583;-601.851704214716",2,"X",1,1,"-0;-0;-0",5.6843418860808e-14,1,1,"Unique retained part replayed as a zero-translation GeometryPiece."
3,A464,466,2694.22579578813,1,"NONE","X+5000",0,"RETAINED_SINGLE_BOUNDARY_UNIQUE","RETAINED_SINGLE_BOUNDARY_UNIQUE","2739.00510336012;-930.100019087671;-1850.99938562975","5000;-2285.37593637789;-1294.23920020719","0.839200225970103;-0.503029820072584;0.206649415313646",2305.77420421187,"2739.00510336012;-930.100019087671;-1850.99938562975","6935.00623321063;-3445.24911945059;-817.75230906152",2,"X",1,1,"-0;-0;-0",2.27373675443232e-13,1,1,"Unique retained part replayed as a zero-translation GeometryPiece."
3,A465,467,1478.20023687318,1,"Z+5000","NONE",0,"RETAINED_SINGLE_BOUNDARY_UNIQUE","RETAINED_SINGLE_BOUNDARY_UNIQUE","4042.54040666104;4661.45590507464;4543.30808385988","2749.70994887475;4109.09927983667;5000","-0.87459765296818;-0.373668337657938;0.308951321172939",3521.79976312682,"4042.54040666104;4661.45590507464;4543.30808385988","-330.447858179859;2793.11421678495;6088.06468972458",2,"Z",1,1,"-0;-0;-0",0,1,1,"Unique retained part replayed as a zero-translation GeometryPiece."
3,A466,468,2280.39609365513,1,"NONE","X+5000",0,"RETAINED_SINGLE_BOUNDARY_UNIQUE","RETAINED_SINGLE_BOUNDARY_UNIQUE","2758.88857697661;-704.7833732692;-1028.25735121264","5000;-731.749344336892;-1448.85070583919","0.982772874089269;-0.0118251259694406;-0.184438727902047",2719.60390634487,"2758.88857697661;-704.7833732692;-1028.25735121264","7672.75294742295;-763.909003116403;-1950.45099072288",2,"X",1,1,"-0;-0;-0",0,1,1,"Unique retained part replayed as a zero-translation GeometryPiece."
3,A467,469,4353.87207481267,1,"NONE","Y-5000",0,"RETAINED_SINGLE_BOUNDARY_UNIQUE","RETAINED_SINGLE_BOUNDARY_UNIQUE","2788.07639586735;-851.58184383468;-2831.56760893294","3618.82653707032;-5000;-3859.51850674994","0.190807200332985;-0.952811218355286;-0.236100390676092",646.127925187327,"2788.07639586735;-851.58184383468;-2831.56760893294","3742.11239753227;-5615.63793561111;-4012.0695623134",2,"Y",1,1,"-0;-0;-0",0,1,1,"Unique retained part replayed as a zero-translation GeometryPiece."
3,A468,470,5000,0,"NONE","NONE",0,"DIRECT_FULL","DIRECT_FULL","NaN;NaN;NaN","NaN;NaN;NaN","0.18022222481087;-0.248140091822596;-0.951812189727834",0,"2791.90602670714;2133.65164203677;1194.55740686684","3693.01715076149;892.951182923789;-3564.50354177233",1,"NONE",1,1,"-0;-0;-0",0,1,1,"Observed segment is already a complete 5000 nm Medium."
3,A469,471,2288.39955989747,2,"Y+5000","X+5000",0,"AMBIGUOUS_TWO_BOUNDARY_RETAINED","AMBIGUOUS_TWO_BOUNDARY_RETAINED","NaN;NaN;NaN","NaN;NaN;NaN","0.956407591192951;-0.178859830033195;-0.230854241262736",2711.60044010253,"NaN;NaN;NaN","NaN;NaN;NaN",0,"NONE",0,0,"NaN;NaN;NaN",Inf,0,0,"Missing length may lie on both sides; no unique a/b split is selected."
3,A470,472,2283.00437946937,2,"Z+5000","X+5000",0,"AMBIGUOUS_TWO_BOUNDARY_RETAINED","AMBIGUOUS_TWO_BOUNDARY_RETAINED","NaN;NaN;NaN","NaN;NaN;NaN","0.945206546819254;-0.129889936897083;-0.299521598791963",2716.99562053063,"NaN;NaN;NaN","NaN;NaN;NaN",0,"NONE",0,0,"NaN;NaN;NaN",Inf,0,0,"Missing length may lie on both sides; no unique a/b split is selected."
3,A471,473,2437.3543625018,1,"NONE","X+5000",0,"RETAINED_SINGLE_BOUNDARY_UNIQUE","RETAINED_SINGLE_BOUNDARY_UNIQUE","2927.57745307206;-1630.19458096303;3201.81323756936","5000;-1332.26025692466;4449.60978106156","0.850275437503769;0.122236769762341;0.511947118847097",2562.6456374982,"2927.57745307206;-1630.19458096303;3201.81323756936","7178.9546405909;-1019.01073215133;5761.54883180484",3,"X>Z",1,1,"-0;-0;-0",0,1,1,"Unique retained part replayed as a zero-translation GeometryPiece."
3,A472,474,3833.53100532821,1,"NONE","X+5000",0,"RETAINED_SINGLE_BOUNDARY_UNIQUE","RETAINED_SINGLE_BOUNDARY_UNIQUE","2961.59336833087;2963.39287976499;931.959038464292","5000;-283.275356566054;933.891906571597","0.531730832184729;-0.846913258773311;0.000504200462867921",1166.46899467179,"2961.59336833087;2963.39287976499;931.959038464292","5620.24752925451;-1271.17341410156;934.480040778632",2,"X",1,1,"-0;-0;-0",6.25277607468888e-13,1,1,"Unique retained part replayed as a zero-translation GeometryPiece."
3,A473,475,1894.71353463894,1,"NONE","Y-5000",0,"RETAINED_SINGLE_BOUNDARY_UNIQUE","RETAINED_SINGLE_BOUNDARY_UNIQUE","2974.91581199981;-3209.11843150307;-2619.21472521137","3585.07779964407;-5000;-2721.12122547492","0.322033899314776;-0.945199121532746;-0.0537846478639154",3105.28646536106,"2974.91581199981;-3209.11843150307;-2619.21472521137","4585.08530857369;-7935.1140391668;-2888.13796453095",2,"Y",1,1,"-0;-0;-0",0,1,1,"Unique retained part replayed as a zero-translation GeometryPiece."
3,A474,476,939.722531126788,1,"NONE","Y+5000",0,"RETAINED_SINGLE_BOUNDARY_UNIQUE","RETAINED_SINGLE_BOUNDARY_UNIQUE","3008.20482287106;4343.44127097059;-1074.47554257819","3462.77599720371;5000;-1569.82806180915","0.483729142673199;0.698672967053534;-0.527126362115635",4060.27746887321,"3008.20482287106;4343.44127097059;-1074.47554257819","5426.85053623706;7836.80610623826;-3710.10735315636",3,"Y>X",1,1,"-0;-0;-0",0,1,1,"Unique retained part replayed as a zero-translation GeometryPiece."
3,A475,477,897.878024415251,1,"Z+5000","NONE",0,"RETAINED_SINGLE_BOUNDARY_UNIQUE","RETAINED_SINGLE_BOUNDARY_UNIQUE","3199.88876507242;-0.740609172570657;4222.60849868138","3077.34290090167;431.497648713124;5000","-0.136483866225102;0.481399751561124;0.865809698176878",4102.12197558475,"3199.88876507242;-0.740609172570657;4222.60849868138","2517.46943394691;2406.25814863305;8551.65698956577",2,"Z",1,1,"-0;-0;-0",1.13686837721616e-13,1,1,"Unique retained part replayed as a zero-translation GeometryPiece."
3,A476,478,4632.08996543516,1,"Y+5000","NONE",0,"RETAINED_SINGLE_BOUNDARY_UNIQUE","RETAINED_SINGLE_BOUNDARY_UNIQUE","3997.23654816611;1327.56862115095;-1116.33523242271","3130.05601284577;5000;-3802.87634223128","-0.187211505344515;0.792823845446199;-0.579984657002703",367.910034564844,"3997.23654816611;1327.56862115095;-1116.33523242271","3061.17902144353;5291.68784838194;-4016.25851743622",2,"Y",1,1,"-0;-0;-0",4.54747350886464e-13,1,1,"Unique retained part replayed as a zero-translation GeometryPiece."
3,A477,479,1808.25933949856,1,"NONE","X+5000",0,"RETAINED_SINGLE_BOUNDARY_UNIQUE","RETAINED_SINGLE_BOUNDARY_UNIQUE","3211.34287959151;-2934.55467460003;-1233.640012785","5000;-2691.57323766101;-1126.55329185837","0.989159619606608;0.134373113209746;0.0592208864002472",3191.74066050144,"3211.34287959151;-2934.55467460003;-1233.640012785","8157.14097762455;-2262.6891085513;-937.535580783764",2,"X",1,1,"-0;-0;-0",0,1,1,"Unique retained part replayed as a zero-translation GeometryPiece."
3,A478,480,2118.58631190606,1,"NONE","X+5000",0,"RETAINED_SINGLE_BOUNDARY_UNIQUE","RETAINED_SINGLE_BOUNDARY_UNIQUE","3254.19399524487;1204.43391370058;-3055.72089647054","5000;2103.41205632157;-2260.48027008985","0.824042898296864;0.424329250863608;0.375363808362014",2881.41368809394,"3254.19399524487;1204.43391370058;-3055.72089647054","7374.40848672919;3326.08016801862;-1178.90185466047",2,"X",1,1,"-0;-0;-0",0,1,1,"Unique retained part replayed as a zero-translation GeometryPiece."
3,A479,481,1887.05459794778,1,"NONE","X+5000",0,"RETAINED_SINGLE_BOUNDARY_UNIQUE","RETAINED_SINGLE_BOUNDARY_UNIQUE","3332.26597756176;-711.651708220177;-977.579563814859","5000;127.505239762082;-1252.26830164535","0.883776242749917;0.44469139838077;-0.145564806725371",3112.94540205222,"3332.26597756176;-711.651708220177;-977.579563814859","7751.14719131134;1511.80528368368;-1705.40359744172",2,"X",1,1,"-0;-0;-0",5.6843418860808e-14,1,1,"Unique retained part replayed as a zero-translation GeometryPiece."
3,A480,482,2234.71193815159,1,"NONE","X+5000",0,"RETAINED_SINGLE_BOUNDARY_UNIQUE","RETAINED_SINGLE_BOUNDARY_UNIQUE","3349.07042751365;-1449.86954706891;1910.41866420061","5000;-2602.2578268195;2880.14555663","0.738766166816064;-0.515676432419191;0.433938207369798",2765.28806184841,"3349.07042751365;-1449.86954706891;1910.41866420061","7042.90126159397;-4028.25170916487;4080.1097010496",2,"X",1,1,"-0;-0;-0",0,1,1,"Unique retained part replayed as a zero-translation GeometryPiece."
3,A481,483,1923.21254301424,1,"NONE","X+5000",0,"RETAINED_SINGLE_BOUNDARY_UNIQUE","RETAINED_SINGLE_BOUNDARY_UNIQUE","3365.03372627464;-605.81295403721;3011.27643085366","5000;-514.068744165381;4019.84708744789","0.850122509685219;0.047703624960785;0.524419758106143",3076.78745698576,"3365.03372627464;-605.81295403721;3011.27643085366","7615.64627470073;-367.294829233285;5633.37522138438",3,"X>Z",1,1,"-0;-0;-0",0,1,1,"Unique retained part replayed as a zero-translation GeometryPiece."
3,A482,484,1897.59503084703,1,"NONE","X+5000",0,"RETAINED_SINGLE_BOUNDARY_UNIQUE","RETAINED_SINGLE_BOUNDARY_UNIQUE","3381.85542786493;-2559.68555181577;-734.934673134409","5000;-1568.74135130602;-712.470563064057","0.852734406356859;0.522210579391864;0.0118382003036362",3102.40496915297,"3381.85542786493;-2559.68555181577;-734.934673134409","7645.52745964923;51.3673451435477;-675.743671616228",2,"X",1,1,"-0;-0;-0",0,1,1,"Unique retained part replayed as a zero-translation GeometryPiece."
3,A483,485,4630.17824695822,1,"NONE","Z+5000",0,"RETAINED_SINGLE_BOUNDARY_UNIQUE","RETAINED_SINGLE_BOUNDARY_UNIQUE","3389.22068789153;2270.03689230683;645.133714541248","4142.41065939442;889.314218774148;5000","0.162669757259927;-0.298200760292488;0.940539662445969",369.821753041782,"3389.22068789153;2270.03689230683;645.133714541248","4202.56947419117;779.033090844388;5347.83202677109",2,"Z",1,1,"-0;-0;-0",2.27373675443232e-13,1,1,"Unique retained part replayed as a zero-translation GeometryPiece."
3,A484,486,5000,0,"NONE","NONE",0,"DIRECT_FULL","DIRECT_FULL","NaN;NaN;NaN","NaN;NaN;NaN","0.03709247625447;-0.602827155272898;-0.797009139891694",0,"3396.69722447229;2466.46467800159;3432.60710269445","3582.15960574464;-547.671098362899;-552.438596764017",1,"NONE",1,1,"-0;-0;-0",1.60777467769219e-13,1,1,"Observed segment is already a complete 5000 nm Medium."
3,A485,487,1557.90756635058,1,"NONE","X+5000",0,"RETAINED_SINGLE_BOUNDARY_UNIQUE","RETAINED_SINGLE_BOUNDARY_UNIQUE","3442.30249221077;-4498.08055405593;3039.05232600151","5000;-4519.66210305138;3025.31565018178","0.999865166223022;-0.0138529072337741;-0.00881738821765192",3442.09243364942,"3442.30249221077;-4498.08055405593;3039.05232600151","8441.62832332588;-4567.3450902248;2994.96538491325",2,"X",1,1,"-0;-0;-0",0,1,1,"Unique retained part replayed as a zero-translation GeometryPiece."
3,A486,488,3177.86105319443,2,"Y-5000","X+5000",0,"AMBIGUOUS_TWO_BOUNDARY_RETAINED","AMBIGUOUS_TWO_BOUNDARY_RETAINED","NaN;NaN;NaN","NaN;NaN;NaN","0.483729142673198;0.69867296705353;-0.527126362115641",1822.13894680557,"NaN;NaN;NaN","NaN;NaN;NaN",0,"NONE",0,0,"NaN;NaN;NaN",Inf,0,0,"Missing length may lie on both sides; no unique a/b split is selected."
3,A487,489,5000,0,"NONE","NONE",0,"DIRECT_FULL","DIRECT_FULL","NaN;NaN;NaN","NaN;NaN;NaN","0.0612512972055339;-0.168197866142298;-0.983848441791629",0,"3465.18583464852;2343.86674548717;4333.74941344652","3771.44232067619;1502.87741477568;-585.492795511629",1,"NONE",1,1,"-0;-0;-0",1.13686837721616e-13,1,1,"Observed segment is already a complete 5000 nm Medium."
3,A488,490,1595.64251519556,2,"Y-5000","X+5000",0,"AMBIGUOUS_TWO_BOUNDARY_RETAINED","AMBIGUOUS_TWO_BOUNDARY_RETAINED","NaN;NaN;NaN","NaN;NaN;NaN","0.943480208845484;0.275740066091882;-0.183881786668846",3404.35748480444,"NaN;NaN;NaN","NaN;NaN;NaN",0,"NONE",0,0,"NaN;NaN;NaN",Inf,0,0,"Missing length may lie on both sides; no unique a/b split is selected."
3,A489,491,1673.94697484988,1,"NONE","X+5000",0,"RETAINED_SINGLE_BOUNDARY_UNIQUE","RETAINED_SINGLE_BOUNDARY_UNIQUE","3509.60898672962;2590.92582646438;-3055.11953957641","5000;2297.16565005442;-2351.88553803245","0.890345414557736;-0.175489535106872;0.420105303280009",3326.05302515012,"3509.60898672962;2590.92582646438;-3055.11953957641","7961.3360595183;1713.47815093002;-954.593023176367",2,"X",1,1,"-0;-0;-0",4.54747350886464e-13,1,1,"Unique retained part replayed as a zero-translation GeometryPiece."
3,A490,492,1490.06942095495,1,"NONE","X+5000",0,"RETAINED_SINGLE_BOUNDARY_UNIQUE","RETAINED_SINGLE_BOUNDARY_UNIQUE","3512.87592410012;-3908.89270220084;833.536155343552","5000;-3934.96314704756;923.476102249517","0.998023350446864;-0.0174961276837773;0.0603595682463737",3509.93057904505,"3512.87592410012;-3908.89270220084;833.536155343552","8502.99267633444;-3996.37334061973;1135.33399657542",2,"X",1,1,"-0;-0;-0",0,1,1,"Unique retained part replayed as a zero-translation GeometryPiece."
3,A491,493,1567.74408518393,1,"NONE","X+5000",0,"RETAINED_SINGLE_BOUNDARY_UNIQUE","RETAINED_SINGLE_BOUNDARY_UNIQUE","3529.52302702487;-1770.42110056799;-1042.75460219955","5000;-1730.49364760457;-1584.90290947253","0.937957276874439;0.0254680935114072;-0.345814289715131",3432.25591481607,"3529.52302702487;-1770.42110056799;-1042.75460219955","8219.30941139707;-1643.08063301095;-2771.82605077521",2,"X",1,1,"-0;-0;-0",2.27373675443232e-13,1,1,"Unique retained part replayed as a zero-translation GeometryPiece."
3,A492,494,1086.37897171852,1,"NONE","Z+5000",0,"RETAINED_SINGLE_BOUNDARY_UNIQUE","RETAINED_SINGLE_BOUNDARY_UNIQUE","3577.94567223215;-517.485852962534;3925.85781203698","3594.70813274764;-679.216648260341;5000","0.0154296621638152;-0.148871433917732;0.988736173955817",3913.62102828148,"3577.94567223215;-517.485852962534;3925.85781203698","3655.09398305123;-1261.8430225512;8869.53868181607",2,"Z",1,1,"-0;-0;-0",0,1,1,"Unique retained part replayed as a zero-translation GeometryPiece."
3,A493,495,3105.28646536107,1,"Y+5000","NONE",0,"RETAINED_SINGLE_BOUNDARY_UNIQUE","RETAINED_SINGLE_BOUNDARY_UNIQUE","4585.08530857369;2064.88596083319;-2888.13796453094","3585.07779964407;5000;-2721.12122547492","-0.322033899314775;0.945199121532747;0.053784647863913",1894.71353463893,"4585.08530857369;2064.88596083319;-2888.13796453094","2974.91581199982;6790.88156849692;-2619.21472521138",2,"Y",1,1,"-0;-0;-0",0,1,1,"Unique retained part replayed as a zero-translation GeometryPiece."
3,A494,496,3913.62102828149,1,"Z-5000","NONE",0,"RETAINED_SINGLE_BOUNDARY_UNIQUE","RETAINED_SINGLE_BOUNDARY_UNIQUE","3655.09398305125;-1261.8430225512;-1130.46131818393","3594.70813274764;-679.216648260341;-5000","-0.0154296621638212;0.148871433917733;-0.988736173955817",1086.37897171851,"3655.09398305125;-1261.8430225512;-1130.46131818393","3577.94567223214;-517.485852962534;-6074.14218796302",2,"Z",1,1,"-0;-0;-0",1.13686837721616e-13,1,1,"Unique retained part replayed as a zero-translation GeometryPiece."
3,A495,497,646.127925187326,1,"Y+5000","NONE",0,"RETAINED_SINGLE_BOUNDARY_UNIQUE","RETAINED_SINGLE_BOUNDARY_UNIQUE","3742.11239753227;4384.36206438889;-4012.0695623134","3618.82653707032;5000;-3859.51850674994","-0.190807200332979;0.952811218355287;0.236100390676091",4353.87207481267,"3742.11239753227;4384.36206438889;-4012.0695623134","2788.07639586738;9148.41815616533;-2831.56760893294",2,"Y",1,1,"-0;-0;-0",0,1,1,"Unique retained part replayed as a zero-translation GeometryPiece."
3,A496,498,1512.89274587724,2,"Y+5000","X+5000",0,"AMBIGUOUS_TWO_BOUNDARY_RETAINED","AMBIGUOUS_TWO_BOUNDARY_RETAINED","NaN;NaN;NaN","NaN;NaN;NaN","0.906197431044029;-0.275428997010858;-0.320850562684242",3487.10725412276,"NaN;NaN;NaN","NaN;NaN;NaN",0,"NONE",0,0,"NaN;NaN;NaN",Inf,0,0,"Missing length may lie on both sides; no unique a/b split is selected."
3,A497,499,1649.93993334928,1,"NONE","X+5000",0,"RETAINED_SINGLE_BOUNDARY_UNIQUE","RETAINED_SINGLE_BOUNDARY_UNIQUE","3708.81963961953;73.4954595251484;2118.95903323431","5000;1046.11706766861;1788.56189644159","0.782562040158303;0.589489101078422;-0.20024797879886",3350.06006665072,"3708.81963961953;73.4954595251484;2118.95903323431","7621.62984041104;3020.94096491726;1117.71913924001",2,"X",1,1,"-0;-0;-0",0,1,1,"Unique retained part replayed as a zero-translation GeometryPiece."
3,A498,500,1209.48823648581,1,"NONE","X+5000",0,"RETAINED_SINGLE_BOUNDARY_UNIQUE","RETAINED_SINGLE_BOUNDARY_UNIQUE","3834.62293655403;-506.295200470953;2125.67594923218","5000;-424.768298245947;2438.90343590154","0.963529059887338;0.0674061142271905;0.258975223752029",3790.51176351419,"3834.62293655403;-506.295200470953;2125.67594923218","8652.26823599072;-169.264629335;3420.55206799232",2,"X",1,1,"-0;-0;-0",0,1,1,"Unique retained part replayed as a zero-translation GeometryPiece."
3,A499,501,1148.58733283153,1,"NONE","X+5000",0,"RETAINED_SINGLE_BOUNDARY_UNIQUE","RETAINED_SINGLE_BOUNDARY_UNIQUE","3864.28520273758;319.864290043192;-282.432451387936","5000;365.573051258324;-447.706374220298","0.988792723721432;0.0397956340877012;-0.143893213957814",3851.41266716847,"3864.28520273758;319.864290043192;-282.432451387936","8808.24882134474;518.842460481698;-1001.89852117701",2,"X",1,1,"-0;-0;-0",0,1,1,"Unique retained part replayed as a zero-translation GeometryPiece."
3,A500,502,1639.95347962273,1,"NONE","X+5000",0,"RETAINED_SINGLE_BOUNDARY_UNIQUE","RETAINED_SINGLE_BOUNDARY_UNIQUE","3871.62491870093;844.90849683124;-4276.14084971973","5000;-164.470951784556;-3645.76776975669","0.688053103529895;-0.615492732664589;0.384384732735258",3360.04652037727,"3871.62491870093;844.90849683124;-4276.14084971973","7311.89043635041;-2232.55516649171;-2354.21718604344",2,"X",1,1,"-0;-0;-0",1.70530256582424e-13,1,1,"Unique retained part replayed as a zero-translation GeometryPiece."
3,A501,503,1600.14228195965,1,"NONE","X+5000",0,"RETAINED_SINGLE_BOUNDARY_UNIQUE","RETAINED_SINGLE_BOUNDARY_UNIQUE","3872.16250000045;4296.49481642619;2348.90129974546","5000;3254.23450499493;1899.31110932199","0.70483575911657;-0.651354772123659;-0.280968883512577",3399.85771804035,"3872.16250000045;4296.49481642619;2348.90129974546","7396.3412955833;1039.72095580789;944.056882182574",2,"X",1,1,"-0;-0;-0",0,1,1,"Unique retained part replayed as a zero-translation GeometryPiece."
3,A502,504,1141.4659969434,1,"NONE","X+5000",0,"RETAINED_SINGLE_BOUNDARY_UNIQUE","RETAINED_SINGLE_BOUNDARY_UNIQUE","3888.74551072484;-31.3664051409514;1617.80884706797","5000;219.832056652714;1547.39993402217","0.973532713414906;0.220066530642455;-0.0616828825688542",3858.5340030566,"3888.74551072484;-31.3664051409514;1617.80884706797","8756.40907779937;1068.96624807132;1309.3944342237",2,"X",1,1,"-0;-0;-0",5.6843418860808e-14,1,1,"Unique retained part replayed as a zero-translation GeometryPiece."
3,A503,505,1181.61633666392,1,"NONE","Y+5000",0,"RETAINED_SINGLE_BOUNDARY_UNIQUE","RETAINED_SINGLE_BOUNDARY_UNIQUE","3907.247749323;4051.68894718334;-4381.70758343813","4523.28809233018;5000;-4039.04505271087","0.521353948733021;0.802554114556377;0.289994747106076",3818.38366333608,"3907.247749323;4051.68894718334;-4381.70758343813","6514.01749298811;8064.45951996522;-2931.73384790775",3,"Y>X",1,1,"-0;-0;-0",0,1,1,"Unique retained part replayed as a zero-translation GeometryPiece."
3,A504,506,1288.44457259974,1,"NONE","X+5000",0,"RETAINED_SINGLE_BOUNDARY_UNIQUE","RETAINED_SINGLE_BOUNDARY_UNIQUE","3941.97856997146;-2592.1566237605;4508.83742012003","5000;-1885.81724045037;4304.47317215295","0.821161773295171;0.548210919065711;-0.15861314666779",3711.55542740026,"3941.97856997146;-2592.1566237605;4508.83742012003","8047.78743644732;148.897971568056;3715.77168678108",2,"X",1,1,"-0;-0;-0",0,1,1,"Unique retained part replayed as a zero-translation GeometryPiece."
3,A505,507,1463.45856285631,1,"NONE","X+5000",0,"RETAINED_SINGLE_BOUNDARY_UNIQUE","RETAINED_SINGLE_BOUNDARY_UNIQUE","3965.33559940482;-4944.15626562438;-316.987420275041","5000;-4866.08250706701;-1349.01698940725","0.706999451064584;0.0533488002591537;-0.705199036942965",3536.54143714369,"3965.33559940482;-4944.15626562438;-316.987420275041","7500.33285472774;-4677.41226432861;-3842.98260498987",2,"X",1,1,"-0;-0;-0",0,1,1,"Unique retained part replayed as a zero-translation GeometryPiece."
3,A506,508,1034.27501952959,1,"NONE","X+5000",0,"RETAINED_SINGLE_BOUNDARY_UNIQUE","RETAINED_SINGLE_BOUNDARY_UNIQUE","3966.59987515512;-1723.44607031509;1110.01620415164","5000;-1690.28799022273;1083.3790173988","0.99915409860222;0.0320592487164981;-0.0257544523940598",3965.72498047041,"3966.59987515512;-1723.44607031509;1110.01620415164","8962.37036816622;-1563.1498267326;981.243942181341",2,"X",1,1,"-0;-0;-0",0,1,1,"Unique retained part replayed as a zero-translation GeometryPiece."
3,A507,509,1031.10633016776,1,"NONE","X+5000",0,"RETAINED_SINGLE_BOUNDARY_UNIQUE","RETAINED_SINGLE_BOUNDARY_UNIQUE","3997.33005539518;936.385010562742;3995.20101820592","5000;749.662862224878;3843.64876445069","0.972421480955979;-0.181089130068171;-0.146980237945559",3968.89366983224,"3997.33005539518;936.385010562742;3995.20101820592","8859.43746017508;30.939360221889;3260.29982847813",2,"X",1,1,"-0;-0;-0",0,1,1,"Unique retained part replayed as a zero-translation GeometryPiece."
3,A508,510,1571.82766753958,1,"NONE","X+5000",0,"RETAINED_SINGLE_BOUNDARY_UNIQUE","RETAINED_SINGLE_BOUNDARY_UNIQUE","4007.62434656254;3580.26727887345;1467.64157531646","5000;4268.99144661317;2473.37106164901","0.631351434976868;0.438167734264275;0.639847170973164",3428.17233246042,"4007.62434656254;3580.26727887345;1467.64157531646","7164.38152144688;5771.10595019483;4666.87743018228",3,"X>Y",1,1,"-0;-0;-0",0,1,1,"Unique retained part replayed as a zero-translation GeometryPiece."
3,A509,511,1065.53029507632,1,"NONE","X+5000",0,"RETAINED_SINGLE_BOUNDARY_UNIQUE","RETAINED_SINGLE_BOUNDARY_UNIQUE","4021.40006053063;-1357.76387813387;2505.56433286008","5000;-1770.83504212766;2589.6427585874","0.918415876105408;-0.387667216880215;0.0789075881895013",3934.46970492368,"4021.40006053063;-1357.76387813387;2505.56433286008","8613.47944105767;-3296.09996253494;2900.10227380759",2,"X",1,1,"-0;-0;-0",0,1,1,"Unique retained part replayed as a zero-translation GeometryPiece."
3,A510,512,2091.06626069915,1,"NONE","X+5000",0,"RETAINED_SINGLE_BOUNDARY_UNIQUE","RETAINED_SINGLE_BOUNDARY_UNIQUE","4049.46947707715;1819.36027626139;-2766.319343881","5000;3498.43532509654;-3572.39428580983","0.454567385447193;0.802975534727317;-0.385485126453773",2908.93373930085,"4049.46947707715;1819.36027626139;-2766.319343881","6322.30640431312;5834.23794989798;-4693.74497614987",3,"X>Y",1,1,"-0;-0;-0",4.54747350886464e-13,1,1,"Unique retained part replayed as a zero-translation GeometryPiece."
3,A511,513,1308.64464129011,2,"Y+5000","X+5000",0,"AMBIGUOUS_TWO_BOUNDARY_RETAINED","AMBIGUOUS_TWO_BOUNDARY_RETAINED","NaN;NaN;NaN","NaN;NaN;NaN","0.693965258952146;-0.518613656272226;0.499451794366018",3691.35535870989,"NaN;NaN;NaN","NaN;NaN;NaN",0,"NONE",0,0,"NaN;NaN;NaN",Inf,0,0,"Missing length may lie on both sides; no unique a/b split is selected."
3,A512,514,963.4633560579,1,"NONE","X+5000",0,"RETAINED_SINGLE_BOUNDARY_UNIQUE","RETAINED_SINGLE_BOUNDARY_UNIQUE","4116.00215602141;-2323.41298522058;2932.9824985829","5000;-1980.646304769;3104.21465993047","0.917520981384855;0.355765144876959;0.177725660525567",4036.5366439421,"4116.00215602141;-2323.41298522058;2932.9824985829","8703.60706294568;-544.587260835784;3821.61080121074",2,"X",1,1,"-0;-0;-0",0,1,1,"Unique retained part replayed as a zero-translation GeometryPiece."
3,A513,515,1261.8822665032,1,"Z-5000","NONE",0,"RETAINED_SINGLE_BOUNDARY_UNIQUE","RETAINED_SINGLE_BOUNDARY_UNIQUE","4855.53160722755;-1160.59520774185;-3977.39836791464","4116.20353736329;-1155.42203826977;-5000","-0.585893065850758;0.00409956587028942;-0.810378003741263",3738.1177334968,"4855.53160722755;-1160.59520774185;-3977.39836791464","1926.06627797376;-1140.0973783904;-8029.28838662096",2,"Z",1,1,"-0;-0;-0",0,1,1,"Unique retained part replayed as a zero-translation GeometryPiece."
3,A514,516,911.292016089822,1,"NONE","X+5000",0,"RETAINED_SINGLE_BOUNDARY_UNIQUE","RETAINED_SINGLE_BOUNDARY_UNIQUE","4117.8861574476;3795.58849197618;-3708.86649677219","5000;3806.1067662756;-3937.37836358058","0.967981532788337;0.0115421556578007;-0.2507559188205",4088.70798391018,"4117.8861574476;3795.58849197618;-3708.86649677219","8957.79382138928;3853.29927026518;-4962.64609087469",2,"X",1,1,"-0;-0;-0",0,1,1,"Unique retained part replayed as a zero-translation GeometryPiece."
3,A515,517,1274.20891334185,1,"NONE","X+5000",0,"RETAINED_SINGLE_BOUNDARY_UNIQUE","RETAINED_SINGLE_BOUNDARY_UNIQUE","4193.64451642271;2188.20628558915;846.644790811998","5000;2627.09113694637;1730.26194557632","0.632828318130717;0.344437122328837;0.693463328903322",3725.79108665815,"4193.64451642271;2188.20628558915;846.644790811998","7357.7861070763;3910.39189723333;4313.96143532861",2,"X",1,1,"-0;-0;-0",2.27373675443232e-13,1,1,"Unique retained part replayed as a zero-translation GeometryPiece."
3,A516,518,806.481531517574,1,"NONE","X+5000",0,"RETAINED_SINGLE_BOUNDARY_UNIQUE","RETAINED_SINGLE_BOUNDARY_UNIQUE","4203.73277612177;-1221.95108410427;-3535.95774239944","5000;-1099.7597181318;-3498.00726232382","0.987334728397161;0.151511672861919;0.0470568495278592",4193.51846848243,"4203.73277612177;-1221.95108410427;-3535.95774239944","9140.40641810757;-464.392719794675;-3300.67349476014",2,"X",1,1,"-0;-0;-0",0,1,1,"Unique retained part replayed as a zero-translation GeometryPiece."
3,A517,519,907.509694121695,1,"NONE","X+5000",0,"RETAINED_SINGLE_BOUNDARY_UNIQUE","RETAINED_SINGLE_BOUNDARY_UNIQUE","4207.5945219733;2069.91400679435;467.110873810386","5000;1627.86460746779;450.994674718855","0.873164753125425;-0.487101572787477;-0.0177587073680007",4092.4903058783,"4207.5945219733;2069.91400679435;467.110873810386","8573.41828760042;-365.593857143036;378.317336970382",2,"X",1,1,"-0;-0;-0",0,1,1,"Unique retained part replayed as a zero-translation GeometryPiece."
3,A518,520,584.986327155286,1,"NONE","Z+5000",0,"RETAINED_SINGLE_BOUNDARY_UNIQUE","RETAINED_SINGLE_BOUNDARY_UNIQUE","4219.88009867758;598.353222358301;4781.78126632245","4695.81841566927;859.259921486391;5000","0.813588788145045;0.446004781678994;0.373032195023633",4415.01367284471,"4219.88009867758;598.353222358301;4781.78126632245","8287.8240394028;2828.37713075327;6646.94224144062",3,"Z>X",1,1,"-0;-0;-0",0,1,1,"Unique retained part replayed as a zero-translation GeometryPiece."
3,A519,521,911.969797272547,1,"NONE","X+5000",0,"RETAINED_SINGLE_BOUNDARY_UNIQUE","RETAINED_SINGLE_BOUNDARY_UNIQUE","4264.91944510701;2719.66656545626;-2717.73697995722","5000;2685.05139773563;-3256.3901885425","0.806036073882507;-0.0379564847697307;-0.590648078693225",4088.03020272745,"4264.91944510701;2719.66656545626;-2717.73697995722","8295.09981451955;2529.88414160761;-5670.97737342335",3,"X>Z",1,1,"-0;-0;-0",0,1,1,"Unique retained part replayed as a zero-translation GeometryPiece."
3,A520,522,1549.95603994324,1,"NONE","X+5000",0,"RETAINED_SINGLE_BOUNDARY_UNIQUE","RETAINED_SINGLE_BOUNDARY_UNIQUE","4282.87138818864;-1914.2426538574;-120.190611144002","5000;-2564.86128944441;-1330.47391306341","0.462676742649824;-0.419765863560127;-0.780850082666685",3450.04396005676,"4282.87138818864;-1914.2426538574;-120.190611144002","6596.25510143776;-4013.07197165804;-4024.44102447743",2,"X",1,1,"-0;-0;-0",2.27373675443232e-13,1,1,"Unique retained part replayed as a zero-translation GeometryPiece."
3,A521,523,1334.31573317426,1,"NONE","X+5000",0,"RETAINED_SINGLE_BOUNDARY_UNIQUE","RETAINED_SINGLE_BOUNDARY_UNIQUE","4290.87680487786;-1961.10631399335;-4070.08071759942","5000;-2432.17457103533;-3042.63852110194","0.5314508234383;-0.353041072161635;0.770014300928052",3665.68426682574,"4290.87680487786;-1961.10631399335;-4070.08071759942","6948.13092206936;-3726.31167480153;-220.009212959161",2,"X",1,1,"-0;-0;-0",4.54747350886464e-13,1,1,"Unique retained part replayed as a zero-translation GeometryPiece."
3,A522,524,1136.35422869052,1,"NONE","X+5000",0,"RETAINED_SINGLE_BOUNDARY_UNIQUE","RETAINED_SINGLE_BOUNDARY_UNIQUE","4299.79896780538;1349.80283907628;1835.79803419742","5000;2079.61755137113;2353.86167246439","0.616182009549518;0.642242263784112;0.45589977595627",3863.64577130948,"4299.79896780538;1349.80283907628;1835.79803419742","7380.70901555297;4561.01415799684;4115.29691397877",2,"X",1,1,"-0;-0;-0",0,1,1,"Unique retained part replayed as a zero-translation GeometryPiece."
3,A523,525,679.335134766083,1,"NONE","X+5000",0,"RETAINED_SINGLE_BOUNDARY_UNIQUE","RETAINED_SINGLE_BOUNDARY_UNIQUE","4321.64254992263;2847.06674126333;401.469916902103","5000;2818.62465634076;378.700572215921","0.998560821252017;-0.041867531159512;-0.0335171015319592",4320.66486523392,"4321.64254992263;2847.06674126333;401.469916902103","9314.44665618272;2637.72908546577;233.884409242307",2,"X",1,1,"-0;-0;-0",0,1,1,"Unique retained part replayed as a zero-translation GeometryPiece."
3,A524,526,2784.27512744999,1,"NONE","X+5000",0,"RETAINED_SINGLE_BOUNDARY_UNIQUE","RETAINED_SINGLE_BOUNDARY_UNIQUE","4325.20163426424;-1412.75606927509;-1448.18219569766","5000;-4113.79464480424;-1483.19311457291","0.242360519290269;-0.970104767628665;-0.0125745184195626",2215.72487255001,"4325.20163426424;-1412.75606927509;-1448.18219569766","5537.00423071558;-6263.27990741842;-1511.05478779547",3,"X>Y",1,1,"-0;-0;-0",0,1,1,"Unique retained part replayed as a zero-translation GeometryPiece."
3,A525,527,657.818778121276,1,"NONE","X+5000",0,"RETAINED_SINGLE_BOUNDARY_UNIQUE","RETAINED_SINGLE_BOUNDARY_UNIQUE","4357.51711076798;-4345.88343765612;1246.1786196431","5000;-4209.37005304343;1282.30863091672","0.976686757205298;0.207524304798004;0.0549239585054212",4342.18122187872,"4357.51711076798;-4345.88343765612;1246.1786196431","9240.95089679447;-3308.2619136661;1520.79841217021",2,"X",1,1,"-0;-0;-0",0,1,1,"Unique retained part replayed as a zero-translation GeometryPiece."
3,A526,528,616.116399103731,1,"NONE","X+5000",0,"RETAINED_SINGLE_BOUNDARY_UNIQUE","RETAINED_SINGLE_BOUNDARY_UNIQUE","4407.7330623889;4841.08262603594;2760.95781151037","5000;4917.7334003533;2912.43041845257","0.961290656234236;0.124409566810532;0.245850633358483",4383.88360089627,"4407.7330623889;4841.08262603594;2760.95781151037","9214.18634356008;5463.1304600886;3990.21097830278",3,"X>Y",1,1,"-0;-0;-0",0,1,1,"Unique retained part replayed as a zero-translation GeometryPiece."
3,A527,529,749.338315130985,2,"Y+5000","X+5000",0,"AMBIGUOUS_TWO_BOUNDARY_RETAINED","AMBIGUOUS_TWO_BOUNDARY_RETAINED","NaN;NaN;NaN","NaN;NaN;NaN","0.760522984193613;-0.645836300383686;0.0670840042033505",4250.66168486902,"NaN;NaN;NaN","NaN;NaN;NaN",0,"NONE",0,0,"NaN;NaN;NaN",Inf,0,0,"Missing length may lie on both sides; no unique a/b split is selected."
3,A528,530,608.784304055118,1,"NONE","X+5000",0,"RETAINED_SINGLE_BOUNDARY_UNIQUE","RETAINED_SINGLE_BOUNDARY_UNIQUE","4446.18561480136;-1294.29525485802;4558.56428408025","5000;-1126.71993264818;4747.84309165573","0.90970542688055;0.275262225214446;0.310912758943836",4391.21569594488,"4446.18561480136;-1294.29525485802;4558.56428408025","8994.71274920411;82.0158712142118;6113.12807879943",3,"X>Z",1,1,"-0;-0;-0",0,1,1,"Unique retained part replayed as a zero-translation GeometryPiece."
3,A529,531,1722.13766497526,1,"NONE","X+5000",0,"RETAINED_SINGLE_BOUNDARY_UNIQUE","RETAINED_SINGLE_BOUNDARY_UNIQUE","4472.37546899875;-1620.35756654936;-1336.03639488305","5000;-1823.22140012199;290.683235674212","0.306377673360295;-0.117797686966881;0.944593259668724",3277.86233502474,"4472.37546899875;-1620.35756654936;-1336.03639488305","6004.26383580022;-2209.34600138376;3386.92990346057",2,"X",1,1,"-0;-0;-0",7.19018694364508e-13,1,1,"Unique retained part replayed as a zero-translation GeometryPiece."
3,A530,532,831.340044694939,1,"NONE","X+5000",0,"RETAINED_SINGLE_BOUNDARY_UNIQUE","RETAINED_SINGLE_BOUNDARY_UNIQUE","4484.2193071036;-1361.265828981;2855.42176825384","5000;-1525.23346506892;2224.38202222794","0.620420844860981;-0.197232933905028;-0.759063334014495",4168.65995530506,"4484.2193071036;-1361.265828981;2855.42176825384","7586.32353140851;-2347.43049850614;-939.894901818636",2,"X",1,1,"-0;-0;-0",0,1,1,"Unique retained part replayed as a zero-translation GeometryPiece."
3,A531,533,1587.28211237536,1,"NONE","X+5000",0,"RETAINED_SINGLE_BOUNDARY_UNIQUE","RETAINED_SINGLE_BOUNDARY_UNIQUE","4506.68923613271;-883.7606239925;39.3922598071495","5000;598.350872167653;-242.484499556541","0.310789594377179;0.933741698847836;-0.177584537219954",3412.71788762464,"4506.68923613271;-883.7606239925;39.3922598071495","6060.6372080186;3784.94787024668;-848.530426292623",2,"X",1,1,"-0;-0;-0",1.17185710042169e-13,1,1,"Unique retained part replayed as a zero-translation GeometryPiece."
3,A532,534,914.372872457019,2,"Y-5000","X+5000",0,"AMBIGUOUS_TWO_BOUNDARY_RETAINED","AMBIGUOUS_TWO_BOUNDARY_RETAINED","NaN;NaN;NaN","NaN;NaN;NaN","0.521353948733019;0.802554114556373;0.289994747106088",4085.62712754298,"NaN;NaN;NaN","NaN;NaN;NaN",0,"NONE",0,0,"NaN;NaN;NaN",Inf,0,0,"Missing length may lie on both sides; no unique a/b split is selected."
3,A533,535,1184.47771030474,1,"NONE","X+5000",0,"RETAINED_SINGLE_BOUNDARY_UNIQUE","RETAINED_SINGLE_BOUNDARY_UNIQUE","4527.48521921945;-3051.06585963938;-3566.1500096106","5000;-2456.20339955356;-2657.38387812609","0.398922475847166;0.502214988860173;0.767229407171117",3815.52228969526,"4527.48521921945;-3051.06585963938;-3566.1500096106","6522.09759845528;-539.990915338513;269.997026244985",2,"X",1,1,"-0;-0;-0",0,1,1,"Unique retained part replayed as a zero-translation GeometryPiece."
3,A534,536,525.697382049068,1,"NONE","X+5000",0,"RETAINED_SINGLE_BOUNDARY_UNIQUE","RETAINED_SINGLE_BOUNDARY_UNIQUE","4546.06572458795;-2333.105646127;1439.41223578663","5000;-2429.63780368038;1192.46496680503","0.863489701323413;-0.183626856152709;-0.469751757216379",4474.30261795093,"4546.06572458795;-2333.105646127;1439.41223578663","8863.51423120501;-3251.23992689054;-909.346550295267",2,"X",1,1,"-0;-0;-0",0,1,1,"Unique retained part replayed as a zero-translation GeometryPiece."
3,A535,537,577.203678034865,1,"NONE","X+5000",0,"RETAINED_SINGLE_BOUNDARY_UNIQUE","RETAINED_SINGLE_BOUNDARY_UNIQUE","4671.56701386959;-4610.19129894059;59.5967397559434","5000;-4547.39384234608;-410.884225856586","0.569007091653654;0.108796009076568;-0.815103894026315",4422.79632196514,"4671.56701386959;-4610.19129894059;59.5967397559434","7516.60247213786;-4066.21125355775;-4015.92273037563",2,"X",1,1,"-0;-0;-0",0,1,1,"Unique retained part replayed as a zero-translation GeometryPiece."
