Group,MediumID,kx,ky,kz,CandidateLength,LengthError,Valid
1,A1,-1,-1,-1,15712.4114778771,10712.4114778771,0
1,A1,-1,-1,0,12247.684261548,7247.68426154799,0
1,A1,-1,-1,1,15910.1120389209,10910.1120389209,0
1,A1,-1,0,-1,12434.9419822721,7434.94198227211,0
1,A1,-1,0,0,7599.58402959792,2599.58402959792,0
1,A1,-1,0,1,12683.8311540073,7683.8311540073,0
1,A1,-1,1,-1,16198.014994277,11198.014994277,0
1,A1,-1,1,0,12864.7419358209,7864.74193582092,0
1,A1,-1,1,1,16389.8590718687,11389.8590718687,0
1,A1,0,-1,-1,13968.4641124716,8968.46411247155,0
1,A1,0,-1,0,9911.80533413828,4911.80533413828,0
1,A1,0,-1,1,14190.4820320628,9190.48203206285,0
1,A1,0,0,-1,10142.2826480904,5142.28264809038,0
1,A1,0,0,0,2447.81384794709,-2552.18615205291,0
1,A1,0,0,1,10445.941219184,5445.94121918403,0
1,A1,0,1,-1,14512.5395767283,9512.53957672828,0
1,A1,0,1,0,10664.8816349058,5664.8816349058,0
1,A1,0,1,1,14726.3571736868,9726.35717368683,0
1,A1,1,-1,-1,18529.8706113315,13529.8706113315,0
1,A1,1,-1,0,15699.7452270135,10699.7452270135,0
1,A1,1,-1,1,18697.8045640011,13697.8045640011,0
1,A1,1,0,-1,15846.2617839362,10846.2617839362,0
1,A1,1,0,0,12418.9334423486,7418.93344234856,0
1,A1,1,0,1,16042.3128995145,11042.3128995145,0
1,A1,1,1,-1,18943.3872413934,13943.3872413934,0
1,A1,1,1,0,16185.7287601712,11185.7287601712,0
1,A1,1,1,1,19107.6872179309,14107.6872179309,0
1,A2,-1,-1,-1,15886.3465296039,10886.3465296039,0
1,A2,-1,-1,0,12494.8548315024,7494.85483150243,0
1,A2,-1,-1,1,16120.3842529259,11120.3842529259,0
1,A2,-1,0,-1,12472.6825448964,7472.68254489635,0
1,A2,-1,0,0,7701.50641546341,2701.50641546341,0
1,A2,-1,0,1,12769.4397789835,7769.43977898349,0
1,A2,-1,1,-1,16086.0067659089,11086.0067659089,0
1,A2,-1,1,0,12747.7450898003,7747.74508980033,0
1,A2,-1,1,1,16317.1810088689,11317.1810088689,0
1,A2,0,-1,-1,14086.3233105391,9086.3233105391,0
1,A2,0,-1,0,10107.9125248836,5107.91252488362,0
1,A2,0,-1,1,14349.7486672193,9349.74866721927,0
1,A2,0,0,-1,10080.4914669941,5080.49146699414,0
1,A2,0,0,0,2315.53436981696,-2684.46563018304,0
1,A2,0,0,1,10445.4339603228,5445.43396032283,0
1,A2,0,1,-1,14311.1184756205,9311.11847562049,0
1,A2,0,1,0,10418.9012484478,5418.90124844784,0
1,A2,0,1,1,14570.4802400803,9570.48024008028,0
1,A2,1,-1,-1,18559.9839105377,13559.9839105377,0
1,A2,1,-1,0,15754.9482373342,10754.9482373342,0
1,A2,1,-1,1,18760.6978858128,13760.6978858128,0
1,A2,1,0,-1,15737.3697474045,10737.3697474045,0
1,A2,1,0,0,12304.8851180408,7304.88511804085,0
1,A2,1,0,1,15973.5903593978,10973.5903593978,0
1,A2,1,1,-1,18731.1668182638,13731.1668182638,0
1,A2,1,1,0,15956.2527422728,10956.2527422728,0
1,A2,1,1,1,18930.0658418546,13930.0658418546,0
1,A3,-1,-1,-1,16687.5533023831,11687.5533023831,0
1,A3,-1,-1,0,13379.1887064021,8379.18870640214,0
1,A3,-1,-1,1,16719.1789769462,11719.1789769462,0
1,A3,-1,0,-1,13393.3969771581,8393.39697715814,0
1,A3,-1,0,0,8939.3141688493,3939.3141688493,0
1,A3,-1,0,1,13432.7805398224,8432.78053982237,0
1,A3,-1,1,-1,16741.9153610219,11741.9153610219,0
1,A3,-1,1,0,13446.9321846011,8446.9321846011,0
1,A3,-1,1,1,16773.4385383231,11773.4385383231,0
1,A3,0,-1,-1,14131.2151386411,9131.21513864114,0
1,A3,0,-1,0,10010.9688100704,5010.96881007035,0
1,A3,0,-1,1,14168.547975634,9168.547975634,0
1,A3,0,0,-1,10029.9495842418,5029.94958424177,0
1,A3,0,0,0,1062.14117897414,-3937.85882102586,0
1,A3,0,0,1,10082.4798093383,5082.47980933825,0
1,A3,0,1,-1,14195.3702322378,9195.37023223779,0
1,A3,0,1,0,10101.3262125299,5101.32621252991,0
1,A3,0,1,1,14232.534787366,9232.53478736605,0
1,A3,1,-1,-1,17913.9065356846,12913.9065356846,0
1,A3,1,-1,0,14880.7359559561,9880.73595595608,0
1,A3,1,-1,1,17943.3708598057,12943.3708598057,0
1,A3,1,0,-1,14893.5118335843,9893.51183358426,0
1,A3,1,0,0,11060.9651458973,6060.96514589732,0
1,A3,1,0,1,14928.9385148575,9928.93851485752,0
1,A3,1,1,-1,17964.5579434893,12964.5579434893,0
1,A3,1,1,0,14941.6731769446,9941.67317694463,0
1,A3,1,1,1,17993.9393282368,12993.9393282368,0
1,A4,-1,-1,-1,15016.6661409187,10016.6661409187,0
1,A4,-1,-1,0,11127.7482842397,6127.74828423971,0
1,A4,-1,-1,1,14904.8080083907,9904.80800839065,0
1,A4,-1,0,-1,11255.8703549557,6255.87035495567,0
1,A4,-1,0,0,5002.11328711736,2.11328711736223,0
1,A4,-1,0,1,11106.1990449812,6106.19904498125,0
1,A4,-1,1,-1,15095.9919484387,10095.9919484387,0
1,A4,-1,1,0,11234.5668717985,6234.5668717985,0
1,A4,-1,1,1,14984.7259796934,9984.72597969341,0
1,A4,0,-1,-1,15015.9623284909,10015.9623284909,0
1,A4,0,-1,0,11126.7984856491,6126.79848564913,0
1,A4,0,-1,1,14904.098913716,9904.09891371599,0
1,A4,0,0,-1,11254.9313685341,6254.93136853414,0
1,A4,0,0,0,5000.00000000001,5.45696821063757e-12,1
1,A4,0,0,1,11105.2474033488,6105.24740334885,0
1,A4,0,1,-1,15095.291834548,10095.291834548,0
1,A4,0,1,0,11233.6261046804,6233.62610468037,0
1,A4,0,1,1,14984.0206670087,9984.02066700866,0
1,A4,1,-1,-1,20626.6329611379,15626.6329611379,0
1,A4,1,-1,0,17994.0130933343,12994.0130933343,0
1,A4,1,-1,1,20545.3407636056,15545.3407636056,0
1,A4,1,0,-1,18073.5260193814,13073.5260193814,0
1,A4,1,0,0,14999.2954055464,9999.29540554636,0
1,A4,1,0,1,17980.6947182925,12980.6947182925,0
1,A4,1,1,-1,20684.4554734471,15684.4554734471,0
1,A4,1,1,0,18060.266280501,13060.266280501,0
1,A4,1,1,1,20603.3914201567,15603.3914201567,0
1,A5,-1,-1,-1,14853.2525442807,9853.25254428072,0
1,A5,-1,-1,0,10954.4326796679,5954.43267966793,0
1,A5,-1,-1,1,14811.4847170219,9811.48471702185,0
1,A5,-1,0,-1,11213.9790038736,6213.9790038736,0
1,A5,-1,0,0,5013.36307168284,13.3630716828402,0
1,A5,-1,0,1,11158.5972898796,6158.5972898796,0
1,A5,-1,1,-1,15194.9840096808,10194.9840096808,0
1,A5,-1,1,0,11413.5017958403,6413.5017958403,0
1,A5,-1,1,1,15154.1580905323,10154.1580905323,0
1,A5,0,-1,-1,14848.7474844065,9848.7474844065,0
1,A5,0,-1,0,10948.3234353422,5948.32343534222,0
1,A5,0,-1,1,14806.9669491783,9806.96694917831,0
1,A5,0,0,-1,11208.0112335242,6208.01123352421,0
1,A5,0,0,0,5000,3.63797880709171e-12,1
1,A5,0,0,1,11152.5998847442,6152.59988474415,0
1,A5,0,1,-1,15190.5802972086,10190.5802972086,0
1,A5,0,1,0,11407.6384039439,6407.63840394393,0
1,A5,0,1,1,15149.7425108261,10149.7425108261,0
1,A5,1,-1,-1,20502.475279028,15502.475279028,0
1,A5,1,-1,0,17881.0507732725,12881.0507732725,0
1,A5,1,-1,1,20472.2363445117,15472.2363445117,0
1,A5,1,0,-1,18041.22242317,13041.22242317,0
1,A5,1,0,0,14995.5390270402,9995.53902704024,0
1,A5,1,0,1,18006.8507768761,13006.8507768761,0
1,A5,1,1,-1,20751.3835798346,15751.3835798346,0
1,A5,1,1,0,18165.9132626638,13165.9132626638,0
1,A5,1,1,1,20721.5078808425,15721.5078808425,0
1,A6,-1,-1,-1,16523.6519800587,11523.6519800587,0
1,A6,-1,-1,0,13198.3983126419,8198.39831264192,0
1,A6,-1,-1,1,16594.1062211919,11594.1062211919,0
1,A6,-1,0,-1,13133.3564977858,8133.35649778583,0
1,A6,-1,0,0,8582.05663923194,3582.05663923194,0
1,A6,-1,0,1,13221.8886479972,8221.88864799718,0
1,A6,-1,1,-1,16490.5740057091,11490.5740057091,0
1,A6,-1,1,0,13156.9629587843,8156.96295878426,0
1,A6,-1,1,1,16561.1689671917,11561.1689671917,0
1,A6,0,-1,-1,14191.3627031098,9191.36270310975,0
1,A6,0,-1,0,10127.2611614526,5127.2611614526,0
1,A6,0,-1,1,14273.3339445736,9273.33394457364,0
1,A6,0,0,-1,10042.348007864,5042.34800786402,0
1,A6,0,0,0,1419.64670679088,-3580.35329320912,0
1,A6,0,0,1,10157.8560746426,5157.85607464262,0
1,A6,0,1,-1,14152.8347567152,9152.83475671522,0
1,A6,0,1,0,10073.2008275393,5073.20082753928,0
1,A6,0,1,1,14235.0278599302,9235.02785993023,0
1,A6,1,-1,-1,18159.2531780448,13159.2531780448,0
1,A6,1,-1,0,15196.2205579342,10196.2205579342,0
1,A6,1,-1,1,18223.3850452224,13223.3850452224,0
1,A6,1,0,-1,15139.7640049034,10139.7640049034,0
1,A6,1,0,0,11418.3666688901,6418.36666889006,0
1,A6,1,0,1,15216.6271113631,10216.6271113631,0
1,A6,1,1,-1,18129.159723054,13129.159723054,0
1,A6,1,1,0,15160.2465522516,10160.2465522516,0
1,A6,1,1,1,18193.3976702019,13193.3976702019,0
1,A7,-1,-1,-1,15482.9061167632,10482.9061167632,0
1,A7,-1,-1,0,11944.1475065182,6944.14750651823,0
1,A7,-1,-1,1,15671.7879482345,10671.7879482345,0
1,A7,-1,0,-1,11761.943420873,6761.94342087304,0
1,A7,-1,0,0,6425.38643762229,1425.38643762229,0
1,A7,-1,0,1,12009.4907764544,7009.49077645437,0
1,A7,-1,1,-1,15393.7079435441,10393.7079435441,0
1,A7,-1,1,0,11828.2932872032,6828.29328720317,0
1,A7,-1,1,1,15583.6709386799,10583.6709386799,0
1,A7,0,-1,-1,14534.5698475021,9534.56984750207,0
1,A7,0,-1,0,10686.2527805063,5686.25278050629,0
1,A7,0,-1,1,14735.6125195338,9735.61251953377,0
1,A7,0,0,-1,10482.2064407849,5482.20644078485,0
1,A7,0,0,0,3580.35329320912,-1419.64670679088,0
1,A7,0,0,1,10759.2382416766,5759.23824167656,0
1,A7,0,1,-1,14439.5146415157,9439.5146415157,0
1,A7,0,1,0,10556.6027167602,5556.60271676018,0
1,A7,0,1,1,14641.8625439686,9641.86254396859,0
1,A7,1,-1,-1,19564.9446583252,14564.9446583252,0
1,A7,1,-1,0,16903.5303212167,11903.5303212167,0
1,A7,1,-1,1,19714.7562794282,14714.7562794282,0
1,A7,1,0,-1,16775.2791541197,11775.2791541197,0
1,A7,1,0,0,13577.6385478332,8577.63854783321,0
1,A7,1,0,1,16949.765378098,11949.765378098,0
1,A7,1,1,-1,19494.4331006049,14494.4331006049,0
1,A7,1,1,0,16821.8667142182,11821.8667142182,0
1,A7,1,1,1,19644.7824520376,14644.7824520376,0
1,A8,-1,-1,-1,15152.1665201027,10152.1665201027,0
1,A8,-1,-1,0,11425.9708025949,6425.97080259495,0
1,A8,-1,-1,1,15215.6980553172,10215.6980553172,0
1,A8,-1,0,-1,11407.9703658988,6407.97036589884,0
1,A8,-1,0,0,5577.31533966453,577.315339664528,0
1,A8,-1,0,1,11492.2193212142,6492.21932121418,0
1,A8,-1,1,-1,15188.6610827133,10188.6610827133,0
1,A8,-1,1,0,11474.322812888,6474.32281288801,0
1,A8,-1,1,1,15252.0406025946,10252.0406025946,0
1,A8,0,-1,-1,14766.4277583157,9766.42775831565,0
1,A8,0,-1,0,10909.2642863937,5909.26428639375,0
1,A8,0,-1,1,14831.611706056,9831.611706056,0
1,A8,0,0,-1,10890.4098342468,5890.40983424682,0
1,A8,0,0,0,4423.31152946422,-576.688470535782,0
1,A8,0,0,1,10978.6312177576,5978.63121775762,0
1,A8,0,1,-1,14803.8732760776,9803.87327607761,0
1,A8,0,1,0,10959.8960990967,5959.89609909674,0
1,A8,0,1,1,14868.8930667964,9868.89306679644,0
1,A8,1,-1,-1,20162.0095037719,15162.0095037719,0
1,A8,1,-1,0,17534.8591599425,12534.8591599425,0
1,A8,1,-1,1,20209.7982248179,15209.7982248179,0
1,A8,1,0,-1,17523.1351317763,12523.1351317763,0
1,A8,1,0,0,14423.0691385476,9423.06913854763,0
1,A8,1,0,1,17578.0994963664,12578.0994963664,0
1,A8,1,1,-1,20189.4502763894,15189.4502763894,0
1,A8,1,1,0,17566.4043273411,12566.4043273411,0
1,A8,1,1,1,20237.1741980065,15237.1741980065,0
1,A9,-1,-1,-1,15215.7398289123,10215.7398289123,0
1,A9,-1,-1,0,11553.2346143334,6553.23461433337,0
1,A9,-1,-1,1,15343.914805763,10343.914805763,0
1,A9,-1,0,-1,11614.1088050317,6614.10880503168,0
1,A9,-1,0,0,6070.09183190808,1070.09183190808,0
1,A9,-1,0,1,11781.5324283592,6781.53242835922,0
1,A9,-1,1,-1,15435.5533794251,10435.5533794251,0
1,A9,-1,1,0,11841.2330287755,6841.23302877549,0
1,A9,-1,1,1,15561.9179780144,10561.9179780144,0
1,A9,0,-1,-1,14497.567236874,9497.56723687399,0
1,A9,0,-1,0,10589.5206360045,5589.52063600448,0
1,A9,0,-1,1,14632.0346778241,9632.03467782412,0
1,A9,0,0,-1,10655.9016784901,5655.90167849011,0
1,A9,0,0,0,3937.85882102586,-1062.14117897414,0
1,A9,0,0,1,10838.137460238,5838.13746023799,0
1,A9,0,1,-1,14728.1032511188,9728.10325111876,0
1,A9,0,1,0,10903.0049476416,5903.00494764162,0
1,A9,0,1,1,14860.4847969701,9860.48479697013,0
1,A9,1,-1,-1,19719.0307326252,14719.0307326252,0
1,A9,1,-1,0,17052.8198415071,12052.8198415071,0
1,A9,1,-1,1,19818.101726946,14818.101726946,0
1,A9,1,0,-1,17094.1205631697,12094.1205631697,0
1,A9,1,0,0,13934.3980616626,8934.39806166256,0
1,A9,1,0,1,17208.3102265605,12208.3102265605,0
1,A9,1,1,-1,19889.1362965351,14889.1362965351,0
1,A9,1,1,0,17249.2386537734,12249.2386537734,0
1,A9,1,1,1,19987.36414957,14987.36414957,0
1,A10,-1,-1,-1,15677.3249189207,10677.3249189207,0
1,A10,-1,-1,0,12252.3735013439,7252.37350134392,0
1,A10,-1,-1,1,15951.8900516352,10951.8900516352,0
1,A10,-1,0,-1,12226.1550218812,7226.15502188123,0
1,A10,-1,0,0,7336.28014882851,2336.28014882851,0
1,A10,-1,0,1,12576.2930239844,7576.29302398441,0
1,A10,-1,1,-1,15911.6063496032,10911.6063496032,0
1,A10,-1,1,0,12550.7512296179,7550.75122961792,0
1,A10,-1,1,1,16182.1968913612,11182.1968913612,0
1,A10,0,-1,-1,14112.5428577188,9112.5428577188,0
1,A10,0,-1,0,10173.790135145,5173.79013514499,0
1,A10,0,-1,1,14416.9395336527,9416.93953365267,0
1,A10,0,0,-1,10142.199757282,5142.19975728197,0
1,A10,0,0,0,2684.46563018304,-2315.53436981696,0
1,A10,0,0,1,10561.652120888,5561.65212088798,0
1,A10,0,1,-1,14372.3542233787,9372.35422337868,0
1,A10,0,1,0,10531.225271795,5531.22527179505,0
1,A10,0,1,1,14671.3614067788,9671.36140677879,0
1,A10,1,-1,-1,18776.2939689516,13776.2939689516,0
1,A10,1,-1,0,16027.8306395941,11027.8306395941,0
1,A10,1,-1,1,19006.1436071218,14006.1436071218,0
1,A10,1,0,-1,16007.797013148,11007.797013148,0
1,A10,1,0,0,12672.4782508069,7672.47825080686,0
1,A10,1,0,1,16276.788529074,11276.788529074,0
1,A10,1,1,-1,18972.3460652553,13972.3460652553,0
1,A10,1,1,0,16257.0616970852,11257.0616970852,0
1,A10,1,1,1,19199.8488229949,14199.8488229949,0
1,A11,-1,-1,-1,16626.1263768386,11626.1263768386,0
1,A11,-1,-1,0,13331.52303574,8331.52303574,0
1,A11,-1,-1,1,16704.2190660421,11704.2190660421,0
1,A11,-1,0,-1,13403.5004593137,8403.50045931371,0
1,A11,-1,0,0,8997.51369638746,3997.51369638746,0
1,A11,-1,0,1,13500.2474373819,8500.24743738192,0
1,A11,-1,1,-1,16819.0240747505,11819.0240747505,0
1,A11,-1,1,0,13571.3300372843,8571.33003728425,0
1,A11,-1,1,1,16896.2252333103,11896.2252333103,0
1,A11,0,-1,-1,14018.2532992003,9018.25329920027,0
1,A11,0,-1,0,9890.03810480002,4890.03810480002,0
1,A11,0,-1,1,14110.7860117094,9110.78601170939,0
1,A11,0,0,-1,9986.84994504037,4986.84994504037,0
1,A11,0,0,0,1019.11725459342,-3980.88274540658,0
1,A11,0,0,1,10116.3248332815,5116.32483328146,0
1,A11,0,1,-1,14246.5054693762,9246.50546937622,0
1,A11,0,1,0,10210.9914426966,5210.99144269662,0
1,A11,0,1,1,14337.5651488208,9337.5651488208,0
1,A11,1,-1,-1,17793.1102627525,12793.1102627525,0
1,A11,1,-1,0,14761.3075632319,9761.30756323187,0
1,A11,1,-1,1,17866.1027963623,12866.1027963623,0
1,A11,1,0,-1,14826.3454393415,9826.34543934151,0
1,A11,1,0,0,11005.5416604791,6005.54166047905,0
1,A11,1,0,1,14913.8652063909,9913.8652063909,0
1,A11,1,1,-1,17973.4878460163,12973.4878460163,0
1,A11,1,1,0,14978.240667874,9978.24066787397,0
1,A11,1,1,1,18045.7507923226,13045.7507923226,0
1,A12,-1,-1,-1,16401.9264284778,11401.9264284778,0
1,A12,-1,-1,0,13067.4777654142,8067.47776541423,0
1,A12,-1,-1,1,16507.4152953753,11507.4152953753,0
1,A12,-1,0,-1,13165.3158527732,8165.31585277322,0
1,A12,-1,0,0,8663.79397767961,3663.79397767961,0
1,A12,-1,0,1,13296.5074614379,8296.50746143787,0
1,A12,-1,1,-1,16662.169499839,11662.169499839,0
1,A12,-1,1,0,13392.672512451,8392.67251245097,0
1,A12,-1,1,1,16766.0210428758,11766.0210428758,0
1,A12,0,-1,-1,13993.1922306643,8993.19223066434,0
1,A12,0,-1,0,9876.49803263891,4876.49803263891,0
1,A12,0,-1,1,14116.6921753333,9116.69217533328,0
1,A12,0,0,-1,10005.5874261538,5005.5874261538,0
1,A12,0,0,0,1359.25138469766,-3640.74861530234,0
1,A12,0,0,1,10177.5905258169,5177.59052581691,0
1,A12,0,1,-1,14297.3469804887,9297.34698048869,0
1,A12,0,1,0,10302.9080974686,5302.90809746863,0
1,A12,0,1,1,14418.2419125662,9418.24191256619,0
1,A12,1,-1,-1,17960.9483893098,12960.9483893098,0
1,A12,1,-1,0,14977.6984756619,9977.69847566192,0
1,A12,1,-1,1,18057.3319239649,13057.3319239649,0
1,A12,1,0,-1,15063.1344009649,10063.1344009649,0
1,A12,1,0,0,11341.6842914061,6341.68429140609,0
1,A12,1,0,1,15177.9309245471,10177.9309245471,0
1,A12,1,1,-1,18198.9112014871,13198.9112014871,0
1,A12,1,1,0,15262.2460176741,10262.2460176741,0
1,A12,1,1,1,18294.0410540811,13294.0410540811,0
2,A1,-1,-1,-1,16611.074795185,11611.074795185,0
2,A1,-1,-1,0,13091.6941173069,8091.69411730692,0
2,A1,-1,-1,1,16335.7615026367,11335.7615026367,0
2,A1,-1,0,-1,13305.8704928552,8305.87049285516,0
2,A1,-1,0,0,8515.32962265886,3515.32962265886,0
2,A1,-1,0,1,12960.5357756703,7960.53577567028,0
2,A1,-1,1,-1,16678.2664954736,11678.2664954736,0
2,A1,-1,1,0,13176.8441708906,8176.84417089062,0
2,A1,-1,1,1,16404.0809347501,11404.0809347501,0
2,A1,0,-1,-1,14341.7323552196,9341.73235521958,0
2,A1,0,-1,0,10057.3324474559,5057.33244745593,0
2,A1,0,-1,1,14021.9322836957,9021.9322836957,0
2,A1,0,0,-1,10334.5861392779,5334.5861392779,0
2,A1,0,0,0,1506.09418033954,-3493.90581966046,0
2,A1,0,0,1,9885.99861875119,4885.99861875119,0
2,A1,0,1,-1,14419.502570878,9419.50257087801,0
2,A1,0,1,0,10167.9252259965,5167.92522599647,0
2,A1,0,1,1,14101.4663213211,9101.4663213211,0
2,A1,1,-1,-1,18315.0967250046,13315.0967250046,0
2,A1,1,-1,0,15195.6380930901,10195.6380930901,0
2,A1,1,-1,1,18065.7705638611,13065.7705638611,0
2,A1,1,0,-1,15380.5445861867,10380.5445861867,0
2,A1,1,0,0,11490.2480729344,6490.24807293445,0
2,A1,1,0,1,15082.7865392132,10082.7865392132,0
2,A1,1,1,-1,18376.0587583159,13376.0587583159,0
2,A1,1,1,0,15269.0597123391,10269.0597123391,0
2,A1,1,1,1,18127.571086852,13127.571086852,0
2,A2,-1,-1,-1,15396.7596124785,10396.7596124785,0
2,A2,-1,-1,0,11227.3987450637,6227.39874506374,0
2,A2,-1,-1,1,14664.5408587132,9664.54085871315,0
2,A2,-1,0,-1,12059.61947872,7059.61947871998,0
2,A2,-1,0,0,5867.59729256628,867.597292566277,0
2,A2,-1,0,1,11109.5892815144,6109.58928151441,0
2,A2,-1,1,-1,15931.3727399303,10931.3727399303,0
2,A2,-1,1,0,11950.0172968412,6950.01729684118,0
2,A2,-1,1,1,15224.8871723574,10224.8871723574,0
2,A2,0,-1,-1,14850.1172015883,9850.11720158833,0
2,A2,0,-1,0,10465.1926364075,5465.19263640752,0
2,A2,0,-1,1,14089.5185486704,9089.51854867039,0
2,A2,0,0,-1,11353.4222289133,6353.42222891327,0
2,A2,0,0,0,4230.18584984047,-769.814150159529,0
2,A2,0,0,1,10338.7014823139,5338.70148231388,0
2,A2,0,1,-1,15403.7142181701,10403.7142181701,0
2,A2,0,1,0,11236.9340894776,6236.93408947756,0
2,A2,0,1,1,14671.8425478013,9671.84254780127,0
2,A2,1,-1,-1,20099.5461450593,15099.5461450593,0
2,A2,1,-1,0,17116.8347323206,12116.8347323206,0
2,A2,1,-1,1,19544.316495334,14544.316495334,0
2,A2,1,0,-1,17673.8782004528,12673.8782004528,0
2,A2,1,0,0,14190.1461113214,9190.1461113214,0
2,A2,1,0,1,17039.792330802,12039.792330802,0
2,A2,1,1,-1,20511.952273041,15511.952273041,0
2,A2,1,1,0,17599.2744756062,12599.2744756062,0
2,A2,1,1,1,19968.1931602219,14968.1931602219,0
2,A3,-1,-1,-1,16097.9487902374,11097.9487902374,0
2,A3,-1,-1,0,12693.8673616581,7693.86736165813,0
2,A3,-1,-1,1,16221.1153111502,11221.1153111502,0
2,A3,-1,0,-1,12847.1493203847,7847.14932038474,0
2,A3,-1,0,0,8187.76886596859,3187.76886596859,0
2,A3,-1,0,1,13001.1488855711,8001.14888557112,0
2,A3,-1,1,-1,16460.6967066226,11460.6967066226,0
2,A3,-1,1,0,13150.8497599843,8150.84975998432,0
2,A3,-1,1,1,16581.1689199508,11581.1689199508,0
2,A3,0,-1,-1,13982.3886905625,8982.3886905625,0
2,A3,0,-1,0,9874.08258200388,4874.08258200388,0
2,A3,0,-1,1,14124.015724237,9124.01572423703,0
2,A3,0,0,-1,10070.376552102,5070.37655210196,0
2,A3,0,0,0,1844.66724462366,-3155.33275537634,0
2,A3,0,0,1,10266.1146781852,5266.11467818521,0
2,A3,0,1,-1,14398.5337555002,9398.53375550024,0
2,A3,0,1,0,10455.0508200842,5455.05082008416,0
2,A3,0,1,1,14536.1068031576,9536.10680315761,0
2,A3,1,-1,-1,18217.3113201381,13217.3113201381,0
2,A3,1,-1,0,15292.5061738453,10292.5061738453,0
2,A3,1,-1,1,18326.239614808,13326.239614808,0
2,A3,1,0,-1,15419.9780201526,10419.9780201526,0
2,A3,1,0,0,11822.2686268013,6822.2686268013,0
2,A3,1,0,1,15548.5159686226,10548.5159686226,0
2,A3,1,1,-1,18538.6356711907,13538.6356711907,0
2,A3,1,1,0,15673.9058913662,10673.9058913662,0
2,A3,1,1,1,18645.6868801787,13645.6868801787,0
2,A4,-1,-1,-1,15533.4271382693,10533.4271382693,0
2,A4,-1,-1,0,12052.9539819438,7052.95398194385,0
2,A4,-1,-1,1,15787.9713934942,10787.9713934942,0
2,A4,-1,0,-1,12003.810345833,7003.81034583297,0
2,A4,-1,0,0,6933.81596594991,1933.81596594991,0
2,A4,-1,0,1,12331.4291499646,7331.42914996462,0
2,A4,-1,1,-1,15712.9108371916,10712.9108371916,0
2,A4,-1,1,0,12283.3996926123,7283.39969261229,0
2,A4,-1,1,1,15964.5936070857,10964.5936070857,0
2,A4,0,-1,-1,14237.1595122735,9237.15951227351,0
2,A4,0,-1,0,10328.7488113932,5328.74881139315,0
2,A4,0,-1,1,14514.454624263,9514.45462426304,0
2,A4,0,0,-1,10271.3589722454,5271.3589722454,0
2,A4,0,0,0,3080.12275204436,-1919.87724795564,0
2,A4,0,0,1,10652.3939656115,5652.39396561152,0
2,A4,0,1,-1,14432.7724050347,9432.77240503473,0
2,A4,0,1,0,10596.7570665023,5596.75706650234,0
2,A4,0,1,1,14706.3796142151,9706.37961421514,0
2,A4,1,-1,-1,19081.5634395067,14081.5634395067,0
2,A4,1,-1,0,16373.5275468317,11373.5275468317,0
2,A4,1,-1,1,19289.3427922724,14289.3427922724,0
2,A4,1,0,-1,16337.3855758725,11337.3855758725,0
2,A4,1,0,0,13072.7391347667,8072.7391347667,0
2,A4,1,0,1,16579.591355537,11579.591355537,0
2,A4,1,1,-1,19227.9554714882,14227.9554714882,0
2,A4,1,1,0,16543.8995597914,11543.8995597914,0
2,A4,1,1,1,19434.1697449467,14434.1697449467,0
2,A5,-1,-1,-1,16190.3492484253,11190.3492484253,0
2,A5,-1,-1,0,12613.6276617545,7613.62766175452,0
2,A5,-1,-1,1,16002.4934554828,11002.4934554828,0
2,A5,-1,0,-1,12353.7559896817,7353.75598968174,0
2,A5,-1,0,0,7042.12191430891,2042.12191430891,0
2,A5,-1,0,1,12106.5137450623,7106.51374506228,0
2,A5,-1,1,-1,15591.7659461399,10591.7659461399,0
2,A5,-1,1,0,11835.5126345503,6835.51263455034,0
2,A5,-1,1,1,15396.6085007703,10396.6085007703,0
2,A5,0,-1,-1,14887.548051791,9887.54805179104,0
2,A5,0,-1,0,10891.0642729615,5891.06427296155,0
2,A5,0,-1,1,14683.0335762461,9683.03357624615,0
2,A5,0,0,-1,10589.0020899515,5589.00208995154,0
2,A5,0,0,0,3017.14422333278,-1982.85577666722,0
2,A5,0,0,1,10299.4831553716,5299.48315537157,0
2,A5,0,1,-1,14234.2840890439,9234.28408904393,0
2,A5,0,1,0,9979.53092740342,4979.53092740342,0
2,A5,0,1,1,14020.2436332039,9020.24363320387,0
2,A5,1,-1,-1,19523.0828816247,14523.0828816247,0
2,A5,1,-1,0,16677.1388195392,11677.1388195392,0
2,A5,1,-1,1,19367.5799523217,14367.5799523217,0
2,A5,1,0,-1,16481.4636324994,11481.4636324994,0
2,A5,1,0,0,12985.177606517,7985.17760651702,0
2,A5,1,0,1,16296.9638729483,11296.9638729483,0
2,A5,1,1,-1,19029.6222173749,14029.6222173749,0
2,A5,1,1,0,16096.6678458432,11096.6678458432,0
2,A5,1,1,1,18870.0532522511,13870.0532522511,0
2,A6,-1,-1,-1,15951.6627079121,10951.6627079121,0
2,A6,-1,-1,0,12440.8327799469,7440.83277994689,0
2,A6,-1,-1,1,15971.6341483959,10971.6341483959,0
2,A6,-1,0,-1,12382.1140539921,7382.11405399211,0
2,A6,-1,0,0,7323.62789590483,2323.62789590483,0
2,A6,-1,0,1,12407.8323114588,7407.83231145883,0
2,A6,-1,1,-1,15880.1118933446,10880.1118933446,0
2,A6,-1,1,0,12348.9566707779,7348.95667077789,0
2,A6,-1,1,1,15900.1732056087,10900.1732056087,0
2,A6,0,-1,-1,14421.7807202732,9421.78072027318,0
2,A6,0,-1,0,10407.0426277233,5407.04262772329,0
2,A6,0,-1,1,14443.8676734058,9443.86767340577,0
2,A6,0,0,-1,10336.7772754722,5336.77727547215,0
2,A6,0,0,0,2677.26381858866,-2322.73618141134,0
2,A6,0,0,1,10367.570528621,5367.57052862098,0
2,A6,0,1,-1,14342.5998250593,9342.59982505933,0
2,A6,0,1,0,10297.0358284993,5297.0358284993,0
2,A6,0,1,1,14364.8085251772,9364.80852517724,0
2,A6,1,-1,-1,19013.678632508,14013.678632508,0
2,A6,1,-1,0,16181.4323300472,11181.4323300472,0
2,A6,1,-1,1,19030.4369199318,14030.4369199318,0
2,A6,1,0,-1,16136.3310711997,11136.3310711997,0
2,A6,1,0,0,12676.7486979498,7676.74869794982,0
2,A6,1,0,1,16156.0742342495,11156.0742342495,0
2,A6,1,1,-1,18953.6905572092,13953.6905572092,0
2,A6,1,1,0,16110.9019874757,11110.9019874757,0
2,A6,1,1,1,18970.5018373699,13970.5018373699,0
2,A7,-1,-1,-1,16535.9315304246,11535.9315304246,0
2,A7,-1,-1,0,13194.4648225442,8194.46482254419,0
2,A7,-1,-1,1,16575.6077513864,11575.6077513864,0
2,A7,-1,0,-1,13067.4571867348,8067.45718673482,0
2,A7,-1,0,0,8450.75781818489,3450.75781818489,0
2,A7,-1,0,1,13117.6285233299,8117.62852332992,0
2,A7,-1,1,-1,16373.1439581836,11373.1439581836,0
2,A7,-1,1,0,12989.869647147,7989.86964714697,0
2,A7,-1,1,1,16413.2136958103,11413.2136958103,0
2,A7,0,-1,-1,14298.4047598703,9298.40475987033,0
2,A7,0,-1,0,10251.8900233834,5251.8900233834,0
2,A7,0,-1,1,14344.2713103878,9344.27131038777,0
2,A7,0,0,-1,10087.902875491,5087.902875491,0
2,A7,0,0,0,1556.48796969499,-3443.51203030501,0
2,A7,0,0,1,10152.8087332654,5152.80873326543,0
2,A7,0,1,-1,14109.8260150009,9109.82601500092,0
2,A7,0,1,0,9987.19482878262,4987.19482878262,0
2,A7,0,1,1,14156.3035755287,9156.30357552874,0
2,A7,1,-1,-1,18315.3412683268,13315.3412683268,0
2,A7,1,-1,0,15365.8255928453,10365.8255928453,0
2,A7,1,-1,1,18351.1707126332,13351.1707126332,0
2,A7,1,0,-1,15256.9043886213,10256.9043886213,0
2,A7,1,0,0,11551.1904970006,6551.19049700062,0
2,A7,1,0,1,15299.8977863404,10299.8977863404,0
2,A7,1,1,-1,18168.5039910222,13168.5039910222,0
2,A7,1,1,0,15190.5038641335,10190.5038641335,0
2,A7,1,1,1,18204.6224355442,13204.6224355442,0
2,A8,-1,-1,-1,16919.9054851782,11919.9054851782,0
2,A8,-1,-1,0,13609.3506838183,8609.35068381831,0
2,A8,-1,-1,1,16856.62037429,11856.62037429,0
2,A8,-1,0,-1,13610.1293357748,8610.12933577477,0
2,A8,-1,0,0,9174.24901255138,4174.24901255138,0
2,A8,-1,0,1,13531.3735205293,8531.37352052935,0
2,A8,-1,1,-1,16857.8776673006,11857.8776673006,0
2,A8,-1,1,0,13532.1566593597,8532.15665935974,0
2,A8,-1,1,1,16794.3588225701,11794.3588225701,0
2,A8,0,-1,-1,14240.9383371457,9240.93833714571,0
2,A8,0,-1,0,10086.4041724576,5086.40417245756,0
2,A8,0,-1,1,14165.6900127721,9165.69001277213,0
2,A8,0,0,-1,10087.4547647829,5087.45476478286,0
2,A8,0,0,0,829.438387900712,-4170.56161209929,0
2,A8,0,0,1,9980.94146095979,4980.94146095979,0
2,A8,0,1,-1,14167.1861193638,9167.18611936381,0
2,A8,0,1,0,9982.00315309895,4982.00315309895,0
2,A8,0,1,1,14091.5439663743,9091.54396637431,0
2,A8,1,-1,-1,17869.6795667245,12869.6795667245,0
2,A8,1,-1,0,14773.512521577,9773.51252157701,0
2,A8,1,-1,1,17809.7696962363,12809.7696962363,0
2,A8,1,0,-1,14774.2298183886,9774.22981838864,0
2,A8,1,0,0,10826.3147531534,5826.31475315339,0
2,A8,1,0,1,14701.7113133856,9701.71131338558,0
2,A8,1,1,-1,17810.959705634,12810.959705634,0
2,A8,1,1,0,14702.4321132084,9702.43211320837,0
2,A8,1,1,1,17750.8516542526,12750.8516542526,0
2,A9,-1,-1,-1,16544.420725053,11544.420725053,0
2,A9,-1,-1,0,12988.2969919756,7988.29699197562,0
2,A9,-1,-1,1,16238.0374545683,11238.0374545683,0
2,A9,-1,0,-1,13053.3454443661,8053.34544436605,0
2,A9,-1,0,0,8085.03734772778,3085.03734772778,0
2,A9,-1,0,1,12662.7734141599,7662.77341415987,0
2,A9,-1,1,-1,16342.0255002965,11342.0255002965,0
2,A9,-1,1,0,12729.4854207286,7729.48542072864,0
2,A9,-1,1,1,16031.7747208706,11031.7747208706,0
2,A9,0,-1,-1,14564.6620947421,9564.66209474211,0
2,A9,0,-1,0,10349.2697113477,5349.2697113477,0
2,A9,0,-1,1,14215.6739264243,9215.67392642431,0
2,A9,0,0,-1,10430.7886612858,5430.78866128577,0
2,A9,0,0,0,1944.05599729246,-3055.94400270754,0
2,A9,0,0,1,9937.67353784626,4937.67353784626,0
2,A9,0,1,-1,14334.3406635533,9334.3406635533,0
2,A9,0,1,0,10022.5407897897,5022.54078978972,0
2,A9,0,1,1,13979.6039109554,8979.60391095541,0
2,A9,1,-1,-1,18722.7376935232,13722.7376935232,0
2,A9,1,-1,0,15669.0429945378,10669.0429945378,0
2,A9,1,-1,1,18452.5583589072,13452.5583589072,0
2,A9,1,0,-1,15723.0047033913,10723.0047033913,0
2,A9,1,0,0,11924.381683218,6924.38168321799,0
2,A9,1,0,1,15400.2883139007,10400.2883139007,0
2,A9,1,1,-1,18544.1324160839,13544.1324160839,0
2,A9,1,1,0,15455.1884067925,10455.1884067925,0
2,A9,1,1,1,18271.3122219959,13271.3122219959,0
2,A10,-1,-1,-1,16254.1747190065,11254.1747190065,0
2,A10,-1,-1,0,12893.8195071379,7893.81950713794,0
2,A10,-1,-1,1,16379.9562627411,11379.9562627411,0
2,A10,-1,0,-1,12807.2281461074,7807.22814610736,0
2,A10,-1,0,0,8128.80547639714,3128.80547639714,0
2,A10,-1,0,1,12966.4900478026,7966.49004780258,0
2,A10,-1,1,-1,16243.5214709403,11243.5214709403,0
2,A10,-1,1,0,12880.3872404349,7880.38724043487,0
2,A10,-1,1,1,16369.3848739107,11369.3848739107,0
2,A10,0,-1,-1,14199.8286525885,9199.82865258855,0
2,A10,0,-1,0,10182.7068822359,5182.70688223589,0
2,A10,0,-1,1,14343.6363986331,9343.63639863314,0
2,A10,0,0,-1,10072.8362814715,5072.83628147148,0
2,A10,0,0,0,1874.6776896276,-3125.3223103724,0
2,A10,0,0,1,10274.570654127,5274.57065412696,0
2,A10,0,1,-1,14187.6329154578,9187.63291545779,0
2,A10,0,1,0,10165.6929636125,5165.69296361251,0
2,A10,0,1,1,14331.5630381721,9331.56303817208,0
2,A10,1,-1,-1,18413.909735028,13413.909735028,0
2,A10,1,-1,0,15528.1826823495,10528.1826823495,0
2,A10,1,-1,1,18525.0328772469,13525.0328772469,0
2,A10,1,0,-1,15456.356903236,10456.356903236,0
2,A10,1,0,0,11872.2935613499,6872.29356134993,0
2,A10,1,0,1,15588.5772312142,10588.5772312142,0
2,A10,1,1,-1,18404.5066684947,13404.5066684947,0
2,A10,1,1,0,15517.0310110319,10517.0310110319,0
2,A10,1,1,1,18515.6862439388,13515.6862439388,0
2,A11,-1,-1,-1,16008.273412388,11008.273412388,0
2,A11,-1,-1,0,12343.6976900924,7343.69769009237,0
2,A11,-1,-1,1,15762.8971855752,10762.8971855752,0
2,A11,-1,0,-1,12344.9621815739,7344.96218157391,0
2,A11,-1,0,0,6964.2046410996,1964.2046410996,0
2,A11,-1,0,1,12025.0655425131,7025.06554251312,0
2,A11,-1,1,-1,15764.8775727315,10764.8775727315,0
2,A11,-1,1,0,12026.363536075,7026.36353607501,0
2,A11,-1,1,1,15515.6525779761,10515.6525779761,0
2,A11,0,-1,-1,14733.9398309763,9733.9398309763,0
2,A11,0,-1,0,10639.1276879946,5639.12768799458,0
2,A11,0,-1,1,14466.9655761005,9466.96557610047,0
2,A11,0,0,-1,10640.5947466084,5640.59474660845,0
2,A11,0,0,0,3053.57357536614,-1946.42642463386,0
2,A11,0,0,1,10267.7342485476,5267.7342485476,0
2,A11,0,1,-1,14469.1233383461,9469.12333834613,0
2,A11,0,1,0,10269.2543643098,5269.2543643098,0
2,A11,0,1,1,14197.1701482203,9197.17014822035,0
2,A11,1,-1,-1,19439.9883806522,14439.9883806522,0
2,A11,1,-1,0,16553.4045820947,11553.4045820947,0
2,A11,1,-1,1,19238.4318039994,14238.4318039994,0
2,A11,1,0,-1,16554.3475213798,11554.3475213798,0
2,A11,1,0,0,13044.0973960346,8044.09739603456,0
2,A11,1,0,1,16317.185170729,11317.185170729,0
2,A11,1,1,-1,19240.0544561946,14240.0544561946,0
2,A11,1,1,0,16318.1417598928,11318.1417598928,0
2,A11,1,1,1,19036.3811034183,14036.3811034183,0
2,A12,-1,-1,-1,15015.8239636588,10015.8239636588,0
2,A12,-1,-1,0,11102.7971948732,6102.79719487322,0
2,A12,-1,-1,1,14868.3974184638,9868.39741846377,0
2,A12,-1,0,-1,11280.1932688351,6280.19326883513,0
2,A12,-1,0,0,5003.98805206093,3.98805206093311,0
2,A12,-1,0,1,11083.1869364395,6083.18693643953,0
2,A12,-1,1,-1,15133.0945631407,10133.0945631407,0
2,A12,-1,1,0,11260.891940688,6260.89194068802,0
2,A12,-1,1,1,14986.8216624723,9986.82166247226,0
2,A12,0,-1,-1,15014.495425502,10014.495425502,0
2,A12,0,-1,0,11101.0003659723,6101.00036597226,0
2,A12,0,-1,1,14867.0557060977,9867.05570609768,0
2,A12,0,0,-1,11278.42470193,6278.42470193,0
2,A12,0,0,0,5000,2.72848410531878e-12,1
2,A12,0,0,1,11081.3869277675,6081.38692776745,0
2,A12,0,1,-1,15131.7763210995,10131.7763210995,0
2,A12,0,1,0,11259.1203419576,6259.12034195762,0
2,A12,0,1,1,14985.4905531177,9985.49055311768,0
2,A12,1,-1,-1,20625.1103380625,15625.1103380625,0
2,A12,1,-1,0,17977.550241903,12977.550241903,0
2,A12,1,-1,1,20518.0274135464,15518.0274135464,0
2,A12,1,0,-1,18087.6468157673,13087.6468157673,0
2,A12,1,0,0,14998.6700602031,9998.67006020306,0
2,A12,1,0,1,17965.4457172019,12965.4457172019,0
2,A12,1,1,-1,20710.6435971126,15710.6435971126,0
2,A12,1,1,0,18075.6160185349,13075.6160185349,0
2,A12,1,1,1,20604.0052099685,15604.0052099685,0
2,A13,-1,-1,-1,15402.3886102943,10402.3886102943,0
2,A13,-1,-1,0,12047.6715770848,7047.67157708482,0
2,A13,-1,-1,1,15907.834735,10907.834735,0
2,A13,-1,0,-1,11928.7063128409,6928.70631284087,0
2,A13,-1,0,0,7085.67920701924,2085.67920701924,0
2,A13,-1,0,1,12574.5642211394,7574.56422113944,0
2,A13,-1,1,-1,15727.5075486708,10727.5075486708,0
2,A13,-1,1,0,12460.6303701006,7460.63037010056,0
2,A13,-1,1,1,16222.827273538,11222.827273538,0
2,A13,0,-1,-1,13993.9843555922,8993.98435559216,0
2,A13,0,-1,0,10185.5001679512,5185.50016795118,0
2,A13,0,-1,1,14548.4442191634,9548.44421916339,0
2,A13,0,0,-1,10044.5038473807,5044.50384738069,0
2,A13,0,0,0,2967.30063640691,-2032.69936359309,0
2,A13,0,0,1,10803.5960954488,5803.59609544879,0
2,A13,0,1,-1,14351.0458481441,9351.04584814406,0
2,A13,0,1,0,10670.7700032523,5670.77000325226,0
2,A13,0,1,1,14892.2176988212,9892.21769882121,0
2,A13,1,-1,-1,18826.3013198715,13826.3013198715,0
2,A13,1,-1,0,16196.9885137136,11196.9885137136,0
2,A13,1,-1,1,19242.0178889883,14242.0178889883,0
2,A13,1,0,-1,16108.6958125753,11108.6958125753,0
2,A13,1,0,0,12938.4271188138,7938.42711881382,0
2,A13,1,0,1,16592.6402912747,11592.6402912747,0
2,A13,1,1,-1,19093.2066499467,14093.2066499467,0
2,A13,1,1,0,16506.4640581908,11506.4640581908,0
2,A13,1,1,1,19503.2348914512,14503.2348914512,0
2,A14,-1,-1,-1,14943.1574342502,9943.1574342502,0
2,A14,-1,-1,0,10955.9937384574,5955.9937384574,0
2,A14,-1,-1,1,14723.0989770988,9723.09897709883,0
2,A14,-1,0,-1,11333.5933157351,6333.59331573507,0
2,A14,-1,0,0,5018.58367856964,18.5836785696356,0
2,A14,-1,0,1,11041.8307735238,6041.83077352376,0
2,A14,-1,1,-1,15284.0675472259,10284.0675472259,0
2,A14,-1,1,0,11416.5916752984,6416.59167529843,0
2,A14,-1,1,1,15068.9883593035,10068.9883593035,0
2,A14,0,-1,-1,14936.9264564696,9936.9264564696,0
2,A14,0,-1,0,10947.4936244929,5947.49362449288,0
2,A14,0,-1,1,14716.7748284277,9716.7748284277,0
2,A14,0,0,-1,11325.3766077632,6325.37660776317,0
2,A14,0,0,0,5000,-4.54747350886464e-12,1
2,A14,0,0,1,11033.3967884931,6033.39678849314,0
2,A14,0,1,-1,15277.9756070416,10277.9756070416,0
2,A14,0,1,0,11408.4347454718,6408.43474547178,0
2,A14,0,1,1,15062.8094336355,10062.8094336355,0
2,A14,1,-1,-1,20565.1547484374,15565.1547484374,0
2,A14,1,-1,0,17879.078122753,12879.078122753,0
2,A14,1,-1,1,20405.8148382229,15405.8148382229,0
2,A14,1,0,-1,18112.9228223626,13112.9228223626,0
2,A14,1,0,0,14993.792644331,9993.792644331,0
2,A14,1,0,1,17931.8058921439,12931.8058921439,0
2,A14,1,1,-1,20814.186424421,15814.186424421,0
2,A14,1,1,0,18164.9718194904,13164.9718194904,0
2,A14,1,1,1,20656.7675567891,15656.7675567891,0
2,A15,-1,-1,-1,15788.1087744981,10788.1087744981,0
2,A15,-1,-1,0,12019.7736642856,7019.77366428561,0
2,A15,-1,-1,1,15481.7808796638,10481.7808796638,0
2,A15,-1,0,-1,12023.7238901847,7023.72389018466,0
2,A15,-1,0,0,6307.17975426939,1307.17975426939,0
2,A15,-1,0,1,11618.5668960476,6618.56689604764,0
2,A15,-1,1,-1,15487.9144399564,10487.9144399564,0
2,A15,-1,1,0,11622.6534820874,6622.65348208736,0
2,A15,-1,1,1,15175.5281367716,10175.5281367716,0
2,A15,0,-1,-1,14943.1985893322,9943.19858933222,0
2,A15,0,-1,0,10886.2190105421,5886.21901054213,0
2,A15,0,-1,1,14619.1772891212,9619.17728912121,0
2,A15,0,0,-1,10890.5804065822,5890.5804065822,0
2,A15,0,0,0,3716.89680479572,-1283.10319520428,0
2,A15,0,0,1,10441.5469219254,5441.54692192537,0
2,A15,0,1,-1,14625.672603482,9625.672603482,0
2,A15,0,1,0,10446.0939766744,5446.09397667436,0
2,A15,0,1,1,14294.4555557314,9294.45555573142,0
2,A15,1,-1,-1,19933.2383090419,14933.2383090419,0
2,A15,1,-1,0,17103.934335419,12103.934335419,0
2,A15,1,-1,1,19691.4994354313,14691.4994354313,0
2,A15,1,0,-1,17106.7105837758,12106.7105837758,0
2,A15,1,0,0,13705.8428147391,8705.8428147391,0
2,A15,1,0,1,16824.4080884768,11824.4080884768,0
2,A15,1,1,-1,19696.3221061466,14696.3221061466,0
2,A15,1,1,0,16827.2304546633,11827.2304546633,0
2,A15,1,1,1,19451.6391350348,14451.6391350348,0
2,A16,-1,-1,-1,15266.5002405967,10266.5002405967,0
2,A16,-1,-1,0,11318.6672520504,6318.6672520504,0
2,A16,-1,-1,1,14938.4881139002,9938.4881139002,0
2,A16,-1,0,-1,11407.0169004847,6407.01690048471,0
2,A16,-1,0,0,5016.59579141506,16.5957914150558,0
2,A16,-1,0,1,10964.1430171693,5964.14301716932,0
2,A16,-1,1,-1,15072.2937716775,10072.2937716775,0
2,A16,-1,1,0,11055.3262415113,6055.3262415113,0
2,A16,-1,1,1,14739.96055194,9739.96055194002,0
2,A16,0,-1,-1,15261.0548869236,10261.0548869236,0
2,A16,0,-1,0,11311.3215420743,6311.32154207433,0
2,A16,0,-1,1,14932.9231496949,9932.92314969492,0
2,A16,0,0,-1,11399.7281210343,6399.72812103431,0
2,A16,0,0,0,5000,4.54747350886464e-12,1
2,A16,0,0,1,10956.5596227328,5956.55962273284,0
2,A16,0,1,-1,15066.7782291141,10066.7782291141,0
2,A16,0,1,0,11047.8054369094,6047.80543690941,0
2,A16,0,1,1,14734.3206066077,9734.32060660771,0
2,A16,1,-1,-1,20802.248987243,15802.248987243,0
2,A16,1,-1,0,18104.6889421981,13104.6889421981,0
2,A16,1,-1,1,20562.7323199095,15562.7323199095,0
2,A16,1,0,-1,18160.0541821619,13160.0541821619,0
2,A16,1,0,0,14994.4578650099,9994.45786500988,0
2,A16,1,0,1,17885.1884371414,12885.1884371414,0
2,A16,1,1,-1,20660.1445510641,15660.1445510641,0
2,A16,1,1,0,17941.2310513343,12941.2310513343,0
2,A16,1,1,1,20418.9610510393,15418.9610510393,0
2,A17,-1,-1,-1,16791.022460122,11791.022460122,0
2,A17,-1,-1,0,13364.8568956358,8364.85689563578,0
2,A17,-1,-1,1,16592.1778083928,11592.1778083928,0
2,A17,-1,0,-1,13518.7604694545,8518.76046945446,0
2,A17,-1,0,0,8912.79132567263,3912.79132567263,0
2,A17,-1,0,1,13270.9763694871,8270.97636948713,0
2,A17,-1,1,-1,16839.6951874031,11839.6951874031,0
2,A17,-1,1,0,13425.9561517661,8425.95615176614,0
2,A17,-1,1,1,16641.4321250801,11641.4321250801,0
2,A17,0,-1,-1,14272.8900396491,9272.89003964906,0
2,A17,0,-1,0,10019.798135113,5019.798135113,0
2,A17,0,-1,1,14038.4229617473,9038.42296174732,0
2,A17,0,0,-1,10224.1791581562,5224.17915815618,0
2,A17,0,0,0,1102.18149257544,-3897.81850742456,0
2,A17,0,0,1,9894.22905673183,4894.22905673183,0
2,A17,0,1,-1,14330.1182420885,9330.11824208848,0
2,A17,0,1,0,10101.1510936496,5101.15109364956,0
2,A17,0,1,1,14096.6030660311,9096.60306603114,0
2,A17,1,-1,-1,18041.406400597,13041.406400597,0
2,A17,1,-1,0,14905.4791770008,9905.4791770008,0
2,A17,1,-1,1,17856.4910909312,12856.4910909312,0
2,A17,1,0,-1,15043.6296911904,10043.6296911904,0
2,A17,1,0,0,11090.1649613595,6090.16496135952,0
2,A17,1,0,1,14821.360378004,9821.36037800401,0
2,A17,1,1,-1,18086.7145623473,13086.7145623473,0
2,A17,1,1,0,14960.2877059343,9960.28770593428,0
2,A17,1,1,1,17902.2672538656,12902.2672538656,0
2,A18,-1,-1,-1,14773.5302151562,9773.53021515623,0
2,A18,-1,-1,0,10977.3898090337,5977.38980903375,0
2,A18,-1,-1,1,14924.7773524707,9924.77735247069,0
2,A18,-1,0,-1,11085.4215761046,6085.4215761046,0
2,A18,-1,0,0,5013.22885187874,13.2288518787391,0
2,A18,-1,0,1,11286.2019972466,6286.20199724661,0
2,A18,-1,1,-1,15083.6317915082,10083.6317915082,0
2,A18,-1,1,0,11391.3054573715,6391.30545737146,0
2,A18,-1,1,1,15231.8000257515,10231.8000257515,0
2,A18,0,-1,-1,14769.04639768,9769.04639768,0
2,A18,0,-1,0,10971.3546792622,5971.3546792622,0
2,A18,0,-1,1,14920.3389874196,9920.33898741957,0
2,A18,0,0,-1,11079.4452929132,6079.44529291318,0
2,A18,0,0,0,5000,2.72848410531878e-12,1
2,A18,0,0,1,11280.3320873698,6280.33208736977,0
2,A18,0,1,-1,15079.2401831288,10079.2401831288,0
2,A18,0,1,0,11385.4897348261,6385.48973482614,0
2,A18,0,1,1,15227.4511492625,10227.4511492625,0
2,A18,1,-1,-1,20444.8592065466,15444.8592065466,0
2,A18,1,-1,0,17895.1993556054,12895.1993556054,0
2,A18,1,-1,1,20554.4168484101,15554.4168484101,0
2,A18,1,0,-1,17961.6715390675,12961.6715390675,0
2,A18,1,0,0,14995.5838992248,9995.58389922482,0
2,A18,1,0,1,18086.2773527344,13086.2773527344,0
2,A18,1,1,-1,20670.0513056736,15670.0513056736,0
2,A18,1,1,0,18152.049828615,13152.049828615,0
2,A18,1,1,1,20778.4216191189,15778.4216191189,0
2,A19,-1,-1,-1,15685.649507788,10685.649507788,0
2,A19,-1,-1,0,11605.6329713453,6605.63297134533,0
2,A19,-1,-1,1,14944.6255506783,9944.62555067829,0
2,A19,-1,0,-1,12309.4465768166,7309.44657681658,0
2,A19,-1,0,0,6338.26405350158,1338.26405350158,0
2,A19,-1,0,1,11350.097241712,6350.09724171203,0
2,A19,-1,1,-1,16031.3863896369,11031.3863896369,0
2,A19,-1,1,0,12068.8220534666,7068.82205346664,0
2,A19,-1,1,1,15307.1088694976,10307.1088694976,0
2,A19,0,-1,-1,14829.1086440056,9829.10864400558,0
2,A19,0,-1,0,10418.904902154,5418.90490215405,0
2,A19,0,-1,1,14042.9589312416,9042.9589312416,0
2,A19,0,0,-1,11197.5594538298,6197.55945382981,0
2,A19,0,0,0,3746.52557798049,-1253.47442201951,0
2,A19,0,0,1,10133.4875581347,5133.4875581347,0
2,A19,0,1,-1,15194.3480369638,10194.3480369638,0
2,A19,0,1,0,10932.4895816458,5932.48958164583,0
2,A19,0,1,1,14428.112996411,9428.11299641098,0
2,A19,1,-1,-1,19843.5210048588,14843.5210048588,0
2,A19,1,-1,0,16805.2504311802,11805.2504311802,0
2,A19,1,-1,1,19263.113928934,14263.113928934,0
2,A19,1,0,-1,17298.7918773712,12298.7918773712,0
2,A19,1,0,0,13707.6371633121,8707.63716331206,0
2,A19,1,0,1,16629.8055546486,11629.8055546486,0
2,A19,1,1,-1,20117.929191717,15117.929191717,0
2,A19,1,1,0,17128.4030530387,12128.4030530387,0
2,A19,1,1,1,19545.6723427913,14545.6723427913,0
2,A20,-1,-1,-1,16517.6524116945,11517.6524116945,0
2,A20,-1,-1,0,12946.5056928275,7946.50569282753,0
2,A20,-1,-1,1,16198.4930816195,11198.4930816195,0
2,A20,-1,0,-1,13014.3400346802,8014.3400346802,0
2,A20,-1,0,0,8009.50778756967,3009.50778756967,0
2,A20,-1,0,1,12606.7990965192,7606.79909651925,0
2,A20,-1,1,-1,16306.8467792827,11306.8467792827,0
2,A20,-1,1,0,12676.4514097543,7676.45140975434,0
2,A20,-1,1,1,15983.4786202729,10983.4786202729,0
2,A20,0,-1,-1,14586.472224122,9586.47222412198,0
2,A20,0,-1,0,10370.3587404651,5370.35874046512,0
2,A20,0,-1,1,14224.0468526647,9224.04685266471,0
2,A20,0,0,-1,10454.9211995981,5454.9211995981,0
2,A20,0,0,0,2021.0259153868,-2978.9740846132,0
2,A20,0,0,1,9943.02339389405,4943.02339389405,0
2,A20,0,1,-1,14347.3197021091,9347.31970210915,0
2,A20,0,1,0,10031.1889173412,5031.18891734119,0
2,A20,0,1,1,13978.6952022085,8978.69520220854,0
2,A20,1,-1,-1,18780.2423492512,13780.2423492512,0
2,A20,1,-1,0,15731.391265793,10731.391265793,0
2,A20,1,-1,1,18500.1578268491,13500.1578268491,0
2,A20,1,0,-1,15787.2641088104,10787.2641088104,0
2,A20,1,0,0,12000.7031669895,7000.70316698946,0
2,A20,1,0,1,15453.0270485446,10453.0270485446,0
2,A20,1,1,-1,18595.104554319,13595.104554319,0
2,A20,1,1,0,15509.9027026901,10509.9027026901,0
2,A20,1,1,1,18312.1885723082,13312.1885723082,0
2,A21,-1,-1,-1,14953.8687273117,9953.86872731167,0
2,A21,-1,-1,0,11008.9046945685,6008.90469456849,0
2,A21,-1,-1,1,14791.0031855353,9791.00318553526,0
2,A21,-1,0,-1,11292.8310510534,6292.83105105343,0
2,A21,-1,0,0,5010.57140534477,10.57140534477,0
2,A21,-1,0,1,11076.2637413742,6076.2637413742,0
2,A21,-1,1,-1,15213.0824089533,10213.0824089533,0
2,A21,-1,1,0,11358.506461768,6358.50646176799,0
2,A21,-1,1,1,15053.0216801295,10053.0216801295,0
2,A21,0,-1,-1,14950.3298995578,9950.32989955778,0
2,A21,0,-1,0,11004.0972717454,6004.09727174535,0
2,A21,0,-1,1,14787.4253819404,9787.42538194041,0
2,A21,0,0,-1,11288.1445481345,6288.14454813447,0
2,A21,0,0,0,5000.00000000001,8.18545231595635e-12,1
2,A21,0,0,1,11071.485567006,6071.485567006,0
2,A21,0,1,-1,15209.6038927233,10209.6038927233,0
2,A21,0,1,0,11353.8470675788,6353.84706757876,0
2,A21,0,1,1,15049.5061677913,10049.5061677913,0
2,A21,1,-1,-1,20576.8447118977,15576.8447118977,0
2,A21,1,-1,0,17916.0355815112,12916.0355815112,0
2,A21,1,-1,1,20458.7908640368,15458.7908640368,0
2,A21,1,0,-1,18091.8871744083,13091.8871744083,0
2,A21,1,0,0,14996.4720581856,9996.4720581856,0
2,A21,1,0,1,17957.5044717345,12957.5044717345,0
2,A21,1,1,-1,20765.9872090273,15765.9872090273,0
2,A21,1,1,0,18132.9539078968,13132.9539078968,0
2,A21,1,1,1,20649.014748562,15649.014748562,0
2,A22,-1,-1,-1,16762.3746407615,11762.3746407615,0
2,A22,-1,-1,0,13557.0373793911,8557.03737939111,0
2,A22,-1,-1,1,16929.5399055961,11929.5399055961,0
2,A22,-1,0,-1,13463.1471289636,8463.14712896359,0
2,A22,-1,0,0,9169.09971180835,4169.09971180835,0
2,A22,-1,0,1,13670.7149935198,8670.7149935198,0
2,A22,-1,1,-1,16779.018375191,11779.018375191,0
2,A22,-1,1,0,13577.6108555209,8577.61085552093,0
2,A22,-1,1,1,16946.0194574692,11946.0194574692,0
2,A22,0,-1,-1,14057.6329848789,9057.63298487893,0
2,A22,0,-1,0,10021.6318055753,5021.63180557534,0
2,A22,0,-1,1,14256.5480729201,9256.54807292012,0
2,A22,0,0,-1,9894.24944886837,4894.24944886837,0
2,A22,0,0,0,843.937832660219,-4156.06216733978,0
2,A22,0,0,1,10174.8852560782,5174.88525607825,0
2,A22,0,1,-1,14077.474886332,9077.47488633199,0
2,A22,0,1,0,10049.4456605462,5049.44566054622,0
2,A22,0,1,1,14276.1135115001,9276.11351150006,0
2,A22,1,-1,-1,17727.2921417194,12727.2921417194,0
2,A22,1,-1,0,14733.3955891651,9733.39558916513,0
2,A22,1,-1,1,17885.4411322672,12885.4411322672,0
2,A22,1,0,-1,14647.0479516093,9647.04795160934,0
2,A22,1,0,0,10832.9161635133,5832.91616351325,0
2,A22,1,0,1,14838.0636039434,9838.0636039434,0
2,A22,1,1,-1,17743.0307646585,12743.0307646585,0
2,A22,1,1,0,14752.3286170212,9752.3286170212,0
2,A22,1,1,1,17901.0407109069,12901.0407109069,0
2,A23,-1,-1,-1,15794.7422023038,10794.7422023038,0
2,A23,-1,-1,0,12285.8730203849,7285.87302038486,0
2,A23,-1,-1,1,15887.4626831601,10887.4626831601,0
2,A23,-1,0,-1,11899.9312981442,6899.93129814417,0
2,A23,-1,0,0,6563.31924687011,1563.31924687011,0
2,A23,-1,0,1,12022.7265697977,7022.72656979772,0
2,A23,-1,1,-1,15288.6509726616,10288.6509726616,0
2,A23,-1,1,0,11628.0541450258,6628.05414502576,0
2,A23,-1,1,1,15384.4219207429,10384.4219207429,0
2,A23,0,-1,-1,14780.1080049726,9780.10800497264,0
2,A23,0,-1,0,10950.8167400629,5950.81674006286,0
2,A23,0,-1,1,14879.1525938215,9879.15259382151,0
2,A23,0,0,-1,10515.991455967,5515.99145596703,0
2,A23,0,0,0,3472.01251981556,-1527.98748018444,0
2,A23,0,0,1,10654.7484988403,5654.74849884034,0
2,A23,0,1,-1,14237.9970489281,9237.99704892815,0
2,A23,0,1,0,10207.3186783342,5207.31867833424,0
2,A23,0,1,1,14340.7862140419,9340.78621404195,0
2,A23,1,-1,-1,19683.2239239429,14683.2239239429,0
2,A23,1,-1,0,16997.0026379907,11997.0026379907,0
2,A23,1,-1,1,19757.7046569597,14757.7046569597,0
2,A23,1,0,-1,16720.1611147558,11720.1611147558,0
2,A23,1,0,0,13454.8349056827,8454.83490568266,0
2,A23,1,0,1,16807.7772764563,11807.7772764563,0
2,A23,1,1,-1,19279.4779848083,14279.4779848083,0
2,A23,1,1,0,16527.7665158512,11527.7665158512,0
2,A23,1,1,1,19355.5124096025,14355.5124096025,0
2,A24,-1,-1,-1,14530.196900325,9530.19690032501,0
2,A24,-1,-1,0,10955.7235881429,5955.72358814286,0
2,A24,-1,-1,1,15130.4043804971,10130.4043804971,0
2,A24,-1,0,-1,10800.4118160715,5800.41181607152,0
2,A24,-1,0,0,5054.71589451997,54.7158945199681,0
2,A24,-1,0,1,11595.3184584076,6595.31845840761,0
2,A24,-1,1,-1,14905.4073688464,9905.40736884639,0
2,A24,-1,1,0,11448.6866586887,6448.68665868866,0
2,A24,-1,1,1,15491.0840029486,10491.0840029486,0
2,A24,0,-1,-1,14511.2531915029,9511.25319150285,0
2,A24,0,-1,0,10930.5867438796,5930.58674387963,0
2,A24,0,-1,1,15112.2130723151,10112.2130723151,0
2,A24,0,0,-1,10774.9126503385,5774.91265033849,0
2,A24,0,0,0,5000,9.09494701772928e-13,1
2,A24,0,0,1,11571.5710851023,6571.57108510229,0
2,A24,0,1,-1,14886.9411249238,9886.9411249238,0
2,A24,0,1,0,11424.6344989467,6424.63449894669,0
2,A24,0,1,1,15473.3167359845,10473.3167359845,0
2,A24,1,-1,-1,20249.1065584037,15249.1065584037,0
2,A24,1,-1,0,17858.5434397983,12858.5434397983,0
2,A24,1,-1,1,20684.0235730077,15684.0235730077,0
2,A24,1,0,-1,17763.6873944604,12763.6873944604,0
2,A24,1,0,0,14981.6503505351,9981.65035053506,0
2,A24,1,0,1,18257.9052632897,13257.9052632897,0
2,A24,1,1,-1,20520.0112885601,15520.0112885601,0
2,A24,1,1,0,18165.1347548046,13165.1347548046,0
2,A24,1,1,1,20949.3049535727,15949.3049535727,0
2,A25,-1,-1,-1,14571.062828408,9571.06282840801,0
2,A25,-1,-1,0,11303.4439760203,6303.44397602034,0
2,A25,-1,-1,1,15595.5063876954,10595.5063876954,0
2,A25,-1,0,-1,10524.3188556924,5524.31885569244,0
2,A25,-1,0,0,5119.8887825714,119.888782571398,0
2,A25,-1,0,1,11902.3205685075,6902.32056850753,0
2,A25,-1,1,-1,14463.9794940104,9463.9794940104,0
2,A25,-1,1,0,11165.0650053088,6165.06500530876,0
2,A25,-1,1,1,15495.5041977468,10495.5041977468,0
2,A25,0,-1,-1,14529.3706265452,9529.37062654516,0
2,A25,0,-1,0,11249.6481977496,6249.64819774957,0
2,A25,0,-1,1,15556.5599777954,10556.5599777954,0
2,A25,0,0,-1,10466.5192987155,5466.51929871546,0
2,A25,0,0,0,5000,4.54747350886464e-12,1
2,A25,0,0,1,11851.2435537211,6851.24355372115,0
2,A25,0,1,-1,14421.9777304381,9421.97773043812,0
2,A25,0,1,0,11110.5992379741,6110.59923797407,0
2,A25,0,1,1,15456.3058069025,10456.3058069025,0
2,A25,1,-1,-1,20245.7242314918,15245.7242314918,0
2,A25,1,-1,0,18037.2205017078,13037.2205017078,0
2,A25,1,-1,1,20995.0779278584,15995.0779278584,0
2,A25,1,0,-1,17559.4636901154,12559.4636901154,0
2,A25,1,0,0,14959.5032957014,9959.50329570135,0
2,A25,1,0,1,18418.4340437431,13418.4340437431,0
2,A25,1,1,-1,20168.7922422577,15168.7922422577,0
2,A25,1,1,0,17950.8260055344,12950.8260055344,0
2,A25,1,1,1,20920.9017026176,15920.9017026176,0
2,A26,-1,-1,-1,15003.1723596104,10003.1723596104,0
2,A26,-1,-1,0,11190.795554438,6190.79555443795,0
2,A26,-1,-1,1,15012.4158425711,10012.4158425711,0
2,A26,-1,0,-1,11174.1507341546,6174.15073415455,0
2,A26,-1,0,0,5000.03689172976,0.0368917297619191,0
2,A26,-1,0,1,11186.5585953729,6186.55859537287,0
2,A26,-1,1,-1,14987.5984869837,9987.59848698373,0
2,A26,-1,1,0,11169.9074613933,6169.90746139327,0
2,A26,-1,1,1,14996.8515690841,9996.85156908412,0
2,A26,0,-1,-1,15003.1600649169,10003.1600649169,0
2,A26,0,-1,0,11190.7790712966,6190.77907129659,0
2,A26,0,-1,1,15012.4035554478,10012.4035554478,0
2,A26,0,0,-1,11174.1342264601,6174.13422646015,0
2,A26,0,0,0,5000,9.09494701772928e-13,1
2,A26,0,0,1,11186.5421059884,6186.54210598842,0
2,A26,0,1,-1,14987.5861795146,9987.58617951464,0
2,A26,0,1,0,11169.8909474278,6169.89094742784,0
2,A26,0,1,1,14996.8392692088,9996.83926920877,0
2,A26,1,-1,-1,20617.8185804139,15617.8185804139,0
2,A26,1,-1,0,18034.2221152982,13034.2221152982,0
2,A26,1,-1,1,20624.5458517991,15624.5458517991,0
2,A26,1,0,-1,18023.8982129918,13023.8982129918,0
2,A26,1,0,0,14999.9877027063,9999.98770270634,0
2,A26,1,0,1,18031.5932565704,13031.5932565704,0
2,A26,1,1,-1,20606.4885550576,15606.4885550576,0
2,A26,1,1,0,18021.2678482612,13021.2678482612,0
2,A26,1,1,1,20613.2195240778,15613.2195240778,0
2,A27,-1,-1,-1,14835.282205343,9835.28220534299,0
2,A27,-1,-1,0,11573.8317578008,6573.83175780082,0
2,A27,-1,-1,1,15742.3494118124,10742.3494118124,0
2,A27,-1,0,-1,11020.8978303134,6020.89783031343,0
2,A27,-1,0,0,5943.75070405209,943.750704052089,0
2,A27,-1,0,1,12214.5878308534,7214.58783085341,0
2,A27,-1,1,-1,14927.6515185828,9927.65151858282,0
2,A27,-1,1,0,11691.9956938908,6691.99569389078,0
2,A27,-1,1,1,15829.42660843,10829.42660843,0
2,A27,0,-1,-1,14213.7355547034,9213.73555470341,0
2,A27,0,-1,0,10765.6055038605,5765.60550386054,0
2,A27,0,-1,1,15158.0422650969,10158.0422650969,0
2,A27,0,0,-1,10168.818480683,5168.81848068303,0
2,A27,0,0,0,4156.06216733979,-843.937832660213,0
2,A27,0,0,1,11451.67394683,6451.67394683002,0
2,A27,0,1,-1,14310.117405777,9310.11740577699,0
2,A27,0,1,0,10892.5407326681,5892.54073266811,0
2,A27,0,1,1,15248.4565467639,10248.4565467639,0
2,A27,1,-1,-1,19595.2789907649,14595.2789907649,0
2,A27,1,-1,0,17258.1268442327,12258.1268442327,0
2,A27,1,-1,1,20290.6610443657,15290.6610443657,0
2,A27,1,0,-1,16892.2926093516,11892.2926093516,0
2,A27,1,0,0,14114.4441281145,9114.44412811452,0
2,A27,1,0,1,17694.2226868371,12694.2226868371,0
2,A27,1,1,-1,19665.3029591205,14665.3029591205,0
2,A27,1,1,0,17337.5927948406,12337.5927948406,0
2,A27,1,1,1,20358.2933313532,15358.2933313532,0
2,A28,-1,-1,-1,16800.375403215,11800.375403215,0
2,A28,-1,-1,0,13574.9235917148,8574.92359171483,0
2,A28,-1,-1,1,16920.5344878003,11920.5344878003,0
2,A28,-1,0,-1,13547.9981934464,8547.99819344638,0
2,A28,-1,0,0,9250.63197200981,4250.63197200981,0
2,A28,-1,0,1,13696.7196333105,8696.71963331052,0
2,A28,-1,1,-1,16877.3189935576,11877.3189935576,0
2,A28,-1,1,0,13670.0341346408,8670.03413464078,0
2,A28,-1,1,1,16996.9341374904,11996.9341374904,0
2,A28,0,-1,-1,14044.7714064324,9044.77140643237,0
2,A28,0,-1,0,9964.01227874013,4964.01227874013,0
2,A28,0,-1,1,14188.2866309794,9188.28663097937,0
2,A28,0,0,-1,9927.29798180826,4927.29798180826,0
2,A28,0,0,0,759.724984160844,-4240.27501583916,0
2,A28,0,0,1,10129.3197641057,5129.31976410568,0
2,A28,0,1,-1,14136.7212103899,9136.72121038993,0
2,A28,0,1,0,10093.2067952773,5093.20679527732,0
2,A28,0,1,1,14279.3123169211,9279.31231692115,0
2,A28,1,-1,-1,17670.8402185331,12670.8402185331,0
2,A28,1,-1,0,14638.4606725186,9638.46067251855,0
2,A28,1,-1,1,17785.1192768791,12785.1192768791,0
2,A28,1,0,-1,14613.4949751797,9613.49497517971,0
2,A28,1,0,0,10750.8219323709,5750.82193237086,0
2,A28,1,0,1,14751.4781989294,9751.47819892943,0
2,A28,1,1,-1,17744.0096018424,12744.0096018424,0
2,A28,1,1,0,14726.7040977342,9726.70409773417,0
2,A28,1,1,1,17857.8204273132,12857.8204273132,0
2,A29,-1,-1,-1,14769.6067857175,9769.60678571754,0
2,A29,-1,-1,0,10985.6814025779,5985.68140257793,0
2,A29,-1,-1,1,14940.8536286646,9940.85362866458,0
2,A29,-1,0,-1,11071.9181144343,6071.91811443432,0
2,A29,-1,0,0,5013.11101083666,13.1110108366574,0
2,A29,-1,0,1,11299.3448164575,6299.34481645749,0
2,A29,-1,1,-1,15067.6294373323,10067.6294373323,0
2,A29,-1,1,0,11383.2055298583,6383.20552985831,0
2,A29,-1,1,1,15235.5268832171,10235.5268832171,0
2,A29,0,-1,-1,14765.1617870493,9765.16178704934,0
2,A29,0,-1,0,10979.7046350061,5979.70463500612,0
2,A29,0,-1,1,14936.4595920924,9936.45959209236,0
2,A29,0,0,-1,11065.9879236229,6065.98792362286,0
2,A29,0,0,0,4999.99999999999,-5.45696821063757e-12,1
2,A29,0,0,1,11293.5340471543,6293.53404715428,0
2,A29,0,1,-1,15063.2723819823,10063.2723819823,0
2,A29,0,1,0,11377.4375906012,6377.43759060119,0
2,A29,0,1,1,15231.2178568313,10231.2178568313,0
2,A29,1,-1,-1,20442.0821001866,15442.0821001866,0
2,A29,1,-1,0,17900.3528419136,12900.3528419136,0
2,A29,1,-1,1,20566.1504210009,15566.1504210009,0
2,A29,1,0,-1,17953.4065491426,12953.4065491426,0
2,A29,1,0,0,14995.6232945826,9995.6232945826,0
2,A29,1,0,1,18094.5469483837,13094.5469483837,0
2,A29,1,1,-1,20658.4339398421,15658.4339398421,0
2,A29,1,1,0,18147.0329288579,13147.0329288579,0
2,A29,1,1,1,20781.2106335335,15781.2106335335,0
2,A30,-1,-1,-1,16459.5358019448,11459.5358019448,0
2,A30,-1,-1,0,13202.686207496,8202.68620749597,0
2,A30,-1,-1,1,16664.4990135229,11664.4990135229,0
2,A30,-1,0,-1,13156.2631472651,8156.26314726509,0
2,A30,-1,0,0,8745.391030605,3745.391030605,0
2,A30,-1,0,1,13411.8033297647,8411.8033297647,0
2,A30,-1,1,-1,16590.9071838965,11590.9071838965,0
2,A30,-1,1,0,13366.1065932742,8366.10659327422,0
2,A30,-1,1,1,16794.2671689142,11794.2671689142,0
2,A30,0,-1,-1,14001.9612307708,9001.96123077077,0
2,A30,0,-1,0,9972.43814651706,4972.43814651706,0
2,A30,0,-1,1,14242.3357236167,9242.33572361674,0
2,A30,0,0,-1,9910.89599847511,4910.89599847511,0
2,A30,0,0,0,1272.97437943224,-3727.02562056776,0
2,A30,0,0,1,10247.6859850794,5247.68598507936,0
2,A30,0,1,-1,14156.1576946985,9156.15769469852,0
2,A30,0,1,0,10187.8066803053,5187.80668030529,0
2,A30,0,1,1,14393.9573861178,9393.95738611776,0
2,A30,1,-1,-1,17921.8726086453,12921.8726086453,0
2,A30,1,-1,0,14986.2644471067,9986.26444710667,0
2,A30,1,-1,1,18110.2933812988,13110.2933812988,0
2,A30,1,0,-1,14945.3825305709,9945.38253057092,0
2,A30,1,0,0,11258.7327556522,6258.73275565218,0
2,A30,1,0,1,15170.8163109734,10170.8163109734,0
2,A30,1,1,-1,18042.5995956701,13042.5995956701,0
2,A30,1,1,0,15130.4330555268,10130.4330555268,0
2,A30,1,1,1,18229.7725911729,13229.7725911729,0
2,A31,-1,-1,-1,14660.2830682387,9660.28306823874,0
2,A31,-1,-1,0,10987.0572087151,5987.05720871508,0
2,A31,-1,-1,1,15050.1479253285,10050.1479253285,0
2,A31,-1,0,-1,10930.7071421469,5930.7071421469,0
2,A31,-1,0,0,5027.11498715434,27.1149871543366,0
2,A31,-1,0,1,11448.2929540068,6448.29295400682,0
2,A31,-1,1,-1,14967.8594867093,9967.85948670935,0
2,A31,-1,1,0,11394.2241543936,6394.22415439355,0
2,A31,-1,1,1,15349.9143498345,10349.9143498345,0
2,A31,0,-1,-1,14651.007287788,9651.00728778796,0
2,A31,0,-1,0,10974.6772623848,5974.67726238482,0
2,A31,0,-1,1,15041.112574547,10041.112574547,0
2,A31,0,0,-1,10918.2633020691,5918.26330206913,0
2,A31,0,0,0,5000,1.81898940354586e-12,1
2,A31,0,0,1,11436.4123074805,6436.41230748046,0
2,A31,0,1,-1,14958.7744324127,9958.77443241268,0
2,A31,0,1,0,11382.2870718715,6382.28707187153,0
2,A31,0,1,1,15341.0555521184,10341.0555521184,0
2,A31,1,-1,-1,20356.328977808,15356.328977808,0
2,A31,1,-1,0,17893.3411055463,12893.3411055463,0
2,A31,1,-1,1,20638.8755116679,15638.8755116679,0
2,A31,1,0,-1,17858.7958283653,12858.7958283653,0
2,A31,1,0,0,14990.934424042,9990.93442404203,0
2,A31,1,0,1,18180.1991565719,13180.1991565719,0
2,A31,1,1,-1,20578.9467035058,15578.9467035058,0
2,A31,1,1,0,18146.1999849121,13146.1999849121,0
2,A31,1,1,1,20858.4779013022,15858.4779013022,0
2,A32,-1,-1,-1,16687.2464122609,11687.2464122609,0
2,A32,-1,-1,0,13314.3762424984,8314.37624249839,0
2,A32,-1,-1,1,16615.6864628006,11615.6864628006,0
2,A32,-1,0,-1,13462.7021675021,8462.70216750215,0
2,A32,-1,0,0,8947.22144322792,3947.22144322792,0
2,A32,-1,0,1,13373.8997101611,8373.89971016114,0
2,A32,-1,1,-1,16853.0266266395,11853.0266266395,0
2,A32,-1,1,0,13521.5727037024,8521.5727037024,0
2,A32,-1,1,1,16782.173586422,11782.173586422,0
2,A32,0,-1,-1,14126.0514635821,9126.05146358215,0
2,A32,0,-1,0,9917.34600863869,4917.34600863869,0
2,A32,0,-1,1,14041.4448600688,9041.4448600688,0
2,A32,0,0,-1,10115.6061004333,5115.6061004333,0
2,A32,0,0,0,1064.85148373562,-3935.14851626438,0
2,A32,0,0,1,9997.11611344514,4997.11611344514,0
2,A32,0,1,-1,14321.509822867,9321.50982286698,0
2,A32,0,1,0,10193.8248714487,5193.8248714487,0
2,A32,0,1,1,14238.064735527,9238.06473552697,0
2,A32,1,-1,-1,17906.04554557,12906.04554557,0
2,A32,1,-1,0,14813.3348366706,9813.33483667058,0
2,A32,1,-1,1,17839.3752941803,12839.3752941803,0
2,A32,1,0,-1,14946.7930977645,9946.79309776447,0
2,A32,1,0,0,11055.0913976625,6055.09139766245,0
2,A32,1,0,1,14866.8580310017,9866.85803100174,0
2,A32,1,1,-1,18060.6417586622,13060.6417586622,0
2,A32,1,1,0,14999.8400870817,9999.84008708168,0
2,A32,1,1,1,17994.5442993512,12994.5442993512,0
2,A33,-1,-1,-1,14947.5688714955,9947.56887149547,0
2,A33,-1,-1,0,10754.4765120115,5754.47651201152,0
2,A33,-1,-1,1,14418.3117918401,9418.31179184007,0
2,A33,-1,0,-1,11558.2353483656,6558.23534836562,0
2,A33,-1,0,0,5081.51102011161,81.5110201116077,0
2,A33,-1,0,1,10865.1140871517,5865.11408715172,0
2,A33,-1,1,-1,15612.6805375732,10612.6805375732,0
2,A33,-1,1,0,11661.249652058,6661.24965205805,0
2,A33,-1,1,1,15106.7433064487,10106.7433064487,0
2,A33,0,-1,-1,14920.0556607737,9920.05566077368,0
2,A33,0,-1,0,10716.2031895579,5716.20318955794,0
2,A33,0,-1,1,14389.7866794195,9389.7866794195,0
2,A33,0,0,-1,11522.6320830222,6522.63208302222,0
2,A33,0,0,0,5000,3.63797880709171e-12,1
2,A33,0,0,1,10827.2318659622,5827.23186596219,0
2,A33,0,1,-1,15586.3414347563,10586.3414347563,0
2,A33,0,1,0,11625.9618612874,6625.96186128736,0
2,A33,0,1,1,15079.5205188831,10079.5205188831,0
2,A33,1,-1,-1,20537.4367113588,15537.4367113588,0
2,A33,1,-1,0,17720.4756299704,12720.4756299704,0
2,A33,1,-1,1,20155.5006494923,15155.5006494923,0
2,A33,1,0,-1,18219.4757299209,13219.4757299209,0
2,A33,1,0,0,14972.583135601,9972.58313560103,0
2,A33,1,0,1,17787.8384193187,12787.8384193187,0
2,A33,1,1,-1,21026.4663001962,16026.4663001962,0
2,A33,1,1,0,18285.0002721518,13285.0002721518,0
2,A33,1,1,1,20653.575594359,15653.575594359,0
2,A34,-1,-1,-1,15027.5309123172,10027.5309123172,0
2,A34,-1,-1,0,11219.8268027944,6219.82680279444,0
2,A34,-1,-1,1,15031.378567808,10031.378567808,0
2,A34,-1,0,-1,11211.275449947,6211.275449947,0
2,A34,-1,0,0,5074.49754937756,74.4975493775646,0
2,A34,-1,0,1,11216.4323000985,6216.43230009853,0
2,A34,-1,1,-1,15018.6120899542,10018.6120899542,0
2,A34,-1,1,0,11207.8783573241,6207.87835732407,0
2,A34,-1,1,1,15022.4620297948,10022.4620297948,0
2,A34,0,-1,-1,14977.8783295373,9977.8783295373,0
2,A34,0,-1,0,11153.2357376,6153.23573759999,0
2,A34,0,-1,1,14981.7387369601,9981.73873696015,0
2,A34,0,0,-1,11144.6332890929,6144.63328909289,0
2,A34,0,0,0,4925.51310143542,-74.486898564579,0
2,A34,0,0,1,11149.8209616328,6149.82096163282,0
2,A34,0,1,-1,14968.9299230871,9968.92992308708,0
2,A34,0,1,0,11141.2158764807,6141.21587648074,0
2,A34,0,1,1,14972.7926376612,9972.79263766119,0
2,A34,1,-1,-1,20563.2437418856,15563.2437418856,0
2,A34,1,-1,0,17969.5526197023,12969.5526197023,0
2,A34,1,-1,1,20566.0557598268,15566.0557598268,0
2,A34,1,0,-1,17964.2145690295,12964.2145690295,0
2,A34,1,0,0,14925.5094802886,9925.50948028861,0
2,A34,1,0,1,17967.4333562209,12967.4333562209,0
2,A34,1,1,-1,20556.726805989,15556.726805989,0
2,A34,1,1,0,17962.0946757364,12962.0946757364,0
2,A34,1,1,1,20559.53971528,15559.53971528,0
2,A35,-1,-1,-1,16697.9490507877,11697.9490507877,0
2,A35,-1,-1,0,13229.6828527757,8229.68285277569,0
2,A35,-1,-1,1,16468.9864371597,11468.9864371597,0
2,A35,-1,0,-1,13440.8298442534,8440.82984425337,0
2,A35,-1,0,0,8766.92151125445,3766.92151125445,0
2,A35,-1,0,1,13155.3000219235,8155.30002192348,0
2,A35,-1,1,-1,16807.448090107,11807.448090107,0
2,A35,-1,1,0,13367.6219719128,8367.62197191276,0
2,A35,-1,1,1,16579.9976799241,11579.9976799241,0
2,A35,0,-1,-1,14266.5268318839,9266.52683188394,0
2,A35,0,-1,0,9986.83101525146,4986.83101525146,0
2,A35,0,-1,1,13997.8498209372,8997.84982093723,0
2,A35,0,0,-1,10264.9009856079,5264.90098560786,0
2,A35,0,0,0,1253.4744220195,-3746.5255779805,0
2,A35,0,0,1,9888.0839402273,4888.0839402273,0
2,A35,0,1,-1,14394.5335681224,9394.53356812238,0
2,A35,0,1,0,10168.8545336299,5168.85453362993,0
2,A35,0,1,1,14128.2910646847,9128.29106468471,0
2,A35,1,-1,-1,18117.5625619736,13117.5625619736,0
2,A35,1,-1,0,14981.6247139404,9981.62471394039,0
2,A35,1,-1,1,17906.7608726892,12906.7608726892,0
2,A35,1,0,-1,15168.4039235015,10168.4039235015,0
2,A35,1,0,0,11237.5924231491,6237.59242314911,0
2,A35,1,0,1,14915.9810053225,9915.98100532252,0
2,A35,1,1,-1,18218.5312796055,13218.5312796055,0
2,A35,1,1,0,15103.5720234747,10103.5720234747,0
2,A35,1,1,1,18008.9115093226,13008.9115093226,0
2,A36,-1,-1,-1,15222.0128366742,10222.0128366742,0
2,A36,-1,-1,0,11283.0053306882,6283.00533068817,0
2,A36,-1,-1,1,14929.9277890016,9929.92778900156,0
2,A36,-1,0,-1,11915.6920855033,6915.69208550334,0
2,A36,-1,0,0,6130.27343346038,1130.27343346038,0
2,A36,-1,0,1,11540.2247318435,6540.22473184354,0
2,A36,-1,1,-1,15882.6244982742,10882.6244982742,0
2,A36,-1,1,0,12159.5351656896,7159.53516568962,0
2,A36,-1,1,1,15602.9109443753,10602.9109443753,0
2,A36,0,-1,-1,14478.0805452913,9478.08054529129,0
2,A36,0,-1,0,10257.2584430931,5257.25844309313,0
2,A36,0,-1,1,14170.6698945699,9170.66989456986,0
2,A36,0,0,-1,10949.377121672,5949.37712167202,0
2,A36,0,0,0,3935.14851626438,-1064.85148373562,0
2,A36,0,0,1,10539.5411824956,5539.54118249561,0
2,A36,0,1,-1,15171.1206715011,10171.1206715011,0
2,A36,0,1,0,11214.251509651,6214.25150965102,0
2,A36,0,1,1,14878.0365443217,9878.03654432174,0
2,A36,1,-1,-1,19685.5266059105,14685.5266059105,0
2,A36,1,-1,0,16826.0658576054,11826.0658576054,0
2,A36,1,-1,1,19460.5505250221,14460.5505250221,0
2,A36,1,0,-1,17256.7088643421,12256.7088643421,0
2,A36,1,0,0,13906.4925599924,8906.49255999245,0
2,A36,1,0,1,16999.6196961458,11999.6196961458,0
2,A36,1,1,-1,20200.6941441455,15200.6941441455,0
2,A36,1,1,0,17425.9742452977,12425.9742452977,0
2,A36,1,1,1,19981.5192838343,14981.5192838343,0
2,A37,-1,-1,-1,16576.9016228238,11576.9016228238,0
2,A37,-1,-1,0,13245.3789979015,8245.37899790153,0
2,A37,-1,-1,1,16615.8497279953,11615.8497279953,0
2,A37,-1,0,-1,13089.3909765432,8089.39097654324,0
2,A37,-1,0,0,8484.01753428668,3484.01753428668,0
2,A37,-1,0,1,13138.6814752225,8138.68147522254,0
2,A37,-1,1,-1,16366.754255528,11366.754255528,0
2,A37,-1,1,0,12981.4114119427,7981.41141194272,0
2,A37,-1,1,1,16406.2012553604,11406.2012553604,0
2,A37,0,-1,-1,14323.0534325016,9323.05343250158,0
2,A37,0,-1,0,10285.7307477674,5285.73074776739,0
2,A37,0,-1,1,14368.1124160705,9368.11241607051,0
2,A37,0,0,-1,10084.0640792454,5084.06407924544,0
2,A37,0,0,0,1527.98748018443,-3472.01251981557,0
2,A37,0,0,1,10147.9625110104,5147.9625110104,0
2,A37,0,1,-1,14079.3052768367,9079.30527683668,0
2,A37,0,1,0,9943.50212267455,4943.50212267455,0
2,A37,0,1,1,14125.1418346474,9125.14183464737,0
2,A37,1,-1,-1,18316.8242839148,13316.8242839148,0
2,A37,1,-1,0,15367.2524946096,10367.2524946096,0
2,A37,1,-1,1,18352.0801714235,13352.0801714235,0
2,A37,1,0,-1,15233.00825746,10233.00825746,0
2,A37,1,0,0,11519.1552623062,6519.15526230622,0
2,A37,1,0,1,15275.3833124537,10275.3833124537,0
2,A37,1,1,-1,18126.8593334829,13126.8593334829,0
2,A37,1,1,0,15140.3245236405,10140.3245236405,0
2,A37,1,1,1,18162.4839729158,13162.4839729158,0
2,A38,-1,-1,-1,15739.4769932643,10739.4769932643,0
2,A38,-1,-1,0,12214.1053660163,7214.10536601628,0
2,A38,-1,-1,1,15831.5382626831,10831.5382626831,0
2,A38,-1,0,-1,11908.1955273112,6908.19552731121,0
2,A38,-1,0,0,6577.10837582342,1577.10837582342,0
2,A38,-1,0,1,12029.6129803905,7029.61298039046,0
2,A38,-1,1,-1,15358.3562080013,10358.3562080013,0
2,A38,-1,1,0,11718.888141906,6718.88814190601,0
2,A38,-1,1,1,15452.6882176907,10452.6882176907,0
2,A38,0,-1,-1,14708.1799192499,9708.17991924985,0
2,A38,0,-1,0,10852.8240752201,5852.82407522008,0
2,A38,0,-1,1,14806.65472949,9806.65472949,0
2,A38,0,0,-1,10507.3565292229,5507.35652922291,0
2,A38,0,0,0,3443.51203030501,-1556.48796969499,0
2,A38,0,0,1,10644.7643925785,5644.76439257851,0
2,A38,0,1,-1,14299.5988030218,9299.59880302179,0
2,A38,0,1,0,10292.3155702706,5292.31557027058,0
2,A38,0,1,1,14400.8678095692,9400.86780956919,0
2,A38,1,-1,-1,19619.6324392827,14619.6324392827,0
2,A38,1,-1,0,16922.8606010688,11922.8606010688,0
2,A38,1,-1,1,19693.5635372032,14693.5635372032,0
2,A38,1,0,-1,16703.4116798854,11703.4116798854,0
2,A38,1,0,0,13433.4357339582,8433.43573395817,0
2,A38,1,0,1,16790.1884887882,11790.1884887882,0
2,A38,1,1,-1,19315.2257673295,14315.2257673295,0
2,A38,1,1,0,16568.9824767112,11568.9824767112,0
2,A38,1,1,1,19390.317536962,14390.317536962,0
2,A39,-1,-1,-1,15627.6223272098,10627.6223272098,0
2,A39,-1,-1,0,12150.8914645036,7150.89146450357,0
2,A39,-1,-1,1,15845.0543439391,10845.0543439391,0
2,A39,-1,0,-1,11997.2494857137,6997.2494857137,0
2,A39,-1,0,0,6881.5389995768,1881.5389995768,0
2,A39,-1,0,1,12279.1352620181,7279.13526201806,0
2,A39,-1,1,-1,15609.1451028879,10609.1451028879,0
2,A39,-1,1,0,12127.1181499665,7127.11814996651,0
2,A39,-1,1,1,15826.8309652781,10826.8309652781,0
2,A39,0,-1,-1,14374.7918295509,9374.79182955085,0
2,A39,0,-1,0,10490.7685096546,5490.76850965461,0
2,A39,0,-1,1,14610.8797717112,9610.8797717112,0
2,A39,0,0,-1,10312.4224003613,5312.42240036125,0
2,A39,0,0,0,3125.32231037239,-1874.67768962761,0
2,A39,0,0,1,10639.0424063423,5639.04240634233,0
2,A39,0,1,-1,14354.7020653172,9354.70206531725,0
2,A39,0,1,0,10463.2239374039,5463.22393740391,0
2,A39,0,1,1,14591.1150685786,9591.11506857859,0
2,A39,1,-1,-1,19210.5882440892,14210.5882440892,0
2,A39,1,-1,0,16506.613355385,11506.613355385,0
2,A39,1,-1,1,19387.8794158726,14387.8794158726,0
2,A39,1,0,-1,16393.8438538522,11393.8438538522,0
2,A39,1,0,0,13121.7262616138,8121.72626161385,0
2,A39,1,0,1,16601.2434433378,11601.2434433378,0
2,A39,1,1,-1,19195.560213889,14195.560213889,0
2,A39,1,1,0,16489.1211319851,11489.1211319851,0
2,A39,1,1,1,19372.9889146078,14372.9889146078,0
2,A40,-1,-1,-1,16691.4802270626,11691.4802270626,0
2,A40,-1,-1,0,13401.7278644354,8401.7278644354,0
2,A40,-1,-1,1,16751.3315092964,11751.3315092964,0
2,A40,-1,0,-1,13474.9728772826,8474.97287728265,0
2,A40,-1,0,0,9087.11679387169,4087.11679387169,0
2,A40,-1,0,1,13549.0401581598,8549.0401581598,0
2,A40,-1,1,-1,16868.4402336607,11868.4402336607,0
2,A40,-1,1,0,13621.4930715596,8621.49307155958,0
2,A40,-1,1,1,16927.6658485601,11927.6658485601,0
2,A40,0,-1,-1,14031.7565306974,9031.75653069737,0
2,A40,0,-1,0,9893.9875135726,4893.9875135726,0
2,A40,0,-1,1,14102.899932308,9102.89993230799,0
2,A40,0,0,-1,9992.97619379978,4992.97619379978,0
2,A40,0,0,0,927.56174555182,-4072.43825444818,0
2,A40,0,0,1,10092.6294083243,5092.62940832434,0
2,A40,0,1,-1,14241.8030839824,9241.80308398237,0
2,A40,0,1,0,10189.68854602,5189.68854602003,0
2,A40,0,1,1,14311.9023978943,9311.90239789434,0
2,A40,1,-1,-1,17753.1650840946,12753.1650840946,0
2,A40,1,-1,0,14702.9135917027,9702.91359170272,0
2,A40,1,-1,1,17809.4487749351,12809.4487749351,0
2,A40,1,0,-1,14769.7072542483,9769.70725424831,0
2,A40,1,0,0,10915.3584438697,5915.35844386969,0
2,A40,1,0,1,14837.3126791923,9837.31267919226,0
2,A40,1,1,-1,17919.6438092189,12919.6438092189,0
2,A40,1,1,0,14903.5040118503,9903.5040118503,0
2,A40,1,1,1,17975.4062377794,12975.4062377794,0
2,A41,-1,-1,-1,16684.7521949833,11684.7521949833,0
2,A41,-1,-1,0,13204.1675088715,8204.16750887153,0
2,A41,-1,-1,1,16441.3844732333,11441.3844732333,0
2,A41,-1,0,-1,13393.0933571948,8393.09335719478,0
2,A41,-1,0,0,8680.09409331918,3680.09409331918,0
2,A41,-1,0,1,13088.6636927997,8088.66369279974,0
2,A41,-1,1,-1,16744.2211984037,11744.2211984037,0
2,A41,-1,1,0,13279.2329347523,8279.23293475231,0
2,A41,-1,1,1,16501.7305495439,11501.7305495439,0
2,A41,0,-1,-1,14311.8386048533,9311.8386048533,0
2,A41,0,-1,0,10039.8111558788,5039.81115587882,0
2,A41,0,-1,1,14027.3622552513,9027.36225525128,0
2,A41,0,0,-1,10287.0169688742,5287.01696887417,0
2,A41,0,0,0,1338.58205286218,-3661.41794713782,0
2,A41,0,0,1,9887.41046516146,4887.41046516146,0
2,A41,0,1,-1,14381.1234604408,9381.12346044081,0
2,A41,0,1,0,10138.3329881584,5138.33298815839,0
2,A41,0,1,1,14098.0452394337,9098.04523943374,0
2,A41,1,-1,-1,18201.0025189477,13201.0025189477,0
2,A41,1,-1,0,15074.6667123714,10074.6667123714,0
2,A41,1,-1,1,17978.1717725529,12978.1717725529,0
2,A41,1,0,-1,15240.4227815791,10240.4227815791,0
2,A41,1,0,0,11324.2911634952,6324.29116349518,0
2,A41,1,0,1,14973.5985704825,9973.59857048246,0
2,A41,1,1,-1,18255.5328716477,13255.5328716477,0
2,A41,1,1,0,15140.4611627966,10140.4611627966,0
2,A41,1,1,1,18033.3759461863,13033.3759461863,0
2,A42,-1,-1,-1,16114.0665309285,11114.0665309285,0
2,A42,-1,-1,0,12646.7270188877,7646.72701888768,0
2,A42,-1,-1,1,16131.2203015562,11131.2203015562,0
2,A42,-1,0,-1,12596.6323480566,7596.63234805664,0
2,A42,-1,0,0,7678.00173477323,2678.00173477323,0
2,A42,-1,0,1,12618.5686496629,7618.56864966287,0
2,A42,-1,1,-1,16052.6369441604,11052.6369441604,0
2,A42,-1,1,0,12568.3617463891,7568.36174638914,0
2,A42,-1,1,1,16069.8562879439,11069.8562879439,0
2,A42,0,-1,-1,14356.410863877,9356.41086387703,0
2,A42,0,-1,0,10314.2181972033,5314.21819720333,0
2,A42,0,-1,1,14375.6621115896,9375.66211158964,0
2,A42,0,0,-1,10252.7332571058,5252.73325710581,0
2,A42,0,0,0,2322.73618141134,-2677.26381858866,0
2,A42,0,0,1,10279.6725383405,5279.67253834046,0
2,A42,0,1,-1,14287.4261359519,9287.42613595187,0
2,A42,0,1,0,10217.9797277815,5217.97972778154,0
2,A42,0,1,1,14306.7702100938,9306.77021009383,0
2,A42,1,-1,-1,18776.3128867652,13776.3128867652,0
2,A42,1,-1,0,15900.5185371037,10900.5185371037,0
2,A42,1,-1,1,18791.0365301079,13791.0365301079,0
2,A42,1,0,-1,15860.7040187572,10860.7040187572,0
2,A42,1,0,0,12322.27641703,7322.27641703001,0
2,A42,1,0,1,15878.1315092415,10878.1315092415,0
2,A42,1,1,-1,18723.619797452,13723.619797452,0
2,A42,1,1,0,15838.2607140624,10838.2607140624,0
2,A42,1,1,1,18738.3848443158,13738.3848443158,0
2,A43,-1,-1,-1,15859.1414293668,10859.1414293668,0
2,A43,-1,-1,0,12406.2900185352,7406.29001853522,0
2,A43,-1,-1,1,16009.9874194628,11009.9874194628,0
2,A43,-1,0,-1,12595.3990992595,7595.39909925951,0
2,A43,-1,0,0,7813.30554995623,2813.30554995623,0
2,A43,-1,0,1,12784.8116436781,7784.81164367807,0
2,A43,-1,1,-1,16302.6313846139,11302.6313846139,0
2,A43,-1,1,0,12968.4021841531,7968.4021841531,0
2,A43,-1,1,1,16449.4109425626,11449.4109425626,0
2,A43,0,-1,-1,13979.5417282504,8979.54172825043,0
2,A43,0,-1,0,9890.96820737204,4890.96820737204,0
2,A43,0,-1,1,14150.4387644551,9150.43876445511,0
2,A43,0,0,-1,10127.156487626,5127.15648762599,0
2,A43,0,0,0,2227.77100982453,-2772.22899017547,0
2,A43,0,0,1,10361.7869510796,5361.78695107963,0
2,A43,0,1,-1,14480.7116578515,9480.71165785146,0
2,A43,0,1,0,10587.4772852264,5587.47728522639,0
2,A43,0,1,1,14645.7618583853,9645.76185838532,0
2,A43,1,-1,-1,18421.2596471341,13421.2596471341,0
2,A43,1,-1,0,15548.1983565454,10548.1983565454,0
2,A43,1,-1,1,18551.2839793323,13551.2839793323,0
2,A43,1,0,-1,15699.5069534079,10699.5069534079,0
2,A43,1,0,0,12201.5648065096,7201.56480650955,0
2,A43,1,0,1,15851.872093693,10851.872093693,0
2,A43,1,1,-1,18804.4204955397,13804.4204955397,0
2,A43,1,1,0,16000.3092257751,11000.3092257751,0
2,A43,1,1,1,18931.8134490009,13931.8134490009,0
2,A44,-1,-1,-1,16430.6752187014,11430.6752187014,0
2,A44,-1,-1,0,12941.5005946592,7941.50059465922,0
2,A44,-1,-1,1,16278.7526285241,11278.7526285241,0
2,A44,-1,0,-1,12942.2693984142,7942.26939841418,0
2,A44,-1,0,0,8063.35455503747,3063.35455503747,0
2,A44,-1,0,1,12748.8445036936,7748.84450369362,0
2,A44,-1,1,-1,16279.9750067316,11279.9750067316,0
2,A44,-1,1,0,12749.6249246369,7749.62492463689,0
2,A44,-1,1,1,16126.6327923109,11126.6327923109,0
2,A44,0,-1,-1,14447.7672077286,9447.76720772863,0
2,A44,0,-1,0,10307.9254356943,5307.92543569434,0
2,A44,0,-1,1,14274.7566104277,9274.75661042772,0
2,A44,0,0,-1,10308.8906448462,5308.8906448462,0
2,A44,0,0,0,1946.42642463387,-3053.57357536613,0
2,A44,0,0,1,10064.9851130356,5064.98511303561,0
2,A44,0,1,-1,14276.1505794131,9276.15057941307,0
2,A44,0,1,0,10065.9736173503,5065.97361735027,0
2,A44,0,1,1,14101.0345139748,9101.03451397475,0
2,A44,1,-1,-1,18641.589697099,13641.589697099,0
2,A44,1,-1,0,15653.2493730249,10653.2493730249,0
2,A44,1,-1,1,18507.8244381456,13507.8244381456,0
2,A44,1,0,-1,15653.8849961812,10653.8849961812,0
2,A44,1,0,0,11939.8268401507,6939.82684015067,0
2,A44,1,0,1,15494.3478233806,10494.3478233806,0
2,A44,1,1,-1,18508.8996029571,13508.8996029571,0
2,A44,1,1,0,15494.9899648713,10494.9899648713,0
2,A44,1,1,1,18374.1683760266,13374.1683760266,0
2,A45,-1,-1,-1,16160.9461802844,11160.9461802844,0
2,A45,-1,-1,0,12793.0025932812,7793.00259328115,0
2,A45,-1,-1,1,16313.9709838331,11313.9709838331,0
2,A45,-1,0,-1,12764.1691076532,7764.16910765317,0
2,A45,-1,0,0,8087.56742898729,3087.56742898729,0
2,A45,-1,0,1,12957.3716790121,7957.37167901209,0
2,A45,-1,1,-1,16268.7382600952,11268.7382600952,0
2,A45,-1,1,0,12928.9047674246,7928.90476742458,0
2,A45,-1,1,1,16420.7585815876,11420.7585815876,0
2,A45,0,-1,-1,14122.7958694747,9122.79586947468,0
2,A45,0,-1,0,10096.439822061,5096.43982206103,0
2,A45,0,-1,1,14297.6512403313,9297.65124033134,0
2,A45,0,0,-1,10059.8804534432,5059.88045344323,0
2,A45,0,0,0,1919.87724795563,-3080.12275204437,0
2,A45,0,0,1,10303.9149140929,5303.91491409291,0
2,A45,0,1,-1,14246.0179104298,9246.01791042981,0
2,A45,0,1,0,10268.0942834557,5268.0942834557,0
2,A45,0,1,1,14419.3791171321,9419.37911713206,0
2,A45,1,-1,-1,18377.4466371053,13377.4466371053,0
2,A45,1,-1,0,15498.8799211202,10498.8799211202,0
2,A45,1,-1,1,18512.158510529,13512.158510529,0
2,A45,1,0,-1,15475.088900112,10475.088900112,0
2,A45,1,0,0,11914.8273330342,6914.82733303422,0
2,A45,1,0,1,15634.827926321,10634.827926321,0
2,A45,1,1,-1,18472.3092230801,13472.3092230801,0
2,A45,1,1,0,15611.244086963,10611.244086963,0
2,A45,1,1,1,18606.3342937932,13606.3342937932,0
2,A46,-1,-1,-1,16541.5456897271,11541.5456897271,0
2,A46,-1,-1,0,13102.8221968972,8102.82219689721,0
2,A46,-1,-1,1,16423.9205198294,11423.9205198294,0
2,A46,-1,0,-1,12943.0990646369,7943.09906463692,0
2,A46,-1,0,0,8098.45844066496,3098.45844066496,0
2,A46,-1,0,1,12792.4291998568,7792.42919985684,0
2,A46,-1,1,-1,16168.6391817209,11168.6391817209,0
2,A46,-1,1,0,12628.7809667779,7628.78096677794,0
2,A46,-1,1,1,16048.2810426857,11048.2810426857,0
2,A46,0,-1,-1,14552.6645314139,9552.66453141395,0
2,A46,0,-1,0,10480.5181495022,5480.51814950224,0
2,A46,0,-1,1,14418.8236829576,9418.82368295757,0
2,A46,0,0,-1,10280.1325164391,5280.13251643911,0
2,A46,0,0,0,1934.51292932385,-3065.48707067615,0
2,A46,0,0,1,10089.7748236466,5089.77482364664,0
2,A46,0,1,-1,14127.3565873883,9127.35658738832,0
2,A46,0,1,0,9881.46850753452,4881.46850753452,0
2,A46,0,1,1,13989.4472937128,8989.44729371281,0
2,A46,1,-1,-1,18706.6126308965,13706.6126308965,0
2,A46,1,-1,0,15747.9704038517,10747.9704038517,0
2,A46,1,-1,1,18602.6822678549,13602.6822678549,0
2,A46,1,0,-1,15615.3269486775,10615.3269486775,0
2,A46,1,0,0,11912.1640113065,6912.16401130646,0
2,A46,1,0,1,15490.6703260523,10490.6703260523,0
2,A46,1,1,-1,18377.6906956714,13377.6906956714,0
2,A46,1,1,0,15355.804473356,10355.804473356,0
2,A46,1,1,1,18271.8895230382,13271.8895230382,0
2,A47,-1,-1,-1,16813.3994433755,11813.3994433755,0
2,A47,-1,-1,0,13398.471511323,8398.47151132297,0
2,A47,-1,-1,1,16623.7082757418,11623.7082757418,0
2,A47,-1,0,-1,13545.1997052348,8545.1997052348,0
2,A47,-1,0,0,8961.08659995692,3961.08659995692,0
2,A47,-1,0,1,13309.0086426135,8309.00864261354,0
2,A47,-1,1,-1,16859.8478423409,11859.8478423409,0
2,A47,-1,1,0,13456.7123497577,8456.7123497577,0
2,A47,-1,1,1,16670.6852067141,11670.6852067141,0
2,A47,0,-1,-1,14265.2878148436,9265.28781484365,0
2,A47,0,-1,0,10016.340371491,5016.34037149103,0
2,A47,0,-1,1,14041.2147777461,9041.21477774611,0
2,A47,0,0,-1,10211.7809735874,5211.78097358736,0
2,A47,0,0,0,1053.14227422283,-3946.85772577717,0
2,A47,0,0,1,9896.35016796545,4896.35016796545,0
2,A47,0,1,-1,14320.003661477,9320.003661477,0
2,A47,0,1,0,10094.1142683224,5094.11426832237,0
2,A47,0,1,1,14096.8003766523,9096.80037665228,0
2,A47,1,-1,-1,18008.5110999814,13008.5110999814,0
2,A47,1,-1,0,14870.6122952415,9870.61229524154,0
2,A47,1,-1,1,17831.5380164646,12831.5380164646,0
2,A47,1,0,-1,15002.9499182777,10002.9499182777,0
2,A47,1,0,0,11041.609676473,6041.60967647304,0
2,A47,1,0,1,14790.0568709122,9790.05687091221,0
2,A47,1,1,-1,18051.884678962,13051.884678962,0
2,A47,1,1,0,14923.1088738164,9923.10887381638,0
2,A47,1,1,1,17875.3410165236,12875.3410165236,0
2,A48,-1,-1,-1,16883.9515409051,11883.9515409051,0
2,A48,-1,-1,0,13505.3455756452,8505.34557564517,0
2,A48,-1,-1,1,16724.8587019312,11724.8587019312,0
2,A48,-1,0,-1,13538.6905999756,8538.6905999756,0
2,A48,-1,0,0,8979.01345604477,3979.01345604477,0
2,A48,-1,0,1,13339.7609471009,8339.76094710091,0
2,A48,-1,1,-1,16778.6908514372,11778.6908514372,0
2,A48,-1,1,0,13373.518840233,8373.51884023302,0
2,A48,-1,1,1,16618.590362965,11618.590362965,0
2,A48,0,-1,-1,14335.8359518817,9335.83595188169,0
2,A48,0,-1,0,10141.1405631334,5141.14056313337,0
2,A48,0,-1,1,14148.1190058323,9148.11900583235,0
2,A48,0,0,-1,10185.5051895082,5185.50518950819,0
2,A48,0,0,0,1034.91808732073,-3965.08191267927,0
2,A48,0,0,1,9919.55618611181,4919.55618611181,0
2,A48,0,1,-1,14211.7148680845,9211.71486808445,0
2,A48,0,1,0,9964.90737406516,4964.90737406516,0
2,A48,0,1,1,14022.3364121556,9022.33641215556,0
2,A48,1,-1,-1,18054.4887837594,13054.4887837594,0
2,A48,1,-1,0,14942.9282513455,9942.92825134551,0
2,A48,1,-1,1,17905.7991781106,12905.7991781106,0
2,A48,1,0,-1,14973.0721219504,9973.07212195042,0
2,A48,1,0,0,11023.5850906633,6023.5850906633,0
2,A48,1,0,1,14793.443403517,9793.44340351697,0
2,A48,1,1,-1,17956.0912309824,12956.0912309824,0
2,A48,1,1,0,14823.891249511,9823.891249511,0
2,A48,1,1,1,17806.5799989581,12806.5799989581,0
2,A49,-1,-1,-1,17008.7793506735,12008.7793506735,0
2,A49,-1,-1,0,13703.8736958621,8703.87369586206,0
2,A49,-1,-1,1,16920.2167109166,11920.2167109166,0
2,A49,-1,0,-1,13800.0638214081,8800.06382140814,0
2,A49,-1,0,0,9430.76565010392,4430.76565010392,0
2,A49,-1,0,1,13690.7603886498,8690.76038864979,0
2,A49,-1,1,-1,17075.8586299482,12075.8586299482,0
2,A49,-1,1,0,13787.0420040783,8787.04200407832,0
2,A49,-1,1,1,16987.6457019348,11987.6457019348,0
2,A49,0,-1,-1,14166.6054655238,9166.60546552376,0
2,A49,0,-1,0,9959.43219707077,4959.43219707077,0
2,A49,0,-1,1,14060.1518114241,9060.1518114241,0
2,A49,0,0,-1,10091.3773535057,5091.3773535057,0
2,A49,0,0,0,577.473950139756,-4422.52604986024,0
2,A49,0,0,1,9941.38096218691,4941.38096218691,0
2,A49,0,1,-1,14247.0727999083,9247.07279990833,0
2,A49,0,1,0,10073.5625593992,5073.56255939923,0
2,A49,0,1,1,14141.2249084148,9141.22490841484,0
2,A49,1,-1,-1,17665.9799001278,12665.9799001278,0
2,A49,1,-1,0,14511.5273180999,9511.52731809991,0
2,A49,1,-1,1,17580.728209497,12580.728209497,0
2,A49,1,0,-1,14602.3981697103,9602.39816971027,0
2,A49,1,0,0,10570.1282669133,5570.12826691332,0
2,A49,1,0,1,14499.1444868738,9499.14448687378,0
2,A49,1,1,-1,17730.5729964318,12730.5729964318,0
2,A49,1,1,0,14590.0924621484,9590.09246214842,0
2,A49,1,1,1,17645.633378439,12645.633378439,0
3,A1,-1,-1,-1,14097.2315821372,9097.23158213723,0
3,A1,-1,-1,0,11266.8577311317,6266.8577311317,0
3,A1,-1,-1,1,15973.485154678,10973.485154678,0
3,A1,-1,0,-1,10114.14763514,5114.14763514002,0
3,A1,-1,0,0,5523.23521485037,523.235214850372,0
3,A1,-1,0,1,12598.2646460422,7598.26464604225,0
3,A1,-1,1,-1,14347.8230575377,9347.82305753766,0
3,A1,-1,1,0,11578.8674464977,6578.8674464977,0
3,A1,-1,1,1,16195.0707376263,11195.0707376263,0
3,A1,0,-1,-1,13856.0295836973,8856.02958369732,0
3,A1,0,-1,0,10963.5624081523,5963.56240815229,0
3,A1,0,-1,1,15761.0229849019,10761.0229849019,0
3,A1,0,0,-1,9775.15216911206,4775.15216911206,0
3,A1,0,0,0,4874.80715336013,-125.192846639874,0
3,A1,0,0,1,12327.7690453547,7327.76904535471,0
3,A1,0,1,-1,14110.9051458189,9110.90514581886,0
3,A1,0,1,0,11283.9615777196,6283.9615777196,0
3,A1,0,1,1,15985.5539078446,10985.5539078446,0
3,A1,1,-1,-1,19627.7144203848,14627.7144203848,0
3,A1,1,-1,0,17704.7258725273,12704.7258725273,0
3,A1,1,-1,1,21015.885969297,16015.885969297,0
3,A1,1,0,-1,16994.4466656959,11994.4466656959,0
3,A1,1,0,0,14731.6449294143,9731.64492941433,0
3,A1,1,0,1,18580.4065396722,13580.4065396722,0
3,A1,1,1,-1,19808.4643922285,14808.4643922285,0
3,A1,1,1,0,17904.898950604,12904.898950604,0
3,A1,1,1,1,21184.7952854044,16184.7952854044,0
3,A2,-1,-1,-1,17567.1960112866,12567.1960112866,0
3,A2,-1,-1,0,12598.6929237644,7598.69292376443,0
3,A2,-1,-1,1,14451.565696341,9451.56569634098,0
3,A2,-1,0,-1,14573.2556607552,9573.25566075515,0
3,A2,-1,0,0,7905.72376459484,2905.72376459484,0
3,A2,-1,0,1,10612.3115262617,5612.31152626172,0
3,A2,-1,1,-1,17780.6969888275,12780.6969888275,0
3,A2,-1,1,0,12894.7226839838,7894.72268398384,0
3,A2,-1,1,1,14710.3555628406,9710.35556284059,0
3,A2,0,-1,-1,16081.4499593015,11081.4499593015,0
3,A2,0,-1,0,10427.5462349426,5427.54623494264,0
3,A2,0,-1,1,12603.7457991747,7603.74579917471,0
3,A2,0,0,-1,12743.0937235934,7743.09372359344,0
3,A2,0,0,0,3536.54143714368,-1463.45856285632,0
3,A2,0,0,1,7913.77362735262,2913.77362735262,0
3,A2,0,1,-1,16314.4059806986,11314.4059806986,0
3,A2,0,1,0,10783.3450372045,5783.34503720446,0
3,A2,0,1,1,12899.6596032512,7899.65960325115,0
3,A2,1,-1,-1,20214.3436670121,15214.3436670121,0
3,A2,1,-1,0,16085.4088408228,11085.4088408228,0
3,A2,1,-1,1,17574.443526461,12574.443526461,0
3,A2,1,0,-1,17674.6455337255,12674.6455337255,0
3,A2,1,0,0,12748.0893639474,7748.0893639474,0
3,A2,1,0,1,14581.9912947285,9581.99129472846,0
3,A2,1,1,-1,20400.159303241,15400.159303241,0
3,A2,1,1,0,16318.3083463316,11318.3083463316,0
3,A2,1,1,1,17787.8575150102,12787.8575150102,0
3,A3,-1,-1,-1,17119.9164070905,12119.9164070905,0
3,A3,-1,-1,0,13325.2362093117,8325.23620931167,0
3,A3,-1,-1,1,16187.4118463124,11187.4118463124,0
3,A3,-1,0,-1,13682.9759043938,8682.97590439378,0
3,A3,-1,0,0,8467.24346221405,3467.24346221405,0
3,A3,-1,0,1,12496.5832969093,7496.58329690929,0
3,A3,-1,1,-1,16773.6734621453,11773.6734621453,0
3,A3,-1,1,0,12877.3640028875,7877.36400288749,0
3,A3,-1,1,1,15820.7738720661,10820.7738720661,0
3,A3,0,-1,-1,14985.4047066644,9985.40470666436,0
3,A3,0,-1,0,10441.8741838189,5441.87418381893,0
3,A3,0,-1,1,13910.5398428275,8910.53984282745,0
3,A3,0,0,-1,10894.7072487963,5894.70724879628,0
3,A3,0,0,0,1779.05263698407,-3220.94736301593,0
3,A3,0,0,1,9361.37866627271,4361.37866627271,0
3,A3,0,1,-1,14588.589302994,9588.58930299397,0
3,A3,0,1,0,9863.94039416378,4863.94039416378,0
3,A3,0,1,1,13482.1252904652,8482.12529046521,0
3,A3,1,-1,-1,18868.8412643509,13868.8412643509,0
3,A3,1,-1,0,15508.1769691817,10508.1769691817,0
3,A3,1,-1,1,18027.0334541112,13027.0334541112,0
3,A3,1,0,-1,15816.6198182079,10816.6198182079,0
3,A3,1,0,0,11603.2687085111,6603.26870851112,0
3,A3,1,0,1,14802.2372285442,9802.23722854418,0
3,A3,1,1,-1,18555.2621724454,13555.2621724454,0
3,A3,1,1,0,15125.0830257678,10125.0830257678,0
3,A3,1,1,1,17698.5456686292,12698.5456686292,0
3,A4,-1,-1,-1,16479.6435343353,11479.6435343353,0
3,A4,-1,-1,0,12889.6412338081,7889.64123380811,0
3,A4,-1,-1,1,16146.4253398024,11146.4253398024,0
3,A4,-1,0,-1,13406.338376343,8406.33837634303,0
3,A4,-1,0,0,8619.40304072945,3619.40304072945,0
3,A4,-1,0,1,12994.5491994168,7994.54919941682,0
3,A4,-1,1,-1,16967.0612158752,11967.0612158752,0
3,A4,-1,1,0,13507.2338552638,8507.23385526385,0
3,A4,-1,1,1,16643.6043734016,11643.6043734016,0
3,A4,0,-1,-1,14123.3576255887,9123.35762558871,0
3,A4,0,-1,0,9697.08362023362,4697.08362023362,0
3,A4,0,-1,1,13733.0852635281,8733.08526352806,0
3,A4,0,0,-1,10374.02950943,5374.02950943001,0
3,A4,0,0,0,1478.06913913149,-3521.93086086851,0
3,A4,0,0,1,9836.10128544746,4836.10128544746,0
3,A4,0,1,-1,14689.171042124,9689.171042124,0
3,A4,0,1,0,10504.0918704238,5504.09187042377,0
3,A4,0,1,1,14314.33359049,9314.33359049002,0
3,A4,1,-1,-1,18093.0873601437,13093.0873601437,0
3,A4,1,-1,0,14897.1141614515,9897.11416145154,0
3,A4,1,-1,1,17790.1155267988,12790.1155267988,0
3,A4,1,0,-1,15346.3698594828,10346.3698594828,0
3,A4,1,0,0,11405.054492705,6405.05449270497,0
3,A4,1,0,1,14987.9774519145,9987.97745191452,0
3,A4,1,1,-1,18538.1316616937,13538.1316616937,0
3,A4,1,1,0,15434.5886120693,10434.5886120693,0
3,A4,1,1,1,18242.5526103489,13242.5526103489,0
3,A5,-1,-1,-1,18212.8030840243,13212.8030840243,0
3,A5,-1,-1,0,12633.5041095915,7633.50410959147,0
3,A5,-1,-1,1,13693.2339495345,8693.23394953448,0
3,A5,-1,0,-1,15534.79475092,10534.79475092,0
3,A5,-1,0,0,8320.40130419387,3320.40130419387,0
3,A5,-1,0,1,9855.36948939258,4855.36948939258,0
3,A5,-1,1,-1,18733.7529536657,13733.7529536657,0
3,A5,-1,1,0,13373.5832759436,8373.58327594358,0
3,A5,-1,1,1,14378.8719845549,9378.87198455487,0
3,A5,0,-1,-1,16793.9943319093,11793.9943319093,0
3,A5,0,-1,0,10485.1073208538,5485.10732085379,0
3,A5,0,-1,1,11740.3877891423,6740.38778914227,0
3,A5,0,0,-1,13844.2008579755,8844.20085797549,0
3,A5,0,0,0,4422.79632196514,-577.203678034864,0
3,A5,0,0,1,6889.14778584459,1889.14778584459,0
3,A5,0,1,-1,17357.5790124008,12357.5790124008,0
3,A5,0,1,0,11365.9482262306,6365.94822623062,0
3,A5,0,1,1,12533.3159615073,7533.31596150732,0
3,A5,1,-1,-1,20793.5156975188,15793.5156975188,0
3,A5,1,-1,0,16132.8709463808,11132.8709463808,0
3,A5,1,-1,1,16975.5340087491,11975.5340087491,0
3,A5,1,0,-1,18493.0783494454,13493.0783494454,0
3,A5,1,0,0,13034.3076819732,8034.3076819732,0
3,A5,1,0,1,14063.8688367734,9063.86883677335,0
3,A5,1,1,-1,21251.2963984434,16251.2963984434,0
3,A5,1,1,0,16718.7567876356,11718.7567876356,0
3,A5,1,1,1,17533.284302541,12533.284302541,0
3,A6,-1,-1,-1,15638.928956425,10638.928956425,0
3,A6,-1,-1,0,11998.7121641757,6998.71216417569,0
3,A6,-1,-1,1,15600.0669323361,10600.0669323361,0
3,A6,-1,0,-1,11984.2579728842,6984.25797288423,0
3,A6,-1,0,0,6558.61523915445,1558.61523915445,0
3,A6,-1,0,1,11933.5002639585,6933.50026395855,0
3,A6,-1,1,-1,15577.8297402806,10577.8297402806,0
3,A6,-1,1,0,11918.9669901296,6918.96699012965,0
3,A6,-1,1,1,15538.814909974,10538.814909974,0
3,A6,0,-1,-1,14608.5134551954,9608.51345519542,0
3,A6,0,-1,0,10620.8125896871,5620.81258968707,0
3,A6,0,-1,1,14566.9027167715,9566.90271677151,0
3,A6,0,0,-1,10604.4804506,5604.48045059996,0
3,A6,0,0,0,3442.09243364942,-1557.90756635058,0
3,A6,0,0,1,10547.0846690645,5547.08466906455,0
3,A6,0,1,-1,14543.0858446097,9543.08584460973,0
3,A6,0,1,0,10530.6381847596,5530.63818475964,0
3,A6,0,1,1,14501.2873660564,9501.28736605642,0
3,A6,1,-1,-1,19550.9905589753,14550.9905589753,0
3,A6,1,-1,0,16781.9613434119,11781.9613434119,0
3,A6,1,-1,1,19519.9185763262,14519.9185763262,0
3,A6,1,0,-1,16771.6299772465,11771.6299772465,0
3,A6,1,0,0,13441.7471627874,8441.74716278744,0
3,A6,1,0,1,16735.3984560552,11735.3984560552,0
3,A6,1,1,-1,19502.1514800343,14502.1514800343,0
3,A6,1,1,0,16725.0383271559,11725.0383271559,0
3,A6,1,1,1,19471.0015597417,14471.0015597417,0
3,A7,-1,-1,-1,16132.803589801,11132.803589801,0
3,A7,-1,-1,0,12417.3411101083,7417.3411101083,0
3,A7,-1,-1,1,15751.6148004728,10751.6148004728,0
3,A7,-1,0,-1,12759.2600180384,7759.2600180384,0
3,A7,-1,0,0,7531.38266094624,2531.38266094624,0
3,A7,-1,0,1,12273.7416203573,7273.74162035726,0
3,A7,-1,1,-1,16288.9557906187,11288.9557906187,0
3,A7,-1,1,0,12619.5518670996,7619.55186709962,0
3,A7,-1,1,1,15911.5083478628,10911.5083478628,0
3,A7,0,-1,-1,14483.9091419293,9483.90914192932,0
3,A7,0,-1,0,10183.6453497435,5183.64534974349,0
3,A7,0,-1,1,14058.0809923346,9058.08099233465,0
3,A7,0,0,-1,10597.8766067774,5597.87660677741,0
3,A7,0,0,0,2497.59827637838,-2502.40172362163,0
3,A7,0,0,1,10008.0470486432,5008.04704864324,0
3,A7,0,1,-1,14657.6380468784,9657.63804687835,0
3,A7,0,1,0,10429.2550880197,5429.25508801967,0
3,A7,0,1,1,14237.0070685054,9237.0070685054,0
3,A7,1,-1,-1,18955.2076326331,13955.2076326331,0
3,A7,1,-1,0,15912.9791357218,10912.9791357218,0
3,A7,1,-1,1,18631.8521234902,13631.8521234902,0
3,A7,1,0,-1,16181.2008496603,11181.2008496603,0
3,A7,1,0,0,12480.1550276723,7480.15502767233,0
3,A7,1,0,1,15801.1796424325,10801.1796424325,0
3,A7,1,1,-1,19088.2850323926,14088.2850323926,0
3,A7,1,1,0,16071.2673444116,11071.2673444116,0
3,A7,1,1,1,18767.222560444,13767.222560444,0
3,A8,-1,-1,-1,16273.1356954229,11273.1356954229,0
3,A8,-1,-1,0,12648.0072845618,7648.00728456182,0
3,A8,-1,-1,1,15972.7652953085,10972.7652953085,0
3,A8,-1,0,-1,12707.5997225519,7707.59972255193,0
3,A8,-1,0,0,7525.97060964793,2525.97060964793,0
3,A8,-1,0,1,12320.6077985612,7320.60779856119,0
3,A8,-1,1,-1,16067.0854872798,11067.0854872798,0
3,A8,-1,1,0,12381.7760827855,7381.77608278554,0
3,A8,-1,1,1,15762.7891527141,10762.7891527141,0
3,A8,0,-1,-1,14642.7579790754,9642.75797907537,0
3,A8,0,-1,0,10467.4497439662,5467.44974396619,0
3,A8,0,-1,1,14308.2020900999,9308.20209009994,0
3,A8,0,0,-1,10539.3788517507,5539.37885175075,0
3,A8,0,0,0,2497.12824849134,-2502.87175150866,0
3,A8,0,0,1,10069.3988101622,5069.39881016219,0
3,A8,0,1,-1,14413.4191615899,9413.41916158989,0
3,A8,0,1,0,10144.1507695996,5144.15076959964,0
3,A8,0,1,1,14073.4124413751,9073.4124413751,0
3,A8,1,-1,-1,19078.9354290512,14078.9354290512,0
3,A8,1,-1,0,16098.5378222554,11098.5378222554,0
3,A8,1,-1,1,18823.3913767756,13823.3913767756,0
3,A8,1,0,-1,16145.3994206666,11145.3994206666,0
3,A8,1,0,0,12483.2313669796,7483.23136697956,0
3,A8,1,0,1,15842.6073696922,10842.6073696922,0
3,A8,1,1,-1,18903.4935342602,13903.4935342602,0
3,A8,1,1,0,15890.2237463321,10890.2237463321,0
3,A8,1,1,1,18645.5451413248,13645.5451413248,0
3,A9,-1,-1,-1,14652.5579724897,9652.55797248972,0
3,A9,-1,-1,0,11469.1068804444,6469.10688044443,0
3,A9,-1,-1,1,15760.1830615302,10760.1830615302,0
3,A9,-1,0,-1,12700.7862479413,7700.78624794128,0
3,A9,-1,0,0,8840.41451594777,3840.41451594777,0
3,A9,-1,0,1,13964.0927493219,8964.09274932195,0
3,A9,-1,1,-1,17547.7202933776,12547.7202933776,0
3,A9,-1,1,0,14992.1794610558,9992.17946105576,0
3,A9,-1,1,1,18482.6513923297,13482.6513923297,0
3,A9,0,-1,-1,12040.6729461826,7040.67294618262,0
3,A9,0,-1,0,7862.61804329956,2862.61804329956,0
3,A9,0,-1,1,13366.5148783333,8366.51487833331,0
3,A9,0,0,-1,9570.28323382627,4570.28323382627,0
3,A9,0,0,0,2904.01079087906,-2095.98920912094,0
3,A9,0,0,1,11192.6867271191,6192.68672711909,0
3,A9,0,1,-1,15433.8212168723,10433.8212168723,0
3,A9,0,1,0,12451.7386276883,7451.73862768827,0
3,A9,0,1,1,16489.0494677574,11489.0494677574,0
3,A9,1,-1,-1,16590.9057877108,11590.9057877108,0
3,A9,1,-1,0,13860.0545581387,8860.05455813872,0
3,A9,1,-1,1,17576.8048817886,12576.8048817886,0
3,A9,1,0,-1,14895.3237976023,9895.32379760233,0
3,A9,1,0,0,11777.6750054204,6777.67500542038,0
3,A9,1,0,1,15986.13730803,10986.13730803,0
3,A9,1,1,-1,19195.9158993297,14195.9158993297,0
3,A9,1,1,0,16891.599826897,11891.599826897,0
3,A9,1,1,1,20054.1542382099,15054.1542382099,0
3,A10,-1,-1,-1,14534.2203580079,9534.22035800786,0
3,A10,-1,-1,0,10770.949681444,5770.94968144404,0
3,A10,-1,-1,1,14858.773592234,9858.77359223395,0
3,A10,-1,0,-1,11369.5085295134,6369.50852951338,0
3,A10,-1,0,0,5833.99689987465,833.996899874646,0
3,A10,-1,0,1,11781.5667656223,6781.56676562232,0
3,A10,-1,1,-1,15725.3898835681,10725.3898835681,0
3,A10,-1,1,0,12331.1671229975,7331.1671229975,0
3,A10,-1,1,1,16025.8378327114,11025.8378327114,0
3,A10,0,-1,-1,14002.2347984534,9002.2347984534,0
3,A10,0,-1,0,10041.5325013709,5041.53250137093,0
3,A10,0,-1,1,14338.8343529437,9338.8343529437,0
3,A10,0,0,-1,10681.0459290543,5681.04592905427,0
3,A10,0,0,0,4342.18122187873,-657.818778121274,0
3,A10,0,0,1,11118.6480018348,6118.64800183483,0
3,A10,0,1,-1,15235.0551336749,10235.0551336749,0
3,A10,0,1,0,11699.4316336813,6699.43163368134,0
3,A10,0,1,1,15544.9829905424,10544.9829905424,0
3,A10,1,-1,-1,19516.1880828944,14516.1880828944,0
3,A10,1,-1,0,16901.2245979982,11901.2245979982,0
3,A10,1,-1,1,19759.0786358334,14759.0786358334,0
3,A10,1,0,-1,17288.8333925241,12288.8333925241,0
3,A10,1,0,0,14271.4244453567,9271.42444535672,0
3,A10,1,0,1,17562.5553757019,12562.5553757019,0
3,A10,1,1,-1,20418.7639895759,15418.7639895759,0
3,A10,1,1,0,17935.8779681139,12935.8779681139,0
3,A10,1,1,1,20651.0414776626,15651.0414776626,0
3,A11,-1,-1,-1,17730.2103006877,12730.2103006877,0
3,A11,-1,-1,0,14633.2025564202,9633.20255642016,0
3,A11,-1,-1,1,17717.2480032265,12717.2480032265,0
3,A11,-1,0,-1,14022.7048105098,9022.70481050982,0
3,A11,-1,0,0,9818.68168102552,4818.68168102552,0
3,A11,-1,0,1,14006.311780905,9006.31178090497,0
3,A11,-1,1,-1,16700.6629538704,11700.6629538704,0
3,A11,-1,1,0,13367.213727976,8367.21372797604,0
3,A11,-1,1,1,16686.9009285727,11686.9009285727,0
3,A11,0,-1,-1,14791.4961107334,9791.49611073337,0
3,A11,0,-1,0,10888.4625610989,5888.46256109886,0
3,A11,0,-1,1,14775.9560332001,9775.95603320011,0
3,A11,0,0,-1,10053.0716743653,5053.07167436527,0
3,A11,0,0,0,913.515101427663,-4086.48489857234,0
3,A11,0,0,1,10030.1928989999,5030.19289899987,0
3,A11,0,1,-1,13540.3154684819,8540.3154684819,0
3,A11,0,1,0,9116.49070293066,4116.49070293066,0
3,A11,0,1,1,13523.3376977443,8523.3376977443,0
3,A11,1,-1,-1,17978.218962986,12978.218962986,0
3,A11,1,-1,0,14932.7364147259,9932.73641472593,0
3,A11,1,-1,1,17965.4356079192,12965.4356079192,0
3,A11,1,0,-1,14335.0008711948,9335.0008711948,0
3,A11,1,0,0,10259.7519330521,5259.75193305211,0
3,A11,1,0,1,14318.965377372,9318.96537737198,0
3,A11,1,1,-1,16963.7302169435,11963.7302169435,0
3,A11,1,1,0,13694.4661313923,8694.46613139232,0
3,A11,1,1,1,16950.1817799828,11950.1817799828,0
3,A12,-1,-1,-1,16822.320715844,11822.320715844,0
3,A12,-1,-1,0,13063.2266923707,8063.22669237071,0
3,A12,-1,-1,1,16071.8794472153,11071.8794472153,0
3,A12,-1,0,-1,13328.0911830642,8328.09118306423,0
3,A12,-1,0,0,8080.55888745498,3080.55888745498,0
3,A12,-1,0,1,12367.4107752262,7367.4107752262,0
3,A12,-1,1,-1,16501.077386081,11501.077386081,0
3,A12,-1,1,0,12646.8562200647,7646.85622006468,0
3,A12,-1,1,1,15735.3229900292,10735.3229900292,0
3,A12,0,-1,-1,14897.6581840887,9897.65818408874,0
3,A12,0,-1,0,10468.8889916504,5468.88899165042,0
3,A12,0,-1,1,14044.7518336585,9044.75183365847,0
3,A12,0,0,-1,10797.5811961433,5797.58119614328,0
3,A12,0,0,0,2060.38274038113,-2939.61725961887,0
3,A12,0,0,1,9586.58408331215,4586.58408331215,0
3,A12,0,1,-1,14533.9361497382,9533.93614973824,0
3,A12,0,1,0,9944.48175392873,4944.48175392873,0
3,A12,0,1,1,13658.3357223263,8658.33572232631,0
3,A12,1,-1,-1,18997.1041075523,13997.1041075523,0
3,A12,1,-1,0,15765.3855589621,10765.3855589621,0
3,A12,1,-1,1,18335.8882842443,13335.8882842443,0
3,A12,1,0,-1,15985.5404910356,10985.5404910356,0
3,A12,1,0,0,11966.4080717688,6966.40807176879,0
3,A12,1,0,1,15193.8257028849,10193.8257028849,0
3,A12,1,1,-1,18713.2318189003,13713.2318189003,0
3,A12,1,1,0,15422.1419542635,10422.1419542635,0
3,A12,1,1,1,18041.6152216759,13041.6152216759,0
3,A13,-1,-1,-1,14764.4062820191,9764.40628201906,0
3,A13,-1,-1,0,11897.5680219103,6897.56802191035,0
3,A13,-1,-1,1,16282.4002165357,11282.4002165357,0
3,A13,-1,0,-1,10482.0490576309,5482.04905763093,0
3,A13,-1,0,0,5782.54134633219,782.541346332188,0
3,A13,-1,0,1,12530.0525297183,7530.05252971834,0
3,A13,-1,1,-1,14204.1899463728,9204.18994637284,0
3,A13,-1,1,0,11194.7953982241,6194.79539822407,0
3,A13,-1,1,1,15776.1806526028,10776.1806526028,0
3,A13,0,-1,-1,14319.7113678334,9319.71136783339,0
3,A13,0,-1,0,11341.0125488651,6341.01254886515,0
3,A13,0,-1,1,15880.270703265,10880.270703265,0
3,A13,0,0,-1,9845.80079242489,4845.80079242489,0
3,A13,0,0,0,4528.15914247438,-471.840857525615,0
3,A13,0,0,1,12002.8603755536,7002.86037555358,0
3,A13,0,1,-1,13741.3773993065,8741.37739930652,0
3,A13,0,1,0,10601.4095669223,5601.40956692231,0
3,A13,0,1,1,15360.8045616462,10360.8045616462,0
3,A13,1,-1,-1,19802.0346039388,14802.0346039388,0
3,A13,1,-1,0,17767.5267392806,12767.5267392806,0
3,A13,1,-1,1,20958.2785172473,15958.2785172473,0
3,A13,1,0,-1,16852.4845064948,11852.4845064948,0
3,A13,1,0,0,14407.3129353501,9407.31293535014,0
3,A13,1,0,1,18197.1178485102,13197.1178485102,0
3,A13,1,1,-1,19387.9316490363,14387.9316490363,0
3,A13,1,1,0,17304.806430676,12304.806430676,0
3,A13,1,1,1,20567.4684290173,15567.4684290173,0
3,A14,-1,-1,-1,15467.7343243266,10467.7343243266,0
3,A14,-1,-1,0,11978.6461261058,6978.64612610582,0
3,A14,-1,-1,1,15739.2859082294,10739.2859082294,0
3,A14,-1,0,-1,11748.3020584469,6748.30205844694,0
3,A14,-1,0,0,6500.75065996433,1500.75065996433,0
3,A14,-1,0,1,12103.5910799045,7103.59107990454,0
3,A14,-1,1,-1,15388.1252069596,10388.1252069596,0
3,A14,-1,1,0,11875.670729335,6875.67072933498,0
3,A14,-1,1,1,15661.0572171262,10661.0572171262,0
3,A14,0,-1,-1,14467.5726593869,9467.57265938695,0
3,A14,0,-1,0,10655.8817814932,5655.8817814932,0
3,A14,0,-1,1,14757.5395790652,9757.53957906523,0
3,A14,0,0,-1,10396.2711961163,5396.2711961163,0
3,A14,0,0,0,3509.93057904505,-1490.06942095495,0
3,A14,0,0,1,10796.146097392,5796.14609739205,0
3,A14,0,1,-1,14382.4285470763,9382.42854707626,0
3,A14,0,1,0,10539.9909297054,5539.99092970541,0
3,A14,0,1,1,14674.0780522931,9674.07805229311,0
3,A14,1,-1,-1,19477.4359755418,14477.4359755418,0
3,A14,1,-1,0,16840.6552743012,11840.6552743012,0
3,A14,1,-1,1,19693.7763761643,14693.7763761643,0
3,A14,1,0,-1,16677.5989971544,11677.5989971544,0
3,A14,1,0,0,13504.7941930414,8504.79419304138,0
3,A14,1,0,1,16929.7555824921,11929.7555824921,0
3,A14,1,1,-1,19414.2757896977,14414.2757896977,0
3,A14,1,1,0,16767.5657841251,11767.5657841251,0
3,A14,1,1,1,19631.3122386528,14631.3122386528,0
3,A15,-1,-1,-1,16771.3173113127,11771.3173113127,0
3,A15,-1,-1,0,13704.8495994256,8704.84959942563,0
3,A15,-1,-1,1,17157.1769452034,12157.1769452034,0
3,A15,-1,0,-1,13397.8502904309,8397.85029043088,0
3,A15,-1,0,0,9276.21747216716,4276.21747216716,0
3,A15,-1,0,1,13877.8250737311,8877.82507373111,0
3,A15,-1,1,-1,16665.1642792041,11665.1642792041,0
3,A15,-1,1,0,13574.7382530567,8574.73825305673,0
3,A15,-1,1,1,17053.425955659,12053.425955659,0
3,A15,0,-1,-1,13995.5972340454,8995.59723404544,0
3,A15,0,-1,0,10120.4031601395,5120.40316013947,0
3,A15,0,-1,1,14455.7385944095,9455.73859440954,0
3,A15,0,0,-1,9700.62111339696,4700.62111339696,0
3,A15,0,0,0,804.902585300458,-4195.09741469954,0
3,A15,0,0,1,10353.4383833567,5353.43838335671,0
3,A15,0,1,-1,13868.2139453408,8868.2139453408,0
3,A15,0,1,0,9943.49919394002,4943.49919394002,0
3,A15,0,1,1,14332.4455137993,9332.44551379932,0
3,A15,1,-1,-1,17620.3405051805,12620.3405051805,0
3,A15,1,-1,0,14731.6739613883,9731.67396138826,0
3,A15,1,-1,1,17987.9969949627,12987.9969949627,0
3,A15,1,0,-1,14446.51195156,9446.51195156003,0
3,A15,1,0,0,10735.3400389884,5735.3400389884,0
3,A15,1,0,1,14892.7278877594,9892.72788775945,0
3,A15,1,1,-1,17519.3326246929,12519.3326246929,0
3,A15,1,1,0,14610.709558429,9610.70955842904,0
3,A15,1,1,1,17889.0651512847,12889.0651512847,0
3,A16,-1,-1,-1,16397.8175912052,11397.8175912052,0
3,A16,-1,-1,0,12521.8573794318,7521.85737943179,0
3,A16,-1,-1,1,15643.0624465679,10643.0624465679,0
3,A16,-1,0,-1,13033.388536346,8033.38853634604,0
3,A16,-1,0,0,7601.16485913501,2601.16485913501,0
3,A16,-1,0,1,12070.0537568041,7070.05375680413,0
3,A16,-1,1,-1,16457.5214332011,11457.5214332011,0
3,A16,-1,1,0,12599.9405633784,7599.94056337837,0
3,A16,-1,1,1,15705.6356979608,10705.6356979608,0
3,A16,0,-1,-1,14742.7922702327,9742.79227023274,0
3,A16,0,-1,0,10259.5523488906,5259.55234889061,0
3,A16,0,-1,1,13898.4497292331,8898.4497292331,0
3,A16,0,0,-1,10877.9924116609,5877.99241166093,0
3,A16,0,0,0,2497.84094460506,-2502.15905539494,0
3,A16,0,0,1,9702.97376379727,4702.97376379727,0
3,A16,0,1,-1,14809.1699258625,9809.16992586254,0
3,A16,0,1,0,10354.7092846426,5354.70928464262,0
3,A16,0,1,1,13968.8401396056,8968.84013960561,0
3,A16,1,-1,-1,19126.1973766881,14126.1973766881,0
3,A16,1,-1,0,15928.5880280841,10928.5880280841,0
3,A16,1,-1,1,18483.1925555304,13483.1925555304,0
3,A16,1,0,-1,16333.7754691605,11333.7754691605,0
3,A16,1,0,0,12437.8740769209,7437.87407692095,0
3,A16,1,0,1,15575.9173736167,10575.9173736167,0
3,A16,1,1,-1,19177.4090028311,14177.4090028311,0
3,A16,1,1,0,15990.0439817488,10990.0439817488,0
3,A16,1,1,1,18536.1807558799,13536.1807558799,0
3,A17,-1,-1,-1,16772.5455301959,11772.5455301959,0
3,A17,-1,-1,0,13289.7932145143,8289.79321451434,0
3,A17,-1,-1,1,16489.9643361229,11489.9643361229,0
3,A17,-1,0,-1,13700.7223225372,8700.72232253719,0
3,A17,-1,0,0,9110.98854577943,4110.98854577943,0
3,A17,-1,0,1,13353.2929423187,8353.29294231873,0
3,A17,-1,1,-1,17149.3819351031,12149.3819351031,0
3,A17,-1,1,0,13762.3261434285,8762.32614342855,0
3,A17,-1,1,1,16873.1129611626,11873.1129611626,0
3,A17,0,-1,-1,14116.3484528091,9116.34845280906,0
3,A17,0,-1,0,9724.79376455768,4724.79376455768,0
3,A17,0,-1,1,13779.4025227959,8779.40252279594,0
3,A17,0,0,-1,10279.2413259879,5279.24132598791,0
3,A17,0,0,0,981.387976262608,-4018.61202373739,0
3,A17,0,0,1,9811.39350357573,4811.39350357573,0
3,A17,0,1,-1,14562.084700848,9562.08470084797,0
3,A17,0,1,0,10361.2079873307,5361.20798733071,0
3,A17,0,1,1,14235.692855593,9235.69285559297,0
3,A17,1,-1,-1,17810.7917768906,12810.7917768906,0
3,A17,1,-1,0,14578.2243034537,9578.22430345372,0
3,A17,1,-1,1,17544.9406942248,12544.9406942248,0
3,A17,1,0,-1,14953.7892293735,9953.78922937348,0
3,A17,1,0,0,10904.8673737273,5904.86737372727,0
3,A17,1,0,1,14636.1351647433,9636.13516474335,0
3,A17,1,1,-1,18166.1036249742,13166.1036249742,0
3,A17,1,1,0,15010.2511982763,10010.2511982763,0
3,A17,1,1,1,17905.5287874279,12905.5287874279,0
3,A18,-1,-1,-1,17628.9012177085,12628.9012177085,0
3,A18,-1,-1,0,14293.3890962749,9293.38909627486,0
3,A18,-1,-1,1,17257.5718330041,12257.5718330041,0
3,A18,-1,0,-1,13763.7995428043,8763.79954280431,0
3,A18,-1,0,0,9108.51203920191,4108.51203920191,0
3,A18,-1,0,1,13284.8712933951,8284.87129339506,0
3,A18,-1,1,-1,16373.9487468746,11373.9487468746,0
3,A18,-1,1,0,12713.3398947351,7713.33989473511,0
3,A18,-1,1,1,15973.4725402102,10973.4725402102,0
3,A18,0,-1,-1,15165.0144788879,10165.0144788879,0
3,A18,0,-1,0,11113.0768853034,6113.07688530341,0
3,A18,0,-1,1,14731.7104089257,9731.71040892573,0
3,A18,0,0,-1,10423.1321518849,5423.13215188487,0
3,A18,0,0,0,1471.2231541959,-3528.7768458041,0
3,A18,0,0,1,9781.98912712686,4781.98912712686,0
3,A18,0,1,-1,13685.9673960752,8685.9673960752,0
3,A18,0,1,0,8990.46813465347,3990.46813465347,0
3,A18,0,1,1,13204.216409693,8204.21640969298,0
3,A18,1,-1,-1,18686.2829408643,13686.2829408643,0
3,A18,1,-1,0,15578.8312738736,10578.8312738736,0
3,A18,1,-1,1,18336.3790747685,13336.3790747685,0
3,A18,1,0,-1,15094.4092251672,10094.4092251672,0
3,A18,1,0,0,11016.5331920073,6016.53319200728,0
3,A18,1,0,1,14659.0182919725,9659.01829197249,0
3,A18,1,1,-1,17507.2901834518,12507.2901834518,0
3,A18,1,1,0,14143.1263616421,9143.12636164209,0
3,A18,1,1,1,17133.3253338388,12133.3253338388,0
3,A19,-1,-1,-1,17006.296986731,12006.296986731,0
3,A19,-1,-1,0,13413.0994963706,8413.09949637062,0
3,A19,-1,-1,1,16450.177476191,11450.177476191,0
3,A19,-1,0,-1,14196.6385847945,9196.6385847945,0
3,A19,-1,0,0,9604.25155886279,4604.25155886279,0
3,A19,-1,0,1,13525.4851633707,8525.48516337069,0
3,A19,-1,1,-1,17716.5165033552,12716.5165033552,0
3,A19,-1,1,0,14302.8688699959,9302.86886999594,0
3,A19,-1,1,1,17183.3977667672,12183.3977667672,0
3,A19,0,-1,-1,14062.4019259029,9062.40192590286,0
3,A19,0,-1,0,9404.69291493767,4404.69291493767,0
3,A19,0,-1,1,13384.519032185,8384.51903218495,0
3,A19,0,0,-1,10491.9758783566,5491.97587835661,0
3,A19,0,0,0,882.416415678777,-4117.58358432122,0
3,A19,0,0,1,9564.29608645099,4564.29608645099,0
3,A19,0,1,-1,14913.4827501291,9913.48275012908,0
3,A19,0,1,0,10635.2747325605,5635.27473256051,0
3,A19,0,1,1,14276.0698210566,9276.06982105658,0
3,A19,1,-1,-1,17501.0902131946,12501.0902131946,0
3,A19,1,-1,0,14035.1437309712,9035.14373097119,0
3,A19,1,-1,1,16961.2016215733,11961.2016215733,0
3,A19,1,0,-1,14785.7555964096,9785.75559640961,0
3,A19,1,0,0,10455.4134043279,5455.41340432794,0
3,A19,1,0,1,14142.587116721,9142.587116721,0
3,A19,1,1,-1,18192.0031459743,13192.0031459743,0
3,A19,1,1,0,14887.7828893956,9887.78288939562,0
3,A19,1,1,1,17673.2334410097,12673.2334410097,0
3,A20,-1,-1,-1,16628.7494336292,11628.7494336292,0
3,A20,-1,-1,0,13684.8482768432,8684.84827684322,0
3,A20,-1,-1,1,17263.6854985839,12263.6854985839,0
3,A20,-1,0,-1,12689.363645806,7689.36364580604,0
3,A20,-1,0,0,8472.29097524988,3472.29097524988,0
3,A20,-1,0,1,13510.7171905527,8510.71719055272,0
3,A20,-1,1,-1,15669.2243504452,10669.2243504452,0
3,A20,-1,1,0,12501.3741796005,7501.37417960051,0
3,A20,-1,1,1,16341.484663646,11341.484663646,0
3,A20,0,-1,-1,14426.4648402074,9426.46484020742,0
3,A20,0,-1,0,10903.3321704668,5903.33217046685,0
3,A20,0,-1,1,15153.9571417282,10153.9571417282,0
3,A20,0,0,-1,9624.31970555959,4624.31970555959,0
3,A20,0,0,0,1840.46038496326,-3159.53961503674,0
3,A20,0,0,1,10683.9627040914,5683.96270409138,0
3,A20,0,1,-1,13309.1010892511,8309.10108925109,0
3,A20,0,1,0,9375.06994308314,4375.06994308314,0
3,A20,0,1,1,14094.3854449741,9094.38544497408,0
3,A20,1,-1,-1,18431.7787488093,13431.7787488093,0
3,A20,1,-1,0,15826.8832206109,10826.8832206109,0
3,A20,1,-1,1,19006.5777327917,14006.5777327917,0
3,A20,1,0,-1,14974.4819561193,9974.48195611926,0
3,A20,1,0,0,11618.729469608,6618.72946960802,0
3,A20,1,0,1,15676.5633708965,10676.5633708965,0
3,A20,1,1,-1,17570.9917723281,12570.9917723281,0
3,A20,1,1,0,14815.5160725848,9815.51607258483,0
3,A20,1,1,1,18173.0372016022,13173.0372016022,0
3,A21,-1,-1,-1,15319.4762341185,10319.4762341185,0
3,A21,-1,-1,0,11767.1876975432,6767.18769754323,0
3,A21,-1,-1,1,15564.2879866284,10564.2879866284,0
3,A21,-1,0,-1,11969.2954959728,6969.29549597281,0
3,A21,-1,0,0,6858.89122901123,1858.89122901123,0
3,A21,-1,0,1,12281.0725554774,7281.07255547737,0
3,A21,-1,1,-1,15869.5216453461,10869.5216453461,0
3,A21,-1,1,0,12474.8575732792,7474.85757327921,0
3,A21,-1,1,1,16105.9748446064,11105.9748446064,0
3,A21,0,-1,-1,14065.1758481795,9065.17584817949,0
3,A21,0,-1,0,10080.1550514714,5080.15505147137,0
3,A21,0,-1,1,14331.4297989836,9331.42979898363,0
3,A21,0,0,-1,10315.369805412,5315.36980541202,0
3,A21,0,0,0,3191.74066050144,-1808.25933949856,0
3,A21,0,0,1,10675.5591265933,5675.55912659334,0
3,A21,0,1,-1,14662.3509985473,9662.35099854728,0
3,A21,0,1,0,10897.9305845694,5897.93058456937,0
3,A21,0,1,1,14917.9504372278,9917.95043722779,0
3,A21,1,-1,-1,18999.2629118264,13999.2629118264,0
3,A21,1,-1,0,16271.2121679423,11271.2121679423,0
3,A21,1,-1,1,19197.2055163164,14197.2055163164,0
3,A21,1,0,-1,16417.9680160152,11417.9680160152,0
3,A21,1,0,0,13165.4862423075,8165.48624230754,0
3,A21,1,0,1,16646.6327591463,11646.6327591463,0
3,A21,1,1,-1,19445.497071484,14445.497071484,0
3,A21,1,1,0,16790.1075213527,11790.1075213527,0
3,A21,1,1,1,19638.942558093,14638.942558093,0
3,A22,-1,-1,-1,16471.4719315439,11471.4719315439,0
3,A22,-1,-1,0,13975.2878496305,8975.28784963048,0
3,A22,-1,-1,1,17869.1900591051,12869.1900591051,0
3,A22,-1,0,-1,11949.4564706823,6949.45647068225,0
3,A22,-1,0,0,8172.44105718248,3172.44105718248,0
3,A22,-1,0,1,13812.6056818225,8812.60568182245,0
3,A22,-1,1,-1,14637.9517794609,9637.9517794609,0
3,A22,-1,1,0,11758.7803443306,6758.78034433055,0
3,A22,-1,1,1,16194.6966033516,11194.6966033516,0
3,A22,0,-1,-1,14565.9676240035,9565.96762400345,0
3,A22,0,-1,0,11669.0486206849,6669.04862068492,0
3,A22,0,-1,1,16129.6614533691,11129.6614533691,0
3,A22,0,0,-1,9145.90264416855,4145.90264416855,0
3,A22,0,0,0,2765.28806184841,-2234.71193815159,0
3,A22,0,0,1,11473.713477048,6473.71347704802,0
3,A22,0,1,-1,12455.0253925756,7455.02539257556,0
3,A22,0,1,0,8895.33250744984,3895.33250744984,0
3,A22,0,1,1,14252.2357301052,9252.23573010515,0
3,A22,1,-1,-1,18788.9711813978,13788.9711813978,0
3,A22,1,-1,0,16644.0596293028,11644.0596293028,0
3,A22,1,-1,1,20025.5837326201,15025.5837326201,0
3,A22,1,0,-1,14983.5096158573,9983.50961585732,0
3,A22,1,0,0,12186.2563282117,7186.25632821174,0
3,A22,1,0,1,16507.6989972943,11507.6989972943,0
3,A22,1,1,-1,17204.2344427638,12204.2344427638,0
3,A22,1,1,0,14831.8901576965,9831.89015769647,0
3,A22,1,1,1,18546.8123551829,13546.8123551829,0
3,A23,-1,-1,-1,19047.8675229045,14047.8675229045,0
3,A23,-1,-1,0,14454.8232414596,9454.82324145962,0
3,A23,-1,-1,1,15970.6785301552,10970.6785301552,0
3,A23,-1,0,-1,15292.3851483622,10292.3851483622,0
3,A23,-1,0,0,8943.02528776301,3943.02528776301,0
3,A23,-1,0,1,11229.3525667907,6229.35256679068,0
3,A23,-1,1,-1,17461.1806554304,12461.1806554304,0
3,A23,-1,1,0,12288.7545200194,7288.75452001936,0
3,A23,-1,1,1,14040.4467672869,9040.44676728686,0
3,A23,0,-1,-1,17168.1786803049,12168.1786803049,0
3,A23,0,-1,0,11868.7411704273,6868.74117042732,0
3,A23,0,-1,1,13674.3436676981,8674.34366769814,0
3,A23,0,0,-1,12875.6415589517,7875.6415589517,0
3,A23,0,0,0,3450.04396005675,-1549.95603994325,0
3,A23,0,0,1,7617.31324667982,2617.31324667982,0
3,A23,0,1,-1,15388.8898855743,10388.8898855743,0
3,A23,0,1,0,9107.06262644832,4107.06262644832,0
3,A23,0,1,1,11360.4246159099,6360.42461590989,0
3,A23,1,-1,-1,20656.0272372892,15656.0272372892,0
3,A23,1,-1,0,16516.4196785911,11516.4196785911,0
3,A23,1,-1,1,17858.1291509237,12858.1291509237,0
3,A23,1,0,-1,17254.1950720212,12254.1950720212,0
3,A23,1,0,0,11992.8272461117,6992.82724611171,0
3,A23,1,0,1,13782.1828143005,8782.18281430047,0
3,A23,1,1,-1,19202.6829880381,14202.6829880381,0
3,A23,1,1,0,14658.2294875884,9658.22948758843,0
3,A23,1,1,1,16155.0100427863,11155.0100427863,0
3,A24,-1,-1,-1,13683.727218939,8683.72721893903,0
3,A24,-1,-1,0,12074.4361644656,7074.43616446558,0
3,A24,-1,-1,1,17445.3325212555,12445.3325212555,0
3,A24,-1,0,-1,11205.7413983473,6205.74139834728,0
3,A24,-1,0,0,9171.49161118601,4171.49161118601,0
3,A24,-1,0,1,15577.6723698207,10577.6723698207,0
3,A24,-1,1,-1,16244.7803915884,11244.7803915884,0
3,A24,-1,1,0,14914.4395824435,9914.43958244347,0
3,A24,-1,1,1,19518.9171355836,14518.9171355836,0
3,A24,0,-1,-1,10848.33363109,5848.33363109003,0
3,A24,0,-1,0,8731.20613998205,3731.20613998205,0
3,A24,0,-1,1,15322.5839448274,10322.5839448274,0
3,A24,0,0,-1,7484.0224649409,2484.0224649409,0
3,A24,0,0,0,3815.52228969526,-1184.47771030474,0
3,A24,0,0,1,13156.9688162047,8156.96881620469,0
3,A24,0,1,-1,13940.4032201383,8940.40322013827,0
3,A24,0,1,0,12364.5646921945,7364.56469219448,0
3,A24,0,1,1,17647.3816220674,12647.3816220674,0
3,A24,1,-1,-1,15752.0885770918,10752.0885770918,0
3,A24,1,-1,0,14376.2273433598,9376.22734335981,0
3,A24,1,-1,1,19110.8223453463,14110.8223453463,0
3,A24,1,0,-1,13654.7626938313,8654.76269383127,0
3,A24,1,0,0,12041.6013184405,7041.60131844048,0
3,A24,1,0,1,17422.6226613472,12422.6226613472,0
3,A24,1,1,-1,18021.5646909237,13021.5646909237,0
3,A24,1,1,0,16832.2432253271,11832.2432253271,0
3,A24,1,1,1,21020.7523672201,16020.7523672201,0
3,A25,-1,-1,-1,15617.451092132,10617.451092132,0
3,A25,-1,-1,0,14154.7647376419,9154.76473764192,0
3,A25,-1,-1,1,18889.4137267636,13889.4137267636,0
3,A25,-1,0,-1,10863.7947578096,5863.7947578096,0
3,A25,-1,0,0,8629.86805824207,3629.86805824207,0
3,A25,-1,0,1,15196.2893123789,10196.2893123789,0
3,A25,-1,1,-1,13861.4319052718,8861.43190527179,0
3,A25,-1,1,0,12189.8269318043,7189.82693180434,0
3,A25,-1,1,1,17465.5222306749,12465.5222306749,0
3,A25,0,-1,-1,13522.8472244762,8522.84722447616,0
3,A25,0,-1,0,11803.3886329045,6803.38863290446,0
3,A25,0,-1,1,17198.039695914,12198.039695914,0
3,A25,0,0,-1,7548.81811816911,2548.81811816911,0
3,A25,0,0,0,3665.68426682574,-1334.31573317426,0
3,A25,0,0,1,13034.1791957495,8034.17919574951,0
3,A25,0,1,-1,11449.9743626732,6449.97436267321,0
3,A25,0,1,0,9357.05611123121,4357.05611123121,0
3,A25,0,1,1,15620.7261429034,10620.7261429034,0
3,A25,1,-1,-1,17939.6213866935,12939.6213866935,0
3,A25,1,-1,0,16681.8045085286,11681.8045085286,0
3,A25,1,-1,1,20850.3042621354,15850.3042621354,0
3,A25,1,0,-1,13998.1167812883,8998.11678128831,0
3,A25,1,0,0,12345.0338025232,7345.03380252322,0
3,A25,1,0,1,17574.1982960332,12574.1982960332,0
3,A25,1,1,-1,16433.6402342044,11433.6402342044,0
3,A25,1,1,0,15050.4856237304,10050.4856237304,0
3,A25,1,1,1,19569.6117404759,14569.6117404759,0
3,A26,-1,-1,-1,17355.6150020422,12355.6150020422,0
3,A26,-1,-1,0,12616.7009062237,7616.70090622366,0
3,A26,-1,-1,1,14735.8376556984,9735.83765569839,0
3,A26,-1,0,-1,13593.5767785711,8593.57677857113,0
3,A26,-1,0,0,6538.27953615492,1538.27953615492,0
3,A26,-1,0,1,10035.5801501904,5035.58015019043,0
3,A26,-1,1,-1,16381.4922144079,11381.4922144079,0
3,A26,-1,1,0,11239.0861207084,6239.08612070837,0
3,A26,-1,1,1,13575.007421239,8575.00742123898,0
3,A26,0,-1,-1,16687.9494463284,11687.9494463284,0
3,A26,0,-1,0,11681.2425016008,6681.24250160081,0
3,A26,0,-1,1,13943.2849802046,8943.2849802046,0
3,A26,0,0,-1,12730.1066083128,7730.10660831278,0
3,A26,0,0,0,4474.30261795094,-525.697382049064,0
3,A26,0,0,1,8830.80707381814,3830.80707381814,0
3,A26,0,1,-1,15672.3824543305,10672.3824543305,0
3,A26,0,1,0,10177.7866676798,5177.78666767977,0
3,A26,0,1,1,12710.2758078176,7710.27580781762,0
3,A26,1,-1,-1,21348.4880342218,16348.4880342218,0
3,A26,1,-1,0,17712.1910278008,12712.1910278008,0
3,A26,1,-1,1,19279.1462638598,14279.1462638598,0
3,A26,1,0,-1,18420.8007123227,13420.8007123227,0
3,A26,1,0,0,14045.984071652,9045.98407165204,0
3,A26,1,0,1,15976.6529097648,10976.6529097648,0
3,A26,1,1,-1,20564.3832005462,15564.3832005462,0
3,A26,1,1,0,16758.8074180981,11758.8074180981,0
3,A26,1,1,1,18407.1017744482,13407.1017744482,0
3,A27,-1,-1,-1,16741.6903523849,11741.6903523849,0
3,A27,-1,-1,0,13777.2977640048,8777.29776400476,0
3,A27,-1,-1,1,17301.5511299121,12301.5511299121,0
3,A27,-1,0,-1,12533.424599593,7533.42459959299,0
3,A27,-1,0,0,8161.89132594868,3161.89132594868,0
3,A27,-1,0,1,13272.0084327697,8272.00843276969,0
3,A27,-1,1,-1,15293.4387412455,10293.4387412455,0
3,A27,-1,1,0,11975.7674641395,6975.76746413949,0
3,A27,-1,1,1,15904.3624260156,10904.3624260156,0
3,A27,0,-1,-1,14798.1188169088,9798.11881690878,0
3,A27,0,-1,0,11336.4041186905,6336.40411869051,0
3,A27,0,-1,1,15428.6679971142,10428.6679971142,0
3,A27,0,0,-1,9787.07601165411,4787.07601165411,0
3,A27,0,0,0,2305.77420421187,-2694.22579578813,0
3,A27,0,0,1,10716.6381157396,5716.63811573958,0
3,A27,0,1,-1,13137.3282366104,8137.32823661041,0
3,A27,0,1,0,9061.96066088099,4061.96066088099,0
3,A27,0,1,1,13843.7303080589,8843.73030805889,0
3,A27,1,-1,-1,18912.5472949458,13912.5472949458,0
3,A27,1,-1,0,16346.6872181025,11346.6872181025,0
3,A27,1,-1,1,19409.892344611,14409.892344611,0
3,A27,1,0,-1,15312.9677568428,10312.9677568428,0
3,A27,1,0,0,12000.696619156,7000.69661915597,0
3,A27,1,0,1,15923.1421889002,10923.1421889002,0
3,A27,1,1,-1,17643.3987049166,12643.3987049166,0
3,A27,1,1,0,14859.9884146512,9859.98841465118,0
3,A27,1,1,1,18175.5053163999,13175.5053163999,0
3,A28,-1,-1,-1,14112.1360223994,9112.13602239944,0
3,A28,-1,-1,0,10653.6522348117,5653.65223481174,0
3,A28,-1,-1,1,15094.6423861552,10094.6423861552,0
3,A28,-1,0,-1,11308.1193835831,6308.11938358314,0
3,A28,-1,0,0,6497.80630820694,1497.80630820694,0
3,A28,-1,0,1,12512.7698630071,7512.76986300712,0
3,A28,-1,1,-1,16018.5749950498,11018.5749950498,0
3,A28,-1,1,0,13074.5044914765,8074.50449147648,0
3,A28,-1,1,1,16890.547371925,11890.547371925,0
3,A28,0,-1,-1,13161.4788064874,8161.47880648741,0
3,A28,0,-1,0,9358.01513138457,4358.01513138457,0
3,A28,0,-1,1,14209.8687546658,9209.86875466581,0
3,A28,0,0,-1,10096.8165900091,5096.81659000906,0
3,A28,0,0,0,4036.5366439421,-963.463356057905,0
3,A28,0,0,1,11429.853494402,6429.85349440195,0
3,A28,0,1,-1,15187.7215582505,10187.7215582505,0
3,A28,0,1,0,12042.2094715443,7042.20947154434,0
3,A28,0,1,1,16104.7425245534,11104.7425245534,0
3,A28,1,-1,-1,18635.8972317549,13635.8972317549,0
3,A28,1,-1,0,16175.4316312776,11175.4316312776,0
3,A28,1,-1,1,19390.5263281774,14390.5263281774,0
3,A28,1,0,-1,16613.7848340225,11613.7848340225,0
3,A28,1,0,0,13797.310221083,8797.31022108297,0
3,A28,1,0,1,17456.0503024712,12456.0503024712,0
3,A28,1,1,-1,20118.1268360119,15118.1268360119,0
3,A28,1,1,0,17863.0050723686,12863.0050723686,0
3,A28,1,1,1,20819.0987566962,15819.0987566962,0
3,A29,-1,-1,-1,14963.2757252143,9963.27572521427,0
3,A29,-1,-1,0,10588.9371856362,5588.93718563622,0
3,A29,-1,-1,1,14154.5597251879,9154.55972518793,0
3,A29,-1,0,-1,12829.4163806915,7829.4163806915,0
3,A29,-1,0,0,7267.72969789866,2267.72969789866,0
3,A29,-1,0,1,11876.2732056096,6876.27320560962,0
3,A29,-1,1,-1,17472.4992176141,12472.4992176141,0
3,A29,-1,1,0,13910.9381136603,8910.9381136603,0
3,A29,-1,1,1,16785.1175001741,11785.1175001741,0
3,A29,0,-1,-1,13596.1527336866,8596.15273368657,0
3,A29,0,-1,0,8548.76245139001,3548.76245139001,0
3,A29,0,-1,1,12700.6814676559,7700.68146765592,0
3,A29,0,0,-1,11204.8950641272,6204.89506412717,0
3,A29,0,0,0,3711.55542740026,-1288.44457259974,0
3,A29,0,0,1,10099.5848421223,5099.58484212233,0
3,A29,0,1,-1,16316.9843303985,11316.9843303985,0
3,A29,0,1,0,12428.5939643643,7428.59396436431,0
3,A29,0,1,1,15578.7007874083,10578.7007874083,0
3,A29,1,-1,-1,18595.9973619776,13595.9973619776,0
3,A29,1,-1,0,15298.2707578093,10298.2707578093,0
3,A29,1,-1,1,17951.6867862551,12951.6867862551,0
3,A29,1,0,-1,16926.4710476534,11926.4710476534,0
3,A29,1,0,0,13218.6002443379,8218.60024433792,0
3,A29,1,0,1,16215.9601230446,11215.9601230446,0
3,A29,1,1,-1,20668.8104729667,15668.8104729667,0
3,A29,1,1,0,17760.2279450456,12760.2279450456,0
3,A29,1,1,1,20091.0842652292,15091.0842652292,0
3,A30,-1,-1,-1,16938.2062332312,11938.2062332312,0
3,A30,-1,-1,0,13724.7954117712,8724.79541177121,0
3,A30,-1,-1,1,17024.6053637223,12024.6053637223,0
3,A30,-1,0,-1,13531.4120857782,8531.4120857782,0
3,A30,-1,0,0,9195.99324329074,4195.99324329074,0
3,A30,-1,0,1,13639.4087271463,8639.40872714626,0
3,A30,-1,1,-1,16712.1331873228,11712.1331873228,0
3,A30,-1,1,0,13444.7972973311,8444.79729733112,0
3,A30,-1,1,1,16799.6950288339,11799.6950288339,0
3,A30,0,-1,-1,14248.7949033164,9248.79490331642,0
3,A30,0,-1,0,10222.2959697066,5222.29596970664,0
3,A30,0,-1,1,14351.3941339434,9351.39413394341,0
3,A30,0,0,-1,9961.14646175073,4961.14646175073,0
3,A30,0,0,0,831.635453761807,-4168.36454623819,0
3,A30,0,0,1,10107.3634654868,5107.36346548684,0
3,A30,0,1,-1,13979.2961721298,8979.29617212977,0
3,A30,0,1,0,9843.16514966739,4843.16514966739,0
3,A30,0,1,1,14083.8588057084,9083.85880570844,0
3,A30,1,-1,-1,17864.8672537492,12864.8672537492,0
3,A30,1,-1,0,14853.3047060102,9853.30470601021,0
3,A30,1,-1,1,17946.8058268063,12946.8058268063,0
3,A30,1,0,-1,14674.8003267422,9674.80032674222,0
3,A30,1,0,0,10808.1887162123,5808.18871621227,0
3,A30,1,0,1,14774.44151299,9774.44151299002,0
3,A30,1,1,-1,17650.6670487386,12650.6670487386,0
3,A30,1,1,0,14594.9726262481,9594.9726262481,0
3,A30,1,1,1,17733.5953674498,12733.5953674498,0
3,A31,-1,-1,-1,15377.1474416056,10377.1474416056,0
3,A31,-1,-1,0,14084.8002043552,9084.80020435522,0
3,A31,-1,-1,1,18981.7420210141,13981.7420210141,0
3,A31,-1,0,-1,11346.1082057083,6346.10820570834,0
3,A31,-1,0,0,9521.50748418386,4521.50748418386,0
3,A31,-1,0,1,15892.8926922413,10892.8926922413,0
3,A31,-1,1,-1,14866.4615625376,9866.46156253755,0
3,A31,-1,1,0,13525.4061952362,8525.4061952362,0
3,A31,-1,1,1,18570.448193349,13570.448193349,0
3,A31,0,-1,-1,12511.6721567056,7511.67215670561,0
3,A31,0,-1,0,10884.2488722286,5884.2488722286,0
3,A31,0,-1,1,16744.9039074083,11744.9039074083,0
3,A31,0,0,-1,6987.09153594303,1987.09153594303,0
3,A31,0,0,0,3277.86233502475,-1722.13766497525,0
3,A31,0,0,1,13140.3696615849,8140.36966158491,0
3,A31,0,1,-1,11878.4239740132,6878.42397401318,0
3,A31,0,1,0,10149.9699241987,5149.96992419871,0
3,A31,0,1,1,16277.1871899866,11277.1871899866,0
3,A31,1,-1,-1,16632.1140229643,11632.1140229643,0
3,A31,1,-1,0,15445.1335451855,10445.1335451855,0
3,A31,1,-1,1,20011.9235353412,15011.9235353412,0
3,A31,1,0,-1,12996.3350544548,7996.33505445482,0
3,A31,1,0,0,11438.0793056954,6438.07930569545,0
3,A31,1,0,1,17110.0728098715,12110.0728098715,0
3,A31,1,1,-1,16161.1334015414,11161.1334015414,0
3,A31,1,1,0,14936.7722811236,9936.77228112362,0
3,A31,1,1,1,19622.2348251638,14622.2348251638,0
3,A32,-1,-1,-1,16355.6281182213,11355.6281182213,0
3,A32,-1,-1,0,13180.1275200946,8180.12752009455,0
3,A32,-1,-1,1,16730.9578850213,11730.9578850213,0
3,A32,-1,0,-1,11704.7542790699,6704.7542790699,0
3,A32,-1,0,0,6573.46659212692,1573.46659212692,0
3,A32,-1,0,1,12223.7331998949,7223.73319989488,0
3,A32,-1,1,-1,14369.9677913787,9369.96779137865,0
3,A32,-1,1,0,10616.2688657392,5616.2688657392,0
3,A32,-1,1,1,14795.7546253669,9795.75462536694,0
3,A32,0,-1,-1,15484.7072934138,10484.7072934138,0
3,A32,0,-1,0,12082.4397481265,7082.43974812651,0
3,A32,0,-1,1,15880.6341363156,10880.6341363156,0
3,A32,0,0,-1,10453.2703760382,5453.27037603824,0
3,A32,0,0,0,3934.46970492368,-1065.53029507632,0
3,A32,0,0,1,11031.2847014011,6031.28470140109,0
3,A32,0,1,-1,13370.3239731285,8370.32397312845,0
3,A32,0,1,0,9218.17516924131,4218.17516924131,0
3,A32,0,1,1,13826.9282111111,8826.92821111112,0
3,A32,1,-1,-1,20298.9100393065,15298.9100393065,0
3,A32,1,-1,0,17839.7012051284,12839.7012051284,0
3,A32,1,-1,1,20602.5272574183,15602.5272574183,0
3,A32,1,0,-1,16779.1671538164,11779.1671538164,0
3,A32,1,0,0,13702.1764942697,8702.17649426965,0
3,A32,1,0,1,17145.2276445814,12145.2276445814,0
3,A32,1,1,-1,18735.9321083198,13735.9321083198,0
3,A32,1,1,0,16038.8385574508,11038.8385574508,0
3,A32,1,1,1,19064.4573113523,14064.4573113523,0
3,A33,-1,-1,-1,16412.9337709938,11412.9337709938,0
3,A33,-1,-1,0,12068.3856478394,7068.38564783941,0
3,A33,-1,-1,1,14896.558975781,9896.55897578104,0
3,A33,-1,0,-1,13081.768048047,8081.76804804695,0
3,A33,-1,0,0,6884.34400918842,1884.34400918842,0
3,A33,-1,0,1,11120.0597844973,6120.05978449734,0
3,A33,-1,1,-1,16519.1075895393,11519.1075895393,0
3,A33,-1,1,0,12212.3893128544,7212.38931285442,0
3,A33,-1,1,1,15013.4602907746,10013.4602907746,0
3,A33,0,-1,-1,15289.5579791886,10289.5579791886,0
3,A33,0,-1,0,10489.6196486297,5489.61964862967,0
3,A33,0,-1,1,13648.9434589958,8648.94345899579,0
3,A33,0,0,-1,11641.2560959221,6641.2560959221,0
3,A33,0,0,0,3432.25591481607,-1567.74408518393,0
3,A33,0,0,1,9383.06548195931,4383.06548195931,0
3,A33,0,1,-1,15403.4770030249,10403.4770030249,0
3,A33,0,1,0,10654.981978242,5654.98197824201,0
3,A33,0,1,1,13776.4356105129,8776.43561051292,0
3,A33,1,-1,-1,19953.866077202,14953.866077202,0
3,A33,1,-1,0,16565.5760117437,11565.5760117437,0
3,A33,1,-1,1,18726.4477617835,13726.4477617835,0
3,A33,1,0,-1,17317.7663605554,12317.7663605554,0
3,A33,1,0,0,13272.7754781256,8272.77547812556,0
3,A33,1,0,1,15887.9862181045,10887.9862181045,0
3,A33,1,1,-1,20041.289679326,15041.289679326,0
3,A33,1,1,0,16670.7777018531,11670.7777018531,0
3,A33,1,1,1,18819.5740217081,13819.5740217081,0
3,A34,-1,-1,-1,15361.6244418339,10361.6244418339,0
3,A34,-1,-1,0,11573.1069288934,6573.10692889337,0
3,A34,-1,-1,1,15228.0695586555,10228.0695586555,0
3,A34,-1,0,-1,11769.5483669405,6769.54836694049,0
3,A34,-1,0,0,6039.83172426207,1039.83172426207,0
3,A34,-1,0,1,11594.69127459,6594.69127459,0
3,A34,-1,1,-1,15526.2690956828,10526.2690956828,0
3,A34,-1,1,0,11790.7731098179,6790.77310981792,0
3,A34,-1,1,1,15394.142685543,10394.142685543,0
3,A34,0,-1,-1,14670.6139222349,9670.61392223493,0
3,A34,0,-1,0,10638.8068574876,5638.80685748756,0
3,A34,0,-1,1,14530.7091997113,9530.70919971132,0
3,A34,0,0,-1,10852.1737972204,5852.17379722036,0
3,A34,0,0,0,3965.72498047042,-1034.27501952958,0
3,A34,0,0,1,10662.2827347795,5662.28273477955,0
3,A34,0,1,-1,14842.9255672485,9842.92556724849,0
3,A34,0,1,0,10875.1890967711,5875.18909677114,0
3,A34,0,1,1,14704.6603628299,9704.6603628299,0
3,A34,1,-1,-1,19861.3776012289,14861.3776012289,0
3,A34,1,-1,0,17100.6321144643,12100.6321144643,0
3,A34,1,-1,1,19758.2619987159,14758.2619987159,0
3,A34,1,0,-1,17234.1835747563,12234.1835747563,0
3,A34,1,0,0,13963.3227415272,8963.32274152724,0
3,A34,1,0,1,17115.2470177822,12115.2470177822,0
3,A34,1,1,-1,19988.993140181,14988.993140181,0
3,A34,1,1,0,17248.6853195788,12248.6853195788,0
3,A34,1,1,1,19886.539260251,14886.539260251,0
3,A35,-1,-1,-1,14952.5133553424,9952.51335534239,0
3,A35,-1,-1,0,11149.5378142167,6149.53781421675,0
3,A35,-1,-1,1,15001.5576291132,10001.5576291132,0
3,A35,-1,0,-1,12489.1885072924,7489.18850729237,0
3,A35,-1,0,0,7530.89419655066,2530.89419655066,0
3,A35,-1,0,1,12547.8645684673,7547.8645684673,0
3,A35,-1,1,-1,16981.8139048711,11981.8139048711,0
3,A35,-1,1,0,13751.964998815,8751.96499881496,0
3,A35,-1,1,1,17025.0133379563,12025.0133379563,0
3,A35,0,-1,-1,13284.8863312667,8284.88633126671,0
3,A35,0,-1,0,8787.64716312813,3787.64716312813,0
3,A35,0,-1,1,13340.0629868299,8340.06298682995,0
3,A35,0,0,-1,10435.0552832109,5435.05528321094,0
3,A35,0,0,0,3102.40496915297,-1897.59503084703,0
3,A35,0,0,1,10505.2108223292,5505.21082232916,0
3,A35,0,1,-1,15533.5943262549,10533.5943262549,0
3,A35,0,1,0,11917.5119266404,6917.5119266404,0
3,A35,0,1,1,15580.8096179426,10580.8096179426,0
3,A35,1,-1,-1,18149.3458291935,13149.3458291935,0
3,A35,1,-1,0,15170.1447539771,10170.1447539771,0
3,A35,1,-1,1,18189.7726672319,13189.7726672319,0
3,A35,1,0,-1,16180.263531743,11180.263531743,0
3,A35,1,0,0,12748.9397906496,7748.93979064964,0
3,A35,1,0,1,16225.5971728182,11225.5971728182,0
3,A35,1,1,-1,19854.5486447223,14854.5486447223,0
3,A35,1,1,0,17173.7485632753,12173.7485632753,0
3,A35,1,1,1,19891.5101876041,14891.5101876041,0
3,A36,-1,-1,-1,18584.4218189447,13584.4218189447,0
3,A36,-1,-1,0,13494.2652954334,8494.26529543338,0
3,A36,-1,-1,1,14792.2161078929,9792.21610789289,0
3,A36,-1,0,-1,15130.6574105597,10130.6574105597,0
3,A36,-1,0,0,8102.54621676384,3102.54621676384,0
3,A36,-1,0,1,10117.5944133901,5117.59441339008,0
3,A36,-1,1,-1,17677.4673810188,12677.4673810188,0
3,A36,-1,1,0,12215.0445977921,7215.04459779211,0
3,A36,-1,1,1,13635.3135660724,8635.31356607241,0
3,A36,0,-1,-1,17236.7979907128,12236.7979907128,0
3,A36,0,-1,0,11568.131503908,6568.13150390796,0
3,A36,0,-1,1,13058.9481969558,8058.94819695583,0
3,A36,0,0,-1,13441.1035374294,8441.10353742935,0
3,A36,0,0,0,4168.65995530506,-831.340044694938,0
3,A36,0,0,1,7354.73910767963,2354.73910767963,0
3,A36,0,1,-1,16254.8246264041,11254.8246264041,0
3,A36,0,1,0,10046.5807693075,5046.58076930754,0
3,A36,0,1,1,11732.3589560364,6732.35895603644,0
3,A36,1,-1,-1,21185.6950700422,16185.6950700422,0
3,A36,1,-1,0,16898.1696381554,11898.1696381554,0
3,A36,1,-1,1,17951.6739787393,12951.6739787393,0
3,A36,1,0,-1,18231.5587630917,13231.5587630917,0
3,A36,1,0,0,13004.0069382915,8004.00693829152,0
3,A36,1,0,1,14346.3813545508,9346.38135455078,0
3,A36,1,1,-1,20394.7491836336,15394.7491836336,0
3,A36,1,1,0,15895.2903648342,10895.2903648342,0
3,A36,1,1,1,17011.0175269282,12011.0175269282,0
3,A37,-1,-1,-1,16408.449581381,11408.449581381,0
3,A37,-1,-1,0,13425.5361920294,8425.53619202936,0
3,A37,-1,-1,1,17066.1309740157,12066.1309740157,0
3,A37,-1,0,-1,13109.7495389075,8109.74953890752,0
3,A37,-1,0,0,9103.47940908611,4103.47940908611,0
3,A37,-1,0,1,13924.1208602347,8924.12086023471,0
3,A37,-1,1,-1,16567.8558745859,11567.8558745859,0
3,A37,-1,1,0,13619.8991427917,8619.89914279174,0
3,A37,-1,1,1,17219.4499632999,12219.4499632999,0
3,A37,0,-1,-1,13693.7833699497,8693.78336994968,0
3,A37,0,-1,0,9926.10232477376,4926.10232477376,0
3,A37,0,-1,1,14475.3345985731,9475.33459857312,0
3,A37,0,0,-1,9494.63102449352,4494.63102449352,0
3,A37,0,0,0,1075.09193562398,-3924.90806437602,0
3,A37,0,0,1,10590.7330741933,5590.73307419333,0
3,A37,0,1,-1,13884.3917259432,8884.39172594318,0
3,A37,0,1,0,10187.4500233478,5187.45002334776,0
3,A37,0,1,1,14655.7818746383,9655.78187463832,0
3,A37,1,-1,-1,17487.2006994115,12487.2006994115,0
3,A37,1,-1,0,14724.4691816129,9724.4691816129,0
3,A37,1,-1,1,18105.7393403041,13105.7393403041,0
3,A37,1,0,-1,14437.1224144448,9437.12241444478,0
3,A37,1,0,0,10928.7834633335,5928.78346333354,0
3,A37,1,0,1,15180.4516522797,10180.4516522797,0
3,A37,1,1,-1,17636.8596671241,12636.8596671241,0
3,A37,1,1,0,14901.8999894845,9901.89998948447,0
3,A37,1,1,1,18250.3267827008,13250.3267827008,0
3,A38,-1,-1,-1,17358.4866278803,12358.4866278803,0
3,A38,-1,-1,0,14145.4421758349,9145.44217583495,0
3,A38,-1,-1,1,17287.8573192134,12287.8573192134,0
3,A38,-1,0,-1,13911.5847674192,8911.58476741923,0
3,A38,-1,0,0,9607.739956966,4607.739956966,0
3,A38,-1,0,1,13823.3549987068,8823.35499870677,0
3,A38,-1,1,-1,16904.06233637,11904.06233637,0
3,A38,-1,1,0,13583.9537621221,8583.95376212214,0
3,A38,-1,1,1,16831.5262573262,11831.5262573262,0
3,A38,0,-1,-1,14468.0309089931,9468.03090899306,0
3,A38,0,-1,0,10397.1339667799,5397.13396677993,0
3,A38,0,-1,1,14383.214907063,9383.214907063,0
3,A38,0,0,-1,10076.6587276919,5076.65872769191,0
3,A38,0,0,0,561.718304811153,-4438.28169518885,0
3,A38,0,0,1,9954.49666198901,4954.49666198901,0
3,A38,0,1,-1,13919.5611944185,8919.56119441847,0
3,A38,0,1,0,9619.28584588019,4619.28584588019,0
3,A38,0,1,1,13831.3823070704,8831.38230707044,0
3,A38,1,-1,-1,17813.7805857392,12813.7805857392,0
3,A38,1,-1,0,14700.5868963265,9700.58689632654,0
3,A38,1,-1,1,17744.9635512739,12744.9635512739,0
3,A38,1,0,-1,14475.7007252723,9475.70072527228,0
3,A38,1,0,0,10407.8041789437,5407.80417894374,0
3,A38,1,0,1,14390.9299271044,9390.9299271044,0
3,A38,1,1,-1,17371.2706564154,12371.2706564154,0
3,A38,1,1,0,14161.1270934919,9161.12709349188,0
3,A38,1,1,1,17300.6935380528,12300.6935380528,0
3,A39,-1,-1,-1,16625.0995348095,11625.0995348095,0
3,A39,-1,-1,0,13469.8579320351,8469.85793203515,0
3,A39,-1,-1,1,16925.7263027645,11925.7263027645,0
3,A39,-1,0,-1,13448.3755813456,8448.3755813456,0
3,A39,-1,0,0,9268.3301594094,4268.3301594094,0
3,A39,-1,0,1,13818.2879587416,8818.28795874161,0
3,A39,-1,1,-1,16891.5267815417,11891.5267815417,0
3,A39,-1,1,0,13797.3481212306,8797.34812123061,0
3,A39,-1,1,1,17187.4940973171,12187.4940973171,0
3,A39,0,-1,-1,13825.6915323571,8825.69153235706,0
3,A39,0,-1,0,9807.79712854906,4807.79712854906,0
3,A39,0,-1,1,14185.7683148168,9185.76831481681,0
3,A39,0,0,-1,9778.27273001206,4778.27273001206,0
3,A39,0,0,0,811.0214235043,-4188.9785764957,0
3,A39,0,0,1,10281.094003863,5281.09400386303,0
3,A39,0,1,-1,14144.945698627,9144.94569862696,0
3,A39,0,1,0,10252.932604089,5252.93260408898,0
3,A39,0,1,1,14497.0950590412,9497.09505904118,0
3,A39,1,-1,-1,17490.1560357092,12490.1560357092,0
3,A39,1,-1,0,14524.0729934939,9524.07299349394,0
3,A39,1,-1,1,17776.1591601568,12776.1591601568,0
3,A39,1,0,-1,14504.1521430266,9504.15214302658,0
3,A39,1,0,0,10743.0706762521,5743.07067625211,0
3,A39,1,0,1,14847.7845391773,9847.78453917733,0
3,A39,1,1,-1,17743.5988633273,12743.5988633273,0
3,A39,1,1,0,14828.2985804021,9828.29858040213,0
3,A39,1,1,1,18025.5811822099,13025.5811822099,0
3,A40,-1,-1,-1,15533.3959169363,10533.3959169363,0
3,A40,-1,-1,0,12711.6001238556,7711.60012385563,0
3,A40,-1,-1,1,16789.3766026413,11789.3766026413,0
3,A40,-1,0,-1,12058.0163280316,7058.01632803158,0
3,A40,-1,0,0,8105.19258029003,3105.19258029003,0
3,A40,-1,0,1,13637.9080419286,8637.90804192861,0
3,A40,-1,1,-1,15795.7312848079,10795.7312848079,0
3,A40,-1,1,0,13030.8678075703,8030.86780757026,0
3,A40,-1,1,1,17032.3781315142,12032.3781315142,0
3,A40,0,-1,-1,13435.4357163385,8435.43571633848,0
3,A40,0,-1,0,10040.3845486304,5040.38454863041,0
3,A40,0,-1,1,14869.691014977,9869.69101497703,0
3,A40,0,0,-1,9198.92939111101,4198.92939111101,0
3,A40,0,0,0,2217.8121965483,-2782.1878034517,0
3,A40,0,0,1,11190.0437861373,6190.04378613734,0
3,A40,0,1,-1,13737.8917959572,8737.8917959572,0
3,A40,0,1,0,10441.6502524237,5441.65025242373,0
3,A40,0,1,1,15143.5282873726,10143.5282873726,0
3,A40,1,-1,-1,17881.1486505603,12881.1486505603,0
3,A40,1,-1,0,15493.0263686584,10493.0263686584,0
3,A40,1,-1,1,18982.4196312393,13982.4196312393,0
3,A40,1,0,-1,14961.4453218336,9961.44532183358,0
3,A40,1,0,0,12005.9666464108,7005.96664641078,0
3,A40,1,0,1,16261.6611731779,11261.6611731779,0
3,A40,1,1,-1,18109.506210082,13109.506210082,0
3,A40,1,1,0,15756.0338971935,10756.0338971935,0
3,A40,1,1,1,19197.6819737702,14197.6819737702,0
3,A41,-1,-1,-1,14769.0031303854,9769.00313038544,0
3,A41,-1,-1,0,11048.5351434753,6048.5351434753,0
3,A41,-1,-1,1,15033.8552662942,10033.8552662942,0
3,A41,-1,0,-1,11438.1289305584,6438.12893055845,0
3,A41,-1,0,0,5897.24247283015,897.242472830149,0
3,A41,-1,0,1,11778.1214178928,6778.12141789282,0
3,A41,-1,1,-1,15605.7083594056,10605.7083594056,0
3,A41,-1,1,0,12144.332371526,7144.33237152603,0
3,A41,-1,1,1,15856.5911879372,10856.5911879372,0
3,A41,0,-1,-1,14175.0337504884,9175.03375048843,0
3,A41,0,-1,0,10241.0086016349,5241.0086016349,0
3,A41,0,-1,1,14450.7761912651,9450.77619126508,0
3,A41,0,0,-1,10660.1558053449,5660.15580534494,0
3,A41,0,0,0,4193.51846848242,-806.481531517576,0
3,A41,0,0,1,11024.1676555093,6024.16765550928,0
3,A41,0,1,-1,15044.8084654133,10044.8084654133,0
3,A41,0,1,0,11414.5931645524,6414.5931645524,0
3,A41,0,1,1,15304.8885152268,10304.8885152268,0
3,A41,1,-1,-1,19589.2753870488,14589.2753870488,0
3,A41,1,-1,0,16961.3202770572,11961.3202770572,0
3,A41,1,-1,1,19789.721091824,14789.721091824,0
3,A41,1,0,-1,17217.6377635372,12217.6377635372,0
3,A41,1,0,0,14156.0490783147,9156.0490783147,0
3,A41,1,0,1,17445.3547071686,12445.3547071686,0
3,A41,1,1,-1,20227.5651061398,15227.5651061398,0
3,A41,1,1,0,17694.6620616048,12694.6620616048,0
3,A41,1,1,1,20421.7467623529,15421.7467623529,0
3,A42,-1,-1,-1,16441.003332403,11441.003332403,0
3,A42,-1,-1,0,13058.4653443741,8058.46534437406,0
3,A42,-1,-1,1,16454.1922841672,11454.1922841672,0
3,A42,-1,0,-1,13345.5482383669,8345.54823836687,0
3,A42,-1,0,0,8849.89177090364,3849.89177090364,0
3,A42,-1,0,1,13361.792953449,8361.79295344897,0
3,A42,-1,1,-1,16908.5991433077,11908.5991433077,0
3,A42,-1,1,0,13642.4943307006,8642.49433070059,0
3,A42,-1,1,1,16921.4236439293,11921.4236439293,0
3,A42,0,-1,-1,13909.7343218936,8909.73432189362,0
3,A42,0,-1,0,9679.75389562132,4679.75389562132,0
3,A42,0,-1,1,13925.3208959049,8925.32089590495,0
3,A42,0,0,-1,10063.6860102129,5063.68601021292,0
3,A42,0,0,0,1222.58033939938,-3777.41966060062,0
3,A42,0,0,1,10085.2183546226,5085.2183546226,0
3,A42,0,1,-1,14459.4205734063,9459.42057340628,0
3,A42,0,1,0,10454.2704141789,5454.27041417887,0
3,A42,0,1,1,14474.415237477,9474.415237477,0
3,A42,1,-1,-1,17794.7977576381,12794.7977576381,0
3,A42,1,-1,0,14726.566259973,9726.56625997297,0
3,A42,1,-1,1,17806.9840338982,12806.9840338982,0
3,A42,1,0,-1,14981.7186744957,9981.7186744957,0
3,A42,1,0,0,11165.5192900225,6165.51929002247,0
3,A42,1,0,1,14996.1911027432,9996.19110274321,0
3,A42,1,1,-1,18227.6976507792,13227.6976507792,0
3,A42,1,1,0,15246.8320716913,10246.8320716913,0
3,A42,1,1,1,18239.594699348,13239.594699348,0
3,A43,-1,-1,-1,16763.8219688774,11763.8219688774,0
3,A43,-1,-1,0,13291.1318628339,8291.13186283385,0
3,A43,-1,-1,1,16500.9892244756,11500.9892244756,0
3,A43,-1,0,-1,13271.000168883,8271.00016888301,0
3,A43,-1,0,0,8470.41348893398,3470.41348893398,0
3,A43,-1,0,1,12937.4017431839,7937.40174318385,0
3,A43,-1,1,-1,16468.5507547194,11468.5507547194,0
3,A43,-1,1,0,12916.7187455558,7916.71874555578,0
3,A43,-1,1,1,16200.9284407658,11200.9284407658,0
3,A43,0,-1,-1,14551.4588482102,9551.45884821023,0
3,A43,0,-1,0,10362.1143499856,5362.1143499856,0
3,A43,0,-1,1,14247.8725777991,9247.8725777991,0
3,A43,0,0,-1,10336.2794606876,5336.27946068763,0
3,A43,0,0,0,1570.71075645864,-3429.28924354136,0
3,A43,0,0,1,9904.32185823324,4904.32185823324,0
3,A43,0,1,-1,14210.291748156,9210.29174815599,0
3,A43,0,1,0,9877.28964639249,4877.28964639249,0
3,A43,0,1,1,13899.2557336627,8899.25573366265,0
3,A43,1,-1,-1,18505.7878032278,13505.7878032278,0
3,A43,1,-1,0,15430.2508537327,10430.2508537327,0
3,A43,1,-1,1,18268.0349408506,13268.0349408506,0
3,A43,1,0,-1,15412.9134395926,10412.9134395926,0
3,A43,1,0,0,11540.6394921337,6540.63949213366,0
3,A43,1,0,1,15126.6261631078,10126.6261631078,0
3,A43,1,1,-1,18238.7395171555,13238.7395171555,0
3,A43,1,1,0,15108.9403455594,10108.9403455594,0
3,A43,1,1,1,17997.4591972504,12997.4591972504,0
3,A44,-1,-1,-1,17089.6317093836,12089.6317093836,0
3,A44,-1,-1,0,13451.550058073,8451.55005807297,0
3,A44,-1,-1,1,16426.5908199881,11426.5908199881,0
3,A44,-1,0,-1,13996.0554131152,8996.05541311519,0
3,A44,-1,0,0,9207.51074555247,4207.51074555247,0
3,A44,-1,0,1,13178.2753474018,8178.27534740178,0
3,A44,-1,1,-1,17312.5279000963,12312.5279000963,0
3,A44,-1,1,0,13733.6196719614,8733.61967196142,0
3,A44,-1,1,1,16658.3611527833,11658.3611527833,0
3,A44,0,-1,-1,14431.9372179893,9431.9372179893,0
3,A44,0,-1,0,9857.45904716108,4857.45904716108,0
3,A44,0,-1,1,13640.3147276348,8640.31472763481,0
3,A44,0,0,-1,10588.4308104934,5588.43081049341,0
3,A44,0,0,0,1001.77543944703,-3998.22456055297,0
3,A44,0,0,1,9481.15188326569,4481.15188326569,0
3,A44,0,1,-1,14695.2006516831,9695.2006516831,0
3,A44,0,1,0,10239.0238399811,5239.02383998107,0
3,A44,0,1,1,13918.5594153337,8918.55941533368,0
3,A44,1,-1,-1,18014.0531742748,13014.0531742748,0
3,A44,1,-1,0,14608.0388405861,9608.03884058613,0
3,A44,1,-1,1,17386.3016702962,12386.3016702962,0
3,A44,1,0,-1,15110.9287249401,10110.9287249401,0
3,A44,1,0,0,10827.2274351606,5827.2274351606,0
3,A44,1,0,1,14356.7942429767,9356.79424297665,0
3,A44,1,1,-1,18225.6473710769,13225.6473710769,0
3,A44,1,1,0,14868.1844586794,9868.1844586794,0
3,A44,1,1,1,17605.4422296002,12605.4422296002,0
3,A45,-1,-1,-1,16267.0336980106,11267.0336980106,0
3,A45,-1,-1,0,12433.1966780284,7433.19667802845,0
3,A45,-1,-1,1,15638.1704152648,10638.1704152648,0
3,A45,-1,0,-1,12805.2017616522,7805.20176165222,0
3,A45,-1,0,0,7344.46638353987,2344.46638353987,0
3,A45,-1,0,1,11996.2152682116,6996.21526821161,0
3,A45,-1,1,-1,16227.4458551255,11227.4458551255,0
3,A45,-1,1,0,12381.3566818567,7381.35668185668,0
3,A45,-1,1,1,15596.986490527,10596.986490527,0
3,A45,0,-1,-1,14767.2422706703,9767.24227067025,0
3,A45,0,-1,0,10394.2021619265,5394.20216192645,0
3,A45,0,-1,1,14071.5113930708,9071.51139307085,0
3,A45,0,0,-1,10836.4316592262,5836.43165922621,0
3,A45,0,0,0,2719.60390634487,-2280.39609365513,0
3,A45,0,0,1,9867.33194484367,4867.33194484367,0
3,A45,0,1,-1,14723.6224459027,9723.6224459027,0
3,A45,0,1,0,10332.1368666804,5332.13686668039,0
3,A45,0,1,1,14025.7280215375,9025.7280215375,0
3,A45,1,-1,-1,19275.0227815463,14275.0227815463,0
3,A45,1,-1,0,16170.7914936609,11170.7914936609,0
3,A45,1,-1,1,18747.3329258799,13747.3329258799,0
3,A45,1,0,-1,16458.5330468283,11458.5330468283,0
3,A45,1,0,0,12682.7167576929,7682.71675769294,0
3,A45,1,0,1,15837.275607193,10837.275607193,0
3,A45,1,1,-1,19241.6245904016,14241.6245904016,0
3,A45,1,1,0,16130.9674595256,11130.9674595256,0
3,A45,1,1,1,18712.9929589738,13712.9929589738,0
3,A46,-1,-1,-1,16993.4370891274,11993.4370891274,0
3,A46,-1,-1,0,13718.9270099181,8718.9270099181,0
3,A46,-1,-1,1,16959.9826799673,11959.9826799673,0
3,A46,-1,0,-1,13441.6851879813,8441.68518798128,0
3,A46,-1,0,0,8950.47232799067,3950.47232799067,0
3,A46,-1,0,1,13399.365996026,8399.36599602601,0
3,A46,-1,1,-1,16510.0241454536,11510.0241454536,0
3,A46,-1,1,0,13115.3708100379,8115.37081003786,0
3,A46,-1,1,1,16475.5881742087,11475.5881742087,0
3,A46,0,-1,-1,14489.7074295167,9489.70742951671,0
3,A46,0,-1,0,10458.6650961929,5458.66509619287,0
3,A46,0,-1,1,14450.4577711453,9450.45777114533,0
3,A46,0,0,-1,10092.2553467329,5092.25534673286,0
3,A46,0,0,0,1133.87485420103,-3866.12514579897,0
3,A46,0,0,1,10035.822157966,5035.82215796597,0
3,A46,0,1,-1,13919.6125870774,8919.61258707742,0
3,A46,0,1,0,9653.3760299522,4653.3760299522,0
3,A46,0,1,1,13878.7507714847,8878.7507714847,0
3,A46,1,-1,-1,18196.8771684554,13196.8771684554,0
3,A46,1,-1,0,15184.1493961692,10184.1493961692,0
3,A46,1,-1,1,18165.6391873921,13165.6391873921,0
3,A46,1,0,-1,14934.133228096,9934.13322809599,0
3,A46,1,0,0,11066.1822448328,6066.18224483277,0
3,A46,1,0,1,14896.0546346066,9896.05463460655,0
3,A46,1,1,-1,17746.2765634143,12746.2765634143,0
3,A46,1,1,0,14641.1196998904,9641.11969989039,0
3,A46,1,1,1,17714.2439936863,12714.2439936863,0
3,A47,-1,-1,-1,16711.0903658015,11711.0903658015,0
3,A47,-1,-1,0,13394.9546473217,8394.95464732169,0
3,A47,-1,-1,1,16720.9174028708,11720.9174028708,0
3,A47,-1,0,-1,13133.4649960646,8133.46499606465,0
3,A47,-1,0,0,8523.62432259178,3523.62432259178,0
3,A47,-1,0,1,13145.9666963864,8145.96669638642,0
3,A47,-1,1,-1,16300.774962919,11300.774962919,0
3,A47,-1,1,0,12879.4228590241,7879.42285902405,0
3,A47,-1,1,1,16310.8492106136,11310.8492106136,0
3,A47,0,-1,-1,14454.1592948917,9454.15929489171,0
3,A47,0,-1,0,10444.4717296725,5444.47172967246,0
3,A47,0,-1,1,14465.5196416081,9465.51964160811,0
3,A47,0,0,-1,10106.9323986548,5106.93239865477,0
3,A47,0,0,0,1521.29921475044,-3478.70078524956,0
3,A47,0,0,1,10123.1724321293,5123.17243212932,0
3,A47,0,1,-1,13977.748177008,8977.748177008,0
3,A47,0,1,0,9774.54412694901,4774.54412694901,0
3,A47,0,1,1,13989.4954047491,8989.4954047491,0
3,A47,1,-1,-1,18400.6766351193,13400.6766351193,0
3,A47,1,-1,0,15451.510263403,10451.510263403,0
3,A47,1,-1,1,18409.6017938974,13409.6017938974,0
3,A47,1,0,-1,15225.3821698866,10225.3821698866,0
3,A47,1,0,0,11488.1038909353,6488.10389093529,0
3,A47,1,0,1,15236.1674905058,10236.1674905058,0
3,A47,1,1,-1,18028.8553105285,13028.8553105285,0
3,A47,1,1,0,15006.794880913,10006.794880913,0
3,A47,1,1,1,18037.9644468997,13037.9644468997,0
3,A48,-1,-1,-1,15821.7895970413,10821.7895970413,0
3,A48,-1,-1,0,13035.8001021835,8035.80010218345,0
3,A48,-1,-1,1,17015.7322074346,12015.7322074346,0
3,A48,-1,0,-1,12333.3778862634,7333.37788626343,0
3,A48,-1,0,0,8468.48677960909,3468.48677960909,0
3,A48,-1,0,1,13831.7868183202,8831.78681832019,0
3,A48,-1,1,-1,15934.0953341475,10934.0953341475,0
3,A48,-1,1,0,13171.8811249093,8171.8811249093,0
3,A48,-1,1,1,17120.2076687108,12120.2076687108,0
3,A48,0,-1,-1,13494.7029234983,8494.70292349827,0
3,A48,0,-1,0,10085.1408143127,5085.14081431266,0
3,A48,0,-1,1,14876.5965024113,9876.59650241134,0
3,A48,0,0,-1,9159.15886016837,4159.15886016837,0
3,A48,0,0,0,1869.02361591365,-3130.97638408635,0
3,A48,0,0,1,11094.8775355064,6094.87753550642,0
3,A48,0,1,-1,13626.2017839943,8626.20178399427,0
3,A48,0,1,0,10260.4304641263,5260.43046412629,0
3,A48,0,1,1,14995.9825140006,9995.98251400064,0
3,A48,1,-1,-1,17716.7995962561,12716.7995962561,0
3,A48,1,-1,0,15280.3156441529,10280.3156441529,0
3,A48,1,-1,1,18790.7185715711,13790.7185715711,0
3,A48,1,0,-1,14685.6450987428,9685.64509874285,0
3,A48,1,0,0,11630.6160721293,6630.61607212928,0
3,A48,1,0,1,15964.7827566902,10964.7827566902,0
3,A48,1,1,-1,17817.1646453233,12817.1646453233,0
3,A48,1,1,0,15396.5715095797,10396.5715095797,0
3,A48,1,1,1,18885.377213618,13885.377213618,0
3,A49,-1,-1,-1,17390.6849464281,12390.6849464281,0
3,A49,-1,-1,0,13597.4276773028,8597.42767730278,0
3,A49,-1,-1,1,16350.6622487604,11350.6622487604,0
3,A49,-1,0,-1,12486.4400703375,7486.44007033754,0
3,A49,-1,0,0,6193.97305157926,1193.97305157926,0
3,A49,-1,0,1,10991.7886941684,5991.78869416844,0
3,A49,-1,1,-1,14470.1917179539,9470.1917179539,0
3,A49,-1,1,0,9583.3483129802,4583.3483129802,0
3,A49,-1,1,1,13202.0711034845,8202.07110348446,0
3,A49,0,-1,-1,16999.2218343066,11999.2218343066,0
3,A49,0,-1,0,13093.0385894767,8093.0385894767,0
3,A49,0,-1,1,15933.6680032905,10933.6680032905,0
3,A49,0,0,-1,11935.1919002661,6935.19190026609,0
3,A49,0,0,0,4990.28278053823,-9.71721946176967,0
3,A49,0,0,1,10361.3241800117,5361.32418001171,0
3,A49,0,1,-1,13997.2878951741,8997.28789517412,0
3,A49,0,1,0,8853.14548360902,3853.14548360902,0
3,A49,0,1,1,12681.9675716155,7681.96757161545,0
3,A49,1,-1,-1,21806.2184488281,16806.2184488281,0
3,A49,1,-1,0,18919.9703903461,13919.9703903461,0
3,A49,1,-1,1,20986.1715447371,15986.1715447371,0
3,A49,1,0,-1,18137.9829573805,13137.9829573805,0
3,A49,1,0,0,14540.9952305811,9540.99523058111,0
3,A49,1,0,1,17143.356113356,12143.356113356,0
3,A49,1,1,-1,19556.6277380952,14556.6277380952,0
3,A49,1,1,0,16276.2343624068,11276.2343624068,0
3,A49,1,1,1,18637.8625800694,13637.8625800694,0
3,A50,-1,-1,-1,14716.6425753122,9716.64257531215,0
3,A50,-1,-1,0,11671.0128665556,6671.0128665556,0
3,A50,-1,-1,1,15995.1715831098,10995.1715831098,0
3,A50,-1,0,-1,11031.3028273051,6031.30282730508,0
3,A50,-1,0,0,6428.26685114465,1428.26685114465,0
3,A50,-1,0,1,12686.8273162104,7686.82731621035,0
3,A50,-1,1,-1,15059.8710301891,10059.8710301891,0
3,A50,-1,1,0,12100.9374879694,7100.93748796944,0
3,A50,-1,1,1,16311.5192649109,11311.5192649109,0
3,A50,0,-1,-1,13770.4369360345,8770.43693603454,0
3,A50,0,-1,0,10452.6506710557,5452.65067105567,0
3,A50,0,-1,1,15129.1400513359,10129.1400513359,0
3,A50,0,0,-1,9733.19098690267,4733.19098690267,0
3,A50,0,0,0,3790.51176351418,-1209.48823648582,0
3,A50,0,0,1,11575.8780259277,6575.87802592768,0
3,A50,0,1,-1,14136.6573193857,9136.65731938573,0
3,A50,0,1,0,10930.6016672257,5930.60166722575,0
3,A50,0,1,1,15463.2152364692,10463.2152364692,0
3,A50,1,-1,-1,19043.9044875025,14043.9044875025,0
3,A50,1,-1,0,16801.8829531376,11801.8829531376,0
3,A50,1,-1,1,20048.3476479422,15048.3476479422,0
3,A50,1,0,-1,16363.9961961416,11363.9961961416,0
3,A50,1,0,0,13689.8993476634,8689.89934766336,0
3,A50,1,0,1,17522.7371375299,12522.7371375299,0
3,A50,1,1,-1,19310.3714331329,14310.3714331329,0
3,A50,1,1,0,17103.3159804575,12103.3159804575,0
3,A50,1,1,1,20301.6351599862,15301.6351599862,0
3,A51,-1,-1,-1,17569.9145643059,12569.9145643059,0
3,A51,-1,-1,0,14446.9256411581,9446.92564115808,0
3,A51,-1,-1,1,17570.5840302846,12570.5840302846,0
3,A51,-1,0,-1,13745.6879291762,8745.68792917618,0
3,A51,-1,0,0,9431.63290901636,4431.63290901636,0
3,A51,-1,0,1,13746.5436388418,8746.54363884177,0
3,A51,-1,1,-1,16406.8880503156,11406.8880503156,0
3,A51,-1,1,0,13007.603091259,8007.60309125898,0
3,A51,-1,1,1,16407.6049703749,11407.6049703749,0
3,A51,0,-1,-1,14869.6620130419,9869.66201304187,0
3,A51,0,-1,0,11005.390091507,6005.39009150702,0
3,A51,0,-1,1,14870.4530445572,9870.45304455724,0
3,A51,0,0,-1,10067.2184455981,5067.21844559807,0
3,A51,0,0,0,1166.46899467179,-3833.53100532821,0
3,A51,0,0,1,10068.3867923154,5068.3867923154,0
3,A51,0,1,-1,13475.5677461352,8475.56774613521,0
3,A51,0,1,0,9033.42065691731,4033.42065691731,0
3,A51,0,1,1,13476.4406075551,8476.44060755513,0
3,A51,1,-1,-1,18262.305412165,13262.305412165,0
3,A51,1,-1,0,15281.477731271,10281.477731271,0
3,A51,1,-1,1,18262.9494971506,13262.9494971506,0
3,A51,1,0,-1,14620.3227671786,9620.32276717857,0
3,A51,1,0,0,10666.0958415261,5666.09584152612,0
3,A51,1,0,1,14621.1272884399,9621.12728843989,0
3,A51,1,1,-1,17146.3079601928,12146.3079601928,0
3,A51,1,1,0,13928.6625111642,8928.66251116418,0
3,A51,1,1,1,17146.9939649506,12146.9939649506,0
3,A52,-1,-1,-1,14258.5538319339,9258.55383193392,0
3,A52,-1,-1,0,11083.3490145153,6083.34901451531,0
3,A52,-1,-1,1,15568.3940525976,10568.3940525976,0
3,A52,-1,0,-1,10556.3382400992,5556.33824009918,0
3,A52,-1,0,0,5565.11860060325,565.118600603246,0
3,A52,-1,0,1,12268.0403096085,7268.04030960855,0
3,A52,-1,1,-1,14817.7662520571,9817.76625205712,0
3,A52,-1,1,0,11794.0860052826,6794.08600528261,0
3,A52,-1,1,1,16082.1246326287,11082.1246326287,0
3,A52,0,-1,-1,13929.5945111977,8929.59451119772,0
3,A52,0,-1,0,10656.8227556711,5656.82275567112,0
3,A52,0,-1,1,15267.6828381123,10267.6828381123,0
3,A52,0,0,-1,10107.5972865767,5107.59728657669,0
3,A52,0,0,0,4658.08876117796,-341.911238822037,0
3,A52,0,0,1,11884.1095125555,6884.10951255551,0
3,A52,0,1,-1,14501.4979422415,9501.49794224152,0
3,A52,0,1,0,11394.1963546463,6394.19635464631,0
3,A52,0,1,1,15791.1994024404,10791.1994024404,0
3,A52,1,-1,-1,19615.3217948272,14615.3217948272,0
3,A52,1,-1,0,17444.0567848772,12444.0567848772,0
3,A52,1,-1,1,20587.1169694404,15587.1169694404,0
3,A52,1,0,-1,17114.0517930689,12114.0517930689,0
3,A52,1,0,0,14574.8082929157,9574.80829291571,0
3,A52,1,0,1,18219.7504037417,13219.7504037417,0
3,A52,1,1,-1,20025.500953461,15025.500953461,0
3,A52,1,1,0,17904.0486046164,12904.0486046164,0
3,A52,1,1,1,20978.3036596353,15978.3036596353,0
3,A53,-1,-1,-1,16750.6052580786,11750.6052580786,0
3,A53,-1,-1,0,14367.1078574024,9367.10785740242,0
3,A53,-1,-1,1,18227.5834893301,13227.5834893301,0
3,A53,-1,0,-1,11799.1987955889,6799.19879558889,0
3,A53,-1,0,0,8065.48844721082,3065.48844721082,0
3,A53,-1,0,1,13816.0455835364,8816.04558353642,0
3,A53,-1,1,-1,14066.250670441,9066.25067044104,0
3,A53,-1,1,0,11121.6194683125,6121.61946831252,0
3,A53,-1,1,1,15796.247379432,10796.247379432,0
3,A53,0,-1,-1,15060.5639083992,10060.5639083992,0
3,A53,0,-1,0,12355.225490182,7355.22549018198,0
3,A53,0,-1,1,16687.7981947142,11687.7981947142,0
3,A53,0,0,-1,9244.39835494092,4244.39835494092,0
3,A53,0,0,0,3360.04652037728,-1639.95347962272,0
3,A53,0,0,1,11709.8644011519,6709.86440115189,0
3,A53,0,1,-1,12004.0500103378,7004.05001033782,0
3,A53,0,1,0,8362.30998737528,3362.30998737528,0
3,A53,0,1,1,13991.3987863695,8991.39878636948,0
3,A53,1,-1,-1,19314.7196191398,14314.7196191398,0
3,A53,1,-1,0,17288.418251542,12288.418251542,0
3,A53,1,-1,1,20608.7461363984,15608.7461363984,0
3,A53,1,0,-1,15221.5869629892,10221.5869629892,0
3,A53,1,0,0,12551.0047942827,7551.00479428271,0
3,A53,1,0,1,16833.2626968266,11833.2626968266,0
3,A53,1,1,-1,17039.2202103764,12039.2202103764,0
3,A53,1,1,0,14702.5860668103,9702.58606681031,0
3,A53,1,1,1,18493.1622154306,13493.1622154306,0
3,A54,-1,-1,-1,15963.8836964239,10963.8836964239,0
3,A54,-1,-1,0,12626.7376187574,7626.73761875735,0
3,A54,-1,-1,1,16248.7975897583,11248.7975897583,0
3,A54,-1,0,-1,12415.8963823117,7415.89638231174,0
3,A54,-1,0,0,7664.42451827242,2664.42451827242,0
3,A54,-1,0,1,12780.1534973681,7780.15349736806,0
3,A54,-1,1,-1,15920.5333855262,10920.5333855262,0
3,A54,-1,1,0,12571.8854393304,7571.88543933044,0
3,A54,-1,1,1,16206.2094186038,11206.2094186038,0
3,A54,0,-1,-1,14199.554725891,9199.554725891,0
3,A54,0,-1,0,10306.1280136415,5306.12801364154,0
3,A54,0,-1,1,14519.1320282433,9519.1320282433,0
3,A54,0,0,-1,10046.7036741872,5046.7036741872,0
3,A54,0,0,0,2350.56906661349,-2649.43093338651,0
3,A54,0,0,1,10493.5263451765,5493.52634517653,0
3,A54,0,1,-1,14150.8005081084,9150.80050810836,0
3,A54,0,1,0,10238.8512656583,5238.85126565835,0
3,A54,0,1,1,14471.4545039629,9471.45450396286,0
3,A54,1,-1,-1,18665.7206170616,13665.7206170616,0
3,A54,1,-1,0,15905.9123087672,10905.9123087672,0
3,A54,1,-1,1,18909.9700315518,13909.9700315518,0
3,A54,1,0,-1,15739.0605328765,10739.0605328765,0
3,A54,1,0,0,12341.2700593393,7341.27005933931,0
3,A54,1,0,1,16027.971390589,11027.971390589,0
3,A54,1,1,-1,18628.6587483078,13628.6587483078,0
3,A54,1,1,0,15862.4035688447,10862.4035688447,0
3,A54,1,1,1,18873.387804019,13873.387804019,0
3,A55,-1,-1,-1,15363.7296997645,10363.7296997645,0
3,A55,-1,-1,0,11268.6061414666,6268.60614146663,0
3,A55,-1,-1,1,14762.0722954324,9762.07229543238,0
3,A55,-1,0,-1,12795.7098734638,7795.70987346379,0
3,A55,-1,0,0,7393.7463609412,2393.7463609412,0
3,A55,-1,0,1,12066.6805432979,7066.68054329789,0
3,A55,-1,1,-1,17070.9165554838,12070.9165554838,0
3,A55,-1,1,0,13503.8322756306,8503.83227563061,0
3,A55,-1,1,1,16531.5087095049,11531.5087095049,0
3,A55,0,-1,-1,13822.7035746866,8822.7035746866,0
3,A55,0,-1,0,9055.62964115286,4055.62964115286,0
3,A55,0,-1,1,13150.7308649291,8150.7308649291,0
3,A55,0,0,-1,10897.3912012043,5897.39120120433,0
3,A55,0,0,0,3112.94540205222,-1887.05459794778,0
3,A55,0,0,1,10031.337057453,5031.33705745304,0
3,A55,0,1,-1,15698.3800396894,10698.3800396894,0
3,A55,0,1,0,11720.769170775,6720.76917077501,0
3,A55,0,1,1,15110.0537404293,10110.0537404293,0
3,A55,1,-1,-1,18603.4963901918,13603.4963901918,0
3,A55,1,-1,0,15395.6932946832,10395.6932946832,0
3,A55,1,-1,1,18109.7947560989,13109.7947560989,0
3,A55,1,0,-1,16546.1801881374,11546.1801881374,0
3,A55,1,0,0,12834.0707845323,7834.07078453227,0
3,A55,1,0,1,15989.0796166151,10989.0796166151,0
3,A55,1,1,-1,20036.5186521198,15036.5186521198,0
3,A55,1,1,0,17099.6892890139,12099.6892890139,0
3,A55,1,1,1,19578.985363519,14578.985363519,0
3,A56,-1,-1,-1,17265.5855060173,12265.5855060173,0
3,A56,-1,-1,0,13876.5861551537,8876.58615515369,0
3,A56,-1,-1,1,16941.6304934682,11941.6304934682,0
3,A56,-1,0,-1,14032.6654973548,9032.66549735483,0
3,A56,-1,0,0,9559.02199058357,4559.02199058357,0
3,A56,-1,0,1,13632.0982197264,8632.09821972641,0
3,A56,-1,1,-1,17196.8299129726,12196.8299129726,0
3,A56,-1,1,0,13790.9448375199,8790.94483751993,0
3,A56,-1,1,1,16871.5547584485,11871.5547584485,0
3,A56,0,-1,-1,14387.6330316953,9387.63303169534,0
3,A56,0,-1,0,10072.8935619582,5072.89356195818,0
3,A56,0,-1,1,13997.2277671811,8997.22776718112,0
3,A56,0,0,-1,10286.848027933,5286.84802793296,0
3,A56,0,0,0,527.676800319801,-4472.3231996802,0
3,A56,0,0,1,9733.32642324315,4733.32642324315,0
3,A56,0,1,-1,14305.0515708559,9305.05157085585,0
3,A56,0,1,0,9954.58190486436,4954.58190486436,0
3,A56,0,1,1,13912.3291132887,8912.32911328871,0
3,A56,1,-1,-1,17773.7875998299,12773.7875998299,0
3,A56,1,-1,0,14504.024479422,9504.02447942204,0
3,A56,1,-1,1,17459.2647770598,12459.2647770598,0
3,A56,1,0,-1,14653.4222534848,9653.4222534848,0
3,A56,1,0,0,10449.0183364147,5449.01833641473,0
3,A56,1,0,1,14270.2902791267,9270.29027912673,0
3,A56,1,1,-1,17707.0054451333,12707.0054451333,0
3,A56,1,1,0,14422.1094951393,9422.10949513934,0
3,A56,1,1,1,17391.274902824,12391.274902824,0
3,A57,-1,-1,-1,15084.3471606946,10084.3471606946,0
3,A57,-1,-1,0,11080.4972482459,6080.49724824587,0
3,A57,-1,-1,1,14765.4092145262,9765.40921452617,0
3,A57,-1,0,-1,12021.6560045913,7021.65600459132,0
3,A57,-1,0,0,6305.56128324486,1305.56128324486,0
3,A57,-1,0,1,11618.9497417274,6618.94974172738,0
3,A57,-1,1,-1,16171.0512002497,11171.0512002497,0
3,A57,-1,1,0,12519.6959597719,7519.6959597719,0
3,A57,-1,1,1,15873.9622315652,10873.9622315652,0
3,A57,0,-1,-1,14236.0707647982,9236.07076479818,0
3,A57,0,-1,0,9894.72590951218,4894.72590951218,0
3,A57,0,-1,1,13897.6793324786,8897.67933247856,0
3,A57,0,0,-1,10938.3908619465,5938.39086194646,0
3,A57,0,0,0,3858.5340030566,-1141.4659969434,0
3,A57,0,0,1,10494.1971897222,5494.19718972224,0
3,A57,0,1,-1,15382.8176377764,10382.8176377764,0
3,A57,0,1,0,11483.5085440433,6483.50854404334,0
3,A57,0,1,1,15070.1976923047,10070.1976923047,0
3,A57,1,-1,-1,19436.9208563581,14436.9208563581,0
3,A57,1,-1,0,16523.7339115697,11523.7339115697,0
3,A57,1,-1,1,19190.4578471799,14190.4578471799,0
3,A57,1,0,-1,17169.0586872053,12169.0586872053,0
3,A57,1,0,0,13784.646031318,8784.64603131801,0
3,A57,1,0,1,16889.5339252675,11889.5339252675,0
3,A57,1,1,-1,20291.8520602007,15291.8520602007,0
3,A57,1,1,0,17521.3912129461,12521.3912129461,0
3,A57,1,1,1,20055.897886685,15055.897886685,0
3,A58,-1,-1,-1,16416.9242168906,11416.9242168906,0
3,A58,-1,-1,0,12944.9117898582,7944.91178985819,0
3,A58,-1,-1,1,16298.0391995875,11298.0391995875,0
3,A58,-1,0,-1,12987.4039114961,7987.40391149606,0
3,A58,-1,0,0,8168.72088300392,3168.72088300392,0
3,A58,-1,0,1,12836.7963826067,7836.79638260674,0
3,A58,-1,1,-1,16365.5100738583,11365.5100738583,0
3,A58,-1,1,0,12879.6452001458,7879.64520014582,0
3,A58,-1,1,1,16246.2488281363,11246.2488281363,0
3,A58,0,-1,-1,14358.0893908026,9358.08939080258,0
3,A58,0,-1,0,10208.333431974,5208.33343197404,0
3,A58,0,-1,1,14222.0044987491,9222.00449874911,0
3,A58,0,0,-1,10262.1630551991,5262.16305519906,0
3,A58,0,0,0,1835.02890319845,-3164.97109680155,0
3,A58,0,0,1,10070.8823635099,5070.88236350991,0
3,A58,0,1,-1,14299.2744637169,9299.27446371694,0
3,A58,0,1,0,10125.4427405812,5125.4427405812,0
3,A58,0,1,1,14162.6244459447,9162.62444594467,0
3,A58,1,-1,-1,18514.6985167306,13514.6985167306,0
3,A58,1,-1,0,15519.3234926497,10519.3234926497,0
3,A58,1,-1,1,18409.3656102971,13409.3656102971,0
3,A58,1,0,-1,15554.78449811,10554.78449811,0
3,A58,1,0,0,11832.4410535917,6832.44105359174,0
3,A58,1,0,1,15429.257979268,10429.257979268,0
3,A58,1,1,-1,18469.1250577784,13469.1250577784,0
3,A58,1,1,0,15464.9255059292,10464.9255059292,0
3,A58,1,1,1,18363.5307446041,13363.5307446041,0
3,A59,-1,-1,-1,15706.2681073703,10706.2681073703,0
3,A59,-1,-1,0,11644.8707558935,6644.87075589349,0
3,A59,-1,-1,1,14983.96382745,9983.96382744997,0
3,A59,-1,0,-1,12237.3300210898,7237.33002108978,0
3,A59,-1,0,0,6218.39232486428,1218.39232486428,0
3,A59,-1,0,1,11295.3335571287,6295.33355712866,0
3,A59,-1,1,-1,15900.2400682987,10900.2400682987,0
3,A59,-1,1,0,11905.2001785102,6905.20017851017,0
3,A59,-1,1,1,15187.163933772,10187.163933772,0
3,A59,0,-1,-1,14928.222743766,9928.222743766,0
3,A59,0,-1,0,10572.0381832624,5572.0381832624,0
3,A59,0,-1,1,14166.3032725275,9166.30327252752,0
3,A59,0,0,-1,11221.2843503745,6221.28435037452,0
3,A59,0,0,0,3851.41266716847,-1148.58733283153,0
3,A59,0,0,1,10185.7516459853,5185.75164598526,0
3,A59,0,1,-1,15132.1713794296,10132.1713794296,0
3,A59,0,1,0,10858.1198979056,5858.11989790559,0
3,A59,0,1,1,14381.061323079,9381.06132307901,0
3,A59,1,-1,-1,19975.4051451876,14975.4051451876,0
3,A59,1,-1,0,16968.5876776841,11968.5876776841,0
3,A59,1,-1,1,19412.6022170166,14412.6022170166,0
3,A59,1,0,-1,17380.5120436325,12380.5120436325,0
3,A59,1,0,0,13820.2154816674,8820.21548166745,0
3,A59,1,0,1,16730.6459235914,11730.6459235914,0
3,A59,1,1,-1,20128.2782940649,15128.2782940649,0
3,A59,1,1,0,17148.2869157297,12148.2869157297,0
3,A59,1,1,1,19569.8722838207,14569.8722838207,0
3,A60,-1,-1,-1,15453.8952304357,10453.8952304357,0
3,A60,-1,-1,0,11256.1964827628,6256.19648276275,0
3,A60,-1,-1,1,14648.5849392984,9648.58493929837,0
3,A60,-1,0,-1,14232.1754399973,9232.17543999732,0
3,A60,-1,0,0,9509.67398074935,4509.67398074935,0
3,A60,-1,0,1,13353.3883597168,8353.38835971678,0
3,A60,-1,1,-1,19138.6195352863,14138.6195352863,0
3,A60,-1,1,0,15942.5794394045,10942.5794394045,0
3,A60,-1,1,1,18494.4564842279,13494.4564842279,0
3,A60,0,-1,-1,12650.5186436626,7650.51864366257,0
3,A60,0,-1,0,6922.04474262718,1922.04474262718,0
3,A60,0,-1,1,11653.0590354727,6653.05903547266,0
3,A60,0,0,-1,11125.0870520295,6125.08705202952,0
3,A60,0,0,0,3412.71788762464,-1587.28211237536,0
3,A60,0,0,1,9976.25805829979,4976.25805829979,0
3,A60,0,1,-1,16955.8102689555,11955.8102689555,0
3,A60,0,1,0,13243.0579301796,8243.05793017963,0
3,A60,0,1,1,16225.2169417661,11225.2169417661,0
3,A60,1,-1,-1,16770.4611181096,11770.4611181096,0
3,A60,1,-1,0,13004.9009061701,8004.90090617013,0
3,A60,1,-1,1,16031.4231758937,11031.4231758937,0
3,A60,1,0,-1,15651.8467305174,10651.8467305174,0
3,A60,1,0,0,11526.4646592477,6526.46465924765,0
3,A60,1,0,1,14857.2699041972,9857.26990419719,0
3,A60,1,1,-1,20216.6329055357,15216.6329055357,0
3,A60,1,1,0,17221.8270663268,12221.8270663268,0
3,A60,1,1,1,19607.9169971658,14607.9169971658,0
3,A61,-1,-1,-1,16266.6781033635,11266.6781033635,0
3,A61,-1,-1,0,12366.8038635289,7366.80386352887,0
3,A61,-1,-1,1,15532.8960300242,10532.8960300242,0
3,A61,-1,0,-1,12256.848962045,7256.84896204503,0
3,A61,-1,0,0,6209.94104311248,1209.94104311248,0
3,A61,-1,0,1,11264.8297385927,6264.82973859266,0
3,A61,-1,1,-1,15357.59995697,10357.59995697,0
3,A61,-1,1,0,11144.0072558696,6144.00725586955,0
3,A61,-1,1,1,14578.1315332049,9578.13153320486,0
3,A61,0,-1,-1,15549.7127215246,10549.7127215246,0
3,A61,0,-1,0,11407.3041075661,6407.30410756608,0
3,A61,0,-1,1,14780.3791657401,9780.37916574005,0
3,A61,0,0,-1,11288.0067187208,6288.00671872079,0
3,A61,0,0,0,3968.89366983223,-1031.10633016777,0
3,A61,0,0,1,10202.2124190287,5202.21241902868,0
3,A61,0,1,-1,14596.0482885549,9596.04828855489,0
3,A61,0,1,0,10068.6467274592,5068.64672745919,0
3,A61,0,1,1,13773.5495861787,8773.54958617869,0
3,A61,1,-1,-1,20469.0574996859,15469.0574996859,0
3,A61,1,-1,0,17530.4117523233,12530.4117523233,0
3,A61,1,-1,1,19890.9114292569,14890.9114292569,0
3,A61,1,0,-1,17453.0182170703,12453.0182170703,0
3,A61,1,0,0,13890.3155531448,8890.31555314478,0
3,A61,1,0,1,16771.2220021823,11771.2220021823,0
3,A61,1,1,-1,19754.3254717879,14754.3254717879,0
3,A61,1,1,0,16690.3084490933,11690.3084490933,0
3,A61,1,1,1,19154.6186964509,14154.6186964509,0
3,A62,-1,-1,-1,15922.625829036,10922.625829036,0
3,A62,-1,-1,0,12396.0675004465,7396.06750044651,0
3,A62,-1,-1,1,15930.9436525201,10930.9436525201,0
3,A62,-1,0,-1,12384.1539430898,7384.15394308984,0
3,A62,-1,0,0,7314.35199250697,2314.35199250697,0
3,A62,-1,0,1,12394.8465603425,7394.84656034247,0
3,A62,-1,1,-1,15912.4015937511,10912.4015937511,0
3,A62,-1,1,0,12382.9318283254,7382.93182832544,0
3,A62,-1,1,1,15920.724758914,10920.724758914,0
3,A62,0,-1,-1,14395.9412319111,9395.94123191111,0
3,A62,0,-1,0,10362.2198459973,5362.21984599735,0
3,A62,0,-1,1,14405.140621352,9405.14062135196,0
3,A62,0,0,-1,10347.9649954618,5347.9649954618,0
3,A62,0,0,0,2685.67602875809,-2314.32397124191,0
3,A62,0,0,1,10360.7592345151,5360.75923451505,0
3,A62,0,1,-1,14384.6319084628,9384.63190846284,0
3,A62,0,1,0,10346.5023716283,5346.50237162832,0
3,A62,0,1,1,14393.8385259198,9393.83852591981,0
3,A62,1,-1,-1,18998.8482444014,13998.8482444014,0
3,A62,1,-1,0,16158.2397184203,11158.2397184203,0
3,A62,1,-1,1,19005.8198187313,14005.8198187313,0
3,A62,1,0,-1,16149.1018390639,11149.1018390639,0
3,A62,1,0,0,12685.6598721785,7685.65987217855,0
3,A62,1,0,1,16157.3030725039,11157.3030725039,0
3,A62,1,1,-1,18990.2802981716,13990.2802981716,0
3,A62,1,1,0,16148.1646631209,11148.1646631209,0
3,A62,1,1,1,18997.2550167494,13997.2550167494,0
3,A63,-1,-1,-1,15731.4075342103,10731.4075342103,0
3,A63,-1,-1,0,11559.4723437029,6559.47234370286,0
3,A63,-1,-1,1,14824.4938774399,9824.49387743991,0
3,A63,-1,0,-1,11838.8133417052,6838.81334170522,0
3,A63,-1,0,0,5128.52017614825,128.520176148248,0
3,A63,-1,0,1,10604.0528598542,5604.05285985419,0
3,A63,-1,1,-1,15259.0242044525,10259.0242044525,0
3,A63,-1,1,0,10907.8887750787,5907.88877507871,0
3,A63,-1,1,1,14322.2294139883,9322.22941398825,0
3,A63,0,-1,-1,15687.9214912413,10687.9214912413,0
3,A63,0,-1,0,11500.2216749405,6500.22167494051,0
3,A63,0,-1,1,14778.3394341243,9778.33943412431,0
3,A63,0,0,-1,11780.9676617703,6780.96766177031,0
3,A63,0,0,0,4993.53751413764,-6.46248586236106,0
3,A63,0,0,1,10539.4323738293,5539.43237382935,0
3,A63,0,1,-1,15214.1880289421,10214.1880289421,0
3,A63,0,1,0,10845.0788488341,5845.07884883408,0
3,A63,0,1,1,14274.4510610689,9274.45106106888,0
3,A63,1,-1,-1,21088.9681687675,16088.9681687675,0
3,A63,1,-1,0,18190.348987326,13190.348987326,0
3,A63,1,-1,1,20421.3861953133,15421.3861953133,0
3,A63,1,0,-1,18369.128905738,13369.128905738,0
3,A63,1,0,0,14952.2277474977,9952.2277474977,0
3,A63,1,0,1,17598.6741679725,12598.6741679725,0
3,A63,1,1,-1,20738.9781592041,15738.9781592041,0
3,A63,1,1,0,17783.4033004194,12783.4033004194,0
3,A63,1,1,1,20059.7520124948,15059.7520124948,0
3,A64,-1,-1,-1,13578.5673743928,8578.56737439275,0
3,A64,-1,-1,0,10701.7278354005,5701.72783540049,0
3,A64,-1,-1,1,15642.137494123,10642.137494123,0
3,A64,-1,0,-1,10973.8244733697,5973.82447336967,0
3,A64,-1,0,0,7111.5617338521,2111.5617338521,0
3,A64,-1,0,1,13443.3551249847,8443.35512498468,0
3,A64,-1,1,-1,16014.7480530832,11014.7480530832,0
3,A64,-1,1,0,13660.953185111,8660.95318511096,0
3,A64,-1,1,1,17798.0653063151,12798.0653063151,0
3,A64,0,-1,-1,12252.9169069646,7252.91690696461,0
3,A64,0,-1,0,8960.10376340819,3960.10376340819,0
3,A64,0,-1,1,14506.3071170131,9506.30711701307,0
3,A64,0,0,-1,9283.38862487094,4283.38862487094,0
3,A64,0,0,0,4041.13735010894,-958.862649891061,0
3,A64,0,0,1,12102.9036931022,7102.90369310224,0
3,A64,0,1,-1,14907.3349728175,9907.33497281747,0
3,A64,0,1,0,12344.153381818,7344.15338181802,0
3,A64,0,1,1,16808.5576250882,11808.5576250882,0
3,A64,1,-1,-1,17773.3073319806,12773.3073319806,0
3,A64,1,-1,0,15685.6603379997,10685.6603379997,0
3,A64,1,-1,1,19395.6032894355,14395.6032894355,0
3,A64,1,0,-1,15872.548161793,10872.548161793,0
3,A64,1,0,0,13493.9716862939,8493.9716862939,0
3,A64,1,0,1,17670.2223696411,12670.2223696411,0
3,A64,1,1,-1,19697.3378094565,14697.3378094565,0
3,A64,1,1,0,17836.328195621,12836.328195621,0
3,A64,1,1,1,21172.7204256791,16172.7204256791,0
3,A65,-1,-1,-1,15254.8576801295,10254.8576801295,0
3,A65,-1,-1,0,10922.1713819631,5922.1713819631,0
3,A65,-1,-1,1,14348.4135901131,9348.41359011309,0
3,A65,-1,0,-1,13122.772602845,8122.77260284498,0
3,A65,-1,0,0,7667.48365775546,2667.48365775546,0
3,A65,-1,0,1,12057.0912950809,7057.09129508089,0
3,A65,-1,1,-1,17655.1306630949,12655.1306630949,0
3,A65,-1,1,0,14081.4340032157,9081.43400321573,0
3,A65,-1,1,1,16878.0901894405,11878.0901894405,0
3,A65,0,-1,-1,13606.7365539731,8606.73655397305,0
3,A65,0,-1,0,8469.14544125879,3469.14544125879,0
3,A65,0,-1,1,12582.1130721816,7582.11307218159,0
3,A65,0,0,-1,11164.2177331956,6164.21773319562,0
3,A65,0,0,0,3350.06006665072,-1649.93993334928,0
3,A65,0,0,1,9889.69399456505,4889.69399456505,0
3,A65,0,1,-1,16252.2686274616,11252.2686274616,0
3,A65,0,1,0,12276.7821677808,7276.78216778082,0
3,A65,0,1,1,15404.6267481919,10404.6267481919,0
3,A65,1,-1,-1,18373.2380504212,13373.2380504212,0
3,A65,1,-1,0,14971.9411337814,9971.9411337814,0
3,A65,1,-1,1,17627.8803651881,12627.8803651881,0
3,A65,1,0,-1,16645.4905125208,11645.4905125208,0
3,A65,1,0,0,12792.7909096643,7792.79090966426,0
3,A65,1,0,1,15818.9330902674,10818.9330902674,0
3,A65,1,1,-1,20410.0179408886,15410.0179408886,0
3,A65,1,1,0,17411.2600693735,12411.2600693735,0
3,A65,1,1,1,19741.7102111071,14741.7102111071,0
3,A66,-1,-1,-1,17190.3949910864,12190.3949910864,0
3,A66,-1,-1,0,14176.897882485,9176.89788248495,0
3,A66,-1,-1,1,17505.9757566165,12505.9757566165,0
3,A66,-1,0,-1,13461.3078729668,8461.30787296683,0
3,A66,-1,0,0,9310.29340416484,4310.29340416484,0
3,A66,-1,0,1,13862.0459129406,8862.04591294055,0
3,A66,-1,1,-1,16337.1949658449,11337.1949658449,0
3,A66,-1,1,0,13129.3066447876,8129.30664478761,0
3,A66,-1,1,1,16668.9365765696,11668.9365765696,0
3,A66,0,-1,-1,14489.1228468787,9489.12284687867,0
3,A66,0,-1,0,10742.8783150875,5742.87831508754,0
3,A66,0,-1,1,14862.1730616224,9862.1730616224,0
3,A66,0,0,-1,9779.15183301549,4779.15183301549,0
3,A66,0,0,0,1051.93355018598,-3948.06644981402,0
3,A66,0,0,1,10323.822829497,5323.822829497,0
3,A66,0,1,-1,13465.8434668757,8465.84346687571,0
3,A66,0,1,0,9316.84999853683,4316.84999853683,0
3,A66,0,1,1,13866.4504295826,8866.45042958263,0
3,A66,1,-1,-1,18009.9883896218,13009.9883896218,0
3,A66,1,-1,0,15160.2914027122,10160.2914027122,0
3,A66,1,-1,1,18311.44967052,13311.44967052,0
3,A66,1,0,-1,14493.3367964573,9493.33679645726,0
3,A66,1,0,0,10748.5610719007,5748.56107190067,0
3,A66,1,0,1,14866.2812679303,9866.28126793029,0
3,A66,1,1,-1,17197.4981086427,12197.4981086427,0
3,A66,1,1,0,14185.5100302248,9185.51003022476,0
3,A66,1,1,1,17512.9508775204,12512.9508775204,0
3,A67,-1,-1,-1,12782.4903620056,7782.49036200562,0
3,A67,-1,-1,0,10623.3543970542,5623.35439705418,0
3,A67,-1,-1,1,16196.2729489242,11196.2729489242,0
3,A67,-1,0,-1,9998.15691330539,4998.15691330539,0
3,A67,-1,0,0,7030.41538272954,2030.41538272954,0
3,A67,-1,0,1,14102.8486216212,9102.84862162123,0
3,A67,-1,1,-1,15379.6691600108,10379.6691600108,0
3,A67,-1,1,0,13638.1018570045,8638.10185700451,0
3,A67,-1,1,1,18315.6059428203,13315.6059428203,0
3,A67,0,-1,-1,11702.7310784547,6702.73107845465,0
3,A67,0,-1,0,9296.10205867342,4296.10205867342,0
3,A67,0,-1,1,15358.4215424605,10358.4215424605,0
3,A67,0,0,-1,8574.67180147078,3574.67180147078,0
3,A67,0,0,0,4794.64235304177,-205.357646958231,0
3,A67,0,0,1,13132.1054703435,8132.1054703435,0
3,A67,0,1,-1,14494.6913837877,9494.69138378765,0
3,A67,0,1,0,12631.6933584493,7631.69335844928,0
3,A67,0,1,1,17579.0578784113,12579.0578784113,0
3,A67,1,-1,-1,17621.4576449989,12621.4576449989,0
3,A67,1,-1,0,16123.8757228259,11123.8757228259,0
3,A67,1,-1,1,20234.6971095635,15234.6971095635,0
3,A67,1,0,-1,15718.9965119533,10718.9965119533,0
3,A67,1,0,0,14019.6451500544,9019.6451500544,0
3,A67,1,0,1,18601.452871324,13601.452871324,0
3,A67,1,1,-1,19587.18798478,14587.18798478,0
3,A67,1,1,0,18251.617241816,13251.617241816,0
3,A67,1,1,1,21967.8203455053,16967.8203455053,0
3,A68,-1,-1,-1,16929.3481031871,11929.3481031871,0
3,A68,-1,-1,0,13606.9570604127,8606.95706041273,0
3,A68,-1,-1,1,16843.2696852169,11843.2696852169,0
3,A68,-1,0,-1,12113.3669104287,7113.36691042869,0
3,A68,-1,0,0,6729.04979560259,1729.04979560259,0
3,A68,-1,0,1,11992.7713392998,6992.77133929976,0
3,A68,-1,1,-1,14382.7844527564,9382.78445275644,0
3,A68,-1,1,0,10266.983094341,5266.98309434095,0
3,A68,-1,1,1,14281.3653095393,9281.36530953933,0
3,A68,0,-1,-1,16064.5943911103,11064.5943911103,0
3,A68,0,-1,0,12514.6972075206,7514.69720752062,0
3,A68,0,-1,1,15973.8567491059,10973.8567491059,0
3,A68,0,0,-1,10872.0754071464,5872.07540714639,0
3,A68,0,0,0,4092.49030587831,-907.509694121693,0
3,A68,0,0,1,10737.5476785316,5737.54767853156,0
3,A68,0,1,-1,13354.1324827359,8354.13248273586,0
3,A68,0,1,0,8768.08460334933,3768.08460334933,0
3,A68,0,1,1,13244.8390272031,8244.83902720309,0
3,A68,1,-1,-1,20725.3361541593,15725.3361541593,0
3,A68,1,-1,0,18113.1447282887,13113.1447282887,0
3,A68,1,-1,1,20655.0832773185,15655.0832773185,0
3,A68,1,0,-1,17019.7059143419,12019.7059143419,0
3,A68,1,0,0,13719.2143600031,8719.21436000315,0
3,A68,1,0,1,16934.0868044529,11934.0868044529,0
3,A68,1,1,-1,18702.9735635398,13702.9735635398,0
3,A68,1,1,0,15759.0505222713,10759.0505222713,0
3,A68,1,1,1,18625.0940026764,13625.0940026764,0
3,A69,-1,-1,-1,16870.0685735278,11870.0685735278,0
3,A69,-1,-1,0,13657.8015188424,8657.80151884243,0
3,A69,-1,-1,1,16984.4596905718,11984.4596905718,0
3,A69,-1,0,-1,13587.4762217368,8587.47622173678,0
3,A69,-1,0,0,9303.53904322577,4303.53904322577,0
3,A69,-1,0,1,13729.2449676372,8729.24496763716,0
3,A69,-1,1,-1,16871.2716318893,11871.2716318893,0
3,A69,-1,1,0,13659.2875044622,8659.28750446223,0
3,A69,-1,1,1,16985.6546468519,11985.6546468519,0
3,A69,0,-1,-1,14090.3693814176,9090.3693814176,0
3,A69,0,-1,0,10023.713780698,5023.71378069798,0
3,A69,0,-1,1,14227.1278412025,9227.12784120247,0
3,A69,0,0,-1,9927.67876724073,4927.67876724073,0
3,A69,0,0,0,703.657841629242,-4296.34215837076,0
3,A69,0,0,1,10120.842999012,5120.842999012,0
3,A69,0,1,-1,14091.8097526987,9091.8097526987,0
3,A69,0,1,0,10025.7384146415,5025.73841464149,0
3,A69,0,1,1,14228.5543682899,9228.55436828991,0
3,A69,1,-1,-1,17677.0417472509,12677.0417472509,0
3,A69,1,-1,0,14642.8867914293,9642.8867914293,0
3,A69,1,-1,1,17786.2436236317,12786.2436236317,0
3,A69,1,0,-1,14577.3146132881,9577.31461328809,0
3,A69,1,0,0,10697.4029552666,5697.40295526659,0
3,A69,1,0,1,14709.546513741,9709.54651374101,0
3,A69,1,1,-1,17678.1898885467,12678.1898885467,0
3,A69,1,1,0,14644.2728186851,9644.27281868506,0
3,A69,1,1,1,17787.3847161589,12787.3847161589,0
3,A70,-1,-1,-1,13507.6623207828,8507.66232078284,0
3,A70,-1,-1,0,10848.3015353826,5848.30153538258,0
3,A70,-1,-1,1,15903.2811404714,10903.2811404714,0
3,A70,-1,0,-1,11492.8183447234,6492.81834472339,0
3,A70,-1,0,0,8204.48525716868,3204.48525716868,0
3,A70,-1,0,1,14231.7350722035,9231.73507220345,0
3,A70,-1,1,-1,16784.3023577784,11784.3023577784,0
3,A70,-1,1,0,14728.9344647742,9728.93446477416,0
3,A70,-1,1,1,18766.1987439625,13766.1987439625,0
3,A70,0,-1,-1,11404.8727166662,6404.87271666615,0
3,A70,0,-1,0,8080.83080590378,3080.83080590378,0
3,A70,0,-1,1,14160.8096994463,9160.80969944625,0
3,A70,0,0,-1,8927.43265535338,3927.43265535338,0
3,A70,0,0,0,3863.64577130947,-1136.35422869053,0
3,A70,0,0,1,12253.8346437532,7253.83464375316,0
3,A70,0,1,-1,15143.5460163194,10143.5460163194,0
3,A70,0,1,0,12827.9262072508,7827.92620725079,0
3,A70,0,1,1,17314.2829943651,12314.2829943651,0
3,A70,1,-1,-1,16663.8921622295,11663.8921622295,0
3,A70,1,-1,0,14591.5731442742,9591.57314427416,0
3,A70,1,-1,1,18658.5827879555,13658.5827879555,0
3,A70,1,0,-1,15076.9106294005,10076.9106294005,0
3,A70,1,0,0,12749.1936590993,7749.19365909927,0
3,A70,1,0,1,17256.0320985881,12256.0320985881,0
3,A70,1,1,-1,19414.9727339351,14414.9727339351,0
3,A70,1,1,0,17668.3296066643,12668.3296066643,0
3,A70,1,1,1,21151.7984086464,16151.7984086464,0
3,A71,-1,-1,-1,14653.6495305717,9653.64953057165,0
3,A71,-1,-1,0,11677.3718307421,6677.37183074214,0
3,A71,-1,-1,1,16062.1474648316,11062.1474648316,0
3,A71,-1,0,-1,11797.5763103599,6797.57631035986,0
3,A71,-1,0,0,7798.35720567809,2798.35720567809,0
3,A71,-1,0,1,13507.2552139929,8507.25521399291,0
3,A71,-1,1,-1,16236.8768250765,11236.8768250765,0
3,A71,-1,1,0,13611.3091707335,8611.30917073345,0
3,A71,-1,1,1,17518.5417672214,12518.5417672214,0
3,A71,0,-1,-1,12736.4678894663,7736.46788946632,0
3,A71,0,-1,0,9156.91993019454,4156.91993019454,0
3,A71,0,-1,1,14334.5997822256,9334.59978222556,0
3,A71,0,0,-1,9309.72483660757,4309.72483660757,0
3,A71,0,0,0,2881.41368809394,-2118.58631190606,0
3,A71,0,0,1,11398.8645553196,6398.86455531964,0
3,A71,0,1,-1,14530.1183328729,9530.1183328729,0
3,A71,0,1,0,11521.9749642098,6521.97496420975,0
3,A71,0,1,1,15949.5290019631,10949.5290019631,0
3,A71,1,-1,-1,17598.4597062922,12598.4597062922,0
3,A71,1,-1,0,15209.7781818992,10209.7781818992,0
3,A71,1,-1,1,18787.467116436,13787.467116436,0
3,A71,1,0,-1,15302.2595151151,10302.2595151151,0
3,A71,1,0,0,12481.6150628242,7481.61506282416,0
3,A71,1,0,1,16655.9984055326,11655.9984055326,0
3,A71,1,1,-1,18937.067051206,13937.067051206,0
3,A71,1,1,0,16740.4921316687,11740.4921316687,0
3,A71,1,1,1,20046.8362870316,15046.8362870316,0
3,A72,-1,-1,-1,15348.0880640264,10348.0880640264,0
3,A72,-1,-1,0,12787.0894858147,7787.08948581468,0
3,A72,-1,-1,1,17072.0680591238,12072.0680591238,0
3,A72,-1,0,-1,11130.5910552235,6130.59105522355,0
3,A72,-1,0,0,7199.71579548419,2199.71579548419,0
3,A72,-1,0,1,13408.2719927986,8408.27199279857,0
3,A72,-1,1,-1,14567.6459064646,9567.6459064646,0
3,A72,-1,1,0,11839.0099904197,6839.00999041967,0
3,A72,-1,1,1,16374.0040262111,11374.0040262111,0
3,A72,0,-1,-1,13956.7377424481,8956.73774244813,0
3,A72,0,-1,0,11078.6451657501,6078.6451657501,0
3,A72,0,-1,1,15832.9475779376,10832.9475779376,0
3,A72,0,0,-1,9116.84037531579,4116.84037531579,0
3,A72,0,0,0,3326.05302515012,-1673.94697484988,0
3,A72,0,0,1,11790.18570775,6790.18570775,0
3,A72,0,1,-1,13093.6254890118,8093.62548901184,0
3,A72,0,1,0,9969.39711033834,4969.39711033834,0
3,A72,0,1,1,15077.6234546677,10077.6234546677,0
3,A72,1,-1,-1,18815.3461196397,13815.3461196397,0
3,A72,1,-1,0,16791.7569032833,11791.7569032833,0
3,A72,1,-1,1,20246.208291828,15246.208291828,0
3,A72,1,0,-1,15567.3857670244,10567.3857670244,0
3,A72,1,0,0,13049.4961556558,8049.49615565582,0
3,A72,1,0,1,17269.487549247,12269.487549247,0
3,A72,1,1,-1,18184.3270328287,13184.3270328287,0
3,A72,1,1,0,16081.5297759258,11081.5297759258,0
3,A72,1,1,1,19661.1660445435,14661.1660445435,0
3,A73,-1,-1,-1,16196.7402191645,11196.7402191645,0
3,A73,-1,-1,0,13435.5323341979,8435.53233419791,0
3,A73,-1,-1,1,17282.7273449376,12282.7273449376,0
3,A73,-1,0,-1,11057.5965889536,6057.59658895361,0
3,A73,-1,0,0,6359.99824687203,1359.99824687203,0
3,A73,-1,0,1,12594.789123935,7594.78912393502,0
3,A73,-1,1,-1,13498.3884564409,8498.38845644088,0
3,A73,-1,1,0,10019.2627621574,5019.26276215736,0
3,A73,-1,1,1,14783.9359330771,9783.93593307715,0
3,A73,0,-1,-1,15587.9825679077,10587.9825679077,0
3,A73,0,-1,0,12695.0516309927,7695.05163099273,0
3,A73,0,-1,1,16713.5714702079,11713.5714702079,0
3,A73,0,0,-1,10145.0110465358,5145.01104653575,0
3,A73,0,0,0,4593.51548495366,-406.484515046343,0
3,A73,0,0,1,11801.674452665,6801.674452665,0
3,A73,0,1,-1,12761.555458927,7761.55545892703,0
3,A73,0,1,0,9002.02383397461,4002.02383397461,0
3,A73,0,1,1,14114.3745339148,9114.37453391483,0
3,A73,1,-1,-1,20582.4198613207,15582.4198613207,0
3,A73,1,-1,0,18488.2433650108,13488.2433650108,0
3,A73,1,-1,1,21447.4771966318,16447.4771966318,0
3,A73,1,0,-1,16839.597855787,11839.597855787,0
3,A73,1,0,0,14203.9146477583,9203.9146477583,0
3,A73,1,0,1,17886.5962859617,12886.5962859617,0
3,A73,1,1,-1,18533.9716343142,13533.9716343142,0
3,A73,1,1,0,16176.7499800714,11176.7499800714,0
3,A73,1,1,1,19490.1609868651,14490.1609868651,0
3,A74,-1,-1,-1,17176.1282171436,12176.1282171436,0
3,A74,-1,-1,0,13812.4920398256,8812.49203982559,0
3,A74,-1,-1,1,16927.8023431494,11927.8023431494,0
3,A74,-1,0,-1,13853.8911339058,8853.8911339058,0
3,A74,-1,0,0,9364.60652502836,4364.60652502836,0
3,A74,-1,0,1,13544.792770179,8544.79277017902,0
3,A74,-1,1,-1,16995.3293162702,11995.3293162702,0
3,A74,-1,1,0,13587.0075582139,8587.00755821392,0
3,A74,-1,1,1,16744.3223274474,11744.3223274474,0
3,A74,0,-1,-1,14415.2907316328,9415.29073163278,0
3,A74,0,-1,0,10176.746174293,5176.74617429304,0
3,A74,0,-1,1,14118.4885350549,9118.48853505495,0
3,A74,0,0,-1,10232.8649896232,5232.86498962321,0
3,A74,0,0,0,690.711020866484,-4309.28897913352,0
3,A74,0,0,1,9810.33320192726,4810.33320192726,0
3,A74,0,1,-1,14199.381849722,9199.38184972201,0
3,A74,0,1,0,9868.53589610459,4868.53589610459,0
3,A74,0,1,1,13897.9695118098,8897.9695118098,0
3,A74,1,-1,-1,17904.7991673529,12904.7991673529,0
3,A74,1,-1,0,14708.7521238795,9708.75212387953,0
3,A74,1,-1,1,17666.7185651501,12666.7185651501,0
3,A74,1,0,-1,14747.6354796828,9747.6354796828,0
3,A74,1,0,0,10642.2886664518,5642.28866645183,0
3,A74,1,0,1,14457.6576207413,9457.6576207413,0
3,A74,1,1,-1,17731.4317318134,12731.4317318134,0
3,A74,1,1,0,14497.2144592831,9497.21445928312,0
3,A74,1,1,1,17490.991478385,12490.991478385,0
3,A75,-1,-1,-1,13761.7510542485,8761.75105424852,0
3,A75,-1,-1,0,11876.8590912815,6876.8590912815,0
3,A75,-1,-1,1,17109.4643887295,12109.4643887295,0
3,A75,-1,0,-1,10726.2205498885,5726.22054988846,0
3,A75,-1,0,0,8168.58599023694,3168.58599023694,0
3,A75,-1,0,1,14778.3553508143,9778.35535081427,0
3,A75,-1,1,-1,15515.0837087845,10515.0837087845,0
3,A75,-1,1,0,13870.5375629654,8870.53756296541,0
3,A75,-1,1,1,18549.0108113797,13549.0108113797,0
3,A75,0,-1,-1,11685.0979551152,6685.09795511516,0
3,A75,0,-1,0,9392.31089858519,4392.31089858519,0
3,A75,0,-1,1,15488.3664022623,10488.3664022623,0
3,A75,0,0,-1,7887.17499656092,2887.17499656092,0
3,A75,0,0,0,3725.79108665815,-1274.20891334185,0
3,A75,0,0,1,12866.8375685895,7866.83756858953,0
3,A75,0,1,-1,13706.6970723116,8706.69707231158,0
3,A75,0,1,0,11813.0239323875,6813.02393238753,0
3,A75,0,1,1,17065.2138639457,12065.2138639457,0
3,A75,1,-1,-1,16843.3142926849,11843.3142926849,0
3,A75,1,-1,0,15341.8130009855,10341.8130009855,0
3,A75,1,-1,1,19673.4647673523,14673.4647673523,0
3,A75,1,0,-1,14469.3901588112,9469.39015881118,0
3,A75,1,0,0,12690.0449708796,7690.04497087964,0
3,A75,1,0,1,17683.6430397696,12683.6430397696,0
3,A75,1,1,-1,18303.8047075913,13303.8047075913,0
3,A75,1,1,0,16932.3139756114,11932.3139756114,0
3,A75,1,1,1,20937.4603608874,15937.4603608874,0
3,A76,-1,-1,-1,17269.5921826268,12269.5921826268,0
3,A76,-1,-1,0,12781.4951365282,7781.49513652822,0
3,A76,-1,-1,1,15116.0319428064,10116.0319428064,0
3,A76,-1,0,-1,13999.9229230534,8999.92292305337,0
3,A76,-1,0,0,7818.28917489532,2818.28917489532,0
3,A76,-1,0,1,11236.2560220536,6236.25602205358,0
3,A76,-1,1,-1,17139.3369051614,12139.3369051614,0
3,A76,-1,1,0,12604.9463830465,7604.94638304646,0
3,A76,-1,1,1,14967.0463716234,9967.04637162343,0
3,A76,0,-1,-1,15678.8915199461,10678.8915199461,0
3,A76,0,-1,0,10533.5389620529,5533.53896205292,0
3,A76,0,-1,1,13269.6362736865,8269.63627368651,0
3,A76,0,0,-1,11982.7654150212,6982.76541502118,0
3,A76,0,0,0,2952.02824550811,-2047.97175449189,0
3,A76,0,0,1,8593.15277026585,3593.15277026585,0
3,A76,0,1,-1,15535.3047826111,10535.3047826111,0
3,A76,0,1,0,10318.5996365528,5318.59963655284,0
3,A76,0,1,1,13099.6680198514,8099.66801985144,0
3,A76,1,-1,-1,19834.7287461722,14834.7287461722,0
3,A76,1,-1,0,16079.3118075706,11079.3118075706,0
3,A76,1,-1,1,17990.8885821665,12990.8885821665,0
3,A76,1,0,-1,17063.8650994263,12063.8650994263,0
3,A76,1,0,0,12502.1316543328,7502.1316543328,0
3,A76,1,0,1,14880.5611343497,9880.56113434974,0
3,A76,1,1,-1,19721.4228652146,14721.4228652146,0
3,A76,1,1,0,15939.3325957978,10939.3325957978,0
3,A76,1,1,1,17865.8928511931,12865.8928511931,0
3,A77,-1,-1,-1,15456.1782608439,10456.1782608439,0
3,A77,-1,-1,0,11661.7804460344,6661.78044603445,0
3,A77,-1,-1,1,15267.638976346,10267.638976346,0
3,A77,-1,0,-1,11630.8011337777,6630.80113377771,0
3,A77,-1,0,0,5690.27343402867,690.273434028666,0
3,A77,-1,0,1,11379.054815517,6379.05481551697,0
3,A77,-1,1,-1,15220.3030060504,10220.3030060504,0
3,A77,-1,1,0,11347.3036593066,6347.30365930662,0
3,A77,-1,1,1,15028.8049118032,10028.8049118032,0
3,A77,0,-1,-1,15006.0780870499,10006.0780870499,0
3,A77,0,-1,0,11058.3025955689,6058.3025955689,0
3,A77,0,-1,1,14811.8105927565,9811.81059275649,0
3,A77,0,0,-1,11025.6277887991,6025.62778879911,0
3,A77,0,0,0,4320.66486523392,-679.33513476608,0
3,A77,0,0,1,10759.7314844839,5759.73148448392,0
3,A77,0,1,-1,14763.0131314593,9763.01313145932,0
3,A77,0,1,0,10726.1471862066,5726.1471862066,0
3,A77,0,1,1,14565.50411763,9565.50411762997,0
3,A77,1,-1,-1,20284.755672137,15284.755672137,0
3,A77,1,-1,0,17566.3026678587,12566.3026678587,0
3,A77,1,-1,1,20141.466335879,15141.466335879,0
3,A77,1,0,-1,17545.7516584726,12545.7516584726,0
3,A77,1,0,0,14316.3220835982,9316.32208359819,0
3,A77,1,0,1,17379.8951303467,12379.8951303467,0
3,A77,1,1,-1,20105.6084176355,15105.6084176355,0
3,A77,1,1,0,17359.1234393855,12359.1234393855,0
3,A77,1,1,1,19961.0331226705,14961.0331226705,0
3,A78,-1,-1,-1,16854.5077956113,11854.5077956113,0
3,A78,-1,-1,0,13658.1532952129,8658.15329521286,0
3,A78,-1,-1,1,17000.4667535554,12000.4667535554,0
3,A78,-1,0,-1,13435.252945897,8435.25294589703,0
3,A78,-1,0,0,9109.15693812797,4109.15693812797,0
3,A78,-1,0,1,13617.9094771061,8617.90947710606,0
3,A78,-1,1,-1,16641.4425579078,11641.4425579078,0
3,A78,-1,1,0,13394.3394316911,8394.33943169113,0
3,A78,-1,1,1,16789.2539207246,11789.2539207246,0
3,A78,0,-1,-1,14210.6650919215,9210.66509192148,0
3,A78,0,-1,0,10218.3032230388,5218.30322303884,0
3,A78,0,-1,1,14383.4779925154,9383.47799251544,0
3,A78,0,0,-1,9918.39659635905,4918.39659635905,0
3,A78,0,0,0,919.407116503299,-4080.5928834967,0
3,A78,0,0,1,10164.4492152348,5164.44921523479,0
3,A78,0,1,-1,13957.2984395469,8957.29843954688,0
3,A78,0,1,0,9862.90515688901,4862.90515688901,0
3,A78,0,1,1,14133.2097039915,9133.20970399145,0
3,A78,1,-1,-1,17883.2763127227,12883.2763127227,0
3,A78,1,-1,0,14909.1344510806,9909.13445108058,0
3,A78,1,-1,1,18020.9047631801,13020.9047631801,0
3,A78,1,0,-1,14705.2086134505,9705.2086134505,0
3,A78,1,0,0,10895.589877024,5895.58987702405,0
3,A78,1,0,1,14872.2761261187,9872.27612611866,0
3,A78,1,1,-1,17682.6114884937,12682.6114884937,0
3,A78,1,1,0,14667.8378589423,9667.83785894226,0
3,A78,1,1,1,17821.7896368303,12821.7896368303,0
3,A79,-1,-1,-1,18083.903398265,13083.903398265,0
3,A79,-1,-1,0,14419.5172448662,9419.51724486617,0
3,A79,-1,-1,1,16994.6283581667,11994.6283581667,0
3,A79,-1,0,-1,13518.0357720358,8518.03577203584,0
3,A79,-1,0,0,7976.97979132781,2976.97979132781,0
3,A79,-1,0,1,12021.9433557335,7021.94335573347,0
3,A79,-1,1,-1,15441.7298302457,10441.7298302457,0
3,A79,-1,1,0,10924.3734652158,5924.37346521583,0
3,A79,-1,1,1,14150.5070956741,9150.50709567412,0
3,A79,0,-1,-1,16581.7486420898,11581.7486420898,0
3,A79,0,-1,0,12483.9618505769,7483.96185057689,0
3,A79,0,-1,1,15386.4946932,10386.4946932,0
3,A79,0,0,-1,11430.8406097586,6430.84060975862,0
3,A79,0,0,0,3399.85771804035,-1600.14228195965,0
3,A79,0,0,1,9615.29760122537,4615.29760122537,0
3,A79,0,1,-1,13651.880678572,8651.88067857195,0
3,A79,0,1,0,8201.75356367027,3201.75356367027,0
3,A79,0,1,1,12172.2502840021,7172.25028400212,0
3,A79,1,-1,-1,20564.0758105273,15564.0758105273,0
3,A79,1,-1,0,17429.1746619949,12429.1746619949,0
3,A79,1,-1,1,19613.032525735,14613.032525735,0
3,A79,1,0,-1,16691.0437947234,11691.0437947234,0
3,A79,1,0,0,12628.7710571767,7628.77105717673,0
3,A79,1,0,1,15504.2179380902,10504.2179380902,0
3,A79,1,1,-1,18283.8910512405,13283.8910512405,0
3,A79,1,1,0,14669.5462585195,9669.54625851952,0
3,A79,1,1,1,17207.2805198281,12207.2805198281,0
3,A80,-1,-1,-1,16949.2919573818,11949.2919573818,0
3,A80,-1,-1,0,13446.581895934,8446.58189593396,0
3,A80,-1,-1,1,16563.2916870877,11563.2916870877,0
3,A80,-1,0,-1,14025.462707343,9025.462707343,0
3,A80,-1,0,0,9499.77215424452,4499.77215424452,0
3,A80,-1,0,1,13556.4647976547,8556.46479765466,0
3,A80,-1,1,-1,17497.1057736292,12497.1057736292,0
3,A80,-1,1,0,14130.8448891445,9130.84488914446,0
3,A80,-1,1,1,17123.4588827302,12123.4588827302,0
3,A80,0,-1,-1,14058.0130874403,9058.01308744027,0
3,A80,0,-1,0,9547.76407302423,4547.76407302423,0
3,A80,0,-1,1,13590.1385431357,8590.1385431357,0
3,A80,0,0,-1,10347.1173891641,5347.11738916412,0
3,A80,0,0,0,771.300909264929,-4228.69909073507,0
3,A80,0,0,1,9701.90558190108,4701.90558190108,0
3,A80,0,1,-1,14713.8691228257,9713.86912282569,0
3,A80,0,1,0,10489.5191210624,5489.51912106239,0
3,A80,0,1,1,14267.5182922127,9267.5182922127,0
3,A80,1,-1,-1,17549.2725227206,12549.2725227206,0
3,A80,1,-1,0,14195.3877334931,9195.38773349308,0
3,A80,1,-1,1,17176.7604550944,12176.7604550944,0
3,A80,1,0,-1,14744.8998767444,9744.89987674436,0
3,A80,1,0,0,10533.002383115,5533.002383115,0
3,A80,1,0,1,14299.5176852297,9299.51768522969,0
3,A80,1,1,-1,18078.9153068904,13078.9153068904,0
3,A80,1,1,0,14845.1758326133,9845.17583261333,0
3,A80,1,1,1,17717.5425025227,12717.5425025227,0
3,A81,-1,-1,-1,16458.4911599971,11458.4911599971,0
3,A81,-1,-1,0,12508.5883877471,7508.5883877471,0
3,A81,-1,-1,1,15557.8801783681,10557.8801783681,0
3,A81,-1,0,-1,14174.3862216948,9174.38622169483,0
3,A81,-1,0,0,9300.32671211881,4300.32671211881,0
3,A81,-1,0,1,13117.8858488146,8117.88584881455,0
3,A81,-1,1,-1,18191.8805586405,13191.8805586405,0
3,A81,-1,1,0,14714.8690259282,9714.86902592816,0
3,A81,-1,1,1,17381.3182077942,12381.3182077942,0
3,A81,0,-1,-1,13707.0330958561,8707.0330958561,0
3,A81,0,-1,0,8571.20811095337,3571.20811095337,0
3,A81,0,-1,1,12611.4416571481,7611.44165714813,0
3,A81,0,0,-1,10858.8235913916,5858.82359139164,0
3,A81,0,0,0,1870.00052923577,-3129.99947076423,0
3,A81,0,0,1,9438.20714806157,4438.20714806157,0
3,A81,0,1,-1,15746.2803000275,10746.2803000275,0
3,A81,0,1,0,11555.4400815119,6555.44008151188,0
3,A81,0,1,1,14802.4000644419,9802.4000644419,0
3,A81,1,-1,-1,17460.9158212874,12460.9158212874,0
3,A81,1,-1,0,13800.9577025822,8800.95770258225,0
3,A81,1,-1,1,16614.7309848472,11614.7309848472,0
3,A81,1,0,-1,15326.9329879189,10326.9329879189,0
3,A81,1,0,0,10977.1456675464,5977.14566754643,0
3,A81,1,0,1,14355.5069292907,9355.50692929065,0
3,A81,1,1,-1,19103.5642829872,14103.5642829872,0
3,A81,1,1,0,15828.1085573925,10828.1085573925,0
3,A81,1,1,1,18333.3541037907,13333.3541037907,0
3,A82,-1,-1,-1,16601.5445707517,11601.5445707517,0
3,A82,-1,-1,0,13357.1160517469,8357.11605174688,0
3,A82,-1,-1,1,16769.4310071932,11769.4310071932,0
3,A82,-1,0,-1,13739.9170136711,8739.91701367111,0
3,A82,-1,0,0,9570.08812016631,4570.08812016631,0
3,A82,-1,0,1,13942.3044620654,8942.30446206537,0
3,A82,-1,1,-1,17376.9777852906,12376.9777852906,0
3,A82,-1,1,0,14309.4592502883,9309.45925028834,0
3,A82,-1,1,1,17537.4425478985,12537.4425478985,0
3,A82,0,-1,-1,13589.8486491446,8589.84864914459,0
3,A82,0,-1,0,9353.35519435868,4353.35519435868,0
3,A82,0,-1,1,13794.4380268649,8794.43802686489,0
3,A82,0,0,-1,9892.32145224624,4892.32145224624,0
3,A82,0,0,0,811.96724056501,-4188.03275943499,0
3,A82,0,0,1,10171.5563157724,5171.55631577245,0
3,A82,0,1,-1,14526.942593763,9526.94259376299,0
3,A82,0,1,0,10669.2702753124,5669.27027531241,0
3,A82,0,1,1,14718.5119931617,9718.51199316169,0
3,A82,1,-1,-1,17139.3316812138,12139.3316812138,0
3,A82,1,-1,0,14019.9128943028,9019.91289430284,0
3,A82,1,-1,1,17302.0005967235,12302.0005967235,0
3,A82,1,0,-1,14385.086996142,9385.086996142,0
3,A82,1,0,0,10475.3040515182,5475.30405151818,0
3,A82,1,0,1,14578.5205716126,9578.52057161264,0
3,A82,1,1,-1,17891.4718593661,12891.4718593661,0
3,A82,1,1,0,14930.0379229146,9930.03792291457,0
3,A82,1,1,1,18047.3626733893,13047.3626733893,0
3,A83,-1,-1,-1,16812.9392752603,11812.9392752603,0
3,A83,-1,-1,0,12908.2105581701,7908.2105581701,0
3,A83,-1,-1,1,15829.367408539,10829.367408539,0
3,A83,-1,0,-1,13207.4065947814,8207.40659478138,0
3,A83,-1,0,0,7640.84823173037,2640.84823173037,0
3,A83,-1,0,1,11930.1942331548,6930.19423315479,0
3,A83,-1,1,-1,16315.5217767057,11315.5217767057,0
3,A83,-1,1,0,12253.2943972884,7253.29439728844,0
3,A83,-1,1,1,15300.0064159164,10300.0064159164,0
3,A83,0,-1,-1,15196.2819054046,10196.2819054046,0
3,A83,0,-1,0,10717.9268745867,5717.92687458674,0
3,A83,0,-1,1,14100.3875560018,9100.38755600183,0
3,A83,0,0,-1,11076.4455325167,6076.4455325167,0
3,A83,0,0,0,2575.77529595882,-2424.22470404118,0
3,A83,0,0,1,9517.43616294506,4517.43616294506,0
3,A83,0,1,-1,14644.0536574096,9644.05365740963,0
3,A83,0,1,0,9919.43951347831,4919.43951347831,0
3,A83,0,1,1,13503.4163455778,8503.41634557779,0
3,A83,1,-1,-1,19472.5201353975,14472.5201353975,0
3,A83,1,-1,0,16221.1594272396,11221.1594272396,0
3,A83,1,-1,1,18629.8949515124,13629.8949515124,0
3,A83,1,0,-1,16460.2461193551,11460.2461193551,0
3,A83,1,0,0,12445.347526293,7445.34752629296,0
3,A83,1,0,1,15454.2436822599,10454.2436822599,0
3,A83,1,1,-1,19044.6938593412,14044.6938593412,0
3,A83,1,1,0,15705.0099311172,10705.0099311172,0
3,A83,1,1,1,18182.2526018354,13182.2526018354,0
3,A84,-1,-1,-1,16035.0603683302,11035.0603683302,0
3,A84,-1,-1,0,11688.3620097135,6688.36200971347,0
3,A84,-1,-1,1,14700.7636510568,9700.76365105676,0
3,A84,-1,0,-1,12572.4703656754,7572.47036567541,0
3,A84,-1,0,0,6128.75652558535,1128.75652558535,0
3,A84,-1,0,1,10819.2560744269,5819.25607442691,0
3,A84,-1,1,-1,16093.8143761999,11093.8143761999,0
3,A84,-1,1,0,11768.836247892,6768.83624789201,0
3,A84,-1,1,1,14764.8282104404,9764.82821044036,0
3,A84,0,-1,-1,15371.3707080332,10371.3707080332,0
3,A84,0,-1,0,10759.8179769873,5759.8179769873,0
3,A84,0,-1,1,13973.8444370909,8973.84443709095,0
3,A84,0,0,-1,11714.2173244128,6714.21732441277,0
3,A84,0,0,0,4088.70798391017,-911.292016089827,0
3,A84,0,0,1,9808.78068017679,4808.78068017679,0
3,A84,0,1,-1,15432.6516711602,10432.6516711602,0
3,A84,0,1,0,10847.1831853935,5847.18318539346,0
3,A84,0,1,1,14041.2260330642,9041.22603306425,0
3,A84,1,-1,-1,20382.2205333856,15382.2205333856,0
3,A84,1,-1,0,17173.5133075817,12173.5133075817,0
3,A84,1,-1,1,19350.0440511076,14350.0440511076,0
3,A84,1,0,-1,17787.0392126221,12787.0392126221,0
3,A84,1,0,0,13995.4781770926,8995.47817709265,0
3,A84,1,0,1,16594.217512724,11594.217512724,0
3,A84,1,1,-1,20428.4755679701,15428.4755679701,0
3,A84,1,1,0,17228.3852837481,12228.3852837481,0
3,A84,1,1,1,19398.7603969786,14398.7603969786,0
3,A85,-1,-1,-1,15676.3378880207,10676.3378880207,0
3,A85,-1,-1,0,12926.6043248798,7926.60432487982,0
3,A85,-1,-1,1,16983.7165886802,11983.7165886802,0
3,A85,-1,0,-1,12663.6385232338,7663.63852323376,0
3,A85,-1,0,0,9039.76052999958,4039.76052999958,0
3,A85,-1,0,1,14250.1508845467,9250.15088454668,0
3,A85,-1,1,-1,16582.7594722611,11582.7594722611,0
3,A85,-1,1,0,14012.0462997906,9012.04629979058,0
3,A85,-1,1,1,17823.7754502261,12823.7754502261,0
3,A85,0,-1,-1,12915.6349235553,7915.63492355528,0
3,A85,0,-1,0,9389.52369777982,4389.52369777982,0
3,A85,0,-1,1,14474.5530177542,9474.5530177542,0
3,A85,0,0,-1,9024.06762753346,4024.06762753346,0
3,A85,0,0,0,1668.3304045978,-3331.6695954022,0
3,A85,0,0,1,11141.4925450549,6141.49254505489,0
3,A85,0,1,-1,14001.9272821292,9001.92728212919,0
3,A85,0,1,0,10835.2894472941,5835.28944729406,0
3,A85,0,1,1,15451.6350979193,10451.6350979193,0
3,A85,1,-1,-1,16967.017456752,11967.017456752,0
3,A85,1,-1,0,14464.7575565696,9464.75755656956,0
3,A85,1,-1,1,18181.824467389,13181.824467389,0
3,A85,1,0,-1,14230.2442862189,9230.24428621886,0
3,A85,1,0,0,11128.7637335902,6128.76373359021,0
3,A85,1,0,1,15658.8285650837,10658.8285650837,0
3,A85,1,1,-1,17807.8640918332,12807.8640918332,0
3,A85,1,1,0,15442.4594318978,10442.4594318978,0
3,A85,1,1,1,18968.8977829081,13968.8977829081,0
3,A86,-1,-1,-1,16260.4628873899,11260.4628873899,0
3,A86,-1,-1,0,14153.3742118157,9153.37421181572,0
3,A86,-1,-1,1,18336.6668139877,13336.6668139877,0
3,A86,-1,0,-1,11274.2797725316,6274.27977253156,0
3,A86,-1,0,0,7938.81179124563,2938.81179124563,0
3,A86,-1,0,1,14104.6120444459,9104.61204444586,0
3,A86,-1,1,-1,13777.3769443405,8777.37694434049,0
3,A86,-1,1,0,11213.0042242903,6213.00422429027,0
3,A86,-1,1,1,16175.5003632487,11175.5003632487,0
3,A86,0,-1,-1,14639.1726248559,9639.17262485592,0
3,A86,0,-1,0,12256.456396848,7256.45639684804,0
3,A86,0,-1,1,16915.5570903043,11915.5570903043,0
3,A86,0,0,-1,8775.65417604075,3775.65417604075,0
3,A86,0,0,0,3595.47694819031,-1404.52305180969,0
3,A86,0,0,1,12200.1148663639,7200.11486636394,0
3,A86,0,1,-1,11820.2723020492,6820.27230204923,0
3,A86,0,1,0,8696.79168211465,3696.79168211465,0
3,A86,0,1,1,14544.7424806906,9544.74248069057,0
3,A86,1,-1,-1,19084.2368715251,14084.2368715251,0
3,A86,1,-1,0,17324.0712661887,12324.0712661887,0
3,A86,1,-1,1,20881.5419330923,15881.5419330923,0
3,A86,1,0,-1,15063.692377555,10063.692377555,0
3,A86,1,0,0,12760.4927927222,7760.4927927222,0
3,A86,1,0,1,17284.2565527309,12284.2565527309,0
3,A86,1,1,-1,17018.2713317992,12018.2713317992,0
3,A86,1,1,0,15017.886249078,10017.886249078,0
3,A86,1,1,1,19011.8977395144,14011.8977395144,0
3,A87,-1,-1,-1,17261.0633882508,12261.0633882508,0
3,A87,-1,-1,0,14102.6248006689,9102.62480066892,0
3,A87,-1,-1,1,17315.419233841,12315.419233841,0
3,A87,-1,0,-1,13743.9948172254,8743.99481722536,0
3,A87,-1,0,0,9478.24406264931,4478.24406264931,0
3,A87,-1,0,1,13812.1985030036,8812.19850300364,0
3,A87,-1,1,-1,16728.7321031399,11728.7321031399,0
3,A87,-1,1,0,13445.8244356325,8445.82443563248,0
3,A87,-1,1,1,16784.8119360653,11784.8119360653,0
3,A87,0,-1,-1,14442.9139502196,9442.91395021961,0
3,A87,0,-1,0,10466.0154953391,5466.01549533906,0
3,A87,0,-1,1,14507.8322751508,9507.83227515078,0
3,A87,0,0,-1,9977.51710678327,4977.51710678327,0
3,A87,0,0,0,700.403163458043,-4299.59683654196,0
3,A87,0,0,1,10071.2601776844,5071.26017768438,0
3,A87,0,1,-1,13802.3161773254,8802.31617732536,0
3,A87,0,1,0,9562.61725857972,4562.61725857972,0
3,A87,0,1,1,13870.233084174,8870.23308417403,0
3,A87,1,-1,-1,17867.6024539859,12867.6024539859,0
3,A87,1,-1,0,14838.8319765712,9838.83197657122,0
3,A87,1,-1,1,17920.1186213747,12920.1186213747,0
3,A87,1,0,-1,14498.4241107918,9498.42411079177,0
3,A87,1,0,0,10542.486360988,5542.48636098796,0
3,A87,1,0,1,14563.0949885952,9563.09498859519,0
3,A87,1,1,-1,17353.8867674966,12353.8867674966,0
3,A87,1,1,0,14216.0860617232,9216.08606172324,0
3,A87,1,1,1,17407.9527770945,12407.9527770945,0
3,A88,-1,-1,-1,17191.7641864985,12191.7641864985,0
3,A88,-1,-1,0,13793.0522215924,8793.05222159244,0
3,A88,-1,-1,1,16880.1606429258,11880.1606429258,0
3,A88,-1,0,-1,13820.2673092581,8820.26730925812,0
3,A88,-1,0,0,9256.96074544738,4256.96074544738,0
3,A88,-1,0,1,13430.6684861983,8430.66848619826,0
3,A88,-1,1,-1,16924.621743322,11924.621743322,0
3,A88,-1,1,0,13458.6163812604,8458.61638126043,0
3,A88,-1,1,1,16608.0067630447,11608.0067630447,0
3,A88,0,-1,-1,14510.3333710432,9510.33337104318,0
3,A88,0,-1,0,10258.7186471905,5258.71864719052,0
3,A88,0,-1,1,14139.7610314185,9139.76103141845,0
3,A88,0,0,-1,10295.2808215214,5295.28082152144,0
3,A88,0,0,0,827.249017764548,-4172.75098223545,0
3,A88,0,0,1,9766.05727408956,4766.05727408956,0
3,A88,0,1,-1,14192.8094417266,9192.80944172665,0
3,A88,0,1,0,9804.45682292345,4804.45682292345,0
3,A88,0,1,1,13813.7217047389,8813.72170473893,0
3,A88,1,-1,-1,18042.8044725161,13042.8044725161,0
3,A88,1,-1,0,14840.2940326953,9840.29403269535,0
3,A88,1,-1,1,17746.150588797,12746.150588797,0
3,A88,1,0,-1,14865.5920127194,9865.59201271937,0
3,A88,1,0,0,10755.3409816719,5755.3409816719,0
3,A88,1,0,1,14504.09919214,9504.09919214,0
3,A88,1,1,-1,17788.4473336996,12788.4473336996,0
3,A88,1,1,0,14529.9825287992,9529.98252879916,0
3,A88,1,1,1,17487.4791216634,12487.4791216634,0
3,A89,-1,-1,-1,16783.1139635084,11783.1139635084,0
3,A89,-1,-1,0,13119.828479091,8119.82847909099,0
3,A89,-1,-1,1,16204.532832804,11204.532832804,0
3,A89,-1,0,-1,13201.4861214947,8201.48612149475,0
3,A89,-1,0,0,8045.88222786509,3045.88222786509,0
3,A89,-1,0,1,12457.6565145027,7457.65651450272,0
3,A89,-1,1,-1,16336.6323738991,11336.6323738991,0
3,A89,-1,1,0,12543.6255655446,7543.62556554458,0
3,A89,-1,1,1,15741.6494477942,10741.6494477942,0
3,A89,0,-1,-1,14873.0876217009,9873.0876217009,0
3,A89,0,-1,0,10567.2002163037,5567.20021630372,0
3,A89,0,-1,1,14216.9865098095,9216.98650980953,0
3,A89,0,0,-1,10668.4139827202,5668.41398272024,0
3,A89,0,0,0,2066.89184897457,-2933.10815102543,0
3,A89,0,0,1,9732.88379279309,4732.88379279309,0
3,A89,0,1,-1,14367.3720078033,9367.37200780327,0
3,A89,0,1,0,9842.68070290131,4842.68070290131,0
3,A89,0,1,1,13687.0503918091,8687.05039180913,0
3,A89,1,-1,-1,18993.2766128826,13993.2766128826,0
3,A89,1,-1,0,15849.3388348578,10849.3388348578,0
3,A89,1,-1,1,18484.0073174295,13484.0073174295,0
3,A89,1,0,-1,15916.9996543753,10916.9996543753,0
3,A89,1,0,0,11991.9916196618,6991.99161966184,0
3,A89,1,0,1,15305.7129208246,10305.7129208246,0
3,A89,1,1,-1,18599.9247176243,13599.9247176243,0
3,A89,1,1,0,15375.7661438365,10375.7661438365,0
3,A89,1,1,1,18079.5787981525,13079.5787981525,0
3,A90,-1,-1,-1,16129.0415571881,11129.0415571881,0
3,A90,-1,-1,0,12917.4106441547,7917.41064415468,0
3,A90,-1,-1,1,16540.0427431715,11540.0427431715,0
3,A90,-1,0,-1,12846.6503351801,7846.65033518007,0
3,A90,-1,0,0,8470.53369219445,3470.53369219445,0
3,A90,-1,0,1,13359.0215669719,8359.02156697191,0
3,A90,-1,1,-1,16429.4512420611,11429.4512420611,0
3,A90,-1,1,0,13290.6126386816,8290.61263868156,0
3,A90,-1,1,1,16833.1191556319,11833.1191556319,0
3,A90,0,-1,-1,13818.0693716907,8818.0693716907,0
3,A90,0,-1,0,9881.93085166435,4881.93085166435,0
3,A90,0,-1,1,14295.6662507662,9295.66625076617,0
3,A90,0,0,-1,9789.25351810531,4789.25351810531,0
3,A90,0,0,0,1594.67885104065,-3405.32114895935,0
3,A90,0,0,1,10452.5842179901,5452.58421799009,0
3,A90,0,1,-1,14167.5660479356,9167.5660479356,0
3,A90,0,1,0,10365.0105604788,5365.01056047879,0
3,A90,0,1,1,14633.7609695886,9633.76096958865,0
3,A90,1,-1,-1,17936.8921713939,12936.8921713939,0
3,A90,1,-1,0,15114.4175198527,10114.4175198527,0
3,A90,1,-1,1,18307.351888262,13307.351888262,0
3,A90,1,0,-1,15053.9876461053,10053.9876461053,0
3,A90,1,0,0,11547.1234619411,6547.12346194113,0
3,A90,1,0,1,15493.5333749771,10493.5333749771,0
3,A90,1,1,-1,18207.4981073725,13207.4981073725,0
3,A90,1,1,0,15434.5878962217,10434.5878962217,0
3,A90,1,1,1,18572.5609360263,13572.5609360263,0
3,A91,-1,-1,-1,16817.4710975012,11817.4710975012,0
3,A91,-1,-1,0,13641.0681149246,8641.06811492459,0
3,A91,-1,-1,1,17009.7073612904,12009.7073612904,0
3,A91,-1,0,-1,13582.071495476,8582.07149547597,0
3,A91,-1,0,0,9366.11292420427,4366.11292420427,0
3,A91,-1,0,1,13819.3877038627,8819.3877038627,0
3,A91,-1,1,-1,16915.0228525165,11915.0228525165,0
3,A91,-1,1,0,13761.1555947123,8761.15559471225,0
3,A91,-1,1,1,17106.1628807458,12106.1628807458,0
3,A91,0,-1,-1,13983.5804639706,8983.58046397055,0
3,A91,0,-1,0,9939.41284951301,4939.41284951301,0
3,A91,0,-1,1,14214.1947712063,9214.19477120634,0
3,A91,0,0,-1,9858.28862355292,4858.28862355292,0
3,A91,0,0,0,661.256218116935,-4338.74378188307,0
3,A91,0,0,1,10182.7631312293,5182.76313122935,0
3,A91,0,1,-1,14100.7512770847,9100.75127708474,0
3,A91,0,1,0,10103.5930133261,5103.59301332612,0
3,A91,0,1,1,14329.4799968337,9329.47999683372,0
3,A91,1,-1,-1,17557.1555517798,12557.1555517798,0
3,A91,1,-1,0,14543.2154721752,9543.21547217521,0
3,A91,1,-1,1,17741.3787928346,12741.3787928346,0
3,A91,1,0,-1,14487.8929821532,9487.89298215323,0
3,A91,1,0,0,10637.2199499235,5637.21994992349,0
3,A91,1,0,1,14710.6034364256,9710.60343642557,0
3,A91,1,1,-1,17650.6196790724,12650.6196790724,0
3,A91,1,1,0,14655.9128086921,9655.91280869207,0
3,A91,1,1,1,17833.8774655628,12833.8774655628,0
3,A92,-1,-1,-1,16397.3992170783,11397.3992170783,0
3,A92,-1,-1,0,15280.4193297759,10280.4193297759,0
3,A92,-1,-1,1,19952.6371365626,14952.6371365626,0
3,A92,-1,0,-1,11519.7156018939,6519.71560189385,0
3,A92,-1,0,0,9865.1082790847,4865.1082790847,0
3,A92,-1,0,1,16184.4640061886,11184.4640061886,0
3,A92,-1,1,-1,14019.0225769414,9019.0225769414,0
3,A92,-1,1,0,12694.4676068885,7694.4676068885,0
3,A92,-1,1,1,18048.9894906028,13048.9894906028,0
3,A92,0,-1,-1,13638.0449994882,8638.04499948821,0
3,A92,0,-1,0,12272.4400677948,7272.44006779475,0
3,A92,0,-1,1,17754.6979424366,12754.6979424366,0
3,A92,0,0,-1,7058.71219645208,2058.71219645208,0
3,A92,0,0,0,3800.25416017011,-1199.7458398299,0
3,A92,0,0,1,13381.2721925622,8381.27219256222,0
3,A92,0,1,-1,10660.8894721134,5660.88947211336,0
3,A92,0,1,0,8847.094333518,3847.094333518,0
3,A92,0,1,1,15584.851361361,10584.851361361,0
3,A92,1,-1,-1,17410.2797717868,12410.2797717868,0
3,A92,1,-1,0,16362.5901232488,11362.5901232488,0
3,A92,1,-1,1,20793.0485824226,15793.0485824226,0
3,A92,1,0,-1,12920.7967322517,7920.7967322517,0
3,A92,1,0,0,11470.1134260179,6470.11342601785,0
3,A92,1,0,1,17209.8813422773,12209.8813422773,0
3,A92,1,1,-1,15191.317739434,10191.317739434,0
3,A92,1,1,0,13978.2920440943,8978.29204409434,0
3,A92,1,1,1,18973.9074067399,13973.9074067399,0
3,A93,-1,-1,-1,14966.9336855245,9966.93368552455,0
3,A93,-1,-1,0,11169.4356190176,6169.43561901756,0
3,A93,-1,-1,1,15016.7732934831,10016.7732934831,0
3,A93,-1,0,-1,11147.0134098254,6147.01340982545,0
3,A93,-1,0,0,5000.30959634671,0.309596346714898,0
3,A93,-1,0,1,11213.8434160553,6213.84341605525,0
3,A93,-1,1,-1,14983.414563135,9983.41456313504,0
3,A93,-1,1,0,11191.5101783118,6191.51017831177,0
3,A93,-1,1,1,15033.1995320938,10033.1995320938,0
3,A93,0,-1,-1,14966.8302551867,9966.83025518671,0
3,A93,0,-1,0,11169.2970230029,6169.29702300288,0
3,A93,0,-1,1,15016.6702064256,10016.6702064256,0
3,A93,0,0,-1,11146.8745350215,6146.87453502152,0
3,A93,0,0,0,5000,-2.72848410531878e-12,1
3,A93,0,0,1,11213.7053688996,6213.70536889964,0
3,A93,0,1,-1,14983.3112465653,9983.3112465653,0
3,A93,0,1,0,11191.3718556725,6191.37185567252,0
3,A93,0,1,1,15033.0965576766,10033.0965576766,0
3,A93,1,-1,-1,20591.3309872931,15591.3309872931,0
3,A93,1,-1,0,18020.8240635312,13020.8240635312,0
3,A93,1,-1,1,20627.5856083361,15627.5856083361,0
3,A93,1,0,-1,18006.9352150829,13006.9352150829,0
3,A93,1,0,0,14999.8967976677,9999.89679766774,0
3,A93,1,0,1,18048.3819784814,13048.3819784814,0
3,A93,1,1,-1,20603.3133221852,15603.3133221852,0
3,A93,1,1,0,18034.5143531125,13034.5143531125,0
3,A93,1,1,1,20639.546895538,15639.546895538,0
3,A94,-1,-1,-1,13591.2292157456,8591.22921574558,0
3,A94,-1,-1,0,9760.76035894098,4760.76035894098,0
3,A94,-1,-1,1,14346.5457157607,9346.54571576068,0
3,A94,-1,0,-1,13294.11790981,8294.11790981,0
3,A94,-1,0,0,9342.61752346035,4342.61752346035,0
3,A94,-1,0,1,14065.3984436775,9065.39844367751,0
3,A94,-1,1,-1,19202.7505947696,14202.7505947696,0
3,A94,-1,1,0,16712.1680698425,11712.1680698425,0
3,A94,-1,1,1,19744.5560290527,14744.5560290527,0
3,A94,0,-1,-1,11065.1258196763,6065.12581967633,0
3,A94,0,-1,0,5743.51291414977,743.512914149772,0
3,A94,0,-1,1,11980.7709177975,6980.77091779751,0
3,A94,0,0,-1,10698.0871566025,5698.08715660247,0
3,A94,0,0,0,5000,-2.72848410531878e-12,1
3,A94,0,0,1,11642.6342032092,6642.63420320923,0
3,A94,0,1,-1,17506.0311954268,12506.0311954268,0
3,A94,0,1,0,14731.3291798464,9731.32917984643,0
3,A94,0,1,1,18098.7013510564,13098.7013510564,0
3,A94,1,-1,-1,16129.2438513279,11129.2438513279,0
3,A94,1,-1,0,13065.3525939921,8065.35259399213,0
3,A94,1,-1,1,16770.6401068974,11770.6401068974,0
3,A94,1,0,-1,15879.690381761,10879.690381761,0
3,A94,1,0,0,12755.9985030703,7755.99850307029,0
3,A94,1,0,1,16530.772184023,11530.772184023,0
3,A94,1,1,-1,21075.498239083,16075.498239083,0
3,A94,1,1,0,18834.2124129289,13834.2124129289,0
3,A94,1,1,1,21570.3149815913,16570.3149815913,0
3,A95,-1,-1,-1,16321.4743252584,11321.4743252584,0
3,A95,-1,-1,0,13136.4915728088,8136.49157280885,0
3,A95,-1,-1,1,16695.637080833,11695.637080833,0
3,A95,-1,0,-1,11273.0222396873,6273.02223968734,0
3,A95,-1,0,0,5766.96775688007,766.967756880071,0
3,A95,-1,0,1,11808.2515132979,6808.25151329795,0
3,A95,-1,1,-1,13702.9754682296,8702.97546822959,0
3,A95,-1,1,0,9692.69948854863,4692.69948854863,0
3,A95,-1,1,1,14146.565309916,9146.56530991604,0
3,A95,0,-1,-1,16066.5057508213,11066.5057508213,0
3,A95,0,-1,0,12818.3264794428,7818.32647944276,0
3,A95,0,-1,1,16446.4701509471,11446.4701509471,0
3,A95,0,0,-1,10900.6015112741,5900.60151127409,0
3,A95,0,0,0,5000,-9.09494701772928e-13,1
3,A95,0,0,1,11453.2478665403,6453.24786654025,0
3,A95,0,1,-1,13398.2692753209,8398.26927532088,0
3,A95,0,1,0,9256.91667167942,4256.91667167942,0
3,A95,0,1,1,13851.6205896215,8851.62058962147,0
3,A95,1,-1,-1,21210.2496433276,16210.2496433276,0
3,A95,1,-1,0,18869.3289924334,13869.3289924334,0
3,A95,1,-1,1,21499.4991410753,16499.4991410753,0
3,A95,1,0,-1,17622.8600459374,12622.8600459374,0
3,A95,1,0,0,14722.1629827653,9722.16298276533,0
3,A95,1,0,1,17969.9462877192,12969.9462877192,0
3,A95,1,1,-1,19267.9968461984,14267.9968461984,0
3,A95,1,1,0,16656.3077888685,11656.3077888685,0
3,A95,1,1,1,19585.9509815054,14585.9509815054,0
3,A96,-1,-1,-1,18294.344892414,13294.344892414,0
3,A96,-1,-1,0,14671.7363981379,9671.73639813787,0
3,A96,-1,-1,1,17199.9024075805,12199.9024075805,0
3,A96,-1,0,-1,14586.7980231526,9586.79802315259,0
3,A96,-1,0,0,9661.8564707874,4661.8564707874,0
3,A96,-1,0,1,13188.1865453877,8188.18654538767,0
3,A96,-1,1,-1,17054.8027867197,12054.8027867197,0
3,A96,-1,1,0,13093.6279154308,8093.6279154308,0
3,A96,-1,1,1,15875.1342004279,10875.1342004279,0
3,A96,0,-1,-1,15610.153835897,10610.153835897,0
3,A96,0,-1,0,11146.9142220713,6146.91422207134,0
3,A96,0,-1,1,14311.9003129586,9311.9003129586,0
3,A96,0,0,-1,11034.8776298616,6034.87762986164,0
3,A96,0,0,0,1531.44317552721,-3468.55682447279,0
3,A96,0,0,1,9106.15792163286,4106.15792163286,0
3,A96,0,1,-1,14137.1901674864,9137.19016748637,0
3,A96,0,1,0,8968.66432226791,3968.66432226791,0
3,A96,0,1,1,12689.1187093261,7689.11870932609,0
3,A96,1,-1,-1,18779.5300931131,13779.5300931131,0
3,A96,1,-1,0,15272.4439567474,10272.4439567474,0
3,A96,1,-1,1,17715.0878718068,12715.0878718068,0
3,A96,1,0,-1,15190.8647562867,10190.8647562867,0
3,A96,1,0,0,10551.737579074,5551.73757907395,0
3,A96,1,0,1,13853.3735902664,8853.37359026636,0
3,A96,1,1,-1,17574.2423327279,12574.2423327279,0
3,A96,1,1,0,13763.3857558122,8763.38575581219,0
3,A96,1,1,1,16431.9074168869,11431.9074168869,0
3,A97,-1,-1,-1,14148.6021333405,9148.60213334052,0
3,A97,-1,-1,0,13802.3050172138,8802.30501721377,0
3,A97,-1,-1,1,19514.7202195891,14514.7202195891,0
3,A97,-1,0,-1,9615.58117183451,4615.58117183451,0
3,A97,-1,0,0,9098.35604561477,4098.35604561477,0
3,A97,-1,0,1,16525.7606237477,11525.7606237477,0
3,A97,-1,1,-1,13591.7570687792,8591.75706877918,0
3,A97,-1,1,0,13230.8934572592,8230.89345725923,0
3,A97,-1,1,1,19114.8430058419,14114.8430058419,0
3,A97,0,-1,-1,11933.2669288336,6933.26692883358,0
3,A97,0,-1,0,11520.57034419,6520.57034418998,0
3,A97,0,-1,1,17973.4310168111,12973.4310168111,0
3,A97,0,0,-1,5888.9148864085,888.914886408495,0
3,A97,0,0,0,5000,-9.09494701772928e-13,1
3,A97,0,0,1,14673.8093711427,9673.80937114274,0
3,A97,0,1,-1,11267.4654418788,6267.46544187884,0
3,A97,0,1,0,10829.4256054774,5829.42560547744,0
3,A97,0,1,1,17538.4474913034,12538.4474913034,0
3,A97,1,-1,-1,16870.7669316489,11870.7669316489,0
3,A97,1,-1,0,16581.4190684228,11581.4190684228,0
3,A97,1,-1,1,21569.9823779087,16569.9823779087,0
3,A97,1,0,-1,13300.347206242,8300.34720624198,0
3,A97,1,0,0,12931.3540384302,7931.3540384302,0
3,A97,1,0,1,18908.7439754168,13908.7439754168,0
3,A97,1,1,-1,16406.5747415833,11406.5747415833,0
3,A97,1,1,0,16108.8912160892,11108.8912160892,0
3,A97,1,1,1,21208.8910052466,16208.8910052466,0
3,A98,-1,-1,-1,15004.4666391225,10004.4666391225,0
3,A98,-1,-1,0,10811.0826693651,5811.0826693651,0
3,A98,-1,-1,1,14443.8567509912,9443.8567509912,0
3,A98,-1,0,-1,11575.4069709821,6575.40697098215,0
3,A98,-1,0,0,5073.02039254425,73.0203925442456,0
3,A98,-1,0,1,10838.8664196251,5838.86641962513,0
3,A98,-1,1,-1,15583.519306087,10583.519306087,0
3,A98,-1,1,0,11601.3604082665,6601.36040826649,0
3,A98,-1,1,1,15044.5024072517,10044.5024072517,0
3,A98,0,-1,-1,14979.9360219384,9979.93602193845,0
3,A98,0,-1,0,10777.0113009441,5777.01130094409,0
3,A98,0,-1,1,14418.3723748551,9418.37237485509,0
3,A98,0,0,-1,11543.5917564982,6543.59175649817,0
3,A98,0,0,0,5000,3.63797880709171e-12,1
3,A98,0,0,1,10804.8826629125,5804.88266291253,0
3,A98,0,1,-1,15559.9016083013,10559.9016083013,0
3,A98,0,1,0,11569.6165631936,6569.61656319359,0
3,A98,0,1,1,15020.0371763398,10020.0371763398,0
3,A98,1,-1,-1,20583.0742921994,15583.0742921994,0
3,A98,1,-1,0,17759.7420217048,12759.7420217048,0
3,A98,1,-1,1,20178.0555563913,15178.0555563913,0
3,A98,1,0,-1,18235.1028167522,13235.1028167522,0
3,A98,1,0,0,14975.4620662212,9975.46206622121,0
3,A98,1,0,1,17776.6687952535,12776.6687952535,0
3,A98,1,1,-1,21008.9267254861,16008.9267254861,0
3,A98,1,1,0,18251.5887395085,13251.5887395085,0
3,A98,1,1,1,20612.2774305864,15612.2774305864,0
3,A99,-1,-1,-1,17915.8242044388,12915.8242044388,0
3,A99,-1,-1,0,14854.2675251691,9854.2675251691,0
3,A99,-1,-1,1,17897.5353189826,12897.5353189826,0
3,A99,-1,0,-1,13989.6804386657,8989.68043866575,0
3,A99,-1,0,0,9766.4561413506,4766.4561413506,0
3,A99,-1,0,1,13966.251191564,8966.251191564,0
3,A99,-1,1,-1,16445.2291144763,11445.2291144763,0
3,A99,-1,1,0,13042.9317031316,8042.93170313164,0
3,A99,-1,1,1,16425.3028647113,11425.3028647113,0
3,A99,0,-1,-1,15076.101672894,10076.101672894,0
3,A99,0,-1,0,11267.7126532573,6267.71265325731,0
3,A99,0,-1,1,15054.3633283282,10054.3633283282,0
3,A99,0,0,-1,10100.6555976862,5100.65559768616,0
3,A99,0,0,0,1302.20977112235,-3697.79022887765,0
3,A99,0,0,1,10068.1804251287,5068.18042512868,0
3,A99,0,1,-1,13295.0233303556,8295.02333035562,0
3,A99,0,1,0,8742.43399401094,3742.43399401094,0
3,A99,0,1,1,13270.3677011821,8270.36770118205,0
3,A99,1,-1,-1,18264.7454506905,13264.7454506905,0
3,A99,1,-1,0,15273.2914973642,10273.2914973642,0
3,A99,1,-1,1,18246.8062944833,13246.8062944833,0
3,A99,1,0,-1,14433.8258348281,9433.82583482807,0
3,A99,1,0,0,10392.6818009159,5392.68180091588,0
3,A99,1,0,1,14411.1186866262,9411.11868662617,0
3,A99,1,1,-1,16824.6762251694,11824.6762251694,0
3,A99,1,1,0,13518.2187016899,8518.21870168994,0
3,A99,1,1,1,16805.1998991877,11805.1998991877,0
3,A100,-1,-1,-1,17522.9890912075,12522.9890912075,0
3,A100,-1,-1,0,16323.4572225694,11323.4572225694,0
3,A100,-1,-1,1,20636.2633415918,15636.2633415918,0
3,A100,-1,0,-1,11547.906261714,6547.90626171402,0
3,A100,-1,0,0,9630.90068663405,4630.90068663405,0
3,A100,-1,0,1,15879.3689119651,10879.3689119651,0
3,A100,-1,1,-1,12635.3920148165,7635.39201481655,0
3,A100,-1,1,0,10911.1521103211,5911.15211032107,0
3,A100,-1,1,1,16686.9215070078,11686.9215070078,0
3,A100,0,-1,-1,15469.3535306027,10469.3535306027,0
3,A100,0,-1,0,14096.1344935853,9096.13449358526,0
3,A100,0,-1,1,18923.5598307432,13923.5598307432,0
3,A100,0,0,-1,8099.37596321629,3099.37596321629,0
3,A100,0,0,0,4999.99999999999,-5.45696821063757e-12,1
3,A100,0,0,1,13579.4001710854,8579.4001710854,0
3,A100,0,1,-1,9586.39052679795,4586.39052679795,0
3,A100,0,1,0,7162.33148763416,2162.33148763416,0
3,A100,0,1,1,14515.4779923098,9515.47799230979,0
3,A100,1,-1,-1,19275.5454039299,14275.5454039299,0
3,A100,1,-1,0,18191.9421619968,13191.9421619968,0
3,A100,1,-1,1,22143.777198841,17143.777198841,0
3,A100,1,0,-1,14065.7613714195,9065.76137141952,0
3,A100,1,0,0,12539.7668225606,7539.76682256061,0
3,A100,1,0,1,17794.5458208594,12794.5458208594,0
3,A100,1,1,-1,14971.4606934819,9971.46069348189,0
3,A100,1,1,0,13547.8686258373,8547.86862583733,0
3,A100,1,1,1,18518.7702969021,13518.7702969021,0
3,A101,-1,-1,-1,14369.0690008155,9369.06900081551,0
3,A101,-1,-1,0,10391.8507405275,5391.85074052755,0
3,A101,-1,-1,1,14474.4941077956,9474.49410779557,0
3,A101,-1,0,-1,11192.6523877992,6192.65238779916,0
3,A101,-1,0,0,5176.47421874311,176.474218743114,0
3,A101,-1,0,1,11327.67863247,6327.67863247002,0
3,A101,-1,1,-1,15623.0851946091,10623.0851946091,0
3,A101,-1,1,0,12066.5325947938,7066.53259479381,0
3,A101,-1,1,1,15720.102630849,10720.102630849,0
3,A101,0,-1,-1,14306.4411581946,9306.44115819462,0
3,A101,0,-1,0,10305.0801295328,5305.08012953275,0
3,A101,0,-1,1,14412.3243905796,9412.32439057963,0
3,A101,0,0,-1,11112.1367043784,6112.13670437842,0
3,A101,0,0,0,5000,-1.81898940354586e-12,1
3,A101,0,0,1,11248.1295273128,6248.12952731279,0
3,A101,0,1,-1,15565.5037072593,10565.5037072593,0
3,A101,0,1,0,11991.8857367767,6991.88573677673,0
3,A101,0,1,1,15662.8778130685,10662.8778130685,0
3,A101,1,-1,-1,20071.8303419387,15071.8303419387,0
3,A101,1,-1,0,17447.0281463285,12447.0281463285,0
3,A101,1,-1,1,20147.436784911,15147.436784911,0
3,A101,1,0,-1,17935.5428353725,12935.5428353725,0
3,A101,1,0,0,14940.0172243103,9940.01722431028,0
3,A101,1,0,1,18020.1146646156,13020.1146646156,0
3,A101,1,1,-1,20987.8302909899,15987.8302909899,0
3,A101,1,1,0,18493.4971864868,13493.4971864868,0
3,A101,1,1,1,21060.1485286738,16060.1485286738,0
3,A102,-1,-1,-1,16363.2798043574,11363.2798043574,0
3,A102,-1,-1,0,12951.9903652443,7951.99036524432,0
3,A102,-1,-1,1,16363.1043169404,11363.1043169404,0
3,A102,-1,0,-1,13584.6120570853,8584.61205708525,0
3,A102,-1,0,0,9194.49907320667,4194.49907320667,0
3,A102,-1,0,1,13584.4006740412,8584.40067404118,0
3,A102,-1,1,-1,17358.7569695334,12358.7569695334,0
3,A102,-1,1,0,14188.853794194,9188.85379419405,0
3,A102,-1,1,1,17358.5915459379,12358.5915459379,0
3,A102,0,-1,-1,13588.0304048432,8588.03040484322,0
3,A102,0,-1,0,9199.54883397203,4199.54883397203,0
3,A102,0,-1,1,13587.8190749777,8587.81907497772,0
3,A102,0,0,-1,10070.7164128855,5070.71641288545,0
3,A102,0,0,0,1190.15021507902,-3809.84978492098,0
3,A102,0,0,1,10070.4312718048,5070.43127180484,0
3,A102,0,1,-1,14771.7327302716,9771.73273027159,0
3,A102,0,1,0,10872.0382780907,5872.03827809069,0
3,A102,0,1,1,14771.5383351214,9771.53833512141,0
3,A102,1,-1,-1,17364.1070778257,12364.1070778257,0
3,A102,1,-1,0,14195.3986585756,9195.39865857562,0
3,A102,1,-1,1,17363.9417052,12363.9417052,0
3,A102,1,0,-1,14774.8764257443,9774.87642574431,0
3,A102,1,0,0,10876.309202193,5876.30920219295,0
3,A102,1,0,1,14774.6820719567,9774.68207195672,0
3,A102,1,1,-1,18305.2378346153,13305.2378346153,0
3,A102,1,1,0,15332.2816517152,10332.2816517152,0
3,A102,1,1,1,18305.0809643994,13305.0809643994,0
3,A103,-1,-1,-1,13521.3402958836,8521.34029588361,0
3,A103,-1,-1,0,11308.7683273062,6308.76832730622,0
3,A103,-1,-1,1,16521.1936240782,11521.1936240782,0
3,A103,-1,0,-1,9541.79126716803,4541.79126716803,0
3,A103,-1,0,0,6008.94152657543,1008.94152657543,0
3,A103,-1,0,1,13459.902523919,8459.902523919,0
3,A103,-1,1,-1,14116.1226183156,9116.12261831563,0
3,A103,-1,1,0,12013.5971073996,7013.59710739963,0
3,A103,-1,1,1,17011.4112625179,12011.4112625179,0
3,A103,0,-1,-1,13104.169761083,8104.16976108305,0
3,A103,0,-1,0,10806.5194586824,5806.51945868242,0
3,A103,0,-1,1,16181.546912903,11181.546912903,0
3,A103,0,0,-1,8940.82783171678,3940.82783171678,0
3,A103,0,0,0,5000,-9.09494701772928e-13,1
3,A103,0,0,1,13040.7667598036,8040.7667598036,0
3,A103,0,1,-1,13717.0528724475,8717.05287244748,0
3,A103,0,1,0,11542.0594864659,6542.05948646593,0
3,A103,0,1,1,16681.7485556136,11681.7485556136,0
3,A103,1,-1,-1,18989.7837496239,13989.7837496239,0
3,A103,1,-1,0,17483.5203703682,12483.5203703682,0
3,A103,1,-1,1,21230.522419966,16230.522419966,0
3,A103,1,0,-1,16396.0673347788,11396.0673347788,0
3,A103,1,0,0,14625.0682641209,9625.06826412094,0
3,A103,1,0,1,18946.0871795154,13946.0871795154,0
3,A103,1,1,-1,19417.779513521,14417.779513521,0
3,A103,1,1,0,17947.4722153098,12947.4722153098,0
3,A103,1,1,1,21614.1934062531,16614.1934062531,0
3,A104,-1,-1,-1,17846.1053467952,12846.1053467952,0
3,A104,-1,-1,0,12570.8645732104,7570.86457321042,0
3,A104,-1,-1,1,14055.952340097,9055.95234009705,0
3,A104,-1,0,-1,16346.106506142,11346.106506142,0
3,A104,-1,0,0,10331.4257476507,5331.42574765072,0
3,A104,-1,0,1,12094.6896631664,7094.68966316637,0
3,A104,-1,1,-1,20393.7961098801,15393.7961098801,0
3,A104,-1,1,0,15982.8057562008,10982.8057562008,0
3,A104,-1,1,1,17175.3672423482,12175.3672423482,0
3,A104,0,-1,-1,15066.3839699488,10066.3839699488,0
3,A104,0,-1,0,8157.14937947153,3157.14937947153,0
3,A104,0,-1,1,10299.6235886607,5299.62358866069,0
3,A104,0,0,-1,13255.4761435096,8255.47614350964,0
3,A104,0,0,0,3905.22827248758,-1094.77172751242,0
3,A104,0,0,1,7402.29477454926,2402.29477454926,0
3,A104,0,1,-1,18011.6453899242,13011.6453899242,0
3,A104,0,1,0,12804.7854227027,7804.78542270271,0
3,A104,0,1,1,14265.5420433485,9265.54204334847,0
3,A104,1,-1,-1,18316.8877217432,13316.8877217432,0
3,A104,1,-1,0,13230.70428511,8230.70428511003,0
3,A104,1,-1,1,14649.0510255481,9649.0510255481,0
3,A104,1,0,-1,16858.828478639,11858.828478639,0
3,A104,1,0,0,11124.8936058397,6124.89360583967,0
3,A104,1,0,1,12779.1399479908,7779.13994799084,0
3,A104,1,1,-1,20807.0137101265,15807.0137101265,0
3,A104,1,1,0,16506.8161558332,11506.8161558332,0
3,A104,1,1,1,17664.0352035303,12664.0352035303,0
3,A105,-1,-1,-1,16353.6024143273,11353.6024143273,0
3,A105,-1,-1,0,12371.0877601648,7371.08776016485,0
3,A105,-1,-1,1,15448.2139036689,10448.2139036689,0
3,A105,-1,0,-1,12902.3116171263,7902.31161712628,0
3,A105,-1,0,0,7216.17249719271,2216.17249719271,0
3,A105,-1,0,1,11733.5691907045,6733.56919070448,0
3,A105,-1,1,-1,16294.1393821512,11294.1393821512,0
3,A105,-1,1,0,12292.3748172914,7292.37481729143,0
3,A105,-1,1,1,15385.2519996453,10385.2519996453,0
3,A105,0,-1,-1,14961.2825267043,9961.28252670432,0
3,A105,0,-1,0,10461.5235643608,5461.52356436083,0
3,A105,0,-1,1,13965.9219434839,8965.92194348392,0
3,A105,0,0,-1,11084.6428893045,6084.64288930447,0
3,A105,0,0,0,2910.80889568809,-2089.19110431191,0
3,A105,0,0,1,9699.29424602768,4699.29424602768,0
3,A105,0,1,-1,14896.2626562151,9896.26265621508,0
3,A105,0,1,0,10368.3239516692,5368.32395166919,0
3,A105,0,1,1,13896.2456084572,8896.24560845719,0
3,A105,1,-1,-1,19499.7342997756,14499.7342997756,0
3,A105,1,-1,0,16304.6968142819,11304.6968142819,0
3,A105,1,-1,1,18746.9101093877,13746.9101093877,0
3,A105,1,0,-1,16711.3425822519,11711.3425822519,0
3,A105,1,0,0,12840.2675729594,7840.26757295942,0
3,A105,1,0,1,15826.432693093,10826.432693093,0
3,A105,1,1,-1,19449.892134429,14449.892134429,0
3,A105,1,1,0,16245.0547701365,11245.0547701365,0
3,A105,1,1,1,18695.0609768608,13695.0609768608,0
3,A106,-1,-1,-1,17690.9475664102,12690.9475664102,0
3,A106,-1,-1,0,11847.1947969167,6847.19479691672,0
3,A106,-1,-1,1,12951.5413489942,7951.54134899423,0
3,A106,-1,0,-1,15210.6877344253,10210.6877344253,0
3,A106,-1,0,0,7664.94749576357,2664.94749576357,0
3,A106,-1,0,1,9281.04621642565,4281.04621642565,0
3,A106,-1,1,-1,18701.8827103294,13701.8827103294,0
3,A106,-1,1,0,13309.6512226855,8309.6512226855,0
3,A106,-1,1,1,14301.5109141709,9301.51091417093,0
3,A106,0,-1,-1,16709.8236281734,11709.8236281734,0
3,A106,0,-1,0,10324.9505782487,5324.95057824871,0
3,A106,0,-1,1,11575.4482937766,6575.44829377658,0
3,A106,0,0,-1,14057.5104923092,9057.5104923092,0
3,A106,0,0,0,5000,-3.63797880709171e-12,1
3,A106,0,0,1,7237.844897386,2237.844897386,0
3,A106,0,1,-1,17776.6418875474,12776.6418875474,0
3,A106,0,1,0,11974.781649647,6974.78164964696,0
3,A106,0,1,1,13068.3508644105,8068.35086441048,0
3,A106,1,-1,-1,21106.0840889979,16106.0840889979,0
3,A106,1,-1,0,16518.2682001009,11518.2682001009,0
3,A106,1,-1,1,17327.4228634579,12327.4228634579,0
3,A106,1,0,-1,19075.1718505646,14075.1718505646,0
3,A106,1,0,0,13829.2653415569,8829.26534155693,0
3,A106,1,0,1,14786.3105149934,9786.3105149934,0
3,A106,1,1,-1,21960.3637648672,16960.3637648672,0
3,A106,1,1,0,17596.7035391266,12596.7035391266,0
3,A106,1,1,1,18358.3870261667,13358.3870261667,0
3,A107,-1,-1,-1,15390.262420109,10390.262420109,0
3,A107,-1,-1,0,11286.6946013386,6286.69460133862,0
3,A107,-1,-1,1,14762.0721000797,9762.07210007974,0
3,A107,-1,0,-1,11616.3130304673,6616.31303046734,0
3,A107,-1,0,0,5046.58558689651,46.5855868965073,0
3,A107,-1,0,1,10770.2053717623,5770.20537176231,0
3,A107,-1,1,-1,15264.9035202909,10264.9035202909,0
3,A107,-1,1,0,11115.1507928528,6115.15079285282,0
3,A107,-1,1,1,14631.3319561796,9631.33195617962,0
3,A107,0,-1,-1,15375.049634845,10375.049634845,0
3,A107,0,-1,0,11265.9419907088,6265.94199070876,0
3,A107,0,-1,1,14746.2112626288,9746.21126262882,0
3,A107,0,0,-1,11596.1503239624,6596.15032396242,0
3,A107,0,0,0,5000,9.09494701772928e-13,1
3,A107,0,0,1,10748.4555943664,5748.45559436639,0
3,A107,0,1,-1,15249.5656789929,10249.5656789929,0
3,A107,0,1,0,11094.0772965572,6094.07729655717,0
3,A107,0,1,1,14615.3292376892,9615.32923768915,0
3,A107,1,-1,-1,20878.7960665379,15878.7960665379,0
3,A107,1,-1,0,18068.0221068091,13068.0221068091,0
3,A107,1,-1,1,20420.1547622982,15420.1547622982,0
3,A107,1,0,-1,18275.7401012945,13275.7401012945,0
3,A107,1,0,0,14984.3910091177,9984.39100911773,0
3,A107,1,0,1,17749.9653965351,12749.9653965351,0
3,A107,1,1,-1,20786.5636244197,15786.5636244197,0
3,A107,1,1,0,17961.3620022568,12961.3620022568,0
3,A107,1,1,1,20325.8412529514,15325.8412529514,0
3,A108,-1,-1,-1,17895.8418260654,12895.8418260654,0
3,A108,-1,-1,0,14839.1311143229,9839.13111432288,0
3,A108,-1,-1,1,17892.4137497594,12892.4137497594,0
3,A108,-1,0,-1,12328.4763056219,7328.47630562194,0
3,A108,-1,0,0,7206.24628935174,2206.24628935174,0
3,A108,-1,0,1,12323.4996306776,7323.49963067756,0
3,A108,-1,1,-1,13554.3904832719,8554.39048327191,0
3,A108,-1,1,0,9146.59275017349,4146.59275017349,0
3,A108,-1,1,1,13549.8640768843,8549.86407688433,0
3,A108,0,-1,-1,17126.913588874,12126.913588874,0
3,A108,0,-1,0,13902.1518710331,8902.15187103312,0
3,A108,0,-1,1,17123.3315744858,12123.3315744858,0
3,A108,0,0,-1,11183.082868131,6183.08286813103,0
3,A108,0,0,0,5000,-4.54747350886464e-12,1
3,A108,0,0,1,11177.5962337398,6177.5962337398,0
3,A108,0,1,-1,12521.6418967409,7521.64189674086,0
3,A108,0,1,0,7531.94353103702,2531.94353103702,0
3,A108,0,1,1,12516.7420249538,7516.7420249538,0
3,A108,1,-1,-1,21596.3233791764,16596.3233791764,0
3,A108,1,-1,0,19140.0062973468,14140.0062973468,0
3,A108,1,-1,1,21593.4827813159,16593.4827813159,0
3,A108,1,0,-1,17266.4807315414,12266.4807315414,0
3,A108,1,0,0,14073.7349135617,9073.73491356165,0
3,A108,1,0,1,17262.9276770112,12262.9276770112,0
3,A108,1,1,-1,18162.0904690903,13162.0904690903,0
3,A108,1,1,0,15159.1618426592,10159.1618426592,0
3,A108,1,1,1,18158.7126563655,13158.7126563655,0
3,A109,-1,-1,-1,13198.0925444603,8198.0925444603,0
3,A109,-1,-1,0,11104.6690227974,6104.66902279738,0
3,A109,-1,-1,1,16505.686941161,11505.686941161,0
3,A109,-1,0,-1,12438.4998162086,7438.49981620865,0
3,A109,-1,0,0,10190.2063262507,5190.20632625069,0
3,A109,-1,0,1,15904.8524754333,10904.8524754333,0
3,A109,-1,1,-1,18309.6397709924,13309.6397709924,0
3,A109,-1,1,0,16863.1828501396,11863.1828501396,0
3,A109,-1,1,1,20820.4457956832,15820.4457956832,0
3,A109,0,-1,-1,9671.01858677931,4671.01858677931,0
3,A109,0,-1,0,6530.89793210458,1530.89793210458,0
3,A109,0,-1,1,13848.3448503171,8848.34485031713,0
3,A109,0,0,-1,8605.53492651763,3605.53492651763,0
3,A109,0,0,0,4814.48425745186,-185.515742548142,0
3,A109,0,0,1,13126.4346247939,8126.43462479392,0
3,A109,0,1,-1,15955.6216499765,10955.6216499765,0
3,A109,0,1,0,14272.5572176445,9272.55721764449,0
3,A109,0,1,1,18783.767375707,13783.767375707,0
3,A109,1,-1,-1,14589.9812953795,9589.98129537948,0
3,A109,1,-1,0,12727.5913468834,7727.59134688335,0
3,A109,1,-1,1,17638.4695704303,12638.4695704303,0
3,A109,1,0,-1,13906.6237838379,8906.62378383794,0
3,A109,1,0,0,11938.0991937135,6938.09919371354,0
3,A109,1,0,1,17077.5361118834,12077.5361118834,0
3,A109,1,1,-1,19337.0322420709,14337.0322420709,0
3,A109,1,1,0,17973.4482841949,12973.4482841949,0
3,A109,1,1,1,21729.4470826656,16729.4470826656,0
3,A110,-1,-1,-1,17225.2266896209,12225.2266896209,0
3,A110,-1,-1,0,13614.9467345469,8614.94673454694,0
3,A110,-1,-1,1,16553.703955921,11553.703955921,0
3,A110,-1,0,-1,13938.5560266713,8938.55602667128,0
3,A110,-1,0,0,9107.2325206057,4107.2325206057,0
3,A110,-1,0,1,13099.6192410353,8099.61924103529,0
3,A110,-1,1,-1,17083.859450033,12083.859450033,0
3,A110,-1,1,0,13435.6463850537,8435.64638505368,0
3,A110,-1,1,1,16406.5515529599,11406.5515529599,0
3,A110,0,-1,-1,14660.6074390045,9660.60743900451,0
3,A110,0,-1,0,10178.0032696162,5178.00326961621,0
3,A110,0,-1,1,13865.4278921367,8865.42789213669,0
3,A110,0,0,-1,10606.9939228993,5606.99392289928,0
3,A110,0,0,0,1080.12043594506,-3919.87956405494,0
3,A110,0,0,1,9477.60519497779,4477.60519497779,0
3,A110,0,1,-1,14494.2481585024,9494.2481585024,0
3,A110,0,1,0,9936.87927651202,4936.87927651202,0
3,A110,0,1,1,13689.4086735585,8689.40867355847,0
3,A110,1,-1,-1,18252.6268370436,13252.6268370436,0
3,A110,1,-1,0,14893.5129008601,9893.5129008601,0
3,A110,1,-1,1,17620.3026819578,12620.3026819578,0
3,A110,1,0,-1,15189.9077038733,10189.9077038733,0
3,A110,1,0,0,10926.6479822457,5926.6479822457,0
3,A110,1,0,1,14423.9376109174,9423.93761091742,0
3,A110,1,1,-1,18119.2771834866,13119.2771834866,0
3,A110,1,1,0,14729.7843068981,9729.78430689811,0
3,A110,1,1,1,17482.1304709542,12482.1304709542,0
3,A111,-1,-1,-1,17773.9137373045,12773.9137373045,0
3,A111,-1,-1,0,13981.6233534504,8981.6233534504,0
3,A111,-1,-1,1,16584.9200677712,11584.9200677712,0
3,A111,-1,0,-1,12768.7361766424,7768.7361766424,0
3,A111,-1,0,0,6527.9710174989,1527.9710174989,0
3,A111,-1,0,1,11053.8765897722,6053.87658977224,0
3,A111,-1,1,-1,14497.2148206562,9497.21482065615,0
3,A111,-1,1,0,9473.27924284203,4473.27924284203,0
3,A111,-1,1,1,13012.1789746941,8012.17897469408,0
3,A111,0,-1,-1,17271.2942171638,12271.2942171638,0
3,A111,0,-1,0,13336.8431794201,8336.84317942009,0
3,A111,0,-1,1,16045.0979445142,11045.0979445142,0
3,A111,0,0,-1,12059.2793293543,7059.27932935426,0
3,A111,0,0,0,5000,1.81898940354586e-12,1
3,A111,0,0,1,10226.1323117105,5226.13231171048,0
3,A111,0,1,-1,13876.41279117,8876.41279117001,0
3,A111,0,1,0,8492.85664588517,3492.85664588517,0
3,A111,0,1,1,12316.752659048,7316.75265904797,0
3,A111,1,-1,-1,21924.4885534539,16924.4885534539,0
3,A111,1,-1,0,18980.4367807261,13980.4367807261,0
3,A111,1,-1,1,20972.1425334597,15972.1425334597,0
3,A111,1,0,-1,18105.5740681726,13105.5740681726,0
3,A111,1,0,0,14400.8886668391,9400.88866683908,0
3,A111,1,0,1,16939.8753375373,11939.8753375373,0
3,A111,1,1,-1,19363.3784848007,14363.3784848007,0
3,A111,1,1,0,15953.5014464615,10953.5014464615,0
3,A111,1,1,1,18278.0740358184,13278.0740358184,0
3,A112,-1,-1,-1,17710.1493743883,12710.1493743883,0
3,A112,-1,-1,0,14243.4772048186,9243.47720481862,0
3,A112,-1,-1,1,17091.0472149961,12091.0472149961,0
3,A112,-1,0,-1,14357.3433688724,9357.34336887241,0
3,A112,-1,0,0,9765.27319805978,4765.27319805978,0
3,A112,-1,0,1,13586.309751135,8586.30975113495,0
3,A112,-1,1,-1,17280.5447356344,12280.5447356344,0
3,A112,-1,1,0,13705.6367375362,8705.6367375362,0
3,A112,-1,1,1,16645.4717686926,11645.4717686926,0
3,A112,0,-1,-1,14791.4216718815,9791.42167188149,0
3,A112,0,-1,0,10392.9498746239,5392.94987462392,0
3,A112,0,-1,1,14044.2393570277,9044.23935702768,0
3,A112,0,0,-1,10548.4630550598,5548.46305505984,0
3,A112,0,0,0,705.212623967009,-4294.78737603299,0
3,A112,0,0,1,9472.30578402336,4472.30578402336,0
3,A112,0,1,-1,14274.2422065944,9274.24220659435,0
3,A112,0,1,0,9642.67818573033,4642.67818573033,0
3,A112,0,1,1,13498.4626759716,8498.46267597164,0
3,A112,1,-1,-1,17997.858741741,12997.858741741,0
3,A112,1,-1,0,14599.6633971028,9599.6633971028,0
3,A112,1,-1,1,17389.0029423697,12389.0029423697,0
3,A112,1,0,-1,14710.7728225345,9710.77282253452,0
3,A112,1,0,0,10277.8445725386,5277.84457253855,0
3,A112,1,0,1,13959.2743750633,8959.27437506335,0
3,A112,1,1,-1,17575.2881849709,12575.2881849709,0
3,A112,1,1,0,14075.4398441334,9075.43984413338,0
3,A112,1,1,1,16951.2612753995,11951.2612753995,0
3,A113,-1,-1,-1,13843.4883565119,8843.48835651188,0
3,A113,-1,-1,0,11773.8371651042,6773.83716510423,0
3,A113,-1,-1,1,16899.8317537158,11899.8317537158,0
3,A113,-1,0,-1,9474.29313271314,4474.29313271314,0
3,A113,-1,0,0,6061.62536602891,1061.62536602891,0
3,A113,-1,0,1,13554.4964418305,8554.49644183046,0
3,A113,-1,1,-1,13707.0161177505,8707.01611775045,0
3,A113,-1,1,0,11613.0686110856,6613.06861108555,0
3,A113,-1,1,1,16788.2230828426,11788.2230828426,0
3,A113,0,-1,-1,13412.6383608444,8412.63836084441,0
3,A113,0,-1,0,11264.0995872864,6264.09958728636,0
3,A113,0,-1,1,16548.7465152444,11548.7465152444,0
3,A113,0,0,-1,8832.83240452859,3832.83240452859,0
3,A113,0,0,0,5000,3.63797880709171e-12,1
3,A113,0,0,1,13114.1553945921,8114.15539459212,0
3,A113,0,1,-1,13271.7364641627,8271.7364641627,0
3,A113,0,1,0,11095.9479310105,6095.94793101047,0
3,A113,0,1,1,16434.7537919254,11434.7537919254,0
3,A113,1,-1,-1,19187.380376714,14187.380376714,0
3,A113,1,-1,0,17752.088255589,12752.088255589,0
3,A113,1,-1,1,21496.923248403,16496.923248403,0
3,A113,1,0,-1,16317.9541060883,11317.9541060883,0
3,A113,1,0,0,14603.311197188,9603.31119718795,0
3,A113,1,0,1,18979.930706813,13979.930706813,0
3,A113,1,1,-1,19089.1510208312,14089.1510208312,0
3,A113,1,1,0,17645.8708600514,12645.8708600514,0
3,A113,1,1,1,21409.293078547,16409.293078547,0
3,A114,-1,-1,-1,14296.7315218827,9296.73152188274,0
3,A114,-1,-1,0,10611.0914439044,5611.09144390439,0
3,A114,-1,-1,1,14859.1383011602,9859.13830116022,0
3,A114,-1,0,-1,14251.869000182,9251.86900018201,0
3,A114,-1,0,0,10550.5686775858,5550.5686775858,0
3,A114,-1,0,1,14815.9788351145,9815.97883511447,0
3,A114,-1,1,-1,20045.8227016978,15045.8227016978,0
3,A114,-1,1,0,17607.7749079777,12607.7749079777,0
3,A114,-1,1,1,20450.732667367,15450.732667367,0
3,A114,0,-1,-1,10866.5557003285,5866.55570032846,0
3,A114,0,-1,0,5126.47658830572,126.476588305723,0
3,A114,0,-1,1,11596.529292532,6596.52929253198,0
3,A114,0,0,-1,10807.4636514723,5807.46365147228,0
3,A114,0,0,0,5000.00000000001,8.18545231595635e-12,1
3,A114,0,0,1,11541.1753917054,6541.17539170537,0
3,A114,0,1,-1,17762.8969587578,12762.8969587578,0
3,A114,0,1,0,14957.2469990153,9957.24699901534,0
3,A114,0,1,1,18218.6159521424,13218.6159521424,0
3,A114,1,-1,-1,15223.9132081041,10223.9132081041,0
3,A114,1,-1,0,11830.7338229711,6830.7338229711,0
3,A114,1,-1,1,15753.2533850027,10753.2533850027,0
3,A114,1,0,-1,15181.7907757102,10181.7907757102,0
3,A114,1,0,0,11776.4808232148,6776.48082321479,0
3,A114,1,0,1,15712.5500795272,10712.5500795272,0
3,A114,1,1,-1,20717.2876831644,15717.2876831644,0
3,A114,1,1,0,18368.5801946993,13368.5801946993,0
3,A114,1,1,1,21109.3218221525,16109.3218221525,0
3,A115,-1,-1,-1,13992.7212466696,8992.72124666956,0
3,A115,-1,-1,0,9392.86104918924,4392.86104918924,0
3,A115,-1,-1,1,13440.812084534,8440.81208453399,0
3,A115,-1,0,-1,13466.4707957976,8466.47079579756,0
3,A115,-1,0,0,8589.26227894148,3589.26227894148,0
3,A115,-1,0,1,12892.0524858855,7892.05248588547,0
3,A115,-1,1,-1,19154.5144418004,14154.5144418004,0
3,A115,-1,1,0,16103.5714766482,11103.5714766482,0
3,A115,-1,1,1,18755.1221031988,13755.1221031988,0
3,A115,0,-1,-1,12125.2142822529,7125.21428225294,0
3,A115,0,-1,0,6280.95631197427,1280.95631197427,0
3,A115,0,-1,1,11483.9019063778,6483.90190637782,0
3,A115,0,0,-1,11513.9224071392,6513.92240713917,0
3,A115,0,0,0,5000,4.54747350886464e-12,1
3,A115,0,0,1,10836.493473554,5836.49347355401,0
3,A115,0,1,-1,17835.9187317248,12835.9187317248,0
3,A115,0,1,0,14510.3269366018,9510.32693660176,0
3,A115,0,1,1,17406.2970964375,12406.2970964375,0
3,A115,1,-1,-1,17269.7827112591,12269.7827112591,0
3,A115,1,-1,0,13808.5113497611,8808.51134976115,0
3,A115,1,-1,1,16825.7117679717,11825.7117679717,0
3,A115,1,0,-1,16846.2156789344,11846.2156789344,0
3,A115,1,0,0,13274.960395555,8274.96039555497,0
3,A115,1,0,1,16390.6730888616,11390.6730888616,0
3,A115,1,1,-1,21664.3617609254,16664.3617609254,0
3,A115,1,1,0,19020.3617555141,14020.3617555141,0
3,A115,1,1,1,21312.0564965703,16312.0564965703,0
3,A116,-1,-1,-1,16050.3105823457,11050.3105823457,0
3,A116,-1,-1,0,11494.4824822737,6494.48248227366,0
3,A116,-1,-1,1,14374.762094756,9374.76209475598,0
3,A116,-1,0,-1,12404.2358821642,7404.23588216425,0
3,A116,-1,0,0,5326.88704272094,326.887042720939,0
3,A116,-1,0,1,10143.2925281412,5143.29252814122,0
3,A116,-1,1,-1,15815.1087840389,10815.1087840389,0
3,A116,-1,1,0,11163.7056391021,6163.70563910212,0
3,A116,-1,1,1,14111.6611829387,9111.66118293866,0
3,A116,0,-1,-1,15944.8030475089,10944.8030475089,0
3,A116,0,-1,0,11346.6912344255,6346.69123442547,0
3,A116,0,-1,1,14256.8600931245,9256.86009312447,0
3,A116,0,0,-1,12267.4097614151,7267.40976141511,0
3,A116,0,0,0,5000,-2.72848410531878e-12,1
3,A116,0,0,1,9975.50288183694,4975.50288183694,0
3,A116,0,1,-1,15708.0215267574,10708.0215267574,0
3,A116,0,1,0,11011.4757426338,6011.47574263378,0
3,A116,0,1,1,13991.5422944059,8991.54229440591,0
3,A116,1,-1,-1,21233.4881415641,16233.4881415641,0
3,A116,1,-1,0,18038.0618804649,13038.0618804649,0
3,A116,1,-1,1,19997.0581373615,14997.0581373615,0
3,A116,1,0,-1,18630.9853923123,13630.9853923123,0
3,A116,1,0,0,14887.0505619512,9887.05056195121,0
3,A116,1,0,1,17208.5714741122,12208.5714741122,0
3,A116,1,1,-1,21056.2630758444,16056.2630758444,0
3,A116,1,1,0,17829.1018412231,12829.1018412231,0
3,A116,1,1,1,19808.7740713614,14808.7740713614,0
3,A117,-1,-1,-1,17798.5946670332,12798.5946670332,0
3,A117,-1,-1,0,12430.0133941418,7430.01339414185,0
3,A117,-1,-1,1,13864.3605635366,8864.36056353664,0
3,A117,-1,0,-1,14470.6666587185,9470.66665871851,0
3,A117,-1,0,0,6864.06981352549,1864.06981352549,0
3,A117,-1,0,1,9210.35912775154,4210.35912775154,0
3,A117,-1,1,-1,17378.4468516077,12378.4468516077,0
3,A117,-1,1,0,11820.5615700506,6820.56157005063,0
3,A117,-1,1,1,13320.6958034692,8320.69580346921,0
3,A117,0,-1,-1,17166.0862667176,12166.0862667176,0
3,A117,0,-1,0,11506.0757243117,6506.07572431165,0
3,A117,0,-1,1,13042.4322666747,8042.43226667473,0
3,A117,0,0,-1,13685.2014651884,8685.20146518844,0
3,A117,0,0,0,5000,1.81898940354586e-12,1
3,A117,0,0,1,7919.29674006501,2919.29674006501,0
3,A117,0,1,-1,16730.0615829471,11730.0615829471,0
3,A117,0,1,0,10844.8246378817,5844.82463788171,0
3,A117,0,1,1,12462.9644259947,7462.96442599474,0
3,A117,1,-1,-1,21738.4236620652,16738.4236620652,0
3,A117,1,-1,0,17614.6054218833,12614.6054218833,0
3,A117,1,-1,1,18654.4789534805,13654.4789534805,0
3,A117,1,0,-1,19109.4030450416,14109.4030450416,0
3,A117,1,0,0,14243.7546172015,9243.75461720147,0
3,A117,1,0,1,15511.2799746588,10511.2799746588,0
3,A117,1,1,-1,21395.7824387016,16395.7824387016,0
3,A117,1,1,0,17189.9612280381,12189.9612280381,0
3,A117,1,1,1,18254.0414122095,13254.0414122095,0
3,A118,-1,-1,-1,12753.1101663314,7753.11016633143,0
3,A118,-1,-1,0,9809.3178580464,4809.3178580464,0
3,A118,-1,-1,1,15159.274875989,10159.274875989,0
3,A118,-1,0,-1,11595.5044706754,6595.50447067538,0
3,A118,-1,0,0,8248.43147847243,3248.43147847243,0
3,A118,-1,0,1,14199.2084209176,9199.20842091759,0
3,A118,-1,1,-1,17500.5608179944,12500.5608179944,0
3,A118,-1,1,0,15487.1084089291,10487.1084089291,0
3,A118,-1,1,1,19324.3738526123,14324.3738526123,0
3,A118,0,-1,-1,10861.4313782387,5861.43137823873,0
3,A118,0,-1,0,7179.94355895582,2179.94355895582,0
3,A118,0,-1,1,13606.3399720642,8606.33997206425,0
3,A118,0,0,-1,9475.47342347894,4475.47342347894,0
3,A118,0,0,0,4833.7867686378,-166.213231362195,0
3,A118,0,0,1,12527.8247293878,7527.82472938778,0
3,A118,0,1,-1,16174.006974585,11174.006974585,0
3,A118,0,1,0,13970.6621009716,8970.66210097162,0
3,A118,0,1,1,18131.7483289706,13131.7483289706,0
3,A118,1,-1,-1,16531.7743831021,11531.7743831021,0
3,A118,1,-1,0,14383.3397435851,9383.33974358508,0
3,A118,1,-1,1,18451.5950558481,13451.5950558481,0
3,A118,1,0,-1,15656.1000657462,10656.1000657462,0
3,A118,1,0,0,13367.6612462413,8367.66124624128,0
3,A118,1,0,1,17671.311924129,12671.311924129,0
3,A118,1,1,-1,20418.7995309109,15418.7995309109,0
3,A118,1,1,0,18721.8661518858,13721.8661518858,0
3,A118,1,1,1,22002.0265006369,17002.0265006369,0
3,A119,-1,-1,-1,12977.1590898755,7977.15908987551,0
3,A119,-1,-1,0,9284.3319017254,4284.3319017254,0
3,A119,-1,-1,1,14282.5410791936,9282.54107919364,0
3,A119,-1,0,-1,11951.3566404601,6951.35664046011,0
3,A119,-1,0,0,7786.33972832728,2786.33972832728,0
3,A119,-1,0,1,13357.3667757678,8357.36677576779,0
3,A119,-1,1,-1,17811.8834784815,12811.8834784815,0
3,A119,-1,1,0,15331.5150545685,10331.5150545685,0
3,A119,-1,1,1,18784.2358025531,13784.2358025531,0
3,A119,0,-1,-1,11523.0018519052,6523.00185190521,0
3,A119,0,-1,0,7111.38049161121,2111.38049161121,0
3,A119,0,-1,1,12975.5112929675,7975.51129296746,0
3,A119,0,0,-1,10354.1218450694,5354.12184506936,0
3,A119,0,0,0,5000,4.54747350886464e-12,1
3,A119,0,0,1,11949.5673903894,6949.56739038939,0
3,A119,0,1,-1,16782.0173604389,11782.0173604389,0
3,A119,0,1,0,14121.9073606766,9121.90736067659,0
3,A119,0,1,1,17810.6829830018,12810.6829830018,0
3,A119,1,-1,-1,17238.1114195866,12238.1114195866,0
3,A119,1,-1,0,14660.9906258595,9660.99062585953,0
3,A119,1,-1,1,18241.0747202296,13241.0747202296,0
3,A119,1,0,-1,16479.7073037604,11479.7073037604,0
3,A119,1,0,0,13761.2831391216,8761.2831391216,0
3,A119,1,0,1,17526.1254831902,12526.1254831902,0
3,A119,1,1,-1,21118.9256431559,16118.9256431559,0
3,A119,1,1,0,19073.5728467061,14073.5728467061,0
3,A119,1,1,1,21945.235062675,16945.235062675,0
3,A120,-1,-1,-1,13246.1598153822,8246.15981538221,0
3,A120,-1,-1,0,11509.5358406594,6509.53584065939,0
3,A120,-1,-1,1,17014.0553860683,12014.0553860683,0
3,A120,-1,0,-1,9305.38450698309,4305.38450698309,0
3,A120,-1,0,0,6602.94224081791,1602.94224081791,0
3,A120,-1,0,1,14163.598118005,9163.59811800497,0
3,A120,-1,1,-1,14061.2805885864,9061.28058858635,0
3,A120,-1,1,0,12438.9821610826,7438.98216108263,0
3,A120,-1,1,1,17656.0738165796,12656.0738165796,0
3,A120,0,-1,-1,12524.452228304,7524.452228304,0
3,A120,0,-1,0,10671.0153702375,5671.01537023753,0
3,A120,0,-1,1,16458.4092318979,11458.4092318979,0
3,A120,0,0,-1,8245.68581666943,3245.68581666943,0
3,A120,0,0,0,5000,-4.54747350886464e-12,1
3,A120,0,0,1,13491.0587209743,8491.05872097429,0
3,A120,0,1,-1,13383.6006199893,8383.60061998929,0
3,A120,0,1,0,11667.45177698,6667.45177698003,0
3,A120,0,1,1,17121.2761317879,12121.2761317879,0
3,A120,1,-1,-1,18391.9291370832,13391.9291370832,0
3,A120,1,-1,0,17183.4723730761,12183.4723730761,0
3,A120,1,-1,1,21266.884779136,16266.884779136,0
3,A120,1,0,-1,15792.16541047,10792.16541047,0
3,A120,1,0,0,14366.6681511206,9366.66815112058,0
3,A120,1,0,1,19063.3108136336,14063.3108136336,0
3,A120,1,1,-1,18987.4147613571,13987.4147613571,0
3,A120,1,1,0,17819.3878888299,12819.3878888299,0
3,A120,1,1,1,21783.9218265526,16783.9218265526,0
3,A121,-1,-1,-1,19628.3580642403,14628.3580642403,0
3,A121,-1,-1,0,15533.2202939276,10533.2202939276,0
3,A121,-1,-1,1,17242.0829687524,12242.0829687524,0
3,A121,-1,0,-1,15350.9700058947,10350.9700058947,0
3,A121,-1,0,0,9573.96326102915,4573.96326102915,0
3,A121,-1,0,1,12151.9243301295,7151.92433012952,0
3,A121,-1,1,-1,16912.4841447296,11912.4841447296,0
3,A121,-1,1,0,11918.0792222315,6918.07922223153,0
3,A121,-1,1,1,14072.9920325794,9072.99203257945,0
3,A121,0,-1,-1,17482.6357915243,12482.6357915243,0
3,A121,0,-1,0,12714.2064880489,7714.20648804894,0
3,A121,0,-1,1,14753.2890916705,9753.28909167049,0
3,A121,0,0,-1,12490.8924438144,7490.89244381437,0
3,A121,0,0,0,3468.55682447278,-1531.44317552722,0
3,A121,0,0,1,8248.59859892906,3248.59859892906,0
3,A121,0,1,-1,14366.7057416372,9366.70574163715,0
3,A121,0,1,0,7900.04596622372,2900.04596622372,0
3,A121,0,1,1,10882.0594866094,5882.05948660939,0
3,A121,1,-1,-1,20640.0743249667,15640.0743249667,0
3,A121,1,-1,0,16793.4856578915,11793.4856578915,0
3,A121,1,-1,1,18385.5827469097,13385.5827469097,0
3,A121,1,0,-1,16625.0566303998,11625.0566303998,0
3,A121,1,0,0,11506.563360346,6506.56336034602,0
3,A121,1,0,1,13726.2337429943,8726.2337429943,0
3,A121,1,1,-1,18076.8456260447,13076.8456260447,0
3,A121,1,1,0,13519.64645209,8519.64645208995,0
3,A121,1,1,1,15452.8098607071,10452.8098607071,0
3,A122,-1,-1,-1,14444.0859203008,9444.08592030085,0
3,A122,-1,-1,0,10074.8827088175,5074.88270881755,0
3,A122,-1,-1,1,13941.8400908857,8941.84009088572,0
3,A122,-1,0,-1,11674.5790043427,6674.57900434267,0
3,A122,-1,0,0,5400.68870164132,400.688701641318,0
3,A122,-1,0,1,11047.1300334265,6047.1300334265,0
3,A122,-1,1,-1,16246.8449793874,11246.8449793874,0
3,A122,-1,1,0,12523.2430028185,7523.24300281846,0
3,A122,-1,1,1,15802.0017349398,10802.0017349398,0
3,A122,0,-1,-1,14299.0971610447,9299.09716104472,0
3,A122,0,-1,0,9865.89190820549,4865.89190820549,0
3,A122,0,-1,1,13791.572305861,8791.572305861,0
3,A122,0,0,-1,11494.7099344265,6494.70993442646,0
3,A122,0,0,0,5000,1.81898940354586e-12,1
3,A122,0,0,1,10856.8707979508,5856.87079795084,0
3,A122,0,1,-1,16118.0809444613,11118.0809444613,0
3,A122,0,1,0,12355.7345736951,7355.73457369514,0
3,A122,0,1,1,15669.5826485265,10669.5826485265,0
3,A122,1,-1,-1,20007.4171538697,15007.4171538697,0
3,A122,1,-1,0,17122.1606315429,12122.1606315429,0
3,A122,1,-1,1,19647.9013692495,14647.9013692495,0
3,A122,1,0,-1,18109.6912735852,13109.6912735852,0
3,A122,1,0,0,14860.4361156718,9860.43611567184,0
3,A122,1,0,1,17711.6968433677,12711.6968433677,0
3,A122,1,1,-1,21345.3764286361,16345.3764286361,0
3,A122,1,1,0,18668.0673451638,13668.0673451638,0
3,A122,1,1,1,21008.7691673493,16008.7691673493,0
3,A123,-1,-1,-1,19015.5033731349,14015.5033731349,0
3,A123,-1,-1,0,15062.7264858759,10062.7264858759,0
3,A123,-1,-1,1,17093.3346612915,12093.3346612915,0
3,A123,-1,0,-1,15426.6528863643,10426.6528863643,0
3,A123,-1,0,0,10162.5774255832,5162.57742558325,0
3,A123,-1,0,1,12983.6181623451,7983.6181623451,0
3,A123,-1,1,-1,17730.5913612332,12730.5913612332,0
3,A123,-1,1,0,13404.1124537823,8404.11245378231,0
3,A123,-1,1,1,15651.4086052421,10651.4086052421,0
3,A123,0,-1,-1,16208.6010615292,11208.6010615292,0
3,A123,0,-1,0,11314.3762102208,6314.37621022079,0
3,A123,0,-1,1,13903.6495094279,8903.64950942786,0
3,A123,0,0,-1,11794.5325941503,6794.53259415033,0
3,A123,0,0,0,2099.37127947342,-2900.62872052658,0
3,A123,0,0,1,8348.87539873972,3348.87539873972,0
3,A123,0,1,-1,14680.0289460594,9680.02894605942,0
3,A123,0,1,0,8988.86035667179,3988.86035667179,0
3,A123,0,1,1,12087.0166363065,7087.01663630646,0
3,A123,1,-1,-1,19074.8034907286,14074.8034907286,0
3,A123,1,-1,0,15137.5192440675,10137.5192440675,0
3,A123,1,-1,1,17159.2788169875,12159.2788169875,0
3,A123,1,0,-1,15499.6896405244,10499.6896405244,0
3,A123,1,0,0,10273.1075925049,5273.10759250488,0
3,A123,1,0,1,13070.3137017359,8070.31370173589,0
3,A123,1,1,-1,17794.1740380172,12794.1740380172,0
3,A123,1,1,0,13488.1055137424,8488.10551374244,0
3,A123,1,1,1,15723.4013815222,10723.4013815222,0
3,A124,-1,-1,-1,14653.3477758094,9653.3477758094,0
3,A124,-1,-1,0,11533.6380658965,6533.63806589649,0
3,A124,-1,-1,1,15853.3596764653,10853.3596764653,0
3,A124,-1,0,-1,11134.7748176867,6134.77481768673,0
3,A124,-1,0,0,6502.87753512772,1502.87753512772,0
3,A124,-1,0,1,12672.4749845145,7672.47498451455,0
3,A124,-1,1,-1,15272.3874833754,10272.3874833754,0
3,A124,-1,1,0,12310.5656018983,7310.56560189827,0
3,A124,-1,1,1,16427.2405301353,11427.2405301353,0
3,A124,0,-1,-1,13648.8512129398,8648.8512129398,0
3,A124,0,-1,0,10227.186584259,5227.18658425895,0
3,A124,0,-1,1,14929.8208772083,9929.82087720829,0
3,A124,0,0,-1,9775.15977540727,4775.15977540727,0
3,A124,0,0,0,3722.62738277933,-1277.37261722067,0
3,A124,0,0,1,11496.180262474,6496.180262474,0
3,A124,0,1,-1,14311.4065638746,9311.40656387458,0
3,A124,0,1,0,11095.9706124697,6095.97061246968,0
3,A124,0,1,1,15537.849588314,10537.849588314,0
3,A124,1,-1,-1,18917.2322982808,13917.2322982808,0
3,A124,1,-1,0,16618.2394922987,11618.2394922987,0
3,A124,1,-1,1,19861.271102819,14861.271102819,0
3,A124,1,0,-1,16343.93731721,11343.93731721,0
3,A124,1,0,0,13617.2131152144,8617.21311521444,0
3,A124,1,0,1,17427.9287071484,12427.9287071484,0
3,A124,1,1,-1,19400.6931894369,14400.6931894369,0
3,A124,1,1,0,17166.5693202498,12166.5693202498,0
3,A124,1,1,1,20322.2859989524,15322.2859989524,0
3,A125,-1,-1,-1,15022.8713347103,10022.8713347103,0
3,A125,-1,-1,0,10717.060579132,5717.06057913203,0
3,A125,-1,-1,1,14283.7009130796,9283.7009130796,0
3,A125,-1,0,-1,11707.8575459335,6707.85754593351,0
3,A125,-1,0,0,5122.75830323837,122.758303238369,0
3,A125,-1,0,1,10742.9687214905,5742.96872149049,0
3,A125,-1,1,-1,15762.6518547002,10762.6518547002,0
3,A125,-1,1,0,11731.5778056496,6731.57780564957,0
3,A125,-1,1,1,15059.8353951009,10059.8353951009,0
3,A125,0,-1,-1,14981.4555536457,9981.45555364574,0
3,A125,0,-1,0,10658.9274705942,5658.92747059422,0
3,A125,0,-1,1,14240.1355028986,9240.13550289861,0
3,A125,0,0,-1,11654.6675492043,6654.66754920425,0
3,A125,0,0,0,5000,3.63797880709171e-12,1
3,A125,0,0,1,10684.9765707523,5684.97657075229,0
3,A125,0,1,-1,15723.1848192116,10723.1848192116,0
3,A125,0,1,0,11678.4958439266,6678.49584392665,0
3,A125,0,1,1,15018.521548213,10018.521548213,0
3,A125,1,-1,-1,20571.8583961796,15571.8583961796,0
3,A125,1,-1,0,17673.9945170861,12673.9945170861,0
3,A125,1,-1,1,20038.4332348494,15038.4332348494,0
3,A125,1,0,-1,18291.7638036652,13291.7638036652,0
3,A125,1,0,0,14958.5208950151,9958.52089501507,0
3,A125,1,0,1,17689.7165518311,12689.7165518311,0
3,A125,1,1,-1,21118.141211425,16118.141211425,0
3,A125,1,1,0,18306.9553051078,13306.9553051078,0
3,A125,1,1,1,20598.8673683953,15598.8673683953,0
3,A126,-1,-1,-1,14453.279345937,9453.27934593695,0
3,A126,-1,-1,0,9808.21701145273,4808.21701145273,0
3,A126,-1,-1,1,13546.4001873492,8546.40018734918,0
3,A126,-1,0,-1,12062.7422087204,7062.74220872036,0
3,A126,-1,0,0,5728.3144716493,728.314471649303,0
3,A126,-1,0,1,10959.8094772751,5959.80947727514,0
3,A126,-1,1,-1,16796.494138254,11796.494138254,0
3,A126,-1,1,0,13016.3763171039,8016.37631710388,0
3,A126,-1,1,1,16022.7928127566,11022.7928127566,0
3,A126,0,-1,-1,14180.3983429797,9180.39834297968,0
3,A126,0,-1,0,9401.4644740936,4401.4644740936,0
3,A126,0,-1,1,13254.8621776957,8254.86217769567,0
3,A126,0,0,-1,11734.4008329329,6734.40083293292,0
3,A126,0,0,0,5000,4.54747350886464e-12,1
3,A126,0,0,1,10597.3504750982,5597.35047509816,0
3,A126,0,1,-1,16562.2652028729,11562.2652028729,0
3,A126,0,1,0,12712.6891625004,7712.68916250044,0
3,A126,0,1,1,15777.0815689854,10777.0815689854,0
3,A126,1,-1,-1,19831.0390670654,14831.0390670654,0
3,A126,1,-1,0,16750.3417150677,11750.3417150677,0
3,A126,1,-1,1,19180.1403713216,14180.1403713216,0
3,A126,1,0,-1,18162.6698539017,13162.6698539017,0
3,A126,1,0,0,14737.2457845383,9737.24578453835,0
3,A126,1,0,1,17449.6490052366,12449.6490052366,0
3,A126,1,1,-1,21598.4962894222,16598.4962894222,0
3,A126,1,1,0,18809.5422340962,13809.5422340962,0
3,A126,1,1,1,21002.445480189,16002.445480189,0
3,A127,-1,-1,-1,15525.563002227,10525.563002227,0
3,A127,-1,-1,0,12650.4281295191,7650.42812951908,0
3,A127,-1,-1,1,16703.9982394675,11703.9982394675,0
3,A127,-1,0,-1,13441.0174621574,8441.01746215737,0
3,A127,-1,0,0,9982.54355072021,4982.54355072021,0
3,A127,-1,0,1,14786.5276879338,9786.52768793377,0
3,A127,-1,1,-1,17896.3346610393,12896.3346610393,0
3,A127,-1,1,0,15468.3231031655,10468.3231031655,0
3,A127,-1,1,1,18927.737449255,13927.737449255,0
3,A127,0,-1,-1,12094.8815767985,7094.88157679845,0
3,A127,0,-1,0,8079.380278263,3079.380278263,0
3,A127,0,-1,1,13574.4838209337,8574.48382093372,0
3,A127,0,0,-1,9268.44130577935,4268.44130577935,0
3,A127,0,0,0,2212.29056922531,-2787.70943077469,0
3,A127,0,0,1,11130.3393877586,6130.33938775856,0
3,A127,0,1,-1,15017.3848629039,10017.3848629039,0
3,A127,0,1,0,12021.3174587722,7021.31745877221,0
3,A127,0,1,1,16232.7538873904,11232.7538873904,0
3,A127,1,-1,-1,15859.6725747235,10859.6725747235,0
3,A127,1,-1,0,13058.3092129664,8058.30921296638,0
3,A127,1,-1,1,17014.9835387945,12014.9835387945,0
3,A127,1,0,-1,13825.5943112524,8825.59431125239,0
3,A127,1,0,0,10494.6311694762,5494.63116947617,0
3,A127,1,0,1,15136.9583704041,10136.9583704041,0
3,A127,1,1,-1,18186.9431719911,13186.9431719911,0
3,A127,1,1,0,15803.6428479398,10803.6428479398,0
3,A127,1,1,1,19202.7433610212,14202.7433610212,0
3,A128,-1,-1,-1,15670.4088858615,10670.4088858615,0
3,A128,-1,-1,0,15281.2327054014,10281.2327054014,0
3,A128,-1,-1,1,20529.7450384356,15529.7450384356,0
3,A128,-1,0,-1,10388.8771855562,5388.87718555618,0
3,A128,-1,0,0,9791.99303120216,4791.99303120216,0
3,A128,-1,0,1,16847.4771366414,11847.4771366414,0
3,A128,-1,1,-1,13049.7442006751,8049.74420067507,0
3,A128,-1,1,0,12579.7528612288,7579.75286122881,0
3,A128,-1,1,1,18606.5725053309,13606.5725053309,0
3,A128,0,-1,-1,13216.6027074652,8216.60270746516,0
3,A128,0,-1,0,12752.7622683683,7752.76226836826,0
3,A128,0,-1,1,18723.9767095577,13723.9767095577,0
3,A128,0,0,-1,6086.51309482352,1086.51309482352,0
3,A128,0,0,0,5000,0,1
3,A128,0,0,1,14592.9557782699,9592.95577826993,0
3,A128,0,1,-1,9970.59156619811,4970.59156619811,0
3,A128,0,1,0,9347.03453114852,4347.03453114852,0
3,A128,0,1,1,16592.8120845451,11592.8120845451,0
3,A128,1,-1,-1,17429.7291890569,12429.7291890569,0
3,A128,1,-1,0,17080.6855234328,12080.6855234328,0
3,A128,1,-1,1,21902.1500382256,16902.1500382256,0
3,A128,1,0,-1,12890.4039552819,7890.40395528187,0
3,A128,1,0,0,12414.3816792013,7414.38167920128,0
3,A128,1,0,1,18495.16776954,13495.16776954,0
3,A128,1,1,-1,15117.194470431,10117.194470431,0
3,A128,1,1,0,14713.3927767654,9713.39277676536,0
3,A128,1,1,1,20110.6510424181,15110.6510424181,0
3,A129,-1,-1,-1,17886.1330650718,12886.1330650718,0
3,A129,-1,-1,0,14426.926657944,9426.926657944,0
3,A129,-1,-1,1,17215.0710008973,12215.0710008973,0
3,A129,-1,0,-1,14556.8499028284,9556.84990282836,0
3,A129,-1,0,0,10006.2148620602,5006.21486206024,0
3,A129,-1,0,1,13723.9496005325,8723.9496005325,0
3,A129,-1,1,-1,17432.4410845267,12432.4410845267,0
3,A129,-1,1,0,13860.4638788799,8860.46387887992,0
3,A129,-1,1,1,16743.205060859,11743.205060859,0
3,A129,0,-1,-1,14842.4067846704,9842.40678467041,0
3,A129,0,-1,0,10417.2691207375,5417.2691207375,0
3,A129,0,-1,1,14026.473281125,9026.47328112495,0
3,A129,0,0,-1,10596.4693286797,5596.46932867972,0
3,A129,0,0,0,712.473863303729,-4287.52613669627,0
3,A129,0,0,1,9419.66431345257,4419.66431345257,0
3,A129,0,1,-1,14292.4205544642,9292.42055446416,0
3,A129,0,1,0,9617.47066945934,4617.47066945934,0
3,A129,0,1,1,13443.1469102347,8443.14691023466,0
3,A129,1,-1,-1,17907.5493103274,12907.5493103274,0
3,A129,1,-1,0,14453.4694476464,9453.46944764637,0
3,A129,1,-1,1,17237.3210170922,12237.3210170922,0
3,A129,1,0,-1,14583.1562212652,9583.15622126519,0
3,A129,1,0,0,10044.4463334754,5044.44633347537,0
3,A129,1,0,1,13751.849290852,8751.84929085204,0
3,A129,1,1,-1,17454.4140103827,12454.4140103827,0
3,A129,1,1,0,13888.0893292809,8888.08932928092,0
3,A129,1,1,1,16766.0812949934,11766.0812949934,0
3,A130,-1,-1,-1,19088.9572623253,14088.9572623253,0
3,A130,-1,-1,0,15106.8532073819,10106.8532073819,0
3,A130,-1,-1,1,17089.3457538869,12089.3457538869,0
3,A130,-1,0,-1,15484.9008803344,10484.9008803344,0
3,A130,-1,0,0,10178.9429579051,5178.94295790507,0
3,A130,-1,0,1,12939.8456021233,7939.8456021233,0
3,A130,-1,1,-1,17753.1974918514,12753.1974918514,0
3,A130,-1,1,0,13379.2655123958,8379.26551239582,0
3,A130,-1,1,1,15583.1149042061,10583.1149042061,0
3,A130,0,-1,-1,16296.1784262994,11296.1784262994,0
3,A130,0,-1,0,11375.1551975474,6375.15519754737,0
3,A130,0,-1,1,13900.4633100769,8900.46331007688,0
3,A130,0,0,-1,11872.6280668049,6872.62806680489,0
3,A130,0,0,0,2188.15485722285,-2811.84514277715,0
3,A130,0,0,1,8283.52256867165,3283.52256867165,0
3,A130,0,1,-1,14708.9484030498,9708.94840304984,0
3,A130,0,1,0,8954.43396257334,3954.43396257334,0
3,A130,0,1,1,12000.4421608786,7000.44216087856,0
3,A130,1,-1,-1,19150.5240983292,14150.5240983292,0
3,A130,1,-1,0,15184.5743340797,10184.5743340797,0
3,A130,1,-1,1,17158.0891177805,12158.0891177805,0
3,A130,1,0,-1,15560.7338885923,10560.7338885923,0
3,A130,1,0,0,10293.9381977011,5293.93819770115,0
3,A130,1,0,1,13030.4983820495,8030.49838204953,0
3,A130,1,1,-1,17819.3800414741,12819.3800414741,0
3,A130,1,1,0,13466.9606641213,8466.96066412128,0
3,A130,1,1,1,15658.472275273,10658.472275273,0
3,A131,-1,-1,-1,18341.3139432108,13341.3139432108,0
3,A131,-1,-1,0,13501.8264890115,8501.82648901149,0
3,A131,-1,-1,1,15106.1192870745,10106.1192870745,0
3,A131,-1,0,-1,14221.5239945699,9221.52399456988,0
3,A131,-1,0,0,6938.82310655633,1938.82310655633,0
3,A131,-1,0,1,9697.56605958593,4697.56605958593,0
3,A131,-1,1,-1,16373.7500986437,11373.7500986437,0
3,A131,-1,1,0,10676.8541091835,5676.85410918346,0
3,A131,-1,1,1,12644.7908264526,7644.79082645263,0
3,A131,0,-1,-1,17699.0545244468,12699.0545244468,0
3,A131,0,-1,0,12615.5480433984,7615.54804339837,0
3,A131,0,-1,1,14319.4823164542,9319.48231645423,0
3,A131,0,0,-1,13382.9921401773,8382.99214017729,0
3,A131,0,0,0,5000,2.72848410531878e-12,1
3,A131,0,0,1,8419.94782501371,3419.94782501371,0
3,A131,0,1,-1,15650.9560790629,10650.9560790629,0
3,A131,0,1,0,9531.41896910988,4531.41896910988,0
3,A131,0,1,1,11693.7363122597,6693.73631225968,0
3,A131,1,-1,-1,22138.4115273716,17138.4115273716,0
3,A131,1,-1,0,18330.4333372458,13330.4333372458,0
3,A131,1,-1,1,19542.2697685598,14542.2697685598,0
3,A131,1,0,-1,18866.8283640883,13866.8283640883,0
3,A131,1,0,0,14207.4886554915,9207.48865549151,0
3,A131,1,0,1,15740.0208154841,10740.0208154841,0
3,A131,1,1,-1,20537.8957073181,15537.8957073181,0
3,A131,1,1,0,16361.5610948536,11361.5610948536,0
3,A131,1,1,1,17708.6476851447,12708.6476851447,0
3,A132,-1,-1,-1,19963.5185575742,14963.5185575742,0
3,A132,-1,-1,0,15262.2209668692,10262.2209668692,0
3,A132,-1,-1,1,16350.1897384855,11350.1897384855,0
3,A132,-1,0,-1,15898.7005559769,10898.7005559769,0
3,A132,-1,0,0,9336.05885861662,4336.05885861662,0
3,A132,-1,0,1,11025.2124992894,6025.21249928939,0
3,A132,-1,1,-1,17521.2809331576,12521.2809331576,0
3,A132,-1,1,0,11890.6938898268,6890.6938898268,0
3,A132,-1,1,1,13258.2772947505,8258.27729475054,0
3,A132,0,-1,-1,18161.0923898423,13161.0923898423,0
3,A132,0,-1,0,12814.7802335944,7814.7802335944,0
3,A132,0,-1,1,14092.9737131045,9092.97371310451,0
3,A132,0,0,-1,13566.572262823,8566.57226282303,0
3,A132,0,0,0,4294.78737603298,-705.21262396702,0
3,A132,0,0,1,7269.01054121298,2269.01054121298,0
3,A132,0,1,-1,15436.2718663675,10436.2718663675,0
3,A132,0,1,0,8524.77593695827,3524.77593695827,0
3,A132,0,1,1,10347.2276682344,5347.22766823442,0
3,A132,1,-1,-1,21473.4366226314,16473.4366226314,0
3,A132,1,-1,0,17190.1656777676,12190.1656777676,0
3,A132,1,-1,1,18163.0149389366,13163.0149389366,0
3,A132,1,0,-1,17757.6768344335,12757.6768344335,0
3,A132,1,0,0,12236.3557564788,7236.35575647875,0
3,A132,1,0,1,13569.1458036991,8569.14580369906,0
3,A132,1,1,-1,19223.9874304523,14223.9874304523,0
3,A132,1,1,0,14281.2817481177,9281.28174811775,0
3,A132,1,1,1,15438.5337390587,10438.5337390587,0
3,A133,-1,-1,-1,14342.4872818933,9342.48728189328,0
3,A133,-1,-1,0,11312.3606292965,6312.36062929654,0
3,A133,-1,-1,1,15818.7251250929,10818.7251250929,0
3,A133,-1,0,-1,11198.9636249928,6198.96362499278,0
3,A133,-1,0,0,6905.0233779401,1905.0233779401,0
3,A133,-1,0,1,13036.1769482424,8036.17694824243,0
3,A133,-1,1,-1,15656.5204025847,10656.5204025847,0
3,A133,-1,1,0,12937.8975375654,7937.89753756537,0
3,A133,-1,1,1,17019.1584477179,12019.1584477179,0
3,A133,0,-1,-1,13070.783626462,8070.78362646201,0
3,A133,0,-1,0,9649.2458868958,4649.2458868958,0
3,A133,0,-1,1,14675.5070700049,9675.50707000489,0
3,A133,0,0,-1,9516.05114805655,4516.05114805655,0
3,A133,0,0,0,3580.19427244057,-1419.80572755943,0
3,A133,0,0,1,11622.4073497879,6622.40734978792,0
3,A133,0,1,-1,14500.5197939615,9500.5197939615,0
3,A133,0,1,0,11512.0647961631,6512.06479616307,0
3,A133,0,1,1,15962.1488981605,10962.1488981605,0
3,A133,1,-1,-1,18329.8616412755,13329.8616412755,0
3,A133,1,-1,0,16070.0463398303,11070.0463398303,0
3,A133,1,-1,1,19506.6386376608,14506.6386376608,0
3,A133,1,0,-1,15990.424404341,10990.424404341,0
3,A133,1,0,0,13340.0237708534,8340.02377085338,0
3,A133,1,0,1,17326.8230147053,12326.8230147053,0
3,A133,1,1,-1,19375.3327061392,14375.3327061392,0
3,A133,1,1,0,17253.0020300693,12253.0020300693,0
3,A133,1,1,1,20492.1604674949,15492.1604674949,0
3,A134,-1,-1,-1,17046.8563815696,12046.8563815696,0
3,A134,-1,-1,0,13174.946260872,8174.94626087196,0
3,A134,-1,-1,1,16017.5873794984,11017.5873794984,0
3,A134,-1,0,-1,13266.051128317,8266.05112831703,0
3,A134,-1,0,0,7679.32347424721,2679.32347424721,0
3,A134,-1,0,1,11914.5249802553,6914.52498025527,0
3,A134,-1,1,-1,16167.2790717666,11167.2790717666,0
3,A134,-1,1,0,12015.1907628379,7015.19076283786,0
3,A134,-1,1,1,15078.0869327109,10078.0869327109,0
3,A134,0,-1,-1,15448.459833247,10448.459833247,0
3,A134,0,-1,0,11028.9984904545,6028.99849045449,0
3,A134,0,-1,1,14304.6392539431,9304.63925394311,0
3,A134,0,0,-1,11137.6708186544,6137.67081865436,0
3,A134,0,0,0,2651.71788614618,-2348.28211385382,0
3,A134,0,0,1,9487.65009002283,4487.65009002283,0
3,A134,0,1,-1,14472.0596775291,9472.05967752915,0
3,A134,0,1,0,9613.76137591149,4613.76137591149,0
3,A134,0,1,1,13244.1800152358,8244.18001523575,0
3,A134,1,-1,-1,19665.0580966604,14665.0580966604,0
3,A134,1,-1,0,16422.4969608166,11422.4969608166,0
3,A134,1,-1,1,18779.8376699862,13779.8376699862,0
3,A134,1,0,-1,16495.675493604,11495.675493604,0
3,A134,1,0,0,12453.5619994157,7453.56199941571,0
3,A134,1,0,1,15429.6825293424,10429.6825293424,0
3,A134,1,1,-1,18907.6733110012,13907.6733110012,0
3,A134,1,1,0,15507.5467601601,10507.5467601601,0
3,A134,1,1,1,17985.213454434,12985.213454434,0
3,A135,-1,-1,-1,17381.1609165671,12381.1609165671,0
3,A135,-1,-1,0,13607.2257790175,8607.22577901753,0
3,A135,-1,-1,1,16377.0703117108,11377.0703117108,0
3,A135,-1,0,-1,14688.783130813,9688.78313081297,0
3,A135,-1,0,0,9940.43200558285,4940.43200558285,0
3,A135,-1,0,1,13485.6971288538,8485.69712885382,0
3,A135,-1,1,-1,18149.8194183995,13149.8194183995,0
3,A135,-1,1,0,14576.2746788771,9576.27467887706,0
3,A135,-1,1,1,17190.6841663627,12190.6841663627,0
3,A135,0,-1,-1,14300.0381637723,9300.03816377228,0
3,A135,0,-1,0,9356.43789478154,4356.43789478154,0
3,A135,0,-1,1,13061.1932331033,8061.19323310333,0
3,A135,0,0,-1,10869.530189562,5869.53018956203,0
3,A135,0,0,0,1094.77172751241,-3905.22827248758,0
3,A135,0,0,1,9178.79968889836,4178.79968889836,0
3,A135,0,1,-1,15225.0544037864,10225.0544037864,0
3,A135,0,1,0,10717.0014552494,5717.00145524937,0
3,A135,0,1,1,14067.9052735429,9067.90527354294,0
3,A135,1,-1,-1,17517.9173466222,12517.9173466222,0
3,A135,1,-1,0,13781.4827488427,8781.48274884269,0
3,A135,1,-1,1,16522.1398538509,11522.1398538509,0
3,A135,1,0,-1,14850.3543129295,9850.35431292954,0
3,A135,1,0,0,10177.6648506966,5177.66485069661,0
3,A135,1,0,1,13661.504324439,8661.50432443899,0
3,A135,1,1,-1,18280.8265205926,13280.8265205926,0
3,A135,1,1,0,14739.0792409011,9739.0792409011,0
3,A135,1,1,1,17328.9438646192,12328.9438646192,0
3,A136,-1,-1,-1,14555.547628445,9555.54762844501,0
3,A136,-1,-1,0,10879.4642077441,5879.46420774412,0
3,A136,-1,-1,1,14995.3831605344,9995.38316053443,0
3,A136,-1,0,-1,10907.1372565938,5907.13725659379,0
3,A136,-1,0,0,5046.22807826109,46.228078261086,0
3,A136,-1,0,1,11487.5233406285,6487.52334062851,0
3,A136,-1,1,-1,15035.5352250734,10035.5352250734,0
3,A136,-1,1,0,11513.7350233569,6513.73502335692,0
3,A136,-1,1,1,15461.7227006479,10461.7227006479,0
3,A136,0,-1,-1,14539.5855837125,9539.58558371251,0
3,A136,0,-1,0,10858.0994483268,5858.09944832681,0
3,A136,0,-1,1,14979.8897964374,9979.88979643739,0
3,A136,0,0,-1,10885.8268090369,5885.82680903687,0
3,A136,0,0,0,5000,4.54747350886464e-12,1
3,A136,0,0,1,11467.2915147237,6467.2915147237,0
3,A136,0,1,-1,15020.0832782841,10020.0832782841,0
3,A136,0,1,0,11493.5493373564,6493.54933735638,0
3,A136,0,1,1,15446.6970920614,10446.6970920614,0
3,A136,1,-1,-1,20271.534996844,15271.534996844,0
3,A136,1,-1,0,17816.6749370337,12816.6749370337,0
3,A136,1,-1,1,20589.6255550114,15589.6255550114,0
3,A136,1,0,-1,17833.5865012766,12833.5865012766,0
3,A136,1,0,0,14984.5114095245,9984.51140952448,0
3,A136,1,0,1,18194.3495862266,13194.3495862266,0
3,A136,1,1,-1,20618.886581694,15618.886581694,0
3,A136,1,1,0,18210.9104262366,13210.9104262366,0
3,A136,1,1,1,20931.6992438758,15931.6992438758,0
3,A137,-1,-1,-1,13442.9914164119,8442.99141641194,0
3,A137,-1,-1,0,10456.2293570906,5456.22935709055,0
3,A137,-1,-1,1,15425.6749127693,10425.6749127693,0
3,A137,-1,0,-1,10161.3184052767,5161.31840527668,0
3,A137,-1,0,0,5645.45001570041,645.450015700413,0
3,A137,-1,0,1,12668.4576814279,7668.45768142788,0
3,A137,-1,1,-1,15026.3357224942,10026.3357224942,0
3,A137,-1,1,0,12426.161088263,7426.16108826299,0
3,A137,-1,1,1,16823.4417863236,11823.4417863236,0
3,A137,0,-1,-1,13184.9502214439,8184.95022144389,0
3,A137,0,-1,0,10122.333055591,5122.33305559102,0
3,A137,0,-1,1,15201.3269366417,10201.3269366417,0
3,A137,0,0,-1,9817.39710175985,4817.39710175985,0
3,A137,0,0,0,5000,3.63797880709171e-12,1
3,A137,0,0,1,12394.3016804642,7394.30168046418,0
3,A137,0,1,-1,14795.9338794593,9795.93387945932,0
3,A137,0,1,0,12146.5375112288,7146.53751122885,0
3,A137,0,1,1,16617.9748362442,11617.9748362442,0
3,A137,1,-1,-1,19156.508201188,14156.508201188,0
3,A137,1,-1,0,17192.7461625111,12192.7461625111,0
3,A137,1,-1,1,20596.3403243124,15596.3403243124,0
3,A137,1,0,-1,17014.9986768695,12014.9986768695,0
3,A137,1,0,0,14769.1873209134,9769.18732091337,0
3,A137,1,0,1,18621.1602287985,13621.1602287985,0
3,A137,1,1,-1,20298.979124221,15298.979124221,0
3,A137,1,1,0,18457.1738798744,13457.1738798744,0
3,A137,1,1,1,21663.0095272627,16663.0095272627,0
3,A138,-1,-1,-1,17407.3816346555,12407.3816346555,0
3,A138,-1,-1,0,11865.309623628,6865.30962362801,0
3,A138,-1,-1,1,13362.4178034732,8362.41780347324,0
3,A138,-1,0,-1,16050.2135582218,11050.2135582218,0
3,A138,-1,0,0,9766.16569358447,4766.16569358447,0
3,A138,-1,0,1,11538.9180361317,6538.9180361317,0
3,A138,-1,1,-1,20302.7528959625,15302.7528959625,0
3,A138,-1,1,0,15810.4526261753,10810.4526261753,0
3,A138,-1,1,1,16962.8726734169,11962.8726734169,0
3,A138,0,-1,-1,15036.7610400661,10036.7610400661,0
3,A138,0,-1,0,7992.04727626583,2992.04727626583,0
3,A138,0,-1,1,10081.7387764258,5081.73877642578,0
3,A138,0,0,-1,13442.3436374033,8442.34363740325,0
3,A138,0,0,0,4297.11991408837,-702.880085911632,0
3,A138,0,0,1,7498.92503270129,2498.92503270129,0
3,A138,0,1,-1,18310.8990045826,13310.8990045826,0
3,A138,0,1,0,13155.138138615,8155.13813861495,0
3,A138,0,1,1,14519.8586954578,9519.85869545778,0
3,A138,1,-1,-1,18686.6644904209,13686.6644904209,0
3,A138,1,-1,0,13673.3341532918,8673.33415329182,0
3,A138,1,-1,1,14990.9540709588,9990.95407095878,0
3,A138,1,0,-1,17429.3961360554,12429.3961360554,0
3,A138,1,0,0,11897.5832317981,6897.5832317981,0
3,A138,1,0,1,13391.0837443271,8391.08374432714,0
3,A138,1,1,-1,21409.7237151144,16409.7237151144,0
3,A138,1,1,0,17208.8612827099,12208.8612827099,0
3,A138,1,1,1,18273.3013913077,13273.3013913077,0
3,A139,-1,-1,-1,16821.3907318963,11821.3907318963,0
3,A139,-1,-1,0,13226.8408986404,8226.84089864038,0
3,A139,-1,-1,1,16338.2818607333,11338.2818607333,0
3,A139,-1,0,-1,14129.541576183,9129.54157618302,0
3,A139,-1,0,0,9572.56909904051,4572.56909904051,0
3,A139,-1,0,1,13550.8011998821,8550.8011998821,0
3,A139,-1,1,-1,17785.6319581578,12785.6319581578,0
3,A139,-1,1,0,14433.2545932601,9433.25459326013,0
3,A139,-1,1,1,17329.4250382604,12329.4250382604,0
3,A139,0,-1,-1,13870.9945286629,8870.9945286629,0
3,A139,0,-1,0,9186.65462597875,4186.65462597875,0
3,A139,0,-1,1,13280.9923281296,8280.99232812961,0
3,A139,0,0,-1,10444.5798485222,5444.57984852217,0
3,A139,0,0,0,1038.93321006507,-3961.06678993493,0
3,A139,0,0,1,9647.25433570593,4647.25433570593,0
3,A139,0,1,-1,15025.7780900063,10025.7780900063,0
3,A139,0,1,0,10851.9187802405,5851.91878024046,0
3,A139,0,1,1,14482.8959540472,9482.89595404718,0
3,A139,1,-1,-1,17373.8249177683,12373.8249177683,0
3,A139,1,-1,0,13922.6407795392,8922.64077953919,0
3,A139,1,-1,1,16906.5094055192,11906.5094055192,0
3,A139,1,0,-1,14782.914167079,9782.91416707904,0
3,A139,1,0,0,10513.0721139944,5513.07211399441,0
3,A139,1,0,1,14230.7701575448,9230.7701575448,0
3,A139,1,1,-1,18308.9953375161,13308.9953375161,0
3,A139,1,1,0,15073.4682230735,10073.4682230735,0
3,A139,1,1,1,17866.1573449589,12866.1573449589,0
3,A140,-1,-1,-1,16942.660600264,11942.660600264,0
3,A140,-1,-1,0,14403.2384160048,9403.23841600477,0
3,A140,-1,-1,1,18106.7060925176,13106.7060925176,0
3,A140,-1,0,-1,13252.7188319877,8252.71883198774,0
3,A140,-1,0,0,9799.69821434622,4799.69821434622,0
3,A140,-1,0,1,14711.682899818,9711.68289981804,0
3,A140,-1,1,-1,16254.7028475979,11254.7028475979,0
3,A140,-1,1,0,13587.3063304043,8587.30633040433,0
3,A140,-1,1,1,17464.6620914572,12464.6620914572,0
3,A140,0,-1,-1,13872.9612269215,8872.96122692146,0
3,A140,0,-1,0,10623.4919803332,5623.49198033321,0
3,A140,0,-1,1,15272.7898731287,10272.7898731287,0
3,A140,0,0,-1,9002.21425137455,4002.21425137455,0
3,A140,0,0,0,1199.74583982989,-3800.25416017011,0
3,A140,0,0,1,11038.0668023312,6038.06680233125,0
3,A140,0,1,-1,13023.8500318315,8023.85003183145,0
3,A140,0,1,0,9487.89746488516,4487.89746488516,0
3,A140,0,1,1,14505.8514729992,9505.85147299917,0
3,A140,1,-1,-1,17258.7472949689,12258.7472949689,0
3,A140,1,-1,0,14773.7566936826,9773.75669368264,0
3,A140,1,-1,1,18402.8099891476,13402.8099891476,0
3,A140,1,0,-1,13654.4925359963,8654.49253599634,0
3,A140,1,0,0,10336.5707595952,5336.57075959516,0
3,A140,1,0,1,15074.6218433716,10074.6218433716,0
3,A140,1,1,-1,16583.9070981348,11583.9070981348,0
3,A140,1,1,0,13979.4672034417,8979.46720344172,0
3,A140,1,1,1,17771.4667921542,12771.4667921542,0
3,A141,-1,-1,-1,14860.5544375768,9860.55443757683,0
3,A141,-1,-1,0,11026.1451075463,6026.14510754629,0
3,A141,-1,-1,1,14910.2539774864,9910.25397748642,0
3,A141,-1,0,-1,11150.0573660911,6150.05736609106,0
3,A141,-1,0,0,5006.35366385598,6.35366385597536,0
3,A141,-1,0,1,11216.2103559129,6216.21035591286,0
3,A141,-1,1,-1,15093.4250699455,10093.4250699455,0
3,A141,-1,1,0,11338.0456024194,6338.04560241938,0
3,A141,-1,1,1,15142.3603121516,10142.3603121516,0
3,A141,0,-1,-1,14858.4151639595,9858.41516395945,0
3,A141,0,-1,0,11023.261718977,6023.26171897696,0
3,A141,0,-1,1,14908.1218356152,9908.12183561515,0
3,A141,0,0,-1,11147.2060292935,6147.2060292935,0
3,A141,0,0,0,5000,4.54747350886464e-12,1
3,A141,0,0,1,11213.3758405077,6213.37584050774,0
3,A141,0,1,-1,15091.3188069981,10091.3188069981,0
3,A141,0,1,0,11335.2415534446,6335.2415534446,0
3,A141,0,1,1,15140.2608569146,10140.2608569146,0
3,A141,1,-1,-1,20511.1902184387,15511.1902184387,0
3,A141,1,-1,0,17928.9911014942,12928.9911014942,0
3,A141,1,-1,1,20547.2265685163,15547.2265685163,0
3,A141,1,0,-1,18005.4609841546,13005.4609841546,0
3,A141,1,0,0,14997.880616687,9997.88061668701,0
3,A141,1,0,1,18046.5016203385,13046.5016203385,0
3,A141,1,1,-1,20680.5301268331,15680.5301268331,0
3,A141,1,1,0,18122.4756605529,13122.4756605529,0
3,A141,1,1,1,20716.2719090047,15716.2719090047,0
3,A142,-1,-1,-1,16063.8898371201,11063.8898371201,0
3,A142,-1,-1,0,13163.5684119174,8163.56841191735,0
3,A142,-1,-1,1,16985.5971331986,11985.5971331986,0
3,A142,-1,0,-1,12715.5507897391,7715.55078973907,0
3,A142,-1,0,0,8770.18862525377,3770.18862525377,0
3,A142,-1,0,1,13861.7165300199,8861.71653001992,0
3,A142,-1,1,-1,16288.7048924626,11288.7048924626,0
3,A142,-1,1,0,13436.9968262939,8436.99682629393,0
3,A142,-1,1,1,17198.3679558826,12198.3679558826,0
3,A142,0,-1,-1,13540.5008841091,8540.50088410914,0
3,A142,0,-1,0,9928.55179916272,4928.55179916272,0
3,A142,0,-1,1,14622.1447628162,9622.14476281623,0
3,A142,0,0,-1,9326.40549085567,4326.40549085567,0
3,A142,0,0,0,1487.55370187422,-3512.44629812578,0
3,A142,0,0,1,10837.1487325798,5837.14873257983,0
3,A142,0,1,-1,13806.4664040864,8806.46640408636,0
3,A142,0,1,0,10288.3181911944,5288.31819119442,0
3,A142,0,1,1,14868.774927322,9868.77492732199,0
3,A142,1,-1,-1,17568.2034279544,12568.2034279544,0
3,A142,1,-1,0,14962.3777629789,9962.37776297893,0
3,A142,1,-1,1,18414.7692073016,13414.7692073016,0
3,A142,1,0,-1,14569.7785457876,9569.77854578757,0
3,A142,1,0,0,11292.0070629357,6292.00706293565,0
3,A142,1,0,1,15580.1283738449,10580.1283738449,0
3,A142,1,1,-1,17774.0012957295,12774.0012957295,0
3,A142,1,1,0,15203.4896881174,10203.4896881174,0
3,A142,1,1,1,18611.2083254363,13611.2083254363,0
3,A143,-1,-1,-1,15076.8850755719,10076.8850755719,0
3,A143,-1,-1,0,12298.0512442422,7298.05124424222,0
3,A143,-1,-1,1,16588.2990457132,11588.2990457132,0
3,A143,-1,0,-1,13312.961578358,8312.96157835799,0
3,A143,-1,0,0,10058.058799333,5058.05879933298,0
3,A143,-1,0,1,15003.1379262754,10003.1379262754,0
3,A143,-1,1,-1,18087.4937012199,13087.4937012199,0
3,A143,-1,1,0,15845.7258974044,10845.7258974044,0
3,A143,-1,1,1,19365.3461120548,14365.3461120548,0
3,A143,0,-1,-1,11572.3481040623,6572.34810406232,0
3,A143,0,-1,0,7605.84258748484,2605.84258748484,0
3,A143,0,-1,1,13482.5235875782,8482.52358757816,0
3,A143,0,0,-1,9156.51260286506,4156.51260286506,0
3,A143,0,0,0,2787.70943077468,-2212.29056922532,0
3,A143,0,0,1,11476.1023302528,6476.10233025279,0
3,A143,0,1,-1,15289.3494122954,10289.3494122954,0
3,A143,0,1,0,12557.6194509653,7557.6194509653,0
3,A143,0,1,1,16781.6389872761,11781.6389872761,0
3,A143,1,-1,-1,15508.9012409385,10508.9012409385,0
3,A143,1,-1,0,12824.0250516438,7824.02505164384,0
3,A143,1,-1,1,16981.9085897078,11981.9085897078,0
3,A143,1,0,-1,13800.3079714192,8800.30797141924,0
3,A143,1,0,0,10694.7697932223,5694.76979322233,0
3,A143,1,0,1,15437.2180704304,10437.2180704304,0
3,A143,1,1,-1,18449.145847731,13449.145847731,0
3,A143,1,1,0,16257.3239905851,11257.3239905851,0
3,A143,1,1,1,19703.5576523342,14703.5576523342,0
3,A144,-1,-1,-1,16301.0903450678,11301.0903450678,0
3,A144,-1,-1,0,10955.7495829982,5955.74958299824,0
3,A144,-1,-1,1,13203.4598273585,8203.45982735853,0
3,A144,-1,0,-1,13548.2096605978,8548.20966059782,0
3,A144,-1,0,0,6152.79509611855,1152.79509611855,0
3,A144,-1,0,1,9599.98906156277,4599.98906156277,0
3,A144,-1,1,-1,17360.3693387258,12360.3693387258,0
3,A144,-1,1,0,12477.3925987874,7477.39259878741,0
3,A144,-1,1,1,14490.9705869407,9490.97058694065,0
3,A144,0,-1,-1,15901.8445138682,10901.8445138682,0
3,A144,0,-1,0,10352.3698461051,5352.36984610508,0
3,A144,0,-1,1,12707.2602837059,7707.26028370593,0
3,A144,0,0,-1,13065.109931137,8065.10993113704,0
3,A144,0,0,0,5000,0,1
3,A144,0,0,1,8905.21771139282,3905.21771139282,0
3,A144,0,1,-1,16986.0394466206,11986.0394466206,0
3,A144,0,1,0,11951.0852465144,6951.08524651441,0
3,A144,0,1,1,14040.3468994451,9040.34689944514,0
3,A144,1,-1,-1,20976.4575524186,15976.4575524186,0
3,A144,1,-1,0,17155.6018237696,12155.6018237696,0
3,A144,1,-1,1,18671.3035544664,13671.3035544664,0
3,A144,1,0,-1,18916.6648756559,13916.6648756559,0
3,A144,1,0,0,14565.1334530508,9565.1334530508,0
3,A144,1,0,1,16323.1741702551,11323.1741702551,0
3,A144,1,1,-1,21809.829173731,16809.829173731,0
3,A144,1,1,0,18165.1190768085,13165.1190768085,0
3,A144,1,1,1,19602.9195162848,14602.9195162848,0
3,A145,-1,-1,-1,17866.8027819334,12866.8027819334,0
3,A145,-1,-1,0,14187.0257204522,9187.0257204522,0
3,A145,-1,-1,1,16832.1346221162,11832.1346221162,0
3,A145,-1,0,-1,14406.3284570413,9406.32845704125,0
3,A145,-1,0,0,9465.2710873184,4465.2710873184,0
3,A145,-1,0,1,13101.1607844761,8101.16078447611,0
3,A145,-1,1,-1,17200.638289779,12200.638289779,0
3,A145,-1,1,0,13338.3287828753,8338.32878287527,0
3,A145,-1,1,1,16123.277330132,11123.277330132,0
3,A145,0,-1,-1,15203.044681249,10203.044681249,0
3,A145,0,-1,0,10638.685291159,5638.68529115904,0
3,A145,0,-1,1,13972.4973382926,8972.49733829256,0
3,A145,0,0,-1,10929.4201833267,5929.42018332665,0
3,A145,0,0,0,1225.26841466554,-3774.73158533446,0
3,A145,0,0,1,9140.5874992938,4140.5874992938,0
3,A145,0,1,-1,14414.2944158693,9414.29441586932,0
3,A145,0,1,0,9477.39102557399,4477.39102557399,0
3,A145,0,1,1,13109.9198241599,8109.91982415985,0
3,A145,1,-1,-1,18521.4063589028,13521.4063589028,0
3,A145,1,-1,0,15003.0513781655,10003.0513781655,0
3,A145,1,-1,1,17525.4274641204,12525.4274641204,0
3,A145,1,0,-1,15210.5933965529,10210.5933965529,0
3,A145,1,0,0,10649.4698750468,5649.46987504676,0
3,A145,1,0,1,13980.7104885194,8980.71048851944,0
3,A145,1,1,-1,17879.6479114918,12879.6479114918,0
3,A145,1,1,0,14203.1991672011,9203.19916720109,0
3,A145,1,1,1,16845.7687188045,11845.7687188045,0
3,A146,-1,-1,-1,15586.300154281,10586.300154281,0
3,A146,-1,-1,0,12862.8671017544,7862.86710175441,0
3,A146,-1,-1,1,16969.7951565555,11969.7951565555,0
3,A146,-1,0,-1,12583.9132031032,7583.91320310323,0
3,A146,-1,0,0,8993.07895446786,3993.07895446786,0
3,A146,-1,0,1,14261.699290735,9261.69929073495,0
3,A146,-1,1,-1,16546.207737942,11546.207737942,0
3,A146,-1,1,0,14010.6241147634,9010.6241147634,0
3,A146,-1,1,1,17855.4805497709,12855.4805497709,0
3,A146,0,-1,-1,12851.2383461326,7851.23834613262,0
3,A146,0,-1,0,9363.48891210784,4363.48891210784,0
3,A146,0,-1,1,14498.1213329598,9498.12133295978,0
3,A146,0,0,-1,8976.43838239901,3976.43838239901,0
3,A146,0,0,0,1759.84192786261,-3240.15807213739,0
3,A146,0,0,1,11207.9276045628,6207.92760456277,0
3,A146,0,1,-1,13999.9487512242,8999.94875122416,0
3,A146,0,1,0,10886.6506610142,5886.65066101416,0
3,A146,0,1,1,15525.4552330364,10525.4552330364,0
3,A146,1,-1,-1,16952.1650994461,11952.1650994461,0
3,A146,1,-1,0,14487.8051870163,9487.80518701631,0
3,A146,1,-1,1,18232.3091437973,13232.3091437973,0
3,A146,1,0,-1,14240.7169960918,9240.71699609175,0
3,A146,1,0,0,11194.5798554851,6194.57985548513,0
3,A146,1,0,1,15742.9100143173,10742.9100143173,0
3,A146,1,1,-1,17838.7258392149,12838.7258392149,0
3,A146,1,1,0,15515.8221549723,10515.8221549723,0
3,A146,1,1,1,19059.4159071779,14059.4159071779,0
3,A147,-1,-1,-1,15881.2286461658,10881.2286461658,0
3,A147,-1,-1,0,12825.3875254978,7825.38752549781,0
3,A147,-1,-1,1,16636.336947976,11636.336947976,0
3,A147,-1,0,-1,11185.3277460034,6185.32774600338,0
3,A147,-1,0,0,6114.62988682963,1114.62988682963,0
3,A147,-1,0,1,12233.7991041339,7233.7991041339,0
3,A147,-1,1,-1,14071.5916036257,9071.59160362566,0
3,A147,-1,1,0,10501.7537643303,5501.7537643303,0
3,A147,-1,1,1,14918.5781492079,9918.57814920788,0
3,A147,0,-1,-1,15283.8274167213,10283.8274167213,0
3,A147,0,-1,0,12077.7697598323,7077.76975983233,0
3,A147,0,-1,1,16067.0365730248,11067.0365730248,0
3,A147,0,0,-1,10319.5694666899,5319.56946668989,0
3,A147,0,0,0,4332.51149395308,-667.488506046918,0
3,A147,0,0,1,11447.6110045997,6447.61100459973,0
3,A147,0,1,-1,13393.716715369,8393.71671536896,0
3,A147,0,1,0,9574.38192882188,4574.38192882188,0
3,A147,0,1,1,14280.9639445784,9280.9639445784,0
3,A147,1,-1,-1,20370.9925555052,15370.9925555052,0
3,A147,1,-1,0,18090.1763276051,13090.1763276051,0
3,A147,1,-1,1,20965.0094545946,15965.0094545946,0
3,A147,1,0,-1,16966.8933859491,11966.8933859491,0
3,A147,1,0,0,14147.5302804963,9147.53028049634,0
3,A147,1,0,1,17675.682586677,12675.682586677,0
3,A147,1,1,-1,18994.0412930971,13994.0412930971,0
3,A147,1,1,0,16524.2472297916,11524.2472297916,0
3,A147,1,1,1,19629.7704616909,14629.7704616909,0
3,A148,-1,-1,-1,14757.9068518778,9757.90685187784,0
3,A148,-1,-1,0,9727.53766115517,4727.53766115517,0
3,A148,-1,-1,1,13094.0506814997,8094.05068149966,0
3,A148,-1,0,-1,12927.3735195161,7927.37351951609,0
3,A148,-1,0,0,6629.19002696221,1629.19002696221,0
3,A148,-1,0,1,10989.7831968636,5989.78319686356,0
3,A148,-1,1,-1,17788.7087102316,12788.7087102316,0
3,A148,-1,1,0,13902.0621448028,8902.06214480277,0
3,A148,-1,1,1,16434.6130522884,11434.6130522884,0
3,A148,0,-1,-1,14033.1080779289,9033.10807792893,0
3,A148,0,-1,0,8588.20683421886,3588.20683421886,0
3,A148,0,-1,1,12271.3679322157,7271.36793221575,0
3,A148,0,0,-1,12093.3574242729,7093.35742427293,0
3,A148,0,0,0,4804.00542169829,-195.994578301715,0
3,A148,0,0,1,9995.38105287617,4995.38105287617,0
3,A148,0,1,-1,17192.1629021947,12192.1629021947,0
3,A148,0,1,0,13130.1043238845,8130.10432388446,0
3,A148,0,1,1,15786.982417694,10786.982417694,0
3,A148,1,-1,-1,19392.2775868376,14392.2775868376,0
3,A148,1,-1,0,15902.5030830198,10902.5030830198,0
3,A148,1,-1,1,18158.1601107035,13158.1601107035,0
3,A148,1,0,-1,18038.3369928979,13038.3369928979,0
3,A148,1,0,0,14220.0835359655,9220.08353596553,0
3,A148,1,0,1,16704.4889197583,11704.4889197583,0
3,A148,1,1,-1,21787.6747941062,16787.6747941062,0
3,A148,1,1,0,18749.1852418771,13749.1852418771,0
3,A148,1,1,1,20696.8867594793,15696.8867594793,0
3,A149,-1,-1,-1,14837.8767250809,9837.87672508091,0
3,A149,-1,-1,0,13939.8892452614,8939.88924526144,0
3,A149,-1,-1,1,19195.792211618,14195.792211618,0
3,A149,-1,0,-1,9519.12042568238,4519.12042568238,0
3,A149,-1,0,0,8048.07928266748,3048.07928266748,0
3,A149,-1,0,1,15457.3447461574,10457.3447461574,0
3,A149,-1,1,-1,12691.1276744263,7691.12767442631,0
3,A149,-1,1,0,11628.5273405555,6628.52734055553,0
3,A149,-1,1,1,17589.2175656425,12589.2175656425,0
3,A149,0,-1,-1,13430.9718772915,8430.97187729153,0
3,A149,0,-1,0,12431.7710737471,7431.77107374706,0
3,A149,0,-1,1,18130.274639164,13130.274639164,0
3,A149,0,0,-1,7130.36279150942,2130.36279150942,0
3,A149,0,0,0,5000,-4.54747350886464e-12,1
3,A149,0,0,1,14112.332424566,9112.33242456604,0
3,A149,0,1,-1,11013.3165535404,6013.31655354044,0
3,A149,0,1,0,9769.9062416149,4769.9062416149,0
3,A149,0,1,1,16419.7744939266,11419.7744939266,0
3,A149,1,-1,-1,18455.8778016245,13455.8778016245,0
3,A149,1,-1,0,17741.9658406264,12741.9658406264,0
3,A149,1,-1,1,22111.8809320105,17111.8809320105,0
3,A149,1,0,-1,14528.2653265433,9528.2653265433,0
3,A149,1,0,0,13609.8647994717,8609.86479947168,0
3,A149,1,0,1,18957.4878694767,13957.4878694767,0
3,A149,1,1,-1,16778.6042735499,11778.6042735499,0
3,A149,1,1,0,15989.9808577072,10989.9808577072,0
3,A149,1,1,1,20732.5206931358,15732.5206931358,0
3,A150,-1,-1,-1,16430.6611708377,11430.6611708377,0
3,A150,-1,-1,0,12317.5835340665,7317.5835340665,0
3,A150,-1,-1,1,15280.0229622386,10280.0229622386,0
3,A150,-1,0,-1,13803.5376037065,8803.53760370647,0
3,A150,-1,0,0,8502.5812542292,3502.5812542292,0
3,A150,-1,0,1,12411.693099356,7411.69309935599,0
3,A150,-1,1,-1,17638.2729949109,12638.2729949109,0
3,A150,-1,1,0,13887.5812095135,8887.58120951353,0
3,A150,-1,1,1,16571.6972413409,11571.6972413409,0
3,A150,0,-1,-1,14218.037230441,9218.037230441,0
3,A150,0,-1,0,9160.17577855564,4160.17577855564,0
3,A150,0,-1,1,12871.0938890938,7871.09388909383,0
3,A150,0,0,-1,11078.0687194235,6078.06871942352,0
3,A150,0,0,0,2116.56423481571,-2883.43576518429,0
3,A150,0,0,1,9286.33844784543,4286.33844784543,0
3,A150,0,1,-1,15597.9046803836,10597.9046803836,0
3,A150,0,1,0,11182.6145433957,6182.61454339568,0
3,A150,0,1,1,14380.7894649075,9380.78946490754,0
3,A150,1,-1,-1,18284.9265478847,13284.9265478847,0
3,A150,1,-1,0,14700.1624640467,9700.16246404674,0
3,A150,1,-1,1,17258.3607007502,12258.3607007502,0
3,A150,1,0,-1,15965.8874707171,10965.8874707171,0
3,A150,1,0,0,11690.4148915012,6690.41489150117,0
3,A150,1,0,1,14779.1081579121,9779.10815791208,0
3,A150,1,1,-1,19377.3214504395,14377.3214504395,0
3,A150,1,1,0,16038.60418495,11038.60418495,0
3,A150,1,1,1,18411.7642231625,13411.7642231625,0
3,A151,-1,-1,-1,14280.6946706348,9280.69467063478,0
3,A151,-1,-1,0,9536.68333528578,4536.68333528578,0
3,A151,-1,-1,1,13340.1056142423,8340.10561424227,0
3,A151,-1,0,-1,12263.4830472093,7263.48304720932,0
3,A151,-1,0,0,6115.80781342999,1115.80781342999,0
3,A151,-1,0,1,11154.066252826,6154.06625282601,0
3,A151,-1,1,-1,17229.271389774,12229.271389774,0
3,A151,-1,1,0,13559.4203926313,8559.42039263129,0
3,A151,-1,1,1,16458.0670233696,11458.0670233696,0
3,A151,0,-1,-1,13839.6219263781,8839.62192637809,0
3,A151,0,-1,0,8862.57433405814,3862.57433405814,0
3,A151,0,-1,1,12866.8299354708,7866.82993547078,0
3,A151,0,0,-1,11746.9107104114,6746.91071041145,0
3,A151,0,0,0,5000,-1.81898940354586e-12,1
3,A151,0,0,1,10583.4818827086,5583.48188270858,0
3,A151,0,1,-1,16865.4880573221,11865.4880573221,0
3,A151,0,1,0,13094.0740861389,8094.07408613888,0
3,A151,0,1,1,16076.842505135,11076.842505135,0
3,A151,1,-1,-1,19471.3129976967,14471.3129976967,0
3,A151,1,-1,0,16313.8627742143,11313.8627742143,0
3,A151,1,-1,1,18792.3443821551,13792.3443821551,0
3,A151,1,0,-1,18044.0241084844,13044.0241084844,0
3,A151,1,0,0,14580.7028221958,9580.7028221958,0
3,A151,1,0,1,17309.1589498395,12309.1589498395,0
3,A151,1,1,-1,21726.5179492909,16726.5179492909,0
3,A151,1,1,0,18948.6588169845,13948.6588169845,0
3,A151,1,1,1,21120.1742351739,16120.1742351739,0
3,A152,-1,-1,-1,15789.4010613699,10789.4010613699,0
3,A152,-1,-1,0,11150.9438907151,6150.94389071509,0
3,A152,-1,-1,1,14120.2660538307,9120.26605383066,0
3,A152,-1,0,-1,14953.7334502288,9953.7334502288,0
3,A152,-1,0,0,9932.3968848198,4932.3968848198,0
3,A152,-1,0,1,13179.1832696364,8179.18326963641,0
3,A152,-1,1,-1,19948.0099840609,14948.0099840609,0
3,A152,-1,1,0,16521.5455118848,11521.5455118848,0
3,A152,-1,1,1,18654.7535464387,13654.7535464387,0
3,A152,0,-1,-1,12914.2636420694,7914.26364206937,0
3,A152,0,-1,0,6466.57321878915,1466.57321878915,0
3,A152,0,-1,1,10809.9460207277,5809.94602072773,0
3,A152,0,0,-1,11878.0117713604,6878.01177136042,0
3,A152,0,0,0,4015.66027169416,-984.33972830584,0
3,A152,0,0,1,9547.97838260797,4547.97838260797,0
3,A152,0,1,-1,17759.3953124615,12759.3953124615,0
3,A152,0,1,0,13799.8002029509,8799.80020295093,0
3,A152,0,1,1,16293.3375776251,11293.3375776251,0
3,A152,1,-1,-1,16859.7516279736,11859.7516279736,0
3,A152,1,-1,0,12620.997929405,7620.99792940502,0
3,A152,1,-1,1,15307.7742507241,10307.7742507241,0
3,A152,1,0,-1,16079.806689779,11079.806689779,0
3,A152,1,0,0,11558.4837655182,6558.48376551819,0
3,A152,1,0,1,14444.2691312103,9444.26913121027,0
3,A152,1,1,-1,20805.5074776936,15805.5074776936,0
3,A152,1,1,0,17547.293386202,12547.293386202,0
3,A152,1,1,1,19569.0027584069,14569.0027584069,0
3,A153,-1,-1,-1,15737.0520437679,10737.0520437679,0
3,A153,-1,-1,0,12949.8434065257,7949.84340652573,0
3,A153,-1,-1,1,16962.9620490885,11962.9620490885,0
3,A153,-1,0,-1,13323.3491105121,8323.34911051212,0
3,A153,-1,0,0,9877.00707430461,4877.00707430461,0
3,A153,-1,0,1,14751.2340490937,9751.23404909373,0
3,A153,-1,1,-1,17531.9267627066,12531.9267627066,0
3,A153,-1,1,0,15080.188766663,10080.188766663,0
3,A153,-1,1,1,18640.1644430372,13640.1644430372,0
3,A153,0,-1,-1,12386.0988222337,7386.09882223372,0
3,A153,0,-1,0,8570.82733809395,3570.82733809395,0
3,A153,0,-1,1,13910.525456815,8910.52545681498,0
3,A153,0,0,-1,9125.36402158648,4125.36402158648,0
3,A153,0,0,0,1820.96286391131,-3179.03713608869,0
3,A153,0,0,1,11106.7341274122,6106.73412741221,0
3,A153,0,1,-1,14598.941503369,9598.94150336902,0
3,A153,0,1,0,11540.0489706097,6540.04897060968,0
3,A153,0,1,1,15912.7737201705,10912.7737201705,0
3,A153,1,-1,-1,16098.9465816873,11098.9465816873,0
3,A153,1,-1,0,13387.2968991242,8387.29689912417,0
3,A153,1,-1,1,17299.2299103335,12299.2299103335,0
3,A153,1,0,-1,13748.9237954229,8748.92379542289,0
3,A153,1,0,0,10443.9715988519,5443.97159885189,0
3,A153,1,0,1,15136.7162879835,10136.7162879835,0
3,A153,1,1,-1,17857.4838660062,12857.4838660062,0
3,A153,1,1,0,15457.4696263635,10457.4696263635,0
3,A153,1,1,1,18946.6884830893,13946.6884830893,0
3,A154,-1,-1,-1,20334.4657501382,15334.4657501382,0
3,A154,-1,-1,0,16111.3990871867,11111.3990871867,0
3,A154,-1,-1,1,17483.2452293519,12483.2452293519,0
3,A154,-1,0,-1,15466.4990929417,10466.4990929417,0
3,A154,-1,0,0,9235.76079134916,4235.76079134916,0
3,A154,-1,0,1,11462.3715084654,6462.37150846539,0
3,A154,-1,1,-1,16276.8145237448,11276.8145237448,0
3,A154,-1,1,0,10536.6680807286,5536.66808072862,0
3,A154,-1,1,1,12534.275305996,7534.27530599604,0
3,A154,0,-1,-1,18793.382344552,13793.382344552,0
3,A154,0,-1,0,14116.5825592307,9116.58255923072,0
3,A154,0,-1,1,15664.1177968832,10664.1177968832,0
3,A154,0,0,-1,13375.8482645754,8375.84826457535,0
3,A154,0,0,0,5000,2.72848410531878e-12,1
3,A154,0,0,1,8431.29190593331,3431.29190593331,0
3,A154,0,1,-1,14305.0834896329,9305.08348963285,0
3,A154,0,1,0,7121.94473781024,2121.94473781024,0
3,A154,0,1,1,9839.14529069876,4839.14529069876,0
3,A154,1,-1,-1,22201.169846508,17201.169846508,0
3,A154,1,-1,0,18411.3721855965,13411.3721855965,0
3,A154,1,-1,1,19623.0810261694,14623.0810261694,0
3,A154,1,0,-1,17849.7630068839,12849.7630068839,0
3,A154,1,0,0,12833.5779346594,7833.57793465944,0
3,A154,1,0,1,14518.5194082604,9518.51940826041,0
3,A154,1,1,-1,18556.2964044646,13556.2964044646,0
3,A154,1,1,0,13799.3775023876,8799.37750238759,0
3,A154,1,1,1,15378.8654541373,10378.8654541373,0
3,A155,-1,-1,-1,16222.5692880712,11222.5692880712,0
3,A155,-1,-1,0,15866.544979049,10866.544979049,0
3,A155,-1,-1,1,20983.8686813966,15983.8686813966,0
3,A155,-1,0,-1,10946.4998674418,5946.49986744179,0
3,A155,-1,0,0,10411.5971211826,5411.59712118259,0
3,A155,-1,0,1,17233.0162734134,12233.0162734134,0
3,A155,-1,1,-1,13284.576184039,8284.57618403902,0
3,A155,-1,1,0,12847.3911614558,7847.39116145575,0
3,A155,-1,1,1,18805.0779025604,13805.0779025604,0
3,A155,0,-1,-1,13407.8484363619,8407.84843636188,0
3,A155,0,-1,0,12974.8177235122,7974.8177235122,0
3,A155,0,-1,1,18892.3632779036,13892.3632779036,0
3,A155,0,0,-1,6035.27171998788,1035.27171998788,0
3,A155,0,0,0,5000,3.63797880709171e-12,1
3,A155,0,0,1,14614.222362682,9614.222362682,0
3,A155,0,1,-1,9647.7256270957,4647.7256270957,0
3,A155,0,1,0,9036.26610064322,4036.26610064322,0
3,A155,0,1,1,16438.6617553726,11438.6617553726,0
3,A155,1,-1,-1,17215.3723479521,12215.3723479521,0
3,A155,1,-1,0,16880.3003629837,11880.3003629837,0
3,A155,1,-1,1,21760.5155180309,16760.5155180309,0
3,A155,1,0,-1,12370.2526296057,7370.25262960575,0
3,A155,1,0,0,11899.522905822,6899.522905822,0
3,A155,1,0,1,18170.6945561279,13170.6945561279,0
3,A155,1,1,-1,14480.2367094568,9480.23670945684,0
3,A155,1,1,0,14080.2255105455,9080.2255105455,0
3,A155,1,1,1,19667.9497074233,14667.9497074233,0
3,A156,-1,-1,-1,15719.2194425137,10719.2194425137,0
3,A156,-1,-1,0,13988.7014388363,8988.7014388363,0
3,A156,-1,-1,1,18554.6133349068,13554.6133349068,0
3,A156,-1,0,-1,10692.8775708271,5692.87757082713,0
3,A156,-1,0,0,7932.68799384529,2932.68799384529,0
3,A156,-1,0,1,14543.6393956498,9543.63939564979,0
3,A156,-1,1,-1,13475.2143436568,8475.21434365682,0
3,A156,-1,1,0,11409.2642037291,6409.26420372909,0
3,A156,-1,1,1,16696.1437982995,11696.1437982995,0
3,A156,0,-1,-1,14130.0709614563,9130.07096145627,0
3,A156,0,-1,0,12175.7469355596,7175.7469355596,0
3,A156,0,-1,1,17229.0081403947,12229.0081403947,0
3,A156,0,0,-1,8179.40561646054,3179.40561646054,0
3,A156,0,0,0,3936.06202969232,-1063.93797030768,0
3,A156,0,0,1,12809.468855678,7809.46885567801,0
3,A156,0,1,-1,11582.160726798,6582.16072679804,0
3,A156,0,1,0,9095.95268041684,4095.95268041684,0
3,A156,0,1,1,15209.4136385129,10209.4136385129,0
3,A156,1,-1,-1,18767.6304010303,13767.6304010303,0
3,A156,1,-1,0,17343.9862469006,12343.9862469006,0
3,A156,1,-1,1,21199.1454307875,16199.1454307875,0
3,A156,1,0,-1,14814.4430112129,9814.4430112129,0
3,A156,1,0,0,12963.7043238217,7963.70432382172,0
3,A156,1,0,1,17794.5929388248,12794.5929388248,0
3,A156,1,1,-1,16932.5571782667,11932.5571782667,0
3,A156,1,1,0,15339.5371722315,10339.5371722315,0
3,A156,1,1,1,19593.1444316952,14593.1444316952,0
3,A157,-1,-1,-1,17871.1130090818,12871.1130090818,0
3,A157,-1,-1,0,15810.8318626632,10810.8318626632,0
3,A157,-1,-1,1,19508.6680271986,14508.6680271986,0
3,A157,-1,0,-1,11863.2646765384,6863.2646765384,0
3,A157,-1,0,0,8446.46510628199,3446.46510628199,0
3,A157,-1,0,1,14210.8584117102,9210.85841171021,0
3,A157,-1,1,-1,12731.7484026286,7731.74840262861,0
3,A157,-1,1,0,9628.24705716839,4628.24705716839,0
3,A157,-1,1,1,14943.5225231505,9943.52252315053,0
3,A157,0,-1,-1,16523.7376943515,11523.7376943515,0
3,A157,0,-1,0,14270.2358564169,9270.23585641694,0
3,A157,0,-1,1,18282.3782753722,13282.3782753722,0
3,A157,0,0,-1,9715.67166972848,4715.67166972848,0
3,A157,0,0,0,5000,2.72848410531878e-12,1
3,A157,0,0,1,12474.2023394699,7474.20233946986,0
3,A157,0,1,-1,10758.9332462004,5758.93324620044,0
3,A157,0,1,0,6808.84488017112,1808.84488017112,0
3,A157,0,1,1,13302.8603167991,8302.86031679909,0
3,A157,1,-1,-1,20656.5034456486,15656.5034456486,0
3,A157,1,-1,0,18902.2977070548,13902.2977070548,0
3,A157,1,-1,1,22088.5169853515,17088.5169853515,0
3,A157,1,0,-1,15749.6508914428,10749.6508914428,0
3,A157,1,0,0,13366.2720011363,8366.27200113632,0
3,A157,1,0,1,17585.8736267038,12585.8736267038,0
3,A157,1,1,-1,16413.7707978562,11413.7707978562,0
3,A157,1,1,0,14142.757715898,9142.75771589803,0
3,A157,1,1,1,18183.0503441152,13183.0503441152,0
3,A158,-1,-1,-1,17234.0390961528,12234.0390961528,0
3,A158,-1,-1,0,12259.535994646,7259.53599464599,0
3,A158,-1,-1,1,14268.158326859,9268.15832685904,0
3,A158,-1,0,-1,13732.4610440408,8732.46104404078,0
3,A158,-1,0,0,6470.28635860839,1470.28635860839,0
3,A158,-1,0,1,9754.42078232686,4754.42078232686,0
3,A158,-1,1,-1,16737.648254294,11737.648254294,0
3,A158,-1,1,0,11551.3197653241,6551.31976532409,0
3,A158,-1,1,1,13664.4468441669,8664.44684416692,0
3,A158,0,-1,-1,16632.1320532201,11632.1320532201,0
3,A158,0,-1,0,11397.891729265,6397.891729265,0
3,A158,0,-1,1,13534.9937239861,8534.99372398612,0
3,A158,0,0,-1,12969.0477443074,7969.04774430739,0
3,A158,0,0,0,4634.68646516899,-365.313534831005,0
3,A158,0,0,1,8646.64315597197,3646.64315597197,0
3,A158,0,1,-1,16117.2138458388,11117.2138458388,0
3,A158,0,1,0,10632.4362866087,5632.43628660872,0
3,A158,0,1,1,12897.0082044283,7897.00820442827,0
3,A158,1,-1,-1,21359.8579045783,16359.8579045783,0
3,A158,1,-1,0,17593.3978793204,12593.3978793204,0
3,A158,1,-1,1,19047.6184384392,14047.6184384392,0
3,A158,1,0,-1,18649.7161496402,13649.7161496402,0
3,A158,1,0,0,14180.8332512038,9180.83325120381,0
3,A158,1,0,1,15949.2993869556,10949.2993869556,0
3,A158,1,1,-1,20961.4001254812,15961.4001254812,0
3,A158,1,1,0,17107.4374018092,12107.4374018092,0
3,A158,1,1,1,18599.69176339,13599.69176339,0
3,A159,-1,-1,-1,13836.8680333679,8836.86803336791,0
3,A159,-1,-1,0,9706.24857430981,4706.24857430981,0
3,A159,-1,-1,1,14034.3722980311,9034.37229803114,0
3,A159,-1,0,-1,12930.4344849715,7930.43448497149,0
3,A159,-1,0,0,8363.52081264778,3363.52081264778,0
3,A159,-1,0,1,13141.5685820622,8141.56858206223,0
3,A159,-1,1,-1,18518.4598432872,13518.4598432872,0
3,A159,-1,1,0,15674.3644011773,10674.3644011773,0
3,A159,-1,1,1,18666.4952198946,13666.4952198946,0
3,A159,0,-1,-1,11930.7397772648,6930.73977726476,0
3,A159,0,-1,0,6715.27334114258,1715.27334114258,0
3,A159,0,-1,1,12159.2450612574,7159.24506125741,0
3,A159,0,0,-1,10866.4516117318,5866.45161173182,0
3,A159,0,0,0,4564.22118696735,-435.778813032651,0
3,A159,0,0,1,11116.8547466005,6116.85474660051,0
3,A159,0,1,-1,17141.0906778831,12141.0906778831,0
3,A159,0,1,0,14020.3186140994,9020.31861409943,0
3,A159,0,1,1,17300.9155380377,12300.9155380377,0
3,A159,1,-1,-1,17123.8484661824,12123.8484661824,0
3,A159,1,-1,0,13999.2332185098,8999.23321850983,0
3,A159,1,-1,1,17283.8327670596,12283.8327670596,0
3,A159,1,0,-1,16400.1038194908,11400.1038194908,0
3,A159,1,0,0,13104.0356266125,8104.03562661254,0
3,A159,1,0,1,16567.0786234925,11567.0786234925,0
3,A159,1,1,-1,21087.9260309633,16087.9260309633,0
3,A159,1,1,0,18640.0903619278,13640.0903619278,0
3,A159,1,1,1,21218.0421602533,16218.0421602533,0
3,A160,-1,-1,-1,16945.3788931108,11945.3788931108,0
3,A160,-1,-1,0,11350.5247760434,6350.5247760434,0
3,A160,-1,-1,1,13058.4439942922,8058.44399429218,0
3,A160,-1,0,-1,14275.7581648121,9275.75816481211,0
3,A160,-1,0,0,6744.31746292314,1744.31746292314,0
3,A160,-1,0,1,9336.72131431481,4336.72131431481,0
3,A160,-1,1,-1,17901.0803173807,12901.0803173807,0
3,A160,-1,1,0,12733.3115641535,7733.3115641535,0
3,A160,-1,1,1,14276.7562930203,9276.75629302033,0
3,A160,0,-1,-1,16329.7289564277,11329.7289564277,0
3,A160,0,-1,0,10409.0631014941,5409.06310149405,0
3,A160,0,-1,1,12248.9649159174,7248.9649159174,0
3,A160,0,0,-1,13539.2560039136,8539.25600391357,0
3,A160,0,0,0,5000,2.72848410531878e-12,1
3,A160,0,0,1,8166.30558211548,3166.30558211548,0
3,A160,0,1,-1,17319.4358594218,12319.4358594218,0
3,A160,0,1,0,11901.7395934004,6901.73959340041,0
3,A160,0,1,1,13540.3084237253,8540.30842372527,0
3,A160,1,-1,-1,21122.8366880423,16122.8366880423,0
3,A160,1,-1,0,16966.5192838777,11966.5192838777,0
3,A160,1,-1,1,18153.548509057,13153.548509057,0
3,A160,1,0,-1,19047.9824416871,14047.9824416871,0
3,A160,1,0,0,14300.8454980574,9300.84549805744,0
3,A160,1,0,1,15690.8485691437,10690.8485691437,0
3,A160,1,1,-1,21896.9641833733,16896.9641833733,0
3,A160,1,1,0,17921.0933625274,12921.0933625274,0
3,A160,1,1,1,19048.7305133155,14048.7305133155,0
3,A161,-1,-1,-1,15251.7763295467,10251.7763295467,0
3,A161,-1,-1,0,10950.4072962258,5950.40729622577,0
3,A161,-1,-1,1,14394.657297065,9394.65729706504,0
3,A161,-1,0,-1,15217.2570269992,10217.2570269992,0
3,A161,-1,0,0,10902.2772929544,5902.27729295441,0
3,A161,-1,0,1,14358.0774799129,9358.07747991292,0
3,A161,-1,1,-1,20748.8106079599,15748.8106079599,0
3,A161,-1,1,0,17827.1669199485,12827.1669199485,0
3,A161,-1,1,1,20127.1612290064,15127.1612290064,0
3,A161,0,-1,-1,11778.4095266416,6778.40952664164,0
3,A161,0,-1,0,5101.53601614217,101.536016142167,0
3,A161,0,-1,1,10645.2058914193,5645.20589141933,0
3,A161,0,0,-1,11733.676371731,6733.67637173096,0
3,A161,0,0,0,4997.38931275427,-2.61068724573124,0
3,A161,0,0,1,10595.6896278602,5595.68962786018,0
3,A161,0,1,-1,18347.4083024211,13347.4083024211,0
3,A161,0,1,0,14964.0278722831,9964.0278722831,0
3,A161,0,1,1,17641.3397708105,12641.3397708105,0
3,A161,1,-1,-1,15647.5295413699,10647.5295413699,0
3,A161,1,-1,0,11495.2128947122,6495.21289471217,0
3,A161,1,-1,1,14813.3270483531,9813.32704835312,0
3,A161,1,0,-1,15613.8851977104,10613.8851977104,0
3,A161,1,0,0,11449.373332807,6449.37333280699,0
3,A161,1,0,1,14777.7836112424,9777.78361124242,0
3,A161,1,1,-1,21041.4267859029,16041.4267859029,0
3,A161,1,1,0,18166.9034216959,13166.9034216959,0
3,A161,1,1,1,20428.683723626,15428.683723626,0
3,A162,-1,-1,-1,14592.2282677326,9592.22826773264,0
3,A162,-1,-1,0,12162.454914108,7162.45491410797,0
3,A162,-1,-1,1,16820.1514041284,11820.1514041284,0
3,A162,-1,0,-1,12847.45783318,7847.45783318005,0
3,A162,-1,0,0,10002.4675203388,5002.46752033881,0
3,A162,-1,0,1,15331.0645493236,10331.0645493236,0
3,A162,-1,1,-1,17809.5822447654,12809.5822447654,0
3,A162,-1,1,0,15879.9686225495,10879.9686225495,0
3,A162,-1,1,1,19676.5237573421,14676.5237573421,0
3,A162,0,-1,-1,11090.0877559564,6090.08775595639,0
3,A162,0,-1,0,7614.60636900603,2614.60636900603,0
3,A162,0,-1,1,13891.5230941391,8891.52309413912,0
3,A162,0,0,-1,8666.83871965653,3666.83871965653,0
3,A162,0,0,0,3179.03713608869,-1820.96286391131,0
3,A162,0,0,1,12045.6822485372,7045.68224853721,0
3,A162,0,1,-1,15074.4200667973,10074.4200667973,0
3,A162,0,1,0,12736.9668316422,7736.96683164225,0
3,A162,0,1,1,17240.1423367224,12240.1423367224,0
3,A162,1,-1,-1,15265.8759018935,10265.8759018935,0
3,A162,1,-1,0,12962.9915826597,7962.99158265967,0
3,A162,1,-1,1,17407.795222032,12407.795222032,0
3,A162,1,0,-1,13607.7556566002,8607.75565660024,0
3,A162,1,0,0,10961.8975423888,5961.89754238878,0
3,A162,1,0,1,15973.583863677,10973.583863677,0
3,A162,1,1,-1,18365.5944899004,13365.5944899004,0
3,A162,1,1,0,16501.1285882982,11501.1285882982,0
3,A162,1,1,1,20181.1651895436,15181.1651895436,0
3,A163,-1,-1,-1,17272.861672873,12272.861672873,0
3,A163,-1,-1,0,13460.8220078539,8460.82200785388,0
3,A163,-1,-1,1,16249.1756062897,11249.1756062897,0
3,A163,-1,0,-1,13570.8663067783,8570.86630677834,0
3,A163,-1,0,0,8185.98748309385,3185.98748309385,0
3,A163,-1,0,1,12241.4202538058,7241.42025380579,0
3,A163,-1,1,-1,16431.2225431554,11431.2225431554,0
3,A163,-1,1,0,12362.3239328055,7362.32393280548,0
3,A163,-1,1,1,15351.5156182226,10351.5156182226,0
3,A163,0,-1,-1,15367.2546642035,10367.2546642035,0
3,A163,0,-1,0,10908.4597753945,5908.45977539454,0
3,A163,0,-1,1,14206.9163940779,9206.91639407785,0
3,A163,0,0,-1,11043.965676365,6043.96567636503,0
3,A163,0,0,0,2193.43489022273,-2806.56510977727,0
3,A163,0,0,1,9362.32531877438,4362.32531877438,0
3,A163,0,1,-1,14414.778520913,9414.778520913,0
3,A163,0,1,0,9519.86441940704,4519.86441940704,0
3,A163,0,1,1,13170.7933443969,8170.7933443969,0
3,A163,1,-1,-1,19337.8716889621,14337.8716889621,0
3,A163,1,-1,0,16024.8326111594,11024.8326111594,0
3,A163,1,-1,1,18429.2495499029,13429.2495499029,0
3,A163,1,0,-1,16117.3801656785,11117.3801656785,0
3,A163,1,0,0,11942.0233696775,6942.0233696775,0
3,A163,1,0,1,15015.1224077209,10015.1224077209,0
3,A163,1,1,-1,18589.9597996137,13589.9597996137,0
3,A163,1,1,0,15113.8540454832,10113.8540454832,0
3,A163,1,1,1,17642.8615271187,12642.8615271187,0
3,A164,-1,-1,-1,12667.8135150016,7667.81351500158,0
3,A164,-1,-1,0,9570.89915784395,4570.89915784395,0
3,A164,-1,-1,1,14924.1657096261,9924.16570962609,0
3,A164,-1,0,-1,10908.8054580418,5908.80545804177,0
3,A164,-1,0,0,7080.29999083112,2080.29999083112,0
3,A164,-1,0,1,13463.2558988873,8463.25589888732,0
3,A164,-1,1,-1,16659.2488963923,11659.2488963923,0
3,A164,-1,1,0,14445.0401602318,9445.04016023175,0
3,A164,-1,1,1,18433.3338457662,13433.3338457662,0
3,A164,0,-1,-1,11633.6946534922,6633.69465349223,0
3,A164,0,-1,0,8153.003295072,3153.003295072,0
3,A164,0,-1,1,14057.0293507631,9057.02935076313,0
3,A164,0,0,-1,9688.72481605494,4688.72481605494,0
3,A164,0,0,0,5000,-3.63797880709171e-12,1
3,A164,0,0,1,12495.1435141322,7495.14351413225,0
3,A164,0,1,-1,15887.0993523608,10887.0993523608,0
3,A164,0,1,0,13547.2704730711,8547.27047307114,0
3,A164,0,1,1,17738.5779787813,12738.5779787813,0
3,A164,1,-1,-1,17612.8420003851,12612.8420003851,0
3,A164,1,-1,0,15535.1477228024,10535.1477228024,0
3,A164,1,-1,1,19299.4669928486,14299.4669928486,0
3,A164,1,0,-1,16393.3138993028,11393.3138993028,0
3,A164,1,0,0,14137.51576621,9137.51576621002,0
3,A164,1,0,1,18193.3494299043,13193.3494299043,0
3,A164,1,1,-1,20670.4929276401,15670.4929276401,0
3,A164,1,1,0,18931.3995602645,13931.3995602645,0
3,A164,1,1,1,22125.2457782765,17125.2457782765,0
3,A165,-1,-1,-1,15733.497333429,10733.497333429,0
3,A165,-1,-1,0,12789.6474185015,7789.6474185015,0
3,A165,-1,-1,1,16721.4599792646,11721.4599792646,0
3,A165,-1,0,-1,12599.5056624618,7599.50566246185,0
3,A165,-1,0,0,8647.52483008718,3647.52483008718,0
3,A165,-1,0,1,13813.4654752361,8813.46547523613,0
3,A165,-1,1,-1,16430.2205565172,11430.2205565172,0
3,A165,-1,1,0,13637.6057387053,8637.60573870525,0
3,A165,-1,1,1,17378.6199979438,12378.6199979438,0
3,A165,0,-1,-1,13255.2638278856,8255.26382788556,0
3,A165,0,-1,0,9577.79525232282,4577.79525232282,0
3,A165,0,-1,1,14414.1008961358,9414.10089613583,0
3,A165,0,0,-1,9322.37221656824,4322.37221656824,0
3,A165,0,0,0,1714.28308421033,-3285.71691578967,0
3,A165,0,0,1,10907.3786604012,5907.37866040122,0
3,A165,0,1,-1,14075.1990515813,9075.19905158132,0
3,A165,0,1,0,10683.7901088613,5683.79010886127,0
3,A165,0,1,1,15171.5363045002,10171.5363045002,0
3,A165,1,-1,-1,17431.6120870299,12431.6120870299,0
3,A165,1,-1,0,14828.7977496914,9828.79774969141,0
3,A165,1,-1,1,18328.2673881035,13328.2673881035,0
3,A165,1,0,-1,14665.1186340268,9665.11863402676,0
3,A165,1,0,0,11449.7968234657,6449.79682346569,0
3,A165,1,0,1,15720.3686358562,10720.3686358562,0
3,A165,1,1,-1,18062.9540537386,13062.9540537386,0
3,A165,1,1,0,15566.0673227388,10566.0673227388,0
3,A165,1,1,1,18929.7278016511,13929.7278016511,0
3,A166,-1,-1,-1,15793.5874702416,10793.5874702416,0
3,A166,-1,-1,0,12377.9806406471,7377.98064064715,0
3,A166,-1,-1,1,16030.9514471318,11030.9514471318,0
3,A166,-1,0,-1,11576.6977165234,6576.69771652343,0
3,A166,-1,0,0,6147.92075256514,1147.92075256514,0
3,A166,-1,0,1,11898.4843211177,6898.48432111768,0
3,A166,-1,1,-1,14785.2106802488,9785.21068024885,0
3,A166,-1,1,0,11062.5247759906,6062.52477599064,0
3,A166,-1,1,1,15038.4990600614,10038.4990600614,0
3,A166,0,-1,-1,15083.3645561768,10083.3645561768,0
3,A166,0,-1,0,11457.9616814944,6457.96168149438,0
3,A166,0,-1,1,15331.7280648548,10331.7280648548,0
3,A166,0,0,-1,10587.275909039,5587.27590903897,0
3,A166,0,0,0,3983.39186299556,-1016.60813700444,0
3,A166,0,0,1,10938.2087333458,5938.20873334576,0
3,A166,0,1,-1,14024.0128356224,9024.01283562243,0
3,A166,0,1,0,10022.4715302048,5022.47153020476,0
3,A166,0,1,1,14290.7989676514,9290.79896765143,0
3,A166,1,-1,-1,20138.9763267374,15138.9763267374,0
3,A166,1,-1,0,17588.5009892529,12588.5009892529,0
3,A166,1,-1,1,20325.6578395144,15325.6578395144,0
3,A166,1,0,-1,17034.1096723156,12034.1096723156,0
3,A166,1,0,0,13926.1585474436,8926.15854744363,0
3,A166,1,0,1,17254.4165780417,12254.4165780417,0
3,A166,1,1,-1,19358.2906571851,14358.2906571851,0
3,A166,1,1,0,16688.9309642087,11688.9309642087,0
3,A166,1,1,1,19552.4273758576,14552.4273758576,0
3,A167,-1,-1,-1,16773.9024044423,11773.9024044423,0
3,A167,-1,-1,0,13768.7314847764,8768.73148477636,0
3,A167,-1,-1,1,17256.6547026354,12256.6547026354,0
3,A167,-1,0,-1,13663.777834653,8663.77783465299,0
3,A167,-1,0,0,9742.32977992791,4742.32977992791,0
3,A167,-1,0,1,14252.2683937325,9252.26839373249,0
3,A167,-1,1,-1,17088.9978511249,12088.9978511249,0
3,A167,-1,1,0,14150.9014688771,9150.90146887712,0
3,A167,-1,1,1,17563.0913340444,12563.0913340444,0
3,A167,0,-1,-1,13666.14586372,8666.14586372004,0
3,A167,0,-1,0,9745.65070144565,4745.65070144565,0
3,A167,0,-1,1,14254.5386603953,9254.53866039529,0
3,A167,0,0,-1,9596.79975874618,4596.79975874618,0
3,A167,0,0,0,559.223064247723,-4440.77693575228,0
3,A167,0,0,1,10417.6242618796,5417.6242618796,0
3,A167,0,1,-1,14051.1063069948,9051.10630699481,0
3,A167,0,1,0,10278.509292528,5278.50929252803,0
3,A167,0,1,1,14624.0185346813,9624.01853468125,0
3,A167,1,-1,-1,17092.7845497212,12092.7845497212,0
3,A167,1,-1,0,14155.4741527546,9155.47415275464,0
3,A167,1,-1,1,17566.7758372281,12566.7758372281,0
3,A167,1,0,-1,14053.4090705489,9053.40907054894,0
3,A167,1,0,0,10281.6570323223,5281.65703232232,0
3,A167,1,0,1,14626.2310988313,9626.23109883126,0
3,A167,1,1,-1,17402.1070375166,12402.1070375166,0
3,A167,1,1,0,14527.4737711448,9527.47377114484,0
3,A167,1,1,1,17867.8946436735,12867.8946436735,0
3,A168,-1,-1,-1,18626.3039526191,13626.3039526191,0
3,A168,-1,-1,0,17013.9649679483,12013.9649679483,0
3,A168,-1,-1,1,20784.8697115423,15784.8697115423,0
3,A168,-1,0,-1,12945.1988799135,7945.19887991345,0
3,A168,-1,0,0,10493.5208121836,5493.5208121836,0
3,A168,-1,0,1,15894.9609634924,10894.9609634924,0
3,A168,-1,1,-1,13719.2255300972,8719.22553009718,0
3,A168,-1,1,0,11434.7258008615,6434.72580086151,0
3,A168,-1,1,1,16531.4475813858,11531.4475813858,0
3,A168,0,-1,-1,16042.6202769946,11042.6202769946,0
3,A168,0,-1,0,14138.6516452968,9138.65164529684,0
3,A168,0,-1,1,18505.0608035281,13505.0608035281,0
3,A168,0,0,-1,8832.0235765647,3832.0235765647,0
3,A168,0,0,0,4532.156821229,-467.843178771001,0
3,A168,0,0,1,12770.1311836422,7770.13118364218,0
3,A168,0,1,-1,9931.94923276153,4931.94923276153,0
3,A168,0,1,0,6417.11933482385,1417.11933482385,0
3,A168,0,1,1,13554.1589762179,8554.15897621789,0
3,A168,1,-1,-1,19177.9073876249,14177.9073876249,0
3,A168,1,-1,0,17616.1271783425,12616.1271783425,0
3,A168,1,-1,1,21280.5954277308,16280.5954277308,0
3,A168,1,0,-1,13727.0210487737,8727.02104877373,0
3,A168,1,0,0,11444.0775892465,6444.07758924653,0
3,A168,1,0,1,16537.9175491932,11537.9175491932,0
3,A168,1,1,-1,14459.2559275585,9459.25592755846,0
3,A168,1,1,0,12312.8342380563,7312.83423805634,0
3,A168,1,1,1,17150.5595234986,12150.5595234986,0
3,A169,-1,-1,-1,16343.3151547724,11343.3151547724,0
3,A169,-1,-1,0,13407.8877783155,8407.88777831548,0
3,A169,-1,-1,1,17100.8467364511,12100.8467364511,0
3,A169,-1,0,-1,12971.3624771852,7971.3624771852,0
3,A169,-1,0,0,8995.76283270161,3995.76283270161,0
3,A169,-1,0,1,13913.7073912708,8913.70739127078,0
3,A169,-1,1,-1,16413.6692662196,11413.6692662196,0
3,A169,-1,1,0,13493.555617721,8493.55561772099,0
3,A169,-1,1,1,17168.0967971472,12168.0967971472,0
3,A169,0,-1,-1,13698.1347198003,8698.13471980034,0
3,A169,0,-1,0,10015.3082443571,5015.3082443571,0
3,A169,0,-1,1,14593.625445967,9593.62544596698,0
3,A169,0,0,-1,9422.90767587764,4422.90767587764,0
3,A169,0,0,0,1207.76384107211,-3792.23615892789,0
3,A169,0,0,1,10682.9863766406,5682.98637664061,0
3,A169,0,1,-1,13781.9985246853,8781.9985246853,0
3,A169,0,1,0,10129.7081775397,5129.70817753973,0
3,A169,0,1,1,14672.3717302215,9672.37173022149,0
3,A169,1,-1,-1,17554.8807844253,12554.8807844253,0
3,A169,1,-1,0,14860.7316032244,9860.73160322441,0
3,A169,1,-1,1,18262.2246238173,13262.2246238173,0
3,A169,1,0,-1,14468.1074651006,9468.10746510058,0
3,A169,1,0,0,11045.0730214601,6045.07302146015,0
3,A169,1,0,1,15318.6534159199,10318.6534159199,0
3,A169,1,1,-1,17620.3980627003,12620.3980627003,0
3,A169,1,1,0,14938.0698992775,9938.06989927751,0
3,A169,1,1,1,18325.2131431912,13325.2131431912,0
3,A170,-1,-1,-1,14048.1151549035,9048.11515490349,0
3,A170,-1,-1,0,10149.5442957677,5149.54429576768,0
3,A170,-1,-1,1,14445.6553820888,9445.65538208881,0
3,A170,-1,0,-1,11081.217475549,6081.21747554898,0
3,A170,-1,0,0,5334.5187924248,334.518792424798,0
3,A170,-1,0,1,11581.0535251787,6581.05352517872,0
3,A170,-1,1,-1,15755.54575619,10755.54575619,0
3,A170,-1,1,0,12405.6814436659,7405.6814436659,0
3,A170,-1,1,1,16111.0099648668,11111.0099648668,0
3,A170,0,-1,-1,13924.5268737827,8924.52687378266,0
3,A170,0,-1,0,9977.78325406083,4977.78325406083,0
3,A170,0,-1,1,14325.4971526763,9325.49715267634,0
3,A170,0,0,-1,10924.1150668454,5924.1150668454,0
3,A170,0,0,0,4999.99999999999,-8.18545231595635e-12,1
3,A170,0,0,1,11430.8228053068,6430.82280530676,0
3,A170,0,1,-1,15645.4508189653,10645.4508189653,0
3,A170,0,1,0,12265.5550765134,7265.55507651338,0
3,A170,0,1,1,16003.3606264842,11003.3606264842,0
3,A170,1,-1,-1,19759.4371861134,14759.4371861134,0
3,A170,1,-1,0,17207.5293961185,12207.5293961185,0
3,A170,1,-1,1,20044.0210018999,15044.0210018999,0
3,A170,1,0,-1,17772.9907231998,12772.9907231998,0
3,A170,1,0,0,14884.3175608849,9884.3175608849,0
3,A170,1,0,1,18088.8534534278,13088.8534534278,0
3,A170,1,1,-1,21007.6900344119,16007.6900344119,0
3,A170,1,1,0,18627.5803739576,13627.5803739576,0
3,A170,1,1,1,21275.583672242,16275.583672242,0
3,A171,-1,-1,-1,16280.8707754553,11280.8707754553,0
3,A171,-1,-1,0,12095.4718096976,7095.47180969764,0
3,A171,-1,-1,1,15084.2342659913,10084.2342659913,0
3,A171,-1,0,-1,12131.9612933948,7131.96129339476,0
3,A171,-1,0,0,5330.86952724841,330.869527248415,0
3,A171,-1,0,1,10471.4781673202,5471.47816732017,0
3,A171,-1,1,-1,15142.7281703722,10142.7281703722,0
3,A171,-1,1,0,10513.6055439559,5513.60554395594,0
3,A171,-1,1,1,13848.0896381421,8848.08963814209,0
3,A171,0,-1,-1,16175.5551153748,11175.5551153748,0
3,A171,0,-1,0,11953.3371232742,6953.33712327418,0
3,A171,0,-1,1,14970.5027796251,9970.50277962506,0
3,A171,0,0,-1,11990.2591676695,6990.25916766951,0
3,A171,0,0,0,4999.99999999999,-7.27595761418343e-12,1
3,A171,0,0,1,10306.9726443858,5306.9726443858,0
3,A171,0,1,-1,15029.4393283728,10029.4393283728,0
3,A171,0,1,0,10349.769640787,5349.76964078695,0
3,A171,0,1,1,13724.1180667274,8724.11806672737,0
3,A171,1,-1,-1,21406.3171370972,16406.3171370972,0
3,A171,1,-1,0,18424.551513296,13424.551513296,0
3,A171,1,-1,1,20510.9186424747,15510.9186424747,0
3,A171,1,0,-1,18448.5269057271,13448.5269057271,0
3,A171,1,0,0,14885.6249476955,9885.62494769548,0
3,A171,1,0,1,17401.5951905442,12401.5951905442,0
3,A171,1,1,-1,20553.9747155798,15553.9747155798,0
3,A171,1,1,0,17426.9779853195,12426.9779853195,0
3,A171,1,1,1,19619.7157673838,14619.7157673838,0
3,A172,-1,-1,-1,14835.332193259,9835.33219325898,0
3,A172,-1,-1,0,10591.2165566983,5591.21655669834,0
3,A172,-1,-1,1,14291.9786949679,9291.97869496787,0
3,A172,-1,0,-1,11586.0268916426,6586.02689164257,0
3,A172,-1,0,0,5130.5756012751,130.575601275104,0
3,A172,-1,0,1,10881.6171990626,5881.61719906255,0
3,A172,-1,1,-1,15760.2334051049,10760.2334051049,0
3,A172,-1,1,0,11852.077617444,6852.07761744403,0
3,A172,-1,1,1,15249.8698590005,10249.8698590005,0
3,A172,0,-1,-1,14790.6820425546,9790.6820425546,0
3,A172,0,-1,0,10528.583102701,5528.58310270103,0
3,A172,0,-1,1,14245.6256098852,9245.62560988517,0
3,A172,0,0,-1,11528.7992927913,6528.79929279131,0
3,A172,0,0,0,5000,-9.09494701772928e-13,1
3,A172,0,0,1,10820.6648070502,5820.66480705019,0
3,A172,0,1,-1,15718.2108073083,10718.2108073083,0
3,A172,0,1,0,11796.1408032254,6796.14080322537,0
3,A172,0,1,1,15206.4369500568,10206.4369500568,0
3,A172,1,-1,-1,20431.3844191613,15431.3844191613,0
3,A172,1,-1,0,17593.4151360696,12593.4151360696,0
3,A172,1,-1,1,20040.3354017995,15040.3354017995,0
3,A172,1,0,-1,18209.6240250332,13209.6240250332,0
3,A172,1,0,0,14955.8414674535,9955.84146745346,0
3,A172,1,0,1,17769.7490377927,12769.7490377927,0
3,A172,1,1,-1,21112.539993629,16112.539993629,0
3,A172,1,1,0,18380.047112266,13380.047112266,0
3,A172,1,1,1,20734.3415307951,15734.3415307951,0
3,A173,-1,-1,-1,19205.2980052627,14205.2980052627,0
3,A173,-1,-1,0,14613.0527472869,9613.05274728694,0
3,A173,-1,-1,1,16069.8210854706,11069.8210854706,0
3,A173,-1,0,-1,15259.7310590809,10259.7310590809,0
3,A173,-1,0,0,8806.65834011521,3806.65834011521,0
3,A173,-1,0,1,11056.9014757103,6056.9014757103,0
3,A173,-1,1,-1,17230.0700091441,12230.0700091441,0
3,A173,-1,1,0,11898.4516490193,6898.45164901935,0
3,A173,-1,1,1,13648.1130845291,8648.11308452912,0
3,A173,0,-1,-1,17479.5548825692,12479.5548825692,0
3,A173,0,-1,0,12256.9440733321,7256.94407333211,0
3,A173,0,-1,1,13961.7519366602,8961.7519366602,0
3,A173,0,0,-1,13021.165824045,8021.16582404501,0
3,A173,0,0,0,3774.73158533446,-1225.26841466554,0
3,A173,0,0,1,7677.65834518347,2677.65834518347,0
3,A173,0,1,-1,15282.8884685392,10282.8884685392,0
3,A173,0,1,0,8846.72363453567,3846.72363453567,0
3,A173,0,1,1,11088.8393526958,6088.83935269584,0
3,A173,1,-1,-1,21029.1751220667,16029.1751220667,0
3,A173,1,-1,0,16938.8324697599,11938.8324697599,0
3,A173,1,-1,1,18210.4883120315,13210.4883120315,0
3,A173,1,0,-1,17499.7750510993,12499.7750510993,0
3,A173,1,0,0,12285.762734284,7285.76273428404,0
3,A173,1,0,1,13987.0584858707,8987.05848587065,0
3,A173,1,1,-1,19242.0905143804,14242.0905143804,0
3,A173,1,1,0,14661.3739631609,9661.37396316092,0
3,A173,1,1,1,16113.7744061314,11113.7744061314,0
3,A174,-1,-1,-1,16072.5722653719,11072.5722653719,0
3,A174,-1,-1,0,14092.8150805762,9092.81508057618,0
3,A174,-1,-1,1,18408.8917256045,13408.8917256045,0
3,A174,-1,0,-1,12104.5635799262,7104.56357992623,0
3,A174,-1,0,0,9316.66877860275,4316.66877860275,0
3,A174,-1,0,1,15069.1796326113,10069.1796326113,0
3,A174,-1,1,-1,15320.3570355052,10320.3570355052,0
3,A174,-1,1,0,13228.4994373915,8228.49943739149,0
3,A174,-1,1,1,17755.930137134,12755.930137134,0
3,A174,0,-1,-1,13295.9957269424,8295.99572694241,0
3,A174,0,-1,0,10819.5822488942,5819.58224889416,0
3,A174,0,-1,1,16041.920636579,11041.920636579,0
3,A174,0,0,-1,8060.79292661377,3060.79292661377,0
3,A174,0,0,0,2292.64918281482,-2707.35081718518,0
3,A174,0,0,1,12063.8342969877,7063.83429698768,0
3,A174,0,1,-1,12376.1570303799,7376.15703037993,0
3,A174,0,1,0,9666.90852911815,4666.90852911815,0
3,A174,0,1,1,15288.1973489373,10288.1973489373,0
3,A174,1,-1,-1,17182.5325699136,12182.5325699136,0
3,A174,1,-1,0,15346.6375205077,10346.6375205077,0
3,A174,1,-1,1,19385.5394780638,14385.5394780638,0
3,A174,1,0,-1,13543.7183133369,8543.71831333688,0
3,A174,1,0,0,11122.5969728626,6122.59697286258,0
3,A174,1,0,1,16247.8312734484,11247.8312734484,0
3,A174,1,1,-1,16481.055366265,11481.055366265,0
3,A174,1,1,0,14556.9585990896,9556.95859908956,0
3,A174,1,1,1,18766.5900292334,13766.5900292334,0
3,A175,-1,-1,-1,19974.3046593982,14974.3046593982,0
3,A175,-1,-1,0,15890.0543323604,10890.0543323604,0
3,A175,-1,-1,1,17493.2789020319,12493.2789020319,0
3,A175,-1,0,-1,14971.4749742696,9971.47497426957,0
3,A175,-1,0,0,8812.8339916334,3812.8339916334,0
3,A175,-1,0,1,11453.6903669952,6453.69036699519,0
3,A175,-1,1,-1,15789.7840132126,10789.7840132126,0
3,A175,-1,1,0,10140.9200392672,5140.92003926725,0
3,A175,-1,1,1,12504.3688086093,7504.3688086093,0
3,A175,0,-1,-1,18609.3203439128,13609.3203439128,0
3,A175,0,-1,0,14136.04554751,9136.04554751,0
3,A175,0,-1,1,15916.9332404263,10916.9332404263,0
3,A175,0,0,-1,13094.9998068381,8094.99980683814,0
3,A175,0,0,0,5000,1.81898940354586e-12,1
3,A175,0,0,1,8861.20646745742,3861.20646745742,0
3,A175,0,1,-1,14023.2391486352,9023.23914863516,0
3,A175,0,1,0,7083.23487389221,2083.23487389221,0
3,A175,0,1,1,10182.9856298451,5182.98562984511,0
3,A175,1,-1,-1,22218.0278309817,17218.0278309817,0
3,A175,1,-1,0,18632.2768538144,13632.2768538144,0
3,A175,1,-1,1,20017.0607436781,15017.0607436781,0
3,A175,1,0,-1,17855.3346923826,12855.3346923826,0
3,A175,1,0,0,13127.6028670855,8127.60286708548,0
3,A175,1,0,1,15028.4708834538,10028.4708834538,0
3,A175,1,1,-1,18546.8378236217,13546.8378236217,0
3,A175,1,1,0,14053.6889575169,9053.68895751694,0
3,A175,1,1,1,15843.8364474499,10843.8364474499,0
3,A176,-1,-1,-1,19002.5781388033,14002.5781388033,0
3,A176,-1,-1,0,13130.37159386,8130.37159386002,0
3,A176,-1,-1,1,13554.1632152032,8554.16321520319,0
3,A176,-1,0,-1,16371.2901815166,11371.2901815166,0
3,A176,-1,0,0,8906.61689301515,3906.61689301515,0
3,A176,-1,0,1,9520.32072728982,4520.32072728982,0
3,A176,-1,1,-1,19363.37544163,14363.37544163,0
3,A176,-1,1,0,13647.307088398,8647.30708839805,0
3,A176,-1,1,1,14055.5210873365,9055.5210873365,0
3,A176,0,-1,-1,17514.8551647561,12514.8551647561,0
3,A176,0,-1,0,10866.4085011518,5866.40850115176,0
3,A176,0,-1,1,11374.8633391977,6374.86333919773,0
3,A176,0,0,-1,14618.184488112,9618.18448811201,0
3,A176,0,0,0,5000,1.81898940354586e-12,1
3,A176,0,0,1,6025.66861613891,1025.66861613891,0
3,A176,0,1,-1,17905.6550847651,12905.6550847651,0
3,A176,0,1,0,11485.6939836519,6485.69398365187,0
3,A176,0,1,1,11967.8673353951,6967.86733539515,0
3,A176,1,-1,-1,21270.6917368345,16270.6917368345,0
3,A176,1,-1,0,16240.4128406565,11240.4128406565,0
3,A176,1,-1,1,16584.9236207612,11584.9236207612,0
3,A176,1,0,-1,18956.8851146367,13956.8851146367,0
3,A176,1,0,0,13064.1561350535,8064.15613505354,0
3,A176,1,0,1,13490.0280871679,8490.02808716789,0
3,A176,1,1,-1,21593.6254375136,16593.6254375136,0
3,A176,1,1,0,16661.132668794,11661.132668794,0
3,A176,1,1,1,16997.1181109821,11997.1181109821,0
3,A177,-1,-1,-1,14817.3921109481,9817.39211094811,0
3,A177,-1,-1,0,14214.1414694449,9214.14146944489,0
3,A177,-1,-1,1,19609.3989315634,14609.3989315634,0
3,A177,-1,0,-1,10561.6654045958,5561.66540459576,0
3,A177,-1,0,0,9697.18953421251,4697.18953421251,0
3,A177,-1,0,1,16628.9564797749,11628.9564797749,0
3,A177,-1,1,-1,14266.8301758899,9266.8301758899,0
3,A177,-1,1,0,13639.2504197074,8639.25041970739,0
3,A177,-1,1,1,19196.7669349631,14196.7669349631,0
3,A177,0,-1,-1,12008.7315890419,7008.73158904192,0
3,A177,0,-1,0,11255.9470113118,6255.9470113118,0
3,A177,0,-1,1,17583.6017887481,12583.6017887481,0
3,A177,0,0,-1,6016.91794249356,1016.91794249356,0
3,A177,0,0,0,4323.19445208131,-676.805547918691,0
3,A177,0,0,1,14183.677908579,9183.67790857901,0
3,A177,0,1,-1,11322.4100206515,6322.41002065146,0
3,A177,0,1,0,10520.6310371362,5520.63103713623,0
3,A177,0,1,1,17122.2190782433,12122.2190782433,0
3,A177,1,-1,-1,16397.0777819012,11397.0777819012,0
3,A177,1,-1,0,15854.0489632625,10854.0489632625,0
3,A177,1,-1,1,20828.7680210168,15828.7680210168,0
3,A177,1,0,-1,12682.9738994751,7682.97389947511,0
3,A177,1,0,0,11972.657836862,6972.65783686198,0
3,A177,1,0,1,18050.7962268255,13050.7962268255,0
3,A177,1,1,-1,15901.3047918658,10901.3047918658,0
3,A177,1,1,0,15340.7367107196,10340.7367107196,0
3,A177,1,1,1,20440.7659242854,15440.7659242854,0
3,A178,-1,-1,-1,17089.3373713678,12089.3373713678,0
3,A178,-1,-1,0,13018.6179053387,8018.61790533872,0
3,A178,-1,-1,1,15713.7956120723,10713.7956120723,0
3,A178,-1,0,-1,13546.9920032554,8546.99200325545,0
3,A178,-1,0,0,7807.68548989029,2807.68548989029,0
3,A178,-1,0,1,11764.306740383,6764.30674038296,0
3,A178,-1,1,-1,16583.0194138494,11583.0194138494,0
3,A178,-1,1,0,12346.4769571275,7346.47695712752,0
3,A178,-1,1,1,15161.61118172,10161.61118172,0
3,A178,0,-1,-1,15419.6454406623,10419.6454406623,0
3,A178,0,-1,0,10733.3324689266,5733.33246892657,0
3,A178,0,-1,1,13879.6032458169,8879.60324581686,0
3,A178,0,0,-1,11368.421440973,6368.42144097299,0
3,A178,0,0,0,2584.56310279916,-2415.43689720084,0
3,A178,0,0,1,9171.63708424659,4171.63708424659,0
3,A178,0,1,-1,14856.5321190179,9856.53211901794,0
3,A178,0,1,0,9907.34611165817,4907.34611165817,0
3,A178,0,1,1,13251.2062601472,8251.20626014721,0
3,A178,1,-1,-1,19582.785277867,14582.785277867,0
3,A178,1,-1,0,16153.1557168196,11153.1557168196,0
3,A178,1,-1,1,18394.6568324771,13394.6568324771,0
3,A178,1,0,-1,16581.948612358,11581.948612358,0
3,A178,1,0,0,12345.0386858713,7345.03868587127,0
3,A178,1,0,1,15160.4399846586,10160.4399846586,0
3,A178,1,1,-1,19142.5327563183,14142.5327563183,0
3,A178,1,1,0,15616.5143581881,10616.5143581881,0
3,A178,1,1,1,17925.2470296025,12925.2470296025,0
3,A179,-1,-1,-1,13009.5162371724,8009.51623717241,0
3,A179,-1,-1,0,11596.3786815964,6596.37868159638,0
3,A179,-1,-1,1,17311.9751712135,12311.9751712135,0
3,A179,-1,0,-1,10564.6959777562,5564.6959777562,0
3,A179,-1,0,0,8765.91620449046,3765.91620449046,0
3,A179,-1,0,1,15558.591604187,10558.591604187,0
3,A179,-1,1,-1,15936.6900415232,10936.6900415232,0
3,A179,-1,1,0,14805.6264737874,9805.62647378738,0
3,A179,-1,1,1,19607.0156087826,14607.0156087826,0
3,A179,0,-1,-1,10588.9907741113,5588.99077411127,0
3,A179,0,-1,0,8795.18114742067,3795.18114742067,0
3,A179,0,-1,1,15575.0986262583,10575.0986262583,0
3,A179,0,0,-1,7381.87062954771,2381.87062954771,0
3,A179,0,0,0,4440.77693575228,-559.223064247717,0
3,A179,0,0,1,13599.5950526051,8599.59505260505,0
3,A179,0,1,-1,14030.5845341007,9030.58453410065,0
3,A179,0,1,0,12731.2916929224,7731.2916929224,0
3,A179,0,1,1,18091.8289283313,13091.8289283313,0
3,A179,1,-1,-1,15968.9053633358,10968.9053633358,0
3,A179,1,-1,0,14840.297311877,9840.29731187704,0
3,A179,1,-1,1,19633.2093684816,14633.2093684816,0
3,A179,1,0,-1,14048.8870335105,9048.88703351052,0
3,A179,1,0,0,12751.4592373607,7751.45923736066,0
3,A179,1,0,1,18106.02657912,13106.02657912,0
3,A179,1,1,-1,18431.9427966101,13431.9427966101,0
3,A179,1,1,0,17463.2471510666,12463.2471510666,0
3,A179,1,1,1,21683.9453711949,16683.9453711949,0
3,A180,-1,-1,-1,12627.1889891502,7627.18898915019,0
3,A180,-1,-1,0,11749.7889523945,6749.78895239447,0
3,A180,-1,-1,1,17795.2010127424,12795.2010127424,0
3,A180,-1,0,-1,9919.9406990474,4919.9406990474,0
3,A180,-1,0,0,8775.92514386446,3775.92514386446,0
3,A180,-1,0,1,15988.3864348097,10988.3864348097,0
3,A180,-1,1,-1,15406.6396458643,10406.6396458643,0
3,A180,-1,1,0,14696.1281919972,9696.12819199716,0
3,A180,-1,1,1,19864.2347573147,14864.2347573147,0
3,A180,0,-1,-1,10364.7980991915,5364.79809919148,0
3,A180,0,-1,0,9275.81146289093,4275.81146289093,0
3,A180,0,-1,1,16268.1380911644,11268.1380911644,0
3,A180,0,0,-1,6810.90018587152,1810.90018587152,0
3,A180,0,0,0,5000,2.72848410531878e-12,1
3,A180,0,0,1,14269.2550141237,9269.25501412374,0
3,A180,0,1,-1,13614.245592276,8614.24559227598,0
3,A180,0,1,0,12804.6601557754,7804.66015577537,0
3,A180,0,1,1,18508.6725716081,13508.6725716081,0
3,A180,1,-1,-1,15981.6199900477,10981.6199900477,0
3,A180,1,-1,0,15297.8369766574,10297.8369766574,0
3,A180,1,-1,1,20313.4304050911,15313.4304050911,0
3,A180,1,0,-1,13941.7179433236,8941.71794332364,0
3,A180,1,0,0,13152.3054203165,8152.30542031653,0
3,A180,1,0,1,18750.8606876427,13750.8606876427,0
3,A180,1,1,-1,18257.3497779961,13257.3497779961,0
3,A180,1,1,0,17661.8928649845,12661.8928649845,0
3,A180,1,1,1,22148.4558882168,17148.4558882168,0
3,A181,-1,-1,-1,19259.8829310132,14259.8829310132,0
3,A181,-1,-1,0,17706.3975126604,12706.3975126604,0
3,A181,-1,-1,1,21356.2622019013,16356.2622019013,0
3,A181,-1,0,-1,13434.2555416641,8434.25554166412,0
3,A181,-1,0,0,11092.9096416921,6092.90964169215,0
3,A181,-1,0,1,16298.0387371843,11298.0387371843,0
3,A181,-1,1,-1,13784.6056672338,8784.60566723379,0
3,A181,-1,1,0,11514.7199601704,6514.71996017043,0
3,A181,-1,1,1,16588.0136882377,11588.0136882377,0
3,A181,0,-1,-1,16519.3960603161,11519.3960603161,0
3,A181,0,-1,0,14678.6875625036,9678.68756250364,0
3,A181,0,-1,1,18921.8733458823,13921.8733458823,0
3,A181,0,0,-1,9078.90839473483,4078.90839473483,0
3,A181,0,0,0,5000,-9.09494701772928e-13,1
3,A181,0,0,1,12945.0153480022,7945.01534800224,0
3,A181,0,1,-1,9589.71892614102,4589.71892614102,0
3,A181,0,1,0,5876.74496999834,876.74496999834,0
3,A181,0,1,1,13308.2513427728,8308.25134277281,0
3,A181,1,-1,-1,19360.7283406084,14360.7283406084,0
3,A181,1,-1,0,17816.0383991182,12816.0383991182,0
3,A181,1,-1,1,21447.252658531,16447.252658531,0
3,A181,1,0,-1,13578.4363356478,8578.43633564778,0
3,A181,1,0,0,11267.091713537,6267.09171353697,0
3,A181,1,0,1,16417.0879890822,11417.0879890822,0
3,A181,1,1,-1,13925.1594160943,8925.15941609433,0
3,A181,1,1,0,11682.6147383047,6682.6147383047,0
3,A181,1,1,1,16704.996542462,11704.996542462,0
3,A182,-1,-1,-1,16194.3431127727,11194.3431127727,0
3,A182,-1,-1,0,12084.215058608,7084.21505860799,0
3,A182,-1,-1,1,15159.1476775961,10159.1476775961,0
3,A182,-1,0,-1,14103.4608383123,9103.46083831234,0
3,A182,-1,0,0,9092.80552669473,4092.80552669473,0
3,A182,-1,0,1,12901.5742091719,7901.57420917195,0
3,A182,-1,1,-1,18318.2550037227,13318.2550037227,0
3,A182,-1,1,0,14809.7930812653,9809.79308126526,0
3,A182,-1,1,1,17409.809758822,12409.809758822,0
3,A182,0,-1,-1,13596.800983044,8596.80098304401,0
3,A182,0,-1,0,8285.19774664353,3285.19774664353,0
3,A182,0,-1,1,12345.6877665632,7345.68776656317,0
3,A182,0,0,-1,11023.7859075777,6023.78590757771,0
3,A182,0,0,0,2301.16502332824,-2698.83497667176,0
3,A182,0,0,1,9437.5243148333,4437.5243148333,0
3,A182,0,1,-1,16067.8161085977,11067.8161085977,0
3,A182,0,1,0,11914.1184830516,6914.11848305159,0
3,A182,0,1,1,15023.9050834552,10023.9050834552,0
3,A182,1,-1,-1,17535.3712561441,12535.3712561441,0
3,A182,1,-1,0,13829.7053410145,8829.70534101454,0
3,A182,1,-1,1,16584.096434469,11584.096434469,0
3,A182,1,0,-1,15624.9833233322,10624.9833233322,0
3,A182,1,0,0,11309.801438703,6309.80143870299,0
3,A182,1,0,1,14549.3337755159,9549.33377551594,0
3,A182,1,1,-1,19513.8659065294,14513.8659065294,0
3,A182,1,1,0,16265.3763358396,11265.3763358396,0
3,A182,1,1,1,18663.7073507642,13663.7073507642,0
3,A183,-1,-1,-1,14492.9169173548,9492.91691735485,0
3,A183,-1,-1,0,10015.8974295609,5015.89742956085,0
3,A183,-1,-1,1,13805.4975232918,8805.49752329183,0
3,A183,-1,0,-1,14319.2160949629,9319.21609496294,0
3,A183,-1,0,0,9762.86382781092,4762.86382781092,0
3,A183,-1,0,1,13623.0345615987,8623.03456159868,0
3,A183,-1,1,-1,20000.8814399551,15000.8814399551,0
3,A183,-1,1,0,17038.4511890393,12038.4511890393,0
3,A183,-1,1,1,19508.520688853,14508.520688853,0
3,A183,0,-1,-1,11820.7923022516,6820.79230225164,0
3,A183,0,-1,0,5477.65380423999,477.653804239993,0
3,A183,0,-1,1,10967.1441927805,5967.14419278046,0
3,A183,0,0,-1,11607.1718973171,6607.17189731705,0
3,A183,0,0,0,5000,4.54747350886464e-12,1
3,A183,0,0,1,10736.5525447479,5736.55254474793,0
3,A183,0,1,-1,18158.2418822628,13158.2418822628,0
3,A183,0,1,0,14832.2388330587,9832.23883305873,0
3,A183,0,1,1,17614.4505831726,12614.4505831726,0
3,A183,1,-1,-1,16413.9459159762,11413.9459159762,0
3,A183,1,-1,0,12636.8976049791,7636.89760497909,0
3,A183,1,-1,1,15810.2732938068,10810.2732938068,0
3,A183,1,0,-1,16260.7788661395,11260.7788661395,0
3,A183,1,0,0,12437.3023553993,7437.30235539931,0
3,A183,1,0,1,15651.1996481342,10651.1996481342,0
3,A183,1,1,-1,21433.8106302725,16433.8106302725,0
3,A183,1,1,0,18699.780712097,13699.780712097,0
3,A183,1,1,1,20975.1128537286,15975.1128537286,0
3,A184,-1,-1,-1,14034.3055047488,9034.30550474878,0
3,A184,-1,-1,0,11993.2170371654,6993.2170371654,0
3,A184,-1,-1,1,17050.3014284348,12050.3014284348,0
3,A184,-1,0,-1,9490.07811360679,4490.07811360679,0
3,A184,-1,0,0,6077.59051781965,1077.59051781965,0
3,A184,-1,0,1,13557.7516720961,8557.75167209608,0
3,A184,-1,1,-1,13533.7147230203,8533.71472302027,0
3,A184,-1,1,0,11403.3748558937,6403.37485589368,0
3,A184,-1,1,1,16640.6875460109,11640.6875460109,0
3,A184,0,-1,-1,13602.3756931769,8602.37569317693,0
3,A184,0,-1,0,11484.7789877848,6484.77898778479,0
3,A184,0,-1,1,16696.5766640409,11696.5766640409,0
3,A184,0,0,-1,8838.80512852655,3838.80512852655,0
3,A184,0,0,0,4999.99999999999,-6.3664629124105e-12,1
3,A184,0,0,1,13110.1305828711,8110.13058287112,0
3,A184,0,1,-1,13085.2714034446,8085.27140344457,0
3,A184,0,1,0,10867.3755618243,5867.37556182433,0
3,A184,0,1,1,16278.0642430748,11278.0642430748,0
3,A184,1,-1,-1,19315.4735379705,14315.4735379705,0
3,A184,1,-1,0,17887.5107797584,12887.5107797584,0
3,A184,1,-1,1,21606.4473200919,16606.4473200919,0
3,A184,1,0,-1,16315.2496026808,11315.2496026808,0
3,A184,1,0,0,14596.6740560207,9596.67405602073,0
3,A184,1,0,1,18972.0430475382,13972.0430475382,0
3,A184,1,1,-1,18954.8732836575,13954.8732836575,0
3,A184,1,1,0,17497.5068252436,12497.5068252436,0
3,A184,1,1,1,21284.6956520261,16284.6956520261,0
3,A185,-1,-1,-1,17831.1961608803,12831.1961608803,0
3,A185,-1,-1,0,13759.3496235521,8759.34962355213,0
3,A185,-1,-1,1,16145.8306568135,11145.8306568135,0
3,A185,-1,0,-1,15032.893879294,10032.893879294,0
3,A185,-1,0,0,9866.91663699794,4866.91663699794,0
3,A185,-1,0,1,12989.3875705062,7989.38757050615,0
3,A185,-1,1,-1,18276.3300540463,13276.3300540463,0
3,A185,-1,1,0,14331.5172183475,9331.51721834745,0
3,A185,-1,1,1,16636.1212821722,11636.1212821722,0
3,A185,0,-1,-1,14928.7248959068,9928.7248959068,0
3,A185,0,-1,0,9707.46993572581,4707.46993572581,0
3,A185,0,-1,1,12868.6875044961,7868.68750449608,0
3,A185,0,0,-1,11441.2922729904,6441.29227299041,0
3,A185,0,0,0,1507.08805693065,-3492.91194306935,0
3,A185,0,0,1,8581.34371451791,3581.34371451791,0
3,A185,0,1,-1,15457.6683472739,10457.6683472739,0
3,A185,0,1,0,10502.7451777935,5502.74517779355,0
3,A185,0,1,1,13478.7166230698,8478.71662306982,0
3,A185,1,-1,-1,18104.7534506147,13104.7534506147,0
3,A185,1,-1,0,14112.0601983869,9112.06019838693,0
3,A185,1,-1,1,16447.443223135,11447.443223135,0
3,A185,1,0,-1,15356.3810634494,10356.3810634494,0
3,A185,1,0,0,10353.0954260655,5353.09542606554,0
3,A185,1,0,1,13362.4372940183,8362.43729401834,0
3,A185,1,1,-1,18543.3217419153,13543.3217419153,0
3,A185,1,1,0,14670.478068541,9670.47806854098,0
3,A185,1,1,1,16929.0009242984,11929.0009242984,0
3,A186,-1,-1,-1,16237.1399394917,11237.1399394917,0
3,A186,-1,-1,0,14584.2742115916,9584.27421159164,0
3,A186,-1,-1,1,19019.9210078054,14019.9210078054,0
3,A186,-1,0,-1,10415.5720272218,5415.5720272218,0
3,A186,-1,0,0,7585.54424669092,2585.54424669092,0
3,A186,-1,0,1,14373.4763499568,9373.47634995676,0
3,A186,-1,1,-1,12382.3894258683,7382.38942586825,0
3,A186,-1,1,0,10118.2957437562,5118.29574375619,0
3,A186,-1,1,1,15856.7414566289,10856.7414566289,0
3,A186,0,-1,-1,15202.1127444882,10202.1127444882,0
3,A186,0,-1,0,13422.390724472,8422.39072447197,0
3,A186,0,-1,1,18144.3355795866,13144.3355795866,0
3,A186,0,0,-1,8714.56591780333,3714.56591780333,0
3,A186,0,0,0,5000,9.09494701772928e-13,1
3,A186,0,0,1,13193.041380374,8193.04138037399,0
3,A186,0,1,-1,10990.1358670104,5990.13586701039,0
3,A186,0,1,0,8356.9986980739,3356.9986980739,0
3,A186,0,1,1,14795.1264984071,9795.12649840715,0
3,A186,1,-1,-1,19964.0614699921,14964.0614699921,0
3,A186,1,-1,0,18644.5727020462,13644.5727020462,0
3,A186,1,-1,1,22286.2386262497,17286.2386262497,0
3,A186,1,0,-1,15601.3838366099,10601.3838366099,0
3,A186,1,0,0,13872.977996144,8872.97799614395,0
3,A186,1,0,1,18480.147708981,13480.147708981,0
3,A186,1,1,-1,16977.7090579631,11977.7090579631,0
3,A186,1,1,0,15404.5105641531,10404.5105641531,0
3,A186,1,1,1,19655.9224302846,14655.9224302846,0
3,A187,-1,-1,-1,17261.7253091187,12261.7253091187,0
3,A187,-1,-1,0,13703.5752264456,8703.57522644556,0
3,A187,-1,-1,1,16661.5961818259,11661.5961818259,0
3,A187,-1,0,-1,14383.9092417723,9383.90924177234,0
3,A187,-1,0,0,9834.51363387766,4834.51363387766,0
3,A187,-1,0,1,13657.9087621168,8657.90876211682,0
3,A187,-1,1,-1,17771.5089259077,12771.5089259077,0
3,A187,-1,1,0,14340.409437774,9340.40943777404,0
3,A187,-1,1,1,17189.1871879499,12189.1871879499,0
3,A187,0,-1,-1,14203.6453999569,9203.64539995688,0
3,A187,0,-1,0,9568.92658489436,4568.92658489436,0
3,A187,0,-1,1,13467.9311450007,8467.9311450007,0
3,A187,0,0,-1,10520.1343658619,5520.13436586194,0
3,A187,0,0,0,702.880085911635,-4297.11991408837,0
3,A187,0,0,1,9503.41274251271,4503.41274251271,0
3,A187,0,1,-1,14819.0050780699,9819.00507806993,0
3,A187,0,1,0,10460.5795653608,5460.57956536082,0
3,A187,0,1,1,14115.4007446698,9115.40074466985,0
3,A187,1,-1,-1,17479.1282576667,12479.1282576667,0
3,A187,1,-1,0,13976.4350958084,8976.43509580836,0
3,A187,1,-1,1,16886.7270756273,11886.7270756273,0
3,A187,1,0,-1,14644.0980970504,9644.0980970504,0
3,A187,1,0,0,10211.2889693425,5211.28896934255,0
3,A187,1,0,1,13931.6630649323,8931.66306493229,0
3,A187,1,1,-1,17982.7498871588,12982.7498871588,0
3,A187,1,1,0,14601.3734574351,9601.37345743509,0
3,A187,1,1,1,17407.4960917092,12407.4960917092,0
3,A188,-1,-1,-1,13783.854443446,8783.854443446,0
3,A188,-1,-1,0,12001.1617930769,7001.16179307691,0
3,A188,-1,-1,1,17264.4468619505,12264.4468619505,0
3,A188,-1,0,-1,9744.5776823715,4744.5776823715,0
3,A188,-1,0,0,6999.28819761522,1999.28819761522,0
3,A188,-1,0,1,14248.6236647186,9248.62366471859,0
3,A188,-1,1,-1,14139.2696097585,9139.26960975846,0
3,A188,-1,1,0,12407.74702204,7407.74702203999,0
3,A188,-1,1,1,17549.5135895114,12549.5135895114,0
3,A188,0,-1,-1,12686.7170511076,7686.71705110758,0
3,A188,0,-1,0,10723.1539483664,5723.15394836644,0
3,A188,0,-1,1,16401.8069634376,11401.8069634376,0
3,A188,0,0,-1,8118.80166185444,3118.80166185444,0
3,A188,0,0,0,4466.33871196905,-533.661288030949,0
3,A188,0,0,1,13190.2017632611,8190.2017632611,0
3,A188,0,1,-1,13071.9964547959,8071.99645479592,0
3,A188,0,1,0,11176.3291102088,6176.32911020877,0
3,A188,0,1,1,16701.6039183428,11701.6039183428,0
3,A188,1,-1,-1,18218.4229765263,13218.4229765263,0
3,A188,1,-1,0,16909.883997743,11909.883997743,0
3,A188,1,-1,1,20975.6386763938,15975.6386763938,0
3,A188,1,0,-1,15390.6818120994,10390.6818120994,0
3,A188,1,0,0,13816.8856008433,8816.8856008433,0
3,A188,1,0,1,18572.5487957979,13572.5487957979,0
3,A188,1,1,-1,18488.7868052762,13488.7868052762,0
3,A188,1,1,0,17200.8278462537,12200.8278462537,0
3,A188,1,1,1,21210.886819319,16210.886819319,0
3,A189,-1,-1,-1,16869.7828015234,11869.7828015234,0
3,A189,-1,-1,0,13359.2980522635,8359.29805226346,0
3,A189,-1,-1,1,16503.0941683021,11503.0941683021,0
3,A189,-1,0,-1,14240.9470800856,9240.94708008558,0
3,A189,-1,0,0,9832.8961357493,4832.8961357493,0
3,A189,-1,0,1,13804.6049959812,8804.60499598121,0
3,A189,-1,1,-1,17917.0191634943,12917.0191634943,0
3,A189,-1,1,0,14659.4968666615,9659.49686666145,0
3,A189,-1,1,1,17572.1973885537,12572.1973885537,0
3,A189,0,-1,-1,13743.0946316637,8743.09463166365,0
3,A189,0,-1,0,9096.91830970786,4096.91830970786,0
3,A189,0,-1,1,13290.417428062,8290.41742806199,0
3,A189,0,0,-1,10348.316385871,5348.31638587096,0
3,A189,0,0,0,984.339728305846,-4015.66027169415,0
3,A189,0,0,1,9739.10660067734,4739.10660067734,0
3,A189,0,1,-1,15010.0850760183,10010.0850760183,0
3,A189,0,1,0,10917.1391246949,5917.13912469492,0
3,A189,0,1,1,14596.7530412274,9596.75304122736,0
3,A189,1,-1,-1,17121.7910377142,12121.7910377142,0
3,A189,1,-1,0,13676.1471554596,8676.1471554596,0
3,A189,1,-1,1,16760.6167457054,11760.6167457054,0
3,A189,1,0,-1,14538.5945093181,9538.59450931805,0
3,A189,1,0,0,10259.2398833934,5259.23988339335,0
3,A189,1,0,1,14111.4590196636,9111.45901966358,0
3,A189,1,1,-1,18154.4961999389,13154.4961999389,0
3,A189,1,1,0,14948.8128275202,9948.81282752019,0
3,A189,1,1,1,17814.2717401208,12814.2717401208,0
3,A190,-1,-1,-1,14524.588859049,9524.58885904899,0
3,A190,-1,-1,0,11302.4789368588,6302.47893685878,0
3,A190,-1,-1,1,15637.403195923,10637.403195923,0
3,A190,-1,0,-1,10471.1397899994,5471.13978999937,0
3,A190,-1,0,0,5140.73118295777,140.731182957772,0
3,A190,-1,0,1,11967.0157386527,6967.01573865267,0
3,A190,-1,1,-1,14433.4976869436,9433.49768694359,0
3,A190,-1,1,0,11185.1778739872,6185.17787398718,0
3,A190,-1,1,1,15552.8310177427,10552.8310177427,0
3,A190,0,-1,-1,14475.3778682622,9475.37786826222,0
3,A190,0,-1,0,11239.1686980266,6239.16869802665,0
3,A190,0,-1,1,15591.7048976829,10591.7048976829,0
3,A190,0,0,-1,10402.7713329802,5402.77133298015,0
3,A190,0,0,0,5000,9.09494701772928e-13,1
3,A190,0,0,1,11907.2393355356,6907.23933553561,0
3,A190,0,1,-1,14383.9750550247,9383.97505502466,0
3,A190,0,1,0,11121.1998892789,6121.19988927895,0
3,A190,0,1,1,15506.8834899545,10506.8834899545,0
3,A190,1,-1,-1,20201.7189202687,15201.7189202687,0
3,A190,1,-1,0,18024.7550864711,13024.7550864711,0
3,A190,1,-1,1,21016.0449305047,16016.0449305047,0
3,A190,1,0,-1,17515.437028828,12515.437028828,0
3,A190,1,0,0,14952.3537580063,9952.35375800631,0
3,A190,1,0,1,18448.718966321,13448.718966321,0
3,A190,1,1,-1,20136.3259133372,15136.3259133372,0
3,A190,1,1,0,17951.433644193,12951.433644193,0
3,A190,1,1,1,20953.1935149654,15953.1935149654,0
3,A191,-1,-1,-1,15601.4977155399,10601.4977155399,0
3,A191,-1,-1,0,11383.3106414708,6383.31064147079,0
3,A191,-1,-1,1,14688.5258400034,9688.52584000337,0
3,A191,-1,0,-1,11825.876112439,6825.87611243898,0
3,A191,-1,0,0,5101.40921892959,101.409218929587,0
3,A191,-1,0,1,10592.3277050516,5592.32770505164,0
3,A191,-1,1,-1,15371.9211774427,10371.9211774427,0
3,A191,-1,1,0,11066.5708725755,6066.57087257555,0
3,A191,-1,1,1,14444.4460284901,9444.44602849006,0
3,A191,0,-1,-1,15568.6336892168,10568.6336892168,0
3,A191,0,-1,0,11338.226719432,6338.22671943202,0
3,A191,0,-1,1,14653.6144119281,9653.6144119281,0
3,A191,0,0,-1,11782.4857227911,6782.48572279106,0
3,A191,0,0,0,5000,-9.09494701772928e-13,1
3,A191,0,0,1,10543.8622047248,5543.86220472483,0
3,A191,0,1,-1,15338.5652740578,10338.5652740578,0
3,A191,0,1,0,11020.1912351264,6020.19123512645,0
3,A191,0,1,1,14408.943231583,9408.94323158303,0
3,A191,1,-1,-1,21008.5215788745,16008.5215788745,0
3,A191,1,-1,0,18097.8178000073,13097.8178000073,0
3,A191,1,-1,1,20339.7158120385,15339.7158120385,0
3,A191,1,0,-1,18379.406785552,13379.406785552,0
3,A191,1,0,0,14965.8151793018,9965.8151793018,0
3,A191,1,0,1,17611.0378505426,12611.0378505426,0
3,A191,1,1,-1,20838.5990087518,15838.5990087518,0
3,A191,1,1,0,17900.2859988263,12900.2859988263,0
3,A191,1,1,1,20164.1580293352,15164.1580293352,0
3,A192,-1,-1,-1,14836.0207005569,9836.02070055687,0
3,A192,-1,-1,0,13349.4597845431,8349.45978454305,0
3,A192,-1,-1,1,18338.7197713175,13338.7197713175,0
3,A192,-1,0,-1,9708.70781893764,4708.70781893764,0
3,A192,-1,0,0,7235.99155785033,2235.99155785033,0
3,A192,-1,0,1,14507.2444019208,9507.24440192078,0
3,A192,-1,1,-1,12977.3073015803,7977.30730158032,0
3,A192,-1,1,0,11247.7140393695,6247.71403936952,0
3,A192,-1,1,1,16870.4367881573,11870.4367881573,0
3,A192,0,-1,-1,13787.9468024818,8787.94680248179,0
3,A192,0,-1,0,12174.0725864375,7174.07258643747,0
3,A192,0,-1,1,17501.674481364,12501.674481364,0
3,A192,0,0,-1,8016.1695537343,3016.1695537343,0
3,A192,0,0,0,4728.58759313997,-271.412406860033,0
3,A192,0,0,1,13433.5440944591,8433.54409445913,0
3,A192,0,1,-1,11764.7979838315,6764.79798383151,0
3,A192,0,1,0,9824.00315106557,4824.00315106557,0
3,A192,0,1,1,15956.5536449425,10956.5536449425,0
3,A192,1,-1,-1,18976.4971432766,13976.4971432766,0
3,A192,1,-1,0,17838.3858614103,12838.3858614103,0
3,A192,1,-1,1,21824.4948727879,16824.4948727879,0
3,A192,1,0,-1,15305.5199557197,10305.5199557197,0
3,A192,1,0,0,13869.3730004897,8869.37300048972,0
3,A192,1,0,1,18720.5788836375,13720.5788836375,0
3,A192,1,1,-1,17561.618330925,12561.618330925,0
3,A192,1,1,0,16325.164768322,11325.164768322,0
3,A192,1,1,1,20606.1051881388,15606.1051881388,0
3,A193,-1,-1,-1,16408.6396156277,11408.6396156277,0
3,A193,-1,-1,0,14857.3564083177,9857.3564083177,0
3,A193,-1,-1,1,19293.4865913865,14293.4865913865,0
3,A193,-1,0,-1,10526.0072177901,5526.00721779007,0
3,A193,-1,0,0,7892.68099933104,2892.68099933104,0
3,A193,-1,0,1,14621.6277741377,9621.62777413766,0
3,A193,-1,1,-1,12343.0223957664,7343.0223957664,0
3,A193,-1,1,0,10190.5734515101,5190.57345151015,0
3,A193,-1,1,1,15979.5298015572,10979.5298015572,0
3,A193,0,-1,-1,15229.8732981711,10229.8732981711,0
3,A193,0,-1,0,13544.2469737737,8544.24697377369,0
3,A193,0,-1,1,18301.4811284445,13301.4811284445,0
3,A193,0,0,-1,8573.35492043618,3573.35492043618,0
3,A193,0,0,0,5000,-3.63797880709171e-12,1
3,A193,0,0,1,13285.2393809157,8285.23938091567,0
3,A193,0,1,-1,10726.4061318407,5726.40613184069,0
3,A193,0,1,0,8158.02512336302,3158.02512336302,0
3,A193,0,1,1,14766.5486597801,9766.54865978014,0
3,A193,1,-1,-1,19865.9162215374,14865.9162215374,0
3,A193,1,-1,0,18605.1662913659,13605.1662913659,0
3,A193,1,-1,1,22308.0657641493,17308.0657641493,0
3,A193,1,0,-1,15369.0598682732,10369.0598682732,0
3,A193,1,0,0,13700.568843767,8700.56884376699,0
3,A193,1,0,1,18417.4692086354,13417.4692086354,0
3,A193,1,1,-1,16666.1745805085,11666.1745805085,0
3,A193,1,1,0,15141.299830471,10141.299830471,0
3,A193,1,1,1,19512.9840353661,14512.9840353661,0
3,A194,-1,-1,-1,14956.7292640502,9956.72926405016,0
3,A194,-1,-1,0,11193.169826247,6193.16982624701,0
3,A194,-1,-1,1,15062.216013599,10062.216013599,0
3,A194,-1,0,-1,11109.8879525397,6109.88795253974,0
3,A194,-1,0,0,5001.29091326427,1.29091326427169,0
3,A194,-1,0,1,11251.4981793631,6251.49817936313,0
3,A194,-1,1,-1,14938.3891486961,9938.38914869609,0
3,A194,-1,1,0,11168.651254247,6168.651254247,0
3,A194,-1,1,1,15044.0044974769,10044.0044974769,0
3,A194,0,-1,-1,14956.2976527948,9956.29765279478,0
3,A194,0,-1,0,11192.5930847193,6192.59308471932,0
3,A194,0,-1,1,15061.787425177,10061.787425177,0
3,A194,0,0,-1,11109.3068874205,6109.30688742047,0
3,A194,0,0,0,5000,-2.72848410531878e-12,1
3,A194,0,0,1,11250.9244278465,6250.92442784645,0
3,A194,0,1,-1,14937.9570075289,9937.95700752888,0
3,A194,0,1,0,11168.0732465315,6168.07324653152,0
3,A194,0,1,1,15043.5753902124,10043.5753902124,0
3,A194,1,-1,-1,20583.4382132795,15583.4382132795,0
3,A194,1,-1,0,18035.0001153592,13035.0001153592,0
3,A194,1,-1,1,20660.2161083111,15660.2161083111,0
3,A194,1,0,-1,17983.430949621,12983.430949621,0
3,A194,1,0,0,14999.5696338562,9999.56963385617,0
3,A194,1,0,1,18071.2586634692,13071.2586634692,0
3,A194,1,1,-1,20570.1154289343,15570.1154289343,0
3,A194,1,1,0,18019.793262987,13019.793262987,0
3,A194,1,1,1,20646.9428662431,15646.9428662431,0
3,A195,-1,-1,-1,18669.2753963816,13669.2753963816,0
3,A195,-1,-1,0,13497.5201238154,8497.5201238154,0
3,A195,-1,-1,1,14690.9582791479,9690.95827914791,0
3,A195,-1,0,-1,16345.2537810558,11345.2537810558,0
3,A195,-1,0,0,10040.3449559256,5040.34495592562,0
3,A195,-1,0,1,11595.2461164412,6595.24611644115,0
3,A195,-1,1,-1,19641.6088574306,14641.6088574306,0
3,A195,-1,1,0,14813.3049713816,9813.30497138165,0
3,A195,-1,1,1,15908.3377460382,10908.3377460382,0
3,A195,0,-1,-1,16122.4610662887,11122.4610662887,0
3,A195,0,-1,0,9673.41493480236,4673.41493480236,0
3,A195,0,-1,1,11279.014237411,6279.01423741099,0
3,A195,0,0,-1,13362.6055907961,8362.60559079605,0
3,A195,0,0,0,3492.91194306935,-1507.08805693065,0
3,A195,0,0,1,6770.64542779336,1770.64542779336,0
3,A195,0,1,-1,17239.0459572551,12239.0459572551,0
3,A195,0,1,0,11437.9155086587,6437.91550865872,0
3,A195,0,1,1,12824.4733556618,7824.47335566175,0
3,A195,1,-1,-1,19269.8120863191,14269.8120863191,0
3,A195,1,-1,0,14316.6638400471,9316.66384004712,0
3,A195,1,-1,1,15446.9436839711,10446.9436839711,0
3,A195,1,0,-1,17027.9515850624,12027.9515850624,0
3,A195,1,0,0,11117.2092203975,6117.20922039753,0
3,A195,1,0,1,12539.2801434913,7539.28014349127,0
3,A195,1,1,-1,20213.2781241541,15213.2781241541,0
3,A195,1,1,0,15563.3485532925,10563.3485532925,0
3,A195,1,1,1,16609.0043006236,11609.0043006236,0
3,A196,-1,-1,-1,13730.7481153841,8730.74811538414,0
3,A196,-1,-1,0,10215.9577602637,5215.95776026367,0
3,A196,-1,-1,1,14839.0748401259,9839.07484012592,0
3,A196,-1,0,-1,13097.8949181626,8097.89491816262,0
3,A196,-1,0,0,9348.11213232901,4348.11213232901,0
3,A196,-1,0,1,14255.5094468757,9255.50944687574,0
3,A196,-1,1,-1,18830.1953990482,13830.1953990482,0
3,A196,-1,1,0,16444.1055675796,11444.1055675796,0
3,A196,-1,1,1,19653.0139436441,14653.0139436441,0
3,A196,0,-1,-1,11034.7248751031,6034.72487510309,0
3,A196,0,-1,0,6131.6802118657,1131.6802118657,0
3,A196,0,-1,1,12386.680401623,7386.68040162303,0
3,A196,0,0,-1,10236.5306890726,5236.53068907255,0
3,A196,0,0,0,4540.804961644,-459.195038356004,0
3,A196,0,0,1,11681.2353306942,6681.23533069415,0
3,A196,0,1,-1,16964.9040087891,11964.9040087891,0
3,A196,0,1,0,14270.2598847672,9270.2598847672,0
3,A196,0,1,1,17873.798318493,12873.798318493,0
3,A196,1,-1,-1,15968.6211781203,10968.6211781203,0
3,A196,1,-1,0,13070.1649370495,8070.16493704954,0
3,A196,1,-1,1,16931.0826775208,11931.0826775208,0
3,A196,1,0,-1,15427.8407371031,10427.8407371031,0
3,A196,1,0,0,12403.65345214,7403.65345214,0
3,A196,1,0,1,16422.0269185065,11422.0269185065,0
3,A196,1,1,-1,20519.2513822635,15519.2513822635,0
3,A196,1,1,0,18354.073837704,13354.073837704,0
3,A196,1,1,1,21276.8506972074,16276.8506972074,0
3,A197,-1,-1,-1,18393.1674824004,13393.1674824004,0
3,A197,-1,-1,0,16090.4759716127,11090.4759716127,0
3,A197,-1,-1,1,19480.7141540155,14480.7141540155,0
3,A197,-1,0,-1,13651.455682122,8651.45568212195,0
3,A197,-1,0,0,10342.0041190455,5342.00411904545,0
3,A197,-1,0,1,15084.8220458767,10084.8220458767,0
3,A197,-1,1,-1,15310.645788021,10310.645788021,0
3,A197,-1,1,0,12450.3285660925,7450.32856609254,0
3,A197,-1,1,1,16601.3700748183,11601.3700748183,0
3,A197,0,-1,-1,15464.7922763449,10464.7922763449,0
3,A197,0,-1,0,12639.4069128226,7639.40691282265,0
3,A197,0,-1,1,16743.6380176269,11743.6380176269,0
3,A197,0,0,-1,9338.81321987984,4338.81321987984,0
3,A197,0,0,0,2794.32269310754,-2205.67730689246,0
3,A197,0,0,1,11331.5067961251,6331.50679612509,0
3,A197,0,1,-1,11630.4369892584,6630.43698925837,0
3,A197,0,1,0,7474.0799780657,2474.0799780657,0
3,A197,0,1,1,13283.6997284618,8283.69972846179,0
3,A197,1,-1,-1,18439.3869275895,13439.3869275895,0
3,A197,1,-1,0,16143.2895415641,11143.2895415641,0
3,A197,1,-1,1,19524.3592514629,14524.3592514629,0
3,A197,1,0,-1,13713.6655373633,8713.66553736327,0
3,A197,1,0,0,10423.9833762376,5423.98337623763,0
3,A197,1,0,1,15141.1438268544,10141.1438268544,0
3,A197,1,1,-1,15366.1398755827,10366.1398755827,0
3,A197,1,1,0,12518.508762364,7518.50876236404,0
3,A197,1,1,1,16652.5634240137,11652.5634240137,0
3,A198,-1,-1,-1,17254.6683414235,12254.6683414235,0
3,A198,-1,-1,0,13720.9177555598,8720.91775555975,0
3,A198,-1,-1,1,16697.4126300199,11697.4126300199,0
3,A198,-1,0,-1,12650.9798674541,7650.97986745411,0
3,A198,-1,0,0,7112.47468108266,2112.47468108266,0
3,A198,-1,0,1,11879.7011987404,6879.70119874043,0
3,A198,-1,1,-1,14912.1092955,9912.10929549995,0
3,A198,-1,1,0,10625.9591625062,5625.95916250617,0
3,A198,-1,1,1,14263.6255070568,9263.62550705681,0
3,A198,0,-1,-1,16151.8073496574,11151.8073496574,0
3,A198,0,-1,0,12305.3193840209,7305.31938402089,0
3,A198,0,-1,1,15555.0920802505,10555.0920802505,0
3,A198,0,0,-1,11099.7564250147,6099.75642501467,0
3,A198,0,0,0,3707.37065546017,-1292.62934453983,0
3,A198,0,0,1,10211.983238298,5211.98323829803,0
3,A198,0,1,-1,13620.8775315272,8620.87753152716,0
3,A198,0,1,0,8721.71480909426,3721.71480909426,0
3,A198,0,1,1,12907.6842885735,7907.68428857349,0
3,A198,1,-1,-1,20592.1873959124,15592.1873959124,0
3,A198,1,-1,0,17736.3521117135,12736.3521117135,0
3,A198,1,-1,1,20127.5480551655,15127.5480551655,0
3,A198,1,0,-1,16922.2307566875,11922.2307566875,0
3,A198,1,0,0,13300.4472956699,8300.44729566989,0
3,A198,1,0,1,16353.6510525083,11353.6510525083,0
3,A198,1,1,-1,18673.1252289697,13673.1252289697,0
3,A198,1,1,0,15466.9198711023,10466.9198711023,0
3,A198,1,1,1,18159.4497378476,13159.4497378476,0
3,A199,-1,-1,-1,17559.2641889623,12559.2641889623,0
3,A199,-1,-1,0,14615.2239507315,9615.22395073152,0
3,A199,-1,-1,1,17857.2613634426,12857.2613634426,0
3,A199,-1,0,-1,13964.8676583368,8964.86765833677,0
3,A199,-1,0,0,10014.7162209981,5014.71622099811,0
3,A199,-1,0,1,14337.7666761384,9337.76667613841,0
3,A199,-1,1,-1,16784.1383029319,11784.1383029319,0
3,A199,-1,1,0,13674.2206667952,8674.22066679519,0
3,A199,-1,1,1,17095.6521699662,12095.6521699662,0
3,A199,0,-1,-1,14441.1169755953,9441.11697559531,0
3,A199,0,-1,0,10668.7802383913,5668.78023839134,0
3,A199,0,-1,1,14802.0229714506,9802.02297145062,0
3,A199,0,0,-1,9758.87439000592,4758.87439000592,0
3,A199,0,0,0,715.989966532897,-4284.0100334671,0
3,A199,0,0,1,10285.4097587037,5285.40975870374,0
3,A199,0,1,-1,13487.9723908748,8487.97239087475,0
3,A199,0,1,0,9338.22314411377,4338.22314411377,0
3,A199,0,1,1,13873.6953895321,8873.69538953211,0
3,A199,1,-1,-1,17571.6806295778,12571.6806295778,0
3,A199,1,-1,0,14630.139179794,9630.13917979398,0
3,A199,1,-1,1,17869.4707446081,12869.4707446081,0
3,A199,1,0,-1,13980.4767445523,8980.47674455226,0
3,A199,1,0,0,10036.4706085969,5036.47060859688,0
3,A199,1,0,1,14352.9702343972,9352.97023439718,0
3,A199,1,1,-1,16797.1277265505,11797.1277265505,0
3,A199,1,1,0,13690.1611434751,8690.16114347509,0
3,A199,1,1,1,17108.4050807367,12108.4050807367,0
3,A200,-1,-1,-1,17845.9879571007,12845.9879571007,0
3,A200,-1,-1,0,15147.8918565649,10147.8918565649,0
3,A200,-1,-1,1,18450.9612007448,13450.9612007448,0
3,A200,-1,0,-1,13812.5322464172,8812.53224641722,0
3,A200,-1,0,0,10087.8832562396,5087.88325623956,0
3,A200,-1,0,1,14585.7714956982,9585.77149569819,0
3,A200,-1,1,-1,16220.1358795679,11220.1358795679,0
3,A200,-1,1,0,13193.6404939975,8193.64049399749,0
3,A200,-1,1,1,16883.4679795963,11883.4679795963,0
3,A200,0,-1,-1,14796.3869219986,9796.38692199864,0
3,A200,0,-1,0,11397.9124175744,6397.91241757436,0
3,A200,0,-1,1,15520.6877750923,10520.6877750923,0
3,A200,0,0,-1,9551.95408483648,4551.95408483648,0
3,A200,0,0,0,1489.68734035956,-3510.31265964044,0
3,A200,0,0,1,10639.4788361663,5639.47883616631,0
3,A200,0,1,-1,12788.5334472783,7788.53344727831,0
3,A200,0,1,0,8632.84016215749,3632.84016215749,0
3,A200,0,1,1,13620.0319676043,8620.03196760428,0
3,A200,1,-1,-1,17871.3974195081,12871.3974195081,0
3,A200,1,-1,0,15177.8189229943,10177.8189229943,0
3,A200,1,-1,1,18475.5386604128,13475.5386604128,0
3,A200,1,0,-1,13845.3460274322,8845.34602743223,0
3,A200,1,0,0,10132.76606621,5132.76606620998,0
3,A200,1,0,1,14616.8495130018,9616.84951300176,0
3,A200,1,1,-1,16248.0881186885,11248.0881186885,0
3,A200,1,1,0,13227.9896071122,8227.9896071122,0
3,A200,1,1,1,16910.3237869377,11910.3237869377,0
3,A201,-1,-1,-1,15780.9993495928,10780.9993495928,0
3,A201,-1,-1,0,12778.9125817673,7778.91258176734,0
3,A201,-1,-1,1,16660.1702594258,11660.1702594258,0
3,A201,-1,0,-1,13290.682594443,8290.68259444305,0
3,A201,-1,0,0,9534.3017639907,4534.3017639907,0
3,A201,-1,0,1,14323.5322608441,9323.53226084407,0
3,A201,-1,1,-1,17442.6072357494,12442.6072357494,0
3,A201,-1,1,0,14781.9218466754,9781.92184667544,0
3,A201,-1,1,1,18241.8716085227,13241.8716085227,0
3,A201,0,-1,-1,12684.7125244045,7684.71252440448,0
3,A201,0,-1,0,8669.6365625895,3669.6365625895,0
3,A201,0,-1,1,13763.1124542377,8763.11245423772,0
3,A201,0,0,-1,9407.66895575989,4407.66895575989,0
3,A201,0,0,0,1662.79929088666,-3337.20070911334,0
3,A201,0,0,1,10817.8356329895,5817.83563298953,0
3,A201,0,1,-1,14700.5625244598,9700.56252445983,0
3,A201,0,1,0,11417.8458929939,6417.8458929939,0
3,A201,0,1,1,15640.5841047182,10640.5841047182,0
3,A201,1,-1,-1,16515.5660872318,11515.5660872318,0
3,A201,1,-1,0,13675.6933821407,8675.69338214066,0
3,A201,1,-1,1,17357.5705610817,12357.5705610817,0
3,A201,1,0,-1,14155.0777651027,9155.07776510272,0
3,A201,1,0,0,10706.3949505289,5706.39495052887,0
3,A201,1,0,1,15129.0303435916,10129.0303435916,0
3,A201,1,1,-1,18109.9014323792,13109.9014323792,0
3,A201,1,1,0,15563.714087296,10563.714087296,0
3,A201,1,1,1,18880.9391316136,13880.9391316136,0
3,A202,-1,-1,-1,21345.4033713172,16345.4033713172,0
3,A202,-1,-1,0,17224.6213885684,12224.6213885684,0
3,A202,-1,-1,1,18377.9465358569,13377.9465358569,0
3,A202,-1,0,-1,16592.2850733987,11592.2850733987,0
3,A202,-1,0,0,10787.27309621,5787.27309621004,0
3,A202,-1,0,1,12546.9756414645,7546.9756414645,0
3,A202,-1,1,-1,17175.028466632,12175.028466632,0
3,A202,-1,1,0,11663.7446699122,6663.74466991223,0
3,A202,-1,1,1,13308.0530739922,8308.05307399218,0
3,A202,0,-1,-1,19085.6224481159,14085.6224481159,0
3,A202,0,-1,0,14329.0725843409,9329.07258434093,0
3,A202,0,-1,1,15696.6129474673,10696.6129474673,0
3,A202,0,0,-1,13562.3988698428,8562.39886984281,0
3,A202,0,0,0,5000,2.72848410531878e-12,1
3,A202,0,0,1,8127.81255291279,3127.81255291279,0
3,A202,0,1,-1,14269.4198192289,9269.4198192289,0
3,A202,0,1,0,6684.13635952239,1684.13635952239,0
3,A202,0,1,1,9259.53647695044,4259.53647695044,0
3,A202,1,-1,-1,21746.1657167375,16746.1657167375,0
3,A202,1,-1,0,17718.8334908112,12718.8334908112,0
3,A202,1,-1,1,18841.9318853025,13841.9318853025,0
3,A202,1,0,-1,17104.7771763474,12104.7771763474,0
3,A202,1,0,0,11560.0492709929,6560.04927099289,0
3,A202,1,0,1,13217.2643176669,8217.26431766687,0
3,A202,1,1,-1,17670.6276381227,12670.6276381227,0
3,A202,1,1,0,12381.9391865924,7381.93918659239,0
3,A202,1,1,1,13941.7988407436,8941.79884074358,0
3,A203,-1,-1,-1,19666.2028215208,14666.2028215208,0
3,A203,-1,-1,0,15447.9137803307,10447.9137803307,0
3,A203,-1,-1,1,17044.5459579265,12044.5459579265,0
3,A203,-1,0,-1,14776.0471683111,9776.04716831107,0
3,A203,-1,0,0,8379.14534230625,3379.14534230625,0
3,A203,-1,0,1,11049.3702723201,6049.37027232012,0
3,A203,-1,1,-1,15808.3397744075,10808.3397744075,0
3,A203,-1,1,0,10088.712166102,5088.71216610197,0
3,A203,-1,1,1,12395.9920909055,7395.99209090555,0
3,A203,0,-1,-1,18481.0567000293,13481.0567000293,0
3,A203,0,-1,0,13907.8382035829,8907.83820358285,0
3,A203,0,-1,1,15662.2626157391,10662.2626157391,0
3,A203,0,0,-1,13157.5641078682,8157.56410786818,0
3,A203,0,0,0,5000,1.81898940354586e-12,1
3,A203,0,0,1,8768.03893395433,3768.03893395433,0
3,A203,0,1,-1,14307.1146551505,9307.11465515051,0
3,A203,0,1,0,7521.43845969382,2521.43845969382,0
3,A203,0,1,1,10413.9590574527,5413.95905745266,0
3,A203,1,-1,-1,22278.6754561892,17278.6754561892,0
3,A203,1,-1,0,18660.5971723722,13660.5971723722,0
3,A203,1,-1,1,20002.4096942565,15002.4096942565,0
3,A203,1,0,-1,18108.3245107097,13108.3245107097,0
3,A203,1,0,0,13408.576484195,8408.57648419501,0
3,A203,1,0,1,15220.6580041681,10220.6580041681,0
3,A203,1,1,-1,18960.0488682949,13960.0488682949,0
3,A203,1,1,0,14538.2928789961,9538.2928789961,0
3,A203,1,1,1,16224.6869486843,11224.6869486843,0
3,A204,-1,-1,-1,13595.4349584266,8595.43495842656,0
3,A204,-1,-1,0,12593.3268723664,7593.3268723664,0
3,A204,-1,-1,1,18230.4117265553,13230.4117265553,0
3,A204,-1,0,-1,11378.5666402296,6378.56664022963,0
3,A204,-1,0,0,10160.1086997928,5160.1086997928,0
3,A204,-1,0,1,16642.831453724,11642.831453724,0
3,A204,-1,1,-1,16556.1984121804,11556.1984121804,0
3,A204,-1,1,0,15743.6887630868,10743.6887630868,0
3,A204,-1,1,1,20533.3817447201,15533.3817447201,0
3,A204,0,-1,-1,10041.3260100202,5041.32601002018,0
3,A204,0,-1,0,8636.21780902766,3636.21780902766,0
3,A204,0,-1,1,15758.8162007946,10758.8162007946,0
3,A204,0,0,-1,6742.71125859972,1742.71125859972,0
3,A204,0,0,0,4384.08315640866,-615.916843591338,0
3,A204,0,0,1,13891.587926791,8891.58792679098,0
3,A204,0,1,-1,13787.6786368912,8787.67863689124,0
3,A204,0,1,0,12800.6293673259,7800.62936732588,0
3,A204,0,1,1,18374.224941616,13374.224941616,0
3,A204,1,-1,-1,14724.8295192239,9724.82951922394,0
3,A204,1,-1,0,13804.9496332173,8804.94963321733,0
3,A204,1,-1,1,19087.5002129961,14087.5002129961,0
3,A204,1,0,-1,12706.5546647212,7706.55466472121,0
3,A204,1,0,0,11628.0936293533,6628.09362935331,0
3,A204,1,0,1,17577.5024237935,12577.5024237935,0
3,A204,1,1,-1,17495.4982359717,12495.4982359717,0
3,A204,1,1,0,16728.6726469958,11728.6726469958,0
3,A204,1,1,1,21297.9932983322,16297.9932983322,0
3,A205,-1,-1,-1,12839.099974639,7839.09997463903,0
3,A205,-1,-1,0,11845.9313099047,6845.93130990467,0
3,A205,-1,-1,1,17771.0351144547,12771.0351144547,0
3,A205,-1,0,-1,9393.62513795833,4393.62513795833,0
3,A205,-1,0,0,7982.71843877049,2982.71843877049,0
3,A205,-1,0,1,15466.3309842021,10466.3309842021,0
3,A205,-1,1,-1,14547.7798411369,9547.7798411369,0
3,A205,-1,1,0,13679.2360439607,8679.23604396068,0
3,A205,-1,1,1,19042.1926044927,14042.1926044927,0
3,A205,0,-1,-1,11230.257988403,6230.25798840301,0
3,A205,0,-1,0,10079.7963732554,5079.79637325543,0
3,A205,0,-1,1,16645.8972532723,11645.8972532723,0
3,A205,0,0,-1,7036.78900918567,2036.78900918567,0
3,A205,0,0,0,5000,-1.81898940354586e-12,1
3,A205,0,0,1,14159.2231580763,9159.22315807628,0
3,A205,0,1,-1,13149.6807806693,8149.68078066927,0
3,A205,0,1,0,12181.8596722219,7181.85967222191,0
3,A205,0,1,1,17996.7026289237,12996.7026289237,0
3,A205,1,-1,-1,16952.7254685907,11952.7254685907,0
3,A205,1,-1,0,16213.5283406669,11213.5283406669,0
3,A205,1,-1,1,20937.0986933197,15937.0986933197,0
3,A205,1,0,-1,14518.6984915009,9518.69849150088,0
3,A205,1,0,0,13648.3041557299,8648.30415572989,0
3,A205,1,0,1,19019.9844050282,14019.9844050282,0
3,A205,1,1,-1,18280.8728172595,13280.8728172595,0
3,A205,1,1,0,17597.5541312144,12597.5541312144,0
3,A205,1,1,1,22026.2913773795,17026.2913773795,0
3,A206,-1,-1,-1,12732.3576795897,7732.3576795897,0
3,A206,-1,-1,0,11736.3609164449,6736.36091644485,0
3,A206,-1,-1,1,17702.2993715817,12702.2993715817,0
3,A206,-1,0,-1,9505.74362864174,4505.74362864174,0
3,A206,-1,0,0,8123.32428341442,3123.32428341442,0
3,A206,-1,0,1,15544.0545834592,10544.0545834592,0
3,A206,-1,1,-1,14785.3099996557,9785.30999965572,0
3,A206,-1,1,0,13936.8083600933,8936.80836009331,0
3,A206,-1,1,1,19231.8450166908,14231.8450166908,0
3,A206,0,-1,-1,11005.6592109467,6005.65921094673,0
3,A206,0,-1,0,9836.34943195614,4836.34943195614,0
3,A206,0,-1,1,16504.0299814194,11504.0299814194,0
3,A206,0,0,-1,7026.43327157902,2026.43327157902,0
3,A206,0,0,0,5000.00000000001,6.3664629124105e-12,1
3,A206,0,0,1,14164.3649868269,9164.36498682689,0
3,A206,0,1,-1,13327.3025917629,8327.30259176286,0
3,A206,0,1,0,12379.2661273783,7379.26612737832,0
3,A206,0,1,1,18134.9239130608,13134.9239130608,0
3,A206,1,-1,-1,16737.2679148655,11737.2679148655,0
3,A206,1,-1,0,15992.666217177,10992.666217177,0
3,A206,1,-1,1,20770.0411221086,15770.0411221086,0
3,A206,1,0,-1,14435.4552095333,9435.45520953331,0
3,A206,1,0,0,13565.0876365208,8565.08763652081,0
3,A206,1,0,1,18964.1988511652,13964.1988511652,0
3,A206,1,1,-1,18347.4411556189,13347.4411556189,0
3,A206,1,1,0,17670.8186691773,12670.8186691773,0
3,A206,1,1,1,22088.165788924,17088.165788924,0
3,A207,-1,-1,-1,13845.7539450666,8845.75394506657,0
3,A207,-1,-1,0,11747.8620655196,6747.86206551962,0
3,A207,-1,-1,1,16861.7799746534,11861.7799746534,0
3,A207,-1,0,-1,9754.1619515542,4754.1619515542,0
3,A207,-1,0,0,6438.24791230471,1438.24791230471,0
3,A207,-1,0,1,13702.4960128965,8702.4960128965,0
3,A207,-1,1,-1,14091.9284857314,9091.92848573143,0
3,A207,-1,1,0,12037.0182873549,7037.01828735494,0
3,A207,-1,1,1,17064.5002872415,12064.5002872415,0
3,A207,0,-1,-1,13099.7724344199,8099.77243441985,0
3,A207,0,-1,0,10858.7015170661,5858.70151706615,0
3,A207,0,-1,1,16254.807271693,11254.807271693,0
3,A207,0,0,-1,8662.72537388825,3662.72537388825,0
3,A207,0,0,0,4620.62460134513,-379.375398654873,0
3,A207,0,0,1,12948.2636870626,7948.26368706261,0
3,A207,0,1,-1,13359.6999956297,8359.69999562972,0
3,A207,0,1,0,11170.8972234274,6170.89722342736,0
3,A207,0,1,1,16465.0024469942,11465.0024469942,0
3,A207,1,-1,-1,18748.4178895139,13748.4178895139,0
3,A207,1,-1,0,17257.187898467,12257.187898467,0
3,A207,1,-1,1,21074.1048437684,16074.1048437684,0
3,A207,1,0,-1,15966.9015914067,10966.9015914067,0
3,A207,1,0,0,14186.2365422552,9186.23654225516,0
3,A207,1,0,1,18642.8717754525,13642.8717754525,0
3,A207,1,1,-1,18930.9460804126,13930.9460804126,0
3,A207,1,1,0,17455.3166772373,12455.3166772373,0
3,A207,1,1,1,21236.6532463518,16236.6532463518,0
3,A208,-1,-1,-1,19523.3000619623,14523.3000619623,0
3,A208,-1,-1,0,15583.3117927006,10583.3117927006,0
3,A208,-1,-1,1,17450.5004956197,12450.5004956197,0
3,A208,-1,0,-1,15428.2911265904,10428.2911265904,0
3,A208,-1,0,0,9985.61606541789,4985.61606541789,0
3,A208,-1,0,1,12704.0501150237,7704.05011502374,0
3,A208,-1,1,-1,17172.8008450643,12172.8008450643,0
3,A208,-1,1,0,12513.4108053457,7513.41080534569,0
3,A208,-1,1,1,14773.8218177439,9773.82181774388,0
3,A208,0,-1,-1,17028.2487214258,12028.2487214258,0
3,A208,0,-1,0,12314.2850234125,7314.2850234125,0
3,A208,0,-1,1,14605.5460958139,9605.54609581388,0
3,A208,0,0,-1,12117.5152690702,7117.51526907018,0
3,A208,0,0,0,2917.96802848347,-2082.03197151653,0
3,A208,0,0,1,8378.2395844446,3378.2395844446,0
3,A208,0,1,-1,14272.5995555666,9272.59955556658,0
3,A208,0,1,0,8086.25124471545,3086.25124471545,0
3,A208,0,1,1,11272.4363077271,6272.43630772713,0
3,A208,1,-1,-1,19969.0576574875,14969.0576574875,0
3,A208,1,-1,0,16138.2658562549,11138.2658562549,0
3,A208,1,-1,1,17947.8128463126,12947.8128463126,0
3,A208,1,0,-1,15988.6267548363,10988.6267548363,0
3,A208,1,0,0,10831.2763155859,5831.27631558587,0
3,A208,1,0,1,13378.9725967159,8378.97259671587,0
3,A208,1,1,-1,17677.9271206462,12677.9271206462,0
3,A208,1,1,0,13198.0857855214,8198.0857855214,0
3,A208,1,1,1,15358.0542231457,10358.0542231457,0
3,A209,-1,-1,-1,17241.2078922744,12241.2078922744,0
3,A209,-1,-1,0,13558.7500204171,8558.75002041706,0
3,A209,-1,-1,1,16444.4566540732,11444.4566540732,0
3,A209,-1,0,-1,14014.1670021759,9014.16700217586,0
3,A209,-1,0,0,9109.18927766943,4109.18927766943,0
3,A209,-1,0,1,13021.4354749367,8021.43547493673,0
3,A209,-1,1,-1,17191.1170069057,12191.1170069057,0
3,A209,-1,1,0,13494.9974611578,8494.99746115782,0
3,A209,-1,1,1,16391.9312165525,11391.9312165525,0
3,A209,0,-1,-1,14682.3847087258,9682.38470872579,0
3,A209,0,-1,0,10107.0704591666,5107.07045916659,0
3,A209,0,-1,1,13738.0248142916,8738.02481429157,0
3,A209,0,0,-1,10710.2776768519,5710.27767685195,0
3,A209,0,0,0,1136.00195721934,-3863.99804278066,0
3,A209,0,0,1,9373.95076679727,4373.95076679727,0
3,A209,0,1,-1,14623.5315534765,9623.53155347645,0
3,A209,0,1,0,10021.3835186093,5021.38351860931,0
3,A209,0,1,1,13675.1080492473,8675.10804924727,0
3,A209,1,-1,-1,18272.536547656,13272.536547656,0
3,A209,1,-1,0,14848.0990169434,9848.09901694343,0
3,A209,1,-1,1,17522.7422782078,12522.7422782078,0
3,A209,1,0,-1,15265.0980693106,10265.0980693106,0
3,A209,1,0,0,10936.3463550312,5936.34635503122,0
3,A209,1,0,1,14359.1129297299,9359.11292972994,0
3,A209,1,1,-1,18225.2804161121,13225.2804161121,0
3,A209,1,1,0,14789.9052998135,9789.90529981355,0
3,A209,1,1,1,17473.4584816225,12473.4584816225,0
3,A210,-1,-1,-1,14626.4908237358,9626.49082373583,0
3,A210,-1,-1,0,12029.5668326041,7029.56683260413,0
3,A210,-1,-1,1,16597.7927009392,11597.7927009392,0
3,A210,-1,0,-1,12695.2844058679,7695.28440586786,0
3,A210,-1,0,0,9588.87326588127,4588.87326588127,0
3,A210,-1,0,1,14923.8981125038,9923.89811250376,0
3,A210,-1,1,-1,17561.4993230907,12561.4993230907,0
3,A210,-1,1,0,15465.5262709736,10465.5262709736,0
3,A210,-1,1,1,19234.3117163427,14234.3117163427,0
3,A210,0,-1,-1,11429.379691886,6429.37969188597,0
3,A210,0,-1,0,7836.25959910442,2836.25959910442,0
3,A210,0,-1,1,13863.0158648043,8863.01586480435,0
3,A210,0,0,-1,8824.21285273302,3824.21285273302,0
3,A210,0,0,0,2939.89401740938,-2060.10598259062,0
3,A210,0,0,1,11807.5916764114,6807.59167641142,0
3,A210,0,1,-1,15003.4244357541,10003.4244357541,0
3,A210,0,1,0,12485.1507464925,7485.15074649252,0
3,A210,0,1,1,16930.8958276254,11930.8958276254,0
3,A210,1,-1,-1,15726.6400246767,10726.6400246767,0
3,A210,1,-1,0,13345.5404847096,8345.54048470961,0
3,A210,1,-1,1,17574.9735474135,12574.9735474135,0
3,A210,1,0,-1,13948.5920004424,8948.5920004424,0
3,A210,1,0,0,11195.5108484636,6195.51084846361,0
3,A210,1,0,1,16003.6154515574,11003.6154515574,0
3,A210,1,1,-1,18487.8130432955,13487.8130432955,0
3,A210,1,1,0,16509.8599475316,11509.8599475316,0
3,A210,1,1,1,20083.6181961909,15083.6181961909,0
3,A211,-1,-1,-1,14360.1501160406,9360.15011604062,0
3,A211,-1,-1,0,11237.9035790341,6237.9035790341,0
3,A211,-1,-1,1,15696.0836627521,10696.0836627521,0
3,A211,-1,0,-1,10342.2610674917,5342.26106749168,0
3,A211,-1,0,0,5199.89706480811,199.897064808109,0
3,A211,-1,0,1,12129.1176505567,7129.11765055669,0
3,A211,-1,1,-1,14412.1759849471,9412.17598494713,0
3,A211,-1,1,0,11304.3081220185,6304.30812201846,0
3,A211,-1,1,1,15743.6954878446,10743.6954878446,0
3,A211,0,-1,-1,14288.9811347983,9288.98113479829,0
3,A211,0,-1,0,11146.8178134868,6146.81781348683,0
3,A211,0,-1,1,15630.9984602236,10630.9984602236,0
3,A211,0,0,-1,10243.214070962,5243.21407096201,0
3,A211,0,0,0,5000,-1.81898940354586e-12,1
3,A211,0,0,1,12044.7733684136,7044.77336841361,0
3,A211,0,1,-1,14341.2651860457,9341.26518604571,0
3,A211,0,1,0,11213.7617521032,6213.7617521032,0
3,A211,0,1,1,15678.8079307509,10678.8079307509,0
3,A211,1,-1,-1,20053.3302068764,15053.3302068764,0
3,A211,1,-1,0,17950.2818329537,12950.2818329537,0
3,A211,1,-1,1,21030.6724423855,16030.6724423855,0
3,A211,1,0,-1,17403.5773626848,12403.5773626848,0
3,A211,1,0,0,14931.8810106229,9931.88101062288,0
3,A211,1,0,1,18521.2752263943,13521.2752263943,0
3,A211,1,1,-1,20090.6186478139,15090.6186478139,0
3,A211,1,1,0,17991.929389266,12991.929389266,0
3,A211,1,1,1,21066.2310023596,16066.2310023596,0
3,A212,-1,-1,-1,14233.6287698697,9233.62876986966,0
3,A212,-1,-1,0,11803.1746921224,6803.17469212239,0
3,A212,-1,-1,1,16614.2612735883,11614.2612735883,0
3,A212,-1,0,-1,10665.299050183,5665.29905018298,0
3,A212,-1,0,0,7104.03749174589,2104.03749174589,0
3,A212,-1,0,1,13681.5968928495,8681.59689284948,0
3,A212,-1,1,-1,14996.7002937715,9996.70029377152,0
3,A212,-1,1,0,12712.9762272846,7712.97622728463,0
3,A212,-1,1,1,17272.4783806436,12272.4783806436,0
3,A212,0,-1,-1,12876.1787848595,7876.17878485952,0
3,A212,0,-1,0,10124.9555531846,5124.9555531846,0
3,A212,0,-1,1,15467.173943816,10467.173943816,0
3,A212,0,0,-1,8772.02348212995,3772.02348212995,0
3,A212,0,0,0,3696.90963175142,-1303.09036824858,0
3,A212,0,0,1,12263.1923119404,7263.19231194038,0
3,A212,0,1,-1,13714.9849377392,8714.98493773916,0
3,A212,0,1,0,11172.2673033145,6172.26730331445,0
3,A212,0,1,1,16172.1458548644,11172.1458548644,0
3,A212,1,-1,-1,18138.2406048898,13138.2406048898,0
3,A212,1,-1,0,16300.7520407854,11300.7520407854,0
3,A212,1,-1,1,20060.7393171205,15060.7393171205,0
3,A212,1,0,-1,15496.7153975365,10496.7153975365,0
3,A212,1,0,0,13299.1327900184,8299.13279001836,0
3,A212,1,0,1,17708.3505110114,12708.3505110114,0
3,A212,1,1,-1,18743.0148050845,13743.0148050845,0
3,A212,1,1,0,16971.1328095067,11971.1328095067,0
3,A212,1,1,1,20609.1749881506,15609.1749881506,0
3,A213,-1,-1,-1,15269.096877788,10269.096877788,0
3,A213,-1,-1,0,11400.1336021634,6400.13360216335,0
3,A213,-1,-1,1,15059.2421067952,10059.2421067952,0
3,A213,-1,0,-1,13381.1817465169,8381.18174651686,0
3,A213,-1,0,0,8710.55403618022,3710.55403618022,0
3,A213,-1,0,1,13141.2129691713,8141.21296917127,0
3,A213,-1,1,-1,18026.8336211149,13026.8336211149,0
3,A213,-1,1,0,14892.4295226554,9892.42952265537,0
3,A213,-1,1,1,17849.4309088877,12849.4309088877,0
3,A213,0,-1,-1,12850.0100683181,7850.01006831813,0
3,A213,0,-1,0,7870.22778830301,2870.22778830301,0
3,A213,0,-1,1,12599.9290523271,7599.9290523271,0
3,A213,0,0,-1,10537.2417750528,5537.24177505285,0
3,A213,0,0,0,2801.99766413508,-2198.00233586492,0
3,A213,0,0,1,10230.78284364,5230.78284363997,0
3,A213,0,1,-1,16029.478147961,11029.478147961,0
3,A213,0,1,0,12400.0764666941,7400.07646669407,0
3,A213,0,1,1,15829.7069797189,10829.7069797189,0
3,A213,1,-1,-1,17236.5947347056,12236.5947347056,0
3,A213,1,-1,0,13925.4416350929,8925.44163509293,0
3,A213,1,-1,1,17050.9721545805,12050.9721545805,0
3,A213,1,0,-1,15588.8069947165,10588.8069947165,0
3,A213,1,0,0,11824.9156530785,6824.91565307852,0
3,A213,1,0,1,15383.314236091,10383.314236091,0
3,A213,1,1,-1,19721.0955321596,14721.0955321596,0
3,A213,1,1,0,16903.8260660852,11903.8260660852,0
3,A213,1,1,1,19559.0659888544,14559.0659888544,0
3,A214,-1,-1,-1,16001.0721050516,11001.0721050516,0
3,A214,-1,-1,0,12724.1846242127,7724.18462421265,0
3,A214,-1,-1,1,16363.8455196521,11363.8455196521,0
3,A214,-1,0,-1,11155.0464887773,6155.04648877734,0
3,A214,-1,0,0,5505.05476873494,505.054768734935,0
3,A214,-1,0,1,11669.4555934182,6669.45559341818,0
3,A214,-1,1,-1,13886.5336143512,8886.53361435118,0
3,A214,-1,1,0,9935.10853803283,4935.10853803283,0
3,A214,-1,1,1,14303.0397993741,9303.03979937413,0
3,A214,0,-1,-1,15834.4144351564,10834.4144351564,0
3,A214,0,-1,0,12513.9620562106,7513.96205621059,0
3,A214,0,-1,1,16200.9201030147,11200.9201030147,0
3,A214,0,0,-1,10914.6431073129,5914.64310731287,0
3,A214,0,0,0,5000,3.63797880709171e-12,1
3,A214,0,0,1,11439.8673873427,6439.86738734273,0
3,A214,0,1,-1,13694.1661964405,8694.16619644051,0
3,A214,0,1,0,9664.40653406724,4664.40653406724,0
3,A214,0,1,1,14116.3493685765,9116.34936857647,0
3,A214,1,-1,-1,21105.0480335279,16105.0480335279,0
3,A214,1,-1,0,18742.8284508371,13742.8284508371,0
3,A214,1,-1,1,21381.3980875315,16381.3980875315,0
3,A214,1,0,-1,17715.0728520444,12715.0728520444,0
3,A214,1,0,0,14822.0906755164,9822.09067551635,0
3,A214,1,0,1,18043.4181305322,13043.4181305322,0
3,A214,1,1,-1,19550.5641813469,14550.5641813469,0
3,A214,1,1,0,16973.3651833969,11973.3651833969,0
3,A214,1,1,1,19848.5690035564,14848.5690035564,0
3,A215,-1,-1,-1,17575.8029820044,12575.8029820044,0
3,A215,-1,-1,0,14108.4565570476,9108.4565570476,0
3,A215,-1,-1,1,17005.5356393724,12005.5356393724,0
3,A215,-1,0,-1,14291.3740559938,9291.3740559938,0
3,A215,-1,0,0,9715.09487180628,4715.09487180628,0
3,A215,-1,0,1,13583.9156478558,8583.91564785577,0
3,A215,-1,1,-1,17308.3186460855,12308.3186460855,0
3,A215,-1,1,0,13773.800866656,8773.80086665602,0
3,A215,-1,1,1,16728.9355989602,11728.9355989602,0
3,A215,0,-1,-1,14659.9249423189,9659.92494231886,0
3,A215,0,-1,0,10249.5412226249,5249.54122262488,0
3,A215,0,-1,1,13971.1413719192,8971.14137191916,0
3,A215,0,0,-1,10499.9010119391,5499.90101193911,0
3,A215,0,0,0,622.589126458353,-4377.41087354165,0
3,A215,0,0,1,9514.58423580602,4514.58423580602,0
3,A215,0,1,-1,14338.1464355271,9338.14643552706,0
3,A215,0,1,0,9783.76916972603,4783.76916972603,0
3,A215,0,1,1,13633.1153859397,8633.1153859397,0
3,A215,1,-1,-1,17914.1828774469,12914.1828774469,0
3,A215,1,-1,0,14527.8231034961,9527.82310349607,0
3,A215,1,-1,1,17355.0378877817,12355.0378877817,0
3,A215,1,0,-1,14705.5251559646,9705.52515596459,0
3,A215,1,0,0,10314.6578262476,5314.65782624763,0
3,A215,1,0,1,14018.9822038704,9018.98220387043,0
3,A215,1,1,-1,17651.8268759583,12651.8268759583,0
3,A215,1,1,0,14203.0520670266,9203.05206702661,0
3,A215,1,1,1,17084.0974001711,12084.0974001711,0
3,A216,-1,-1,-1,15087.8162674739,10087.8162674739,0
3,A216,-1,-1,0,11180.7038862304,6180.70388623044,0
3,A216,-1,-1,1,14912.2124133908,9912.2124133908,0
3,A216,-1,0,-1,11299.0601930833,6299.06019308333,0
3,A216,-1,0,0,5003.46888842515,3.46888842514909,0
3,A216,-1,0,1,11063.4822993466,6063.48229934665,0
3,A216,-1,1,-1,15089.5766266914,10089.5766266914,0
3,A216,-1,1,0,11183.079291649,6183.07929164899,0
3,A216,-1,1,1,14913.9934998587,9913.99349985867,0
3,A216,0,-1,-1,15086.6662587734,10086.6662587734,0
3,A216,0,-1,0,11179.1519568405,6179.15195684046,0
3,A216,0,-1,1,14911.0488613192,9911.04886131919,0
3,A216,0,0,-1,11297.5245221899,6297.52452218989,0
3,A216,0,0,0,5000,-9.09494701772928e-13,1
3,A216,0,0,1,11061.9139243857,6061.9139243857,0
3,A216,0,1,-1,15088.4267521618,10088.4267521618,0
3,A216,0,1,0,11181.5276919511,6181.52769195113,0
3,A216,0,1,1,14912.8300867538,9912.83008675376,0
3,A216,1,-1,-1,20677.8334911125,15677.8334911125,0
3,A216,1,-1,0,18026.0571827755,13026.0571827755,0
3,A216,1,-1,1,20550.0529738298,15550.0529738298,0
3,A216,1,0,-1,18099.7060587194,13099.7060587194,0
3,A216,1,0,0,14998.8432581503,9998.84325815033,0
3,A216,1,0,1,17953.5856795538,12953.5856795538,0
3,A216,1,1,-1,20679.1179922625,15679.1179922625,0
3,A216,1,1,0,18027.5306298015,13027.5306298015,0
3,A216,1,1,1,20551.3454615251,15551.3454615251,0
3,A217,-1,-1,-1,13892.364269066,8892.36426906598,0
3,A217,-1,-1,0,12160.9177945844,7160.91779458445,0
3,A217,-1,-1,1,17400.5189068849,12400.5189068849,0
3,A217,-1,0,-1,12410.1614783458,7410.16147834577,0
3,A217,-1,0,0,10435.6238213552,5435.62382135523,0
3,A217,-1,0,1,16241.6865245902,11241.6865245902,0
3,A217,-1,1,-1,17748.9839386037,12748.9839386037,0
3,A217,-1,1,0,16429.1377581124,11429.1377581124,0
3,A217,-1,1,1,20610.8394806532,15610.8394806532,0
3,A217,0,-1,-1,10054.7895565051,5054.78955650506,0
3,A217,0,-1,0,7482.57506797111,2482.57506797111,0
3,A217,0,-1,1,14521.6757390476,9521.67573904756,0
3,A217,0,0,-1,7881.18747142836,2881.18747142836,0
3,A217,0,0,0,4123.50004025937,-876.499959740629,0
3,A217,0,0,1,13110.8119201001,8110.81192010009,0
3,A217,0,1,-1,14937.4508834003,9937.45088340027,0
3,A217,0,1,0,13342.3227181857,8342.32271818574,0
3,A217,0,1,1,18245.7587438406,13245.7587438406,0
3,A217,1,-1,-1,14463.7409084505,9463.74090845053,0
3,A217,1,-1,0,12809.7594703806,7809.75947038058,0
3,A217,1,-1,1,17860.0132785848,12860.0132785848,0
3,A217,1,0,-1,13046.613506998,8046.61350699796,0
3,A217,1,0,0,11185.0015924541,6185.00159245412,0
3,A217,1,0,1,16733.0331155299,11733.0331155299,0
3,A217,1,1,-1,18199.6826053417,13199.6826053417,0
3,A217,1,1,0,16915.0401583147,11915.0401583147,0
3,A217,1,1,1,21000.2076222979,16000.2076222979,0
3,A218,-1,-1,-1,15871.7510937331,10871.7510937331,0
3,A218,-1,-1,0,14123.678291644,9123.67829164396,0
3,A218,-1,-1,1,18629.1195226798,13629.1195226798,0
3,A218,-1,0,-1,11746.0484357426,6746.04843574259,0
3,A218,-1,0,0,9248.53823905419,4248.53823905419,0
3,A218,-1,0,1,15267.6542161422,10267.6542161422,0
3,A218,-1,1,-1,14967.525678221,9967.52567822096,0
3,A218,-1,1,0,13099.3370302714,8099.33703027143,0
3,A218,-1,1,1,17865.0059148346,12865.0059148346,0
3,A218,0,-1,-1,13179.7864804208,8179.78648042084,0
3,A218,0,-1,0,11012.3829107928,6012.38291079276,0
3,A218,0,-1,1,16396.2917477812,11396.2917477812,0
3,A218,0,0,-1,7730.71424532537,2730.71424532537,0
3,A218,0,0,0,2707.35081718519,-2292.64918281481,0
3,A218,0,0,1,12445.7042449092,7445.70424490916,0
3,A218,0,1,-1,12075.6413418199,7075.64134181988,0
3,A218,0,1,0,9663.69078151335,4663.69078151335,0
3,A218,0,1,1,15522.6520036089,10522.6520036089,0
3,A218,1,-1,-1,17190.1442855361,12190.1442855361,0
3,A218,1,-1,0,15590.6018569517,10590.6018569517,0
3,A218,1,-1,1,19764.4294622036,14764.4294622036,0
3,A218,1,0,-1,13474.3545905154,8474.35459051536,0
3,A218,1,0,0,11363.2758188552,6363.27581885519,0
3,A218,1,0,1,16633.996604539,11633.996604539,0
3,A218,1,1,-1,16358.9548169905,11358.9548169905,0
3,A218,1,1,0,14669.0561526218,9669.05615262182,0
3,A218,1,1,1,19045.918568376,14045.918568376,0
3,A219,-1,-1,-1,13517.5653894875,8517.56538948749,0
3,A219,-1,-1,0,11327.5161543541,6327.51615435412,0
3,A219,-1,-1,1,16549.9447248393,11549.9447248393,0
3,A219,-1,0,-1,12689.2872672692,7689.28726726924,0
3,A219,-1,0,0,10325.0210420785,5325.02104207855,0
3,A219,-1,0,1,15880.6205070031,10880.6205070031,0
3,A219,-1,1,-1,18420.4084819933,13420.4084819933,0
3,A219,-1,1,0,16878.9661061208,11878.9661061208,0
3,A219,-1,1,1,20748.1937763185,15748.1937763185,0
3,A219,0,-1,-1,9856.96626220139,4856.96626220139,0
3,A219,0,-1,0,6538.18262686658,1538.18262686658,0
3,A219,0,-1,1,13723.5520267292,8723.55202672921,0
3,A219,0,0,-1,8686.38136316772,3686.38136316772,0
3,A219,0,0,0,4587.0763405977,-412.9236594023,0
3,A219,0,0,1,12908.4978801778,7908.4978801778,0
3,A219,0,1,-1,15929.4274372496,10929.4274372496,0
3,A219,0,1,0,14118.594358033,9118.59435803304,0
3,A219,0,1,1,18572.0961341138,13572.0961341138,0
3,A219,1,-1,-1,14546.3051572997,9546.30515729966,0
3,A219,1,-1,0,12537.2661253308,7537.26612533077,0
3,A219,1,-1,1,17400.3186771234,12400.3186771234,0
3,A219,1,0,-1,13780.0011255984,8780.00112559843,0
3,A219,1,0,0,11639.4363776593,6639.43637765925,0
3,A219,1,0,1,16764.9791934753,11764.9791934753,0
3,A219,1,1,-1,19188.0657783349,14188.0657783349,0
3,A219,1,1,0,17713.5517748923,12713.5517748923,0
3,A219,1,1,1,21432.6378369503,16432.6378369503,0
3,A220,-1,-1,-1,16845.3596263595,11845.3596263595,0
3,A220,-1,-1,0,14486.1105025504,9486.11050255044,0
3,A220,-1,-1,1,18328.3565559714,13328.3565559714,0
3,A220,-1,0,-1,11113.0929469014,6113.09294690141,0
3,A220,-1,0,0,7041.45520451482,2041.45520451482,0
3,A220,-1,0,1,13253.8050365888,8253.80503658884,0
3,A220,-1,1,-1,12776.3660229173,7776.36602291733,0
3,A220,-1,1,0,9450.75580587476,4450.75580587476,0
3,A220,-1,1,1,14676.4451367828,9676.44513678276,0
3,A220,0,-1,-1,16099.1940650517,11099.1940650517,0
3,A220,0,-1,0,13611.2198606485,8611.21986064855,0
3,A220,0,-1,1,17645.0152350638,12645.0152350638,0
3,A220,0,0,-1,9945.79023754679,4945.79023754679,0
3,A220,0,0,0,5000,1.81898940354586e-12,1
3,A220,0,0,1,12291.5115649264,7291.51156492638,0
3,A220,0,1,-1,11775.1194199621,6775.11941996206,0
3,A220,0,1,0,8045.78733904188,3045.78733904188,0
3,A220,0,1,1,13813.6146774045,8813.61467740452,0
3,A220,1,-1,-1,20847.1091076678,15847.1091076678,0
3,A220,1,-1,0,18991.6617150192,13991.6617150192,0
3,A220,1,-1,1,22062.7394320933,17062.7394320933,0
3,A220,1,0,-1,16563.1111827486,11563.1111827486,0
3,A220,1,0,0,14156.9032137262,9156.9032137262,0
3,A220,1,0,1,18069.287898352,13069.287898352,0
3,A220,1,1,-1,17722.0581749745,12722.0581749745,0
3,A220,1,1,0,15496.8578269241,10496.8578269241,0
3,A220,1,1,1,19137.2374980982,14137.2374980982,0
3,A221,-1,-1,-1,15025.9721225636,10025.9721225636,0
3,A221,-1,-1,0,11309.9736634049,6309.97366340494,0
3,A221,-1,-1,1,15167.4378293029,10167.4378293029,0
3,A221,-1,0,-1,11087.2823199739,6087.28231997387,0
3,A221,-1,0,0,5006.34550162705,6.34550162704909,0
3,A221,-1,0,1,11278.2605627161,6278.26056271611,0
3,A221,-1,1,-1,14834.9526543752,9834.95265437518,0
3,A221,-1,1,0,11054.9304066742,6054.93040667418,0
3,A221,-1,1,1,14978.2226026744,9978.22260267438,0
3,A221,0,-1,-1,15023.8591229549,10023.8591229549,0
3,A221,0,-1,0,11307.1662668085,6307.1662668085,0
3,A221,0,-1,1,15165.3445402374,10165.3445402374,0
3,A221,0,0,-1,11084.4185215619,6084.41852156187,0
3,A221,0,0,0,5000,-9.09494701772928e-13,1
3,A221,0,0,1,11275.4452700927,6275.44527009271,0
3,A221,0,1,-1,14832.812443225,9832.81244322505,0
3,A221,0,1,0,11052.0582252695,6052.05822526954,0
3,A221,0,1,1,14976.1028660197,9976.10286601972,0
3,A221,1,-1,-1,20631.3559337416,15631.3559337416,0
3,A221,1,-1,0,18104.9306461966,13104.9306461966,0
3,A221,1,-1,1,20734.6130839822,15734.6130839822,0
3,A221,1,0,-1,17966.6590850799,12966.6590850799,0
3,A221,1,0,0,14997.8833412698,9997.88334126981,0
3,A221,1,0,1,18085.1367359275,13085.1367359275,0
3,A221,1,1,-1,20492.6530662633,15492.6530662633,0
3,A221,1,1,0,17946.7126720491,12946.7126720491,0
3,A221,1,1,1,20596.6055885901,15596.6055885901,0
3,A222,-1,-1,-1,12385.4085589515,7385.40855895155,0
3,A222,-1,-1,0,10825.770401604,5825.77040160396,0
3,A222,-1,-1,1,16762.9431903929,11762.9431903929,0
3,A222,-1,0,-1,9979.31086030411,4979.31086030411,0
3,A222,-1,0,0,7961.50770034656,2961.50770034656,0
3,A222,-1,0,1,15072.6429161833,10072.6429161833,0
3,A222,-1,1,-1,15677.2110185778,10677.2110185778,0
3,A222,-1,1,0,14476.6676047049,9476.66760470485,0
3,A222,-1,1,1,19322.8586020083,14322.8586020083,0
3,A222,0,-1,-1,10724.3992983044,5724.39929830444,0
3,A222,0,-1,0,8877.59539095845,3877.59539095845,0
3,A222,0,-1,1,15575.9641609006,10575.9641609006,0
3,A222,0,0,-1,7823.10938079648,2823.10938079648,0
3,A222,0,0,0,5000,-2.72848410531878e-12,1
3,A222,0,0,1,13740.4133713689,8740.41337136893,0
3,A222,0,1,-1,14401.0187298795,9401.01872987947,0
3,A222,0,1,0,13083.8946829464,8083.89468294641,0
3,A222,0,1,1,18302.6571756816,13302.6571756816,0
3,A222,1,-1,-1,16632.1115751066,11632.1115751066,0
3,A222,1,-1,0,15505.6794453803,10505.6794453803,0
3,A222,1,-1,1,20105.3489071685,15105.3489071685,0
3,A222,1,0,-1,14927.0035680718,9927.0035680718,0
3,A222,1,0,0,13660.6879452435,8660.68794524355,0
3,A222,1,0,1,18719.3310444956,13719.3310444956,0
3,A222,1,1,-1,19209.4699457237,14209.4699457237,0
3,A222,1,1,0,18242.8806719705,13242.8806719705,0
3,A222,1,1,1,22284.5609072257,17284.5609072257,0
3,A223,-1,-1,-1,16564.5995814182,11564.5995814182,0
3,A223,-1,-1,0,14396.0245293504,9396.02452935039,0
3,A223,-1,-1,1,18441.9382171885,13441.9382171885,0
3,A223,-1,0,-1,10819.9659903941,5819.96599039406,0
3,A223,-1,0,0,7066.20315234594,2066.20315234594,0
3,A223,-1,0,1,13520.0144211152,8520.01442111521,0
3,A223,-1,1,-1,12639.5161605913,7639.51616059135,0
3,A223,-1,1,0,9623.76910211323,4623.76910211323,0
3,A223,-1,1,1,15015.874755995,10015.874755995,0
3,A223,0,-1,-1,15794.1360100037,10794.1360100037,0
3,A223,0,-1,0,13502.3810959191,8502.38109591913,0
3,A223,0,-1,1,17753.136574036,12753.136574036,0
3,A223,0,0,-1,9598.98104191588,4598.98104191588,0
3,A223,0,0,0,5000.00000000001,5.45696821063757e-12,1
3,A223,0,0,1,12564.2175624644,7564.21756246443,0
3,A223,0,1,-1,11611.4659618683,6611.4659618683,0
3,A223,0,1,0,8227.13223064792,3227.13223064792,0
3,A223,0,1,1,14161.4006262624,9161.40062626241,0
3,A223,1,-1,-1,20603.9681933425,15603.9681933425,0
3,A223,1,-1,0,18904.5779712008,13904.5779712008,0
3,A223,1,-1,1,22141.4234236679,17141.4234236679,0
3,A223,1,0,-1,16346.5351084821,11346.5351084821,0
3,A223,1,0,0,14144.5669078193,9144.56690781929,0
3,A223,1,0,1,18246.3239028226,13246.3239028226,0
3,A223,1,1,-1,17603.8323893805,12603.8323893805,0
3,A223,1,1,0,15580.5801480671,10580.5801480671,0
3,A223,1,1,1,19380.7647090429,14380.7647090429,0
3,A224,-1,-1,-1,17191.332006859,12191.332006859,0
3,A224,-1,-1,0,14786.7808626046,9786.78086260455,0
3,A224,-1,-1,1,18486.640592258,13486.640592258,0
3,A224,-1,0,-1,12301.0308002697,7301.03080026966,0
3,A224,-1,0,0,8626.83898411334,3626.83898411334,0
3,A224,-1,0,1,14054.5132596776,9054.51325967756,0
3,A224,-1,1,-1,14390.5809934246,9390.58099342456,0
3,A224,-1,1,0,11410.3380071296,6410.33800712963,0
3,A224,-1,1,1,15915.4894849509,10915.4894849509,0
3,A224,0,-1,-1,15178.2172327524,10178.2172327524,0
3,A224,0,-1,0,12388.9172437811,7388.91724378107,0
3,A224,0,-1,1,16631.0631825476,11631.0631825476,0
3,A224,0,0,-1,9281.7962132203,4281.7962132203,0
3,A224,0,0,0,3042.81663141002,-1957.18336858998,0
3,A224,0,0,1,11505.0304285134,6505.03042851344,0
3,A224,0,1,-1,11913.2364839652,6913.23648396522,0
3,A224,0,1,0,8064.25418941608,3064.25418941608,0
3,A224,0,1,1,13716.3839163298,8716.38391632976,0
3,A224,1,-1,-1,19110.5902723906,14110.5902723906,0
3,A224,1,-1,0,16980.0368865272,11980.0368865272,0
3,A224,1,-1,1,20283.7039215341,15283.7039215341,0
3,A224,1,0,-1,14865.6692798649,9865.66927986488,0
3,A224,1,0,0,12003.9624810707,7003.96248107071,0
3,A224,1,0,1,16346.317853131,11346.317853131,0
3,A224,1,1,-1,16636.1529722904,11636.1529722904,0
3,A224,1,1,0,14137.4883846489,9137.4883846489,0
3,A224,1,1,1,17971.5210801623,12971.5210801623,0
3,A225,-1,-1,-1,14438.2018812185,9438.20188121847,0
3,A225,-1,-1,0,10639.3127882008,5639.31278820084,0
3,A225,-1,-1,1,14762.3941028387,9762.39410283871,0
3,A225,-1,0,-1,11008.7924453289,6008.79244532886,0
3,A225,-1,0,0,5091.83799297298,91.8379929729763,0
3,A225,-1,0,1,11430.665649429,6430.66564942901,0
3,A225,-1,1,-1,15294.6182902954,10294.6182902954,0
3,A225,-1,1,0,11775.3408310839,6775.34083108392,0
3,A225,-1,1,1,15601.0241564631,10601.0241564631,0
3,A225,0,-1,-1,14406.0702280718,9406.07022807183,0
3,A225,0,-1,0,10595.6671549502,5595.66715495022,0
3,A225,0,-1,1,14730.9696049121,9730.9696049121,0
3,A225,0,0,-1,10966.6173890424,5966.61738904239,0
3,A225,0,0,0,5000.00000000001,6.3664629124105e-12,1
3,A225,0,0,1,11390.0528112188,6390.0528112188,0
3,A225,0,1,-1,15264.289518322,10264.289518322,0
3,A225,0,1,0,11735.9208220535,6735.92082205351,0
3,A225,0,1,1,15571.2921937732,10571.2921937732,0
3,A225,1,-1,-1,20164.5244245793,15164.5244245793,0
3,A225,1,-1,0,17644.8674778761,12644.8674778761,0
3,A225,1,-1,1,20397.9080141607,15397.9080141607,0
3,A225,1,0,-1,17870.0834584219,12870.0834584219,0
3,A225,1,0,0,14969.0743151778,9969.07431517785,0
3,A225,1,0,1,18133.0220563388,13133.0220563388,0
3,A225,1,1,-1,20786.3349427568,15786.3349427568,0
3,A225,1,1,0,18352.2484561109,13352.2484561109,0
3,A225,1,1,1,21012.813387007,16012.813387007,0
3,A226,-1,-1,-1,17172.2403240326,12172.2403240326,0
3,A226,-1,-1,0,15148.1129019003,10148.1129019003,0
3,A226,-1,-1,1,19079.9583655496,14079.9583655496,0
3,A226,-1,0,-1,12803.2090286285,7803.20902862846,0
3,A226,-1,0,0,9924.79965405546,4924.79965405546,0
3,A226,-1,0,1,15266.9949536746,10266.9949536746,0
3,A226,-1,1,-1,15262.9775966282,10262.9775966282,0
3,A226,-1,1,0,12943.6460032543,7943.64600325427,0
3,A226,-1,1,1,17381.5263599014,12381.5263599014,0
3,A226,0,-1,-1,14208.9117030429,9208.9117030429,0
3,A226,0,-1,0,11682.1512799336,6682.15127993365,0
3,A226,0,-1,1,16463.6613567469,11463.6613567469,0
3,A226,0,0,-1,8421.96505984738,3421.96505984738,0
3,A226,0,0,0,2347.12211264691,-2652.87788735309,0
3,A226,0,0,1,11835.897471424,6835.89747142404,0
3,A226,0,1,-1,11830.7150736425,6830.71507364246,0
3,A226,0,1,0,8633.96235201989,3633.96235201989,0
3,A226,0,1,1,14461.1476943735,9461.14769437346,0
3,A226,1,-1,-1,17575.5655904271,12575.5655904271,0
3,A226,1,-1,0,15603.8454416145,10603.8454416145,0
3,A226,1,-1,1,19443.7516778059,14443.7516778059,0
3,A226,1,0,-1,13339.2964397612,8339.29643976124,0
3,A226,1,0,0,10607.3708453232,5607.37084532321,0
3,A226,1,0,1,15719.2812492365,10719.2812492365,0
3,A226,1,1,-1,15715.3795115564,10715.3795115564,0
3,A226,1,1,0,13474.1470948863,8474.14709488633,0
3,A226,1,1,1,17780.1047993824,12780.1047993824,0
3,A227,-1,-1,-1,16164.6586148512,11164.6586148512,0
3,A227,-1,-1,0,11680.8545574159,6680.85455741587,0
3,A227,-1,-1,1,14546.0832614255,9546.08326142554,0
3,A227,-1,0,-1,13759.3781002044,8759.37810020445,0
3,A227,-1,0,0,8029.11332347519,3029.11332347519,0
3,A227,-1,0,1,11815.7875665581,6815.78756655805,0
3,A227,-1,1,-1,17814.1736623984,12814.1736623984,0
3,A227,-1,1,0,13874.1110825491,8874.11108254905,0
3,A227,-1,1,1,16359.6189866308,11359.6189866308,0
3,A227,0,-1,-1,14322.8394246888,9322.83942468878,0
3,A227,0,-1,0,8960.46339439207,3960.46339439207,0
3,A227,0,-1,1,12467.4006632923,7467.4006632923,0
3,A227,0,0,-1,11539.8451789928,6539.84517899278,0
3,A227,0,0,0,2883.43576518429,-2116.56423481571,0
3,A227,0,0,1,9135.66510270407,4135.66510270407,0
3,A227,0,1,-1,16161.4456137075,11161.4456137075,0
3,A227,0,1,0,11676.4078115509,6676.40781155093,0
3,A227,0,1,1,14542.5126590445,9542.51265904446,0
3,A227,1,-1,-1,18681.3080440358,13681.3080440358,0
3,A227,1,-1,0,14971.2205679089,9971.22056790886,0
3,A227,1,-1,1,17299.8156160636,12299.8156160636,0
3,A227,1,0,-1,16643.7846599222,11643.7846599222,0
3,A227,1,0,0,12335.3858011284,7335.38580112843,0
3,A227,1,0,1,15076.7343254268,10076.7343254268,0
3,A227,1,1,-1,20125.6022363447,15125.6022363447,0
3,A227,1,1,0,16738.7586287749,11738.7586287749,0
3,A227,1,1,1,18850.2577035224,13850.2577035224,0
3,A228,-1,-1,-1,14904.5232469494,9904.52324694943,0
3,A228,-1,-1,0,10919.8209342488,5919.82093424879,0
3,A228,-1,-1,1,14708.5065609415,9708.50656094153,0
3,A228,-1,0,-1,11319.1609006355,6319.16090063546,0
3,A228,-1,0,0,5022.0592899404,22.0592899403955,0
3,A228,-1,0,1,11059.7809891914,6059.78098919136,0
3,A228,-1,1,-1,15300.3919482506,10300.3919482506,0
3,A228,-1,1,0,11454.2424362022,6454.2424362022,0
3,A228,-1,1,1,15109.5117659207,10109.5117659207,0
3,A228,0,-1,-1,14897.1048766926,9897.10487669263,0
3,A228,0,-1,0,10909.6933836099,5909.69338360989,0
3,A228,0,-1,1,14700.9892776501,9700.98927765011,0
3,A228,0,0,-1,11309.3909642738,6309.39096427381,0
3,A228,0,0,0,5000,2.72848410531878e-12,1
3,A228,0,0,1,11049.7817180794,6049.78171807942,0
3,A228,0,1,-1,15293.1656061921,10293.1656061921,0
3,A228,0,1,0,11444.58781589,6444.58781589003,0
3,A228,0,1,1,15102.1940887018,10102.1940887018,0
3,A228,1,-1,-1,20535.4000252126,15535.4000252126,0
3,A228,1,-1,0,17854.9805436104,12854.9805436104,0
3,A228,1,-1,1,20393.5775730966,15393.5775730966,0
3,A228,1,0,-1,18101.9679723261,13101.9679723261,0
3,A228,1,0,0,14992.6288718264,9992.62887182643,0
3,A228,1,0,1,17940.9196114783,12940.9196114783,0
3,A228,1,1,-1,20824.5008282729,15824.5008282729,0
3,A228,1,1,0,18186.7399707573,13186.7399707573,0
3,A228,1,1,1,20684.6606639109,15684.6606639109,0
3,A229,-1,-1,-1,15144.5498339042,10144.5498339042,0
3,A229,-1,-1,0,11535.6799748159,6535.67997481588,0
3,A229,-1,-1,1,15387.8664957533,10387.8664957533,0
3,A229,-1,0,-1,11029.5966502489,6029.59665024894,0
3,A229,-1,0,0,5036.51914291435,36.5191429143524,0
3,A229,-1,0,1,11361.3840656279,6361.38406562786,0
3,A229,-1,1,-1,14626.9140580902,9626.91405809022,0
3,A229,-1,1,0,10847.1718743882,5847.17187438815,0
3,A229,-1,1,1,14878.6982119498,9878.69821194978,0
3,A229,0,-1,-1,15132.4441051228,10132.4441051228,0
3,A229,0,-1,0,11519.7824373738,6519.78243737377,0
3,A229,0,-1,1,15375.9523351949,10375.9523351949,0
3,A229,0,0,-1,11012.9685911765,6012.96859117649,0
3,A229,0,0,0,4999.99999999999,-7.27595761418343e-12,1
3,A229,0,0,1,11345.2422984157,6345.24229841566,0
3,A229,0,1,-1,14614.379555281,9614.37955528098,0
3,A229,0,1,0,10830.2637361966,5830.26373619658,0
3,A229,0,1,1,14866.3760010749,9866.37600107486,0
3,A229,1,-1,-1,20703.2446615916,15703.2446615916,0
3,A229,1,-1,0,18230.1635299161,13230.1635299161,0
3,A229,1,-1,1,20881.8913208848,15881.8913208848,0
3,A229,1,0,-1,17914.2108984263,12914.2108984263,0
3,A229,1,0,0,14987.7775177995,9987.77751779953,0
3,A229,1,0,1,18120.3752094932,13120.3752094932,0
3,A229,1,1,-1,20327.6551699617,15327.6551699617,0
3,A229,1,1,0,17802.4741965445,12802.4741965445,0
3,A229,1,1,1,20509.5736261969,15509.5736261969,0
3,A230,-1,-1,-1,13802.9845261174,8802.98452611744,0
3,A230,-1,-1,0,11917.2655840594,6917.26558405943,0
3,A230,-1,-1,1,17132.427036873,12132.427036873,0
3,A230,-1,0,-1,10481.286810513,5481.28681051303,0
3,A230,-1,0,0,7833.02051427189,2833.02051427189,0
3,A230,-1,0,1,14589.5526850474,9589.55268504741,0
3,A230,-1,1,-1,15139.1005208444,10139.1005208444,0
3,A230,-1,1,0,13442.1427515483,8442.14275154825,0
3,A230,-1,1,1,18226.0812827599,13226.0812827599,0
3,A230,0,-1,-1,11993.2190881587,6993.21908815866,0
3,A230,0,-1,0,9764.02280155792,4764.02280155792,0
3,A230,0,-1,1,15710.9827331747,10710.9827331747,0
3,A230,0,0,-1,7948.10011717078,2948.10011717078,0
3,A230,0,0,0,3830.29145697035,-1169.70854302965,0
3,A230,0,0,1,12890.6931473102,7890.69314731018,0
3,A230,0,1,-1,13509.5257817796,8509.52578177958,0
3,A230,0,1,0,11576.1014172016,6576.10141720161,0
3,A230,0,1,1,16896.8920572426,11896.8920572426,0
3,A230,1,-1,-1,17238.1039086353,12238.1039086353,0
3,A230,1,-1,0,15768.6734869386,10768.6734869386,0
3,A230,1,-1,1,20003.7471667298,15003.7471667298,0
3,A230,1,0,-1,14713.5046043051,9713.50460430505,0
3,A230,1,0,0,12960.9434422682,7960.94344226823,0
3,A230,1,0,1,17874.1403174095,12874.1403174095,0
3,A230,1,1,-1,18325.4524941924,13325.4524941924,0
3,A230,1,1,0,16950.5470793622,11950.5470793622,0
3,A230,1,1,1,20948.0281521303,15948.0281521303,0
3,A231,-1,-1,-1,18429.2797343768,13429.2797343768,0
3,A231,-1,-1,0,14290.4037289879,9290.40372898793,0
3,A231,-1,-1,1,16394.9054875907,11394.9054875907,0
3,A231,-1,0,-1,15390.1007332224,10390.1007332224,0
3,A231,-1,0,0,10071.3697076561,5071.3697076561,0
3,A231,-1,0,1,12884.4780646269,7884.47806462692,0
3,A231,-1,1,-1,18277.6379663663,13277.6379663663,0
3,A231,-1,1,0,14094.3015732995,9094.30157329952,0
3,A231,-1,1,1,16224.2603544406,11224.2603544406,0
3,A231,0,-1,-1,15536.0755483964,10536.0755483964,0
3,A231,0,-1,0,10293.052543101,5293.05254310104,0
3,A231,0,-1,1,13058.4921742366,8058.49217423659,0
3,A231,0,0,-1,11772.2764364544,6772.27643645442,0
3,A231,0,0,0,1778.70169108243,-3221.29830891757,0
3,A231,0,0,1,8230.49615244542,3230.49615244542,0
3,A231,0,1,-1,15355.8894743066,10355.8894743066,0
3,A231,0,1,0,10019.0133624364,5019.01336243645,0
3,A231,0,1,1,12843.5943554069,7843.59435540688,0
3,A231,1,-1,-1,18522.9839756732,13522.9839756732,0
3,A231,1,-1,0,14411.045158926,9411.04515892603,0
3,A231,1,-1,1,16500.1669622512,11500.1669622512,0
3,A231,1,0,-1,15502.1864397854,10502.1864397854,0
3,A231,1,0,0,10241.8295056804,5241.82950568042,0
3,A231,1,0,1,13018.154970386,8018.15497038599,0
3,A231,1,1,-1,18372.1156502099,13372.1156502099,0
3,A231,1,1,0,14216.6072138976,9216.60721389765,0
3,A231,1,1,1,16330.6217849721,11330.6217849721,0
3,A232,-1,-1,-1,17706.4459039545,12706.4459039545,0
3,A232,-1,-1,0,14371.3791114348,9371.37911143478,0
3,A232,-1,-1,1,17307.6528905424,12307.6528905424,0
3,A232,-1,0,-1,14340.8730848924,9340.87308489237,0
3,A232,-1,0,0,9933.72799365413,4933.72799365413,0
3,A232,-1,0,1,13845.4780656655,8845.47806566552,0
3,A232,-1,1,-1,17256.9712036705,12256.9712036705,0
3,A232,-1,1,0,13813.8107030331,8813.81070303309,0
3,A232,-1,1,1,16847.5421695317,11847.5421695317,0
3,A232,0,-1,-1,14667.0350907074,9667.03509070741,0
3,A232,0,-1,0,10399.049445356,5399.04944535605,0
3,A232,0,-1,1,14183.0370648136,9183.03706481363,0
3,A232,0,0,-1,10356.849551836,5356.84955183604,0
3,A232,0,0,0,531.642412043764,-4468.35758795624,0
3,A232,0,0,1,9659.24193035878,4659.24193035878,0
3,A232,0,1,-1,14121.1453829599,9121.14538295991,0
3,A232,0,1,0,9613.79518928958,4613.79518928958,0
3,A232,0,1,1,13617.7593221692,8617.75932216916,0
3,A232,1,-1,-1,17796.78651202,12796.78651202,0
3,A232,1,-1,0,14482.538491899,9482.53849189899,0
3,A232,1,-1,1,17400.0641431074,12400.0641431074,0
3,A232,1,0,-1,14452.2671038748,9452.26710387482,0
3,A232,1,0,0,10093.8761363839,5093.87613638387,0
3,A232,1,0,1,13960.8254222871,8960.82542228708,0
3,A232,1,1,-1,17349.6524094596,12349.6524094596,0
3,A232,1,1,0,13929.4202946133,8929.42029461325,0
3,A232,1,1,1,16942.4632435458,11942.4632435458,0
3,A233,-1,-1,-1,12359.1709600045,7359.17096000446,0
3,A233,-1,-1,0,10709.8913589072,5709.89135890716,0
3,A233,-1,-1,1,16632.9323638549,11632.9323638549,0
3,A233,-1,0,-1,10080.3081902648,5080.30819026478,0
3,A233,-1,0,0,7972.78366141311,2972.78366141311,0
3,A233,-1,0,1,15017.2549226772,10017.2549226772,0
3,A233,-1,1,-1,15826.4373629323,10826.4373629323,0
3,A233,-1,1,0,14574.9369022235,9574.93690222354,0
3,A233,-1,1,1,19348.9392940485,14348.9392940485,0
3,A233,0,-1,-1,10685.6832962109,5685.68329621095,0
3,A233,0,-1,0,8725.62282062997,3725.62282062997,0
3,A233,0,-1,1,15430.1380327227,10430.1380327227,0
3,A233,0,0,-1,7940.23512869885,2940.23512869885,0
3,A233,0,0,0,5000.00000000001,5.45696821063757e-12,1
3,A233,0,0,1,13673.0635228897,8673.0635228897,0
3,A233,0,1,-1,14557.1576996035,9557.15769960348,0
3,A233,0,1,0,13185.7311663822,8185.73116638215,0
3,A233,0,1,1,18325.2877874558,13325.2877874558,0
3,A233,1,-1,-1,16601.7634061935,11601.7634061935,0
3,A233,1,-1,0,15413.3453311149,10413.3453311149,0
3,A233,1,-1,1,19988.0934657906,14988.0934657906,0
3,A233,1,0,-1,14982.7252056269,9982.72520562689,0
3,A233,1,0,0,13654.1100291562,8654.11002915621,0
3,A233,1,0,1,18665.1382740466,13665.1382740466,0
3,A233,1,1,-1,19322.1520793992,14322.1520793992,0
3,A233,1,1,0,18311.1503483644,13311.1503483644,0
3,A233,1,1,1,22299.1231482626,17299.1231482626,0
3,A234,-1,-1,-1,18406.8286404005,13406.8286404005,0
3,A234,-1,-1,0,14164.29538753,9164.29538753001,0
3,A234,-1,-1,1,16200.0983655451,11200.0983655451,0
3,A234,-1,0,-1,14857.4645707299,9857.46457072985,0
3,A234,-1,0,0,9086.26307667939,4086.26307667939,0
3,A234,-1,0,1,12015.6606113339,7015.66061133393,0
3,A234,-1,1,-1,17397.619559696,12397.619559696,0
3,A234,-1,1,0,12825.485939022,7825.48593902198,0
3,A234,-1,1,1,15043.5704804473,10043.5704804473,0
3,A234,0,-1,-1,16188.3904726669,11188.3904726669,0
3,A234,0,-1,0,11130.1351889214,6130.13518892144,0
3,A234,0,-1,1,13627.025814601,8627.02581460099,0
3,A234,0,0,-1,11999.8707896775,6999.87078967754,0
3,A234,0,0,0,2410.9795098861,-2589.0204901139,0
3,A234,0,0,1,8223.66982710426,3223.66982710426,0
3,A234,0,1,-1,15030.9617736983,10030.9617736983,0
3,A234,0,1,0,9367.26934973656,4367.26934973656,0
3,A234,0,1,1,12229.5403960512,7229.54039605121,0
3,A234,1,-1,-1,19629.4837322329,14629.4837322329,0
3,A234,1,-1,0,15720.450210542,10720.450210542,0
3,A234,1,-1,1,17576.930279496,12576.930279496,0
3,A234,1,0,-1,16347.7687917165,11347.7687917165,0
3,A234,1,0,0,11360.6983806258,6360.69838062581,0
3,A234,1,0,1,13815.983168913,8815.98316891304,0
3,A234,1,1,-1,18686.4244129486,13686.4244129486,0
3,A234,1,1,0,14525.7833031123,9525.78330311235,0
3,A234,1,1,1,16517.0912632071,11517.0912632071,0
3,A235,-1,-1,-1,19401.897806728,14401.897806728,0
3,A235,-1,-1,0,14569.8908928125,9569.8908928125,0
3,A235,-1,-1,1,15752.1364504694,10752.1364504694,0
3,A235,-1,0,-1,16474.0172184537,11474.0172184537,0
3,A235,-1,0,0,10355.738768415,5355.73876841503,0
3,A235,-1,0,1,11961.9984770689,6961.9984770689,0
3,A235,-1,1,-1,19140.3460816439,14140.3460816439,0
3,A235,-1,1,0,14219.7373481667,9219.73734816672,0
3,A235,-1,1,1,15428.8370390186,10428.8370390186,0
3,A235,0,-1,-1,16720.3192510818,11720.3192510818,0
3,A235,0,-1,0,10743.2377793588,5743.23777935878,0
3,A235,0,-1,1,12298.9934592058,7298.99345920577,0
3,A235,0,0,-1,13210.9303483627,8210.9303483627,0
3,A235,0,0,0,3221.29830891757,-1778.70169108243,0
3,A235,0,0,1,6798.88556461864,1798.88556461864,0
3,A235,0,1,-1,16416.0983635115,11416.0983635115,0
3,A235,0,1,0,10263.3507007326,5263.35070073261,0
3,A235,0,1,1,11882.1062834825,6882.10628348245,0
3,A235,1,-1,-1,19562.8349993931,14562.8349993931,0
3,A235,1,-1,0,14783.5244559348,9783.52445593482,0
3,A235,1,-1,1,15949.942867138,10949.942867138,0
3,A235,1,0,-1,16663.2565252015,11663.2565252015,0
3,A235,1,0,0,10654.2104423752,5654.21044237518,0
3,A235,1,0,1,12221.3044424955,7221.30444249553,0
3,A235,1,1,-1,19303.4640113081,14303.4640113081,0
3,A235,1,1,0,14438.5527308526,9438.55273085256,0
3,A235,1,1,1,15630.7353341855,10630.7353341855,0
3,A236,-1,-1,-1,15236.9061968101,10236.9061968101,0
3,A236,-1,-1,0,12309.4368984222,7309.43689842221,0
3,A236,-1,-1,1,16458.4678224337,11458.4678224337,0
3,A236,-1,0,-1,13024.3455203011,8024.34552030113,0
3,A236,-1,0,0,9433.58375899828,4433.58375899828,0
3,A236,-1,0,1,14434.3835630028,9434.38356300276,0
3,A236,-1,1,-1,17524.3785057841,12524.3785057841,0
3,A236,-1,1,0,15048.6799527345,10048.6799527345,0
3,A236,-1,1,1,18596.2817419419,13596.2817419419,0
3,A236,0,-1,-1,12176.4536479269,7176.45364792689,0
3,A236,0,-1,0,8223.4390461631,3223.4390461631,0
3,A236,0,-1,1,13674.2047685344,8674.20476853436,0
3,A236,0,0,-1,9259.38924670034,4259.38924670034,0
3,A236,0,0,0,2257.25840961064,-2742.74159038936,0
3,A236,0,0,1,11155.9016593732,6155.90165937321,0
3,A236,0,1,-1,14940.0988953791,9940.0988953791,0
3,A236,0,1,0,11940.0787815473,6940.0787815473,0
3,A236,0,1,1,16184.0788312281,11184.0788312281,0
3,A236,1,-1,-1,16259.4199290698,11259.4199290698,0
3,A236,1,-1,0,13554.617764278,8554.61776427804,0
3,A236,1,-1,1,17409.3822130922,12409.3822130922,0
3,A236,1,0,-1,14207.0053921167,9207.00539211666,0
3,A236,1,0,0,11008.9930746404,6008.99307464038,0
3,A236,1,0,1,15509.8953840227,10509.8953840227,0
3,A236,1,1,-1,18420.3492907553,13420.3492907553,0
3,A236,1,1,0,16083.1649341564,11083.1649341564,0
3,A236,1,1,1,19442.9195494176,14442.9195494176,0
3,A237,-1,-1,-1,18466.2303166058,13466.2303166058,0
3,A237,-1,-1,0,14854.0054326739,9854.00543267386,0
3,A237,-1,-1,1,17328.6263933954,12328.6263933954,0
3,A237,-1,0,-1,14767.774522979,9767.77452297897,0
3,A237,-1,0,0,9885.69570892816,4885.69570892816,0
3,A237,-1,0,1,13317.9125593125,8317.91255931254,0
3,A237,-1,1,-1,17180.5898215737,12180.5898215737,0
3,A237,-1,1,0,13221.6671378891,8221.66713788911,0
3,A237,-1,1,1,15951.5609641537,10951.5609641537,0
3,A237,0,-1,-1,15674.1312436298,10674.1312436298,0
3,A237,0,-1,0,11194.5614264475,6194.56142644749,0
3,A237,0,-1,1,14316.355011611,9316.35501161102,0
3,A237,0,0,-1,11079.8868450065,6079.8868450065,0
3,A237,0,0,0,1550.38955947277,-3449.61044052723,0
3,A237,0,0,1,9057.78797908718,4057.78797908718,0
3,A237,0,1,-1,14136.809921399,9136.80992139897,0
3,A237,0,1,0,8915.67215871795,3915.67215871795,0
3,A237,0,1,1,12614.6353625348,7614.63536253475,0
3,A237,1,-1,-1,18717.7754655604,13717.7754655604,0
3,A237,1,-1,0,15165.5838551342,10165.5838551342,0
3,A237,1,-1,1,17596.4413719104,12596.4413719104,0
3,A237,1,0,-1,15081.1345937482,10081.1345937482,0
3,A237,1,0,0,10347.9677194473,5347.96771944732,0
3,A237,1,0,1,13664.561874085,8664.56187408502,0
3,A237,1,1,-1,17450.6768605222,12450.6768605222,0
3,A237,1,1,0,13570.7751502388,8570.77515023884,0
3,A237,1,1,1,16242.0981854659,11242.0981854659,0
3,A238,-1,-1,-1,15271.8226944345,10271.8226944345,0
3,A238,-1,-1,0,11508.9105691001,6508.91056910012,0
3,A238,-1,-1,1,15221.0865763534,10221.0865763534,0
3,A238,-1,0,-1,11226.5567622506,6226.55676225058,0
3,A238,-1,0,0,5026.13477866786,26.1347786678562,0
3,A238,-1,0,1,11157.4407858897,6157.4407858897,0
3,A238,-1,1,-1,14793.3290729918,9793.3290729918,0
3,A238,-1,1,0,10865.9578104797,5865.9578104797,0
3,A238,-1,1,1,14740.9461438683,9740.94614386828,0
3,A238,0,-1,-1,15263.2413856595,10263.2413856595,0
3,A238,0,-1,0,11497.5211099702,6497.52110997018,0
3,A238,0,-1,1,15212.4766475256,10212.4766475256,0
3,A238,0,0,-1,11214.8805576653,6214.88055766532,0
3,A238,0,0,0,5000,-1.81898940354586e-12,1
3,A238,0,0,1,11145.6921757826,6145.69217578255,0
3,A238,0,1,-1,14784.4700361051,9784.47003610511,0
3,A238,0,1,0,10853.8936942367,5853.89369423665,0
3,A238,0,1,1,14732.0556068422,9732.0556068422,0
3,A238,1,-1,-1,20801.5505860399,15801.5505860399,0
3,A238,1,-1,0,18218.9725522839,13218.9725522839,0
3,A238,1,-1,1,20764.3303513062,15764.3303513062,0
3,A238,1,0,-1,18041.9376761302,13041.9376761302,0
3,A238,1,0,0,14991.2630951053,9991.26309510528,0
3,A238,1,0,1,17999.0117302025,12999.0117302025,0
3,A238,1,1,-1,20452.83656208,15452.83656208,0
3,A238,1,1,0,17819.7917359451,12819.7917359451,0
3,A238,1,1,1,20414.9805679495,15414.9805679495,0
3,A239,-1,-1,-1,14304.5569828355,9304.55698283546,0
3,A239,-1,-1,0,11633.9458403864,6633.94584038639,0
3,A239,-1,-1,1,16311.8681075743,11311.8681075743,0
3,A239,-1,0,-1,11229.2427508901,6229.24275089008,0
3,A239,-1,0,0,7538.18533204606,2538.18533204606,0
3,A239,-1,0,1,13694.9838788562,8694.9838788562,0
3,A239,-1,1,-1,15734.4029134139,10734.4029134139,0
3,A239,-1,1,0,13352.8940826888,8352.89408268877,0
3,A239,-1,1,1,17579.1958213498,12579.1958213498,0
3,A239,0,-1,-1,12593.3334755187,7593.33347551866,0
3,A239,0,-1,0,9450.94669160057,4450.94669160057,0
3,A239,0,-1,1,14834.0398647615,9834.03986476148,0
3,A239,0,0,-1,8948.04952539096,3948.04952539096,0
3,A239,0,0,0,3285.71691578968,-1714.28308421032,0
3,A239,0,0,1,11896.3978158333,6896.3978158333,0
3,A239,0,1,-1,14196.5887660409,9196.58876604094,0
3,A239,0,1,0,11500.9337853036,6500.93378530356,0
3,A239,0,1,1,16217.2692915852,11217.2692915852,0
3,A239,1,-1,-1,17679.4724348904,12679.4724348904,0
3,A239,1,-1,0,15597.8232749928,10597.8232749928,0
3,A239,1,-1,1,19339.6079655138,14339.6079655138,0
3,A239,1,0,-1,15298.3426507345,10298.3426507345,0
3,A239,1,0,0,12836.1845266083,7836.18452660831,0
3,A239,1,0,1,17189.9964672188,12189.9964672188,0
3,A239,1,1,-1,18855.1009051268,13855.1009051268,0
3,A239,1,1,0,16918.7226315809,11918.7226315809,0
3,A239,1,1,1,20419.8805291859,15419.8805291859,0
3,A240,-1,-1,-1,15916.9880435973,10916.9880435973,0
3,A240,-1,-1,0,11460.7169772637,6460.7169772637,0
3,A240,-1,-1,1,14468.7787627657,9468.77876276571,0
3,A240,-1,0,-1,12228.1629391523,7228.16293915233,0
3,A240,-1,0,0,5246.47444665256,246.474446652558,0
3,A240,-1,0,1,10272.4397964796,5272.4397964796,0
3,A240,-1,1,-1,15674.9937592618,10674.9937592618,0
3,A240,-1,1,0,11122.1829964183,6122.18299641829,0
3,A240,-1,1,1,14202.1294128288,9202.12941282876,0
3,A240,0,-1,-1,15837.4560539451,10837.4560539451,0
3,A240,0,-1,0,11350.0017406854,6350.00174068543,0
3,A240,0,-1,1,14381.2400288182,9381.24002881816,0
3,A240,0,0,-1,12124.4577094021,7124.45770940212,0
3,A240,0,0,0,5000.00000000001,7.27595761418343e-12,1
3,A240,0,0,1,10148.7696423222,5148.76964232215,0
3,A240,0,1,-1,15594.2276254234,10594.2276254234,0
3,A240,0,1,0,11008.0634303422,6008.06343034223,0
3,A240,0,1,1,14112.9368219148,9112.93682191476,0
3,A240,1,-1,-1,21173.0848045641,16173.0848045641,0
3,A240,1,-1,0,18063.6941236887,13063.6941236887,0
3,A240,1,-1,1,20107.0776257293,15107.0776257293,0
3,A240,1,0,-1,18560.0910727211,13560.0910727211,0
3,A240,1,0,0,14915.5793008727,9915.57930087269,0
3,A240,1,0,1,17334.1290849452,12334.1290849452,0
3,A240,1,1,-1,20991.770795103,15991.770795103,0
3,A240,1,1,0,17850.8253693508,12850.8253693508,0
3,A240,1,1,1,19916.0611472244,14916.0611472244,0
3,A241,-1,-1,-1,16565.3066862887,11565.3066862887,0
3,A241,-1,-1,0,13641.0025319039,8641.00253190386,0
3,A241,-1,-1,1,17255.2749772356,12255.2749772356,0
3,A241,-1,0,-1,13688.6347081975,8688.63470819752,0
3,A241,-1,0,0,9952.19998990556,4952.19998990556,0
3,A241,-1,0,1,14515.985984551,9515.98598455105,0
3,A241,-1,1,-1,17330.5526379899,12330.5526379899,0
3,A241,-1,1,0,14560.7561343065,9560.75613430651,0
3,A241,-1,1,1,17991.1973939299,12991.1973939299,0
3,A241,0,-1,-1,13271.4487962374,8271.44879623737,0
3,A241,0,-1,0,9370.10766297574,4370.10766297574,0
3,A241,0,-1,1,14123.2603204913,9123.26032049127,0
3,A241,0,0,-1,9439.31606181396,4439.31606181396,0
3,A241,0,0,0,876.499959740629,-4123.50004025937,0
3,A241,0,0,1,10603.5756537138,5603.57565371378,0
3,A241,0,1,-1,14215.1335652708,9215.13356527077,0
3,A241,0,1,0,10664.7825455137,5664.78254551371,0
3,A241,0,1,1,15013.4989661871,10013.4989661871,0
3,A241,1,-1,-1,16668.9328000175,11668.9328000175,0
3,A241,1,-1,0,13766.658460066,8766.65846006597,0
3,A241,1,-1,1,17354.781750881,12354.781750881,0
3,A241,1,0,-1,13813.8573633568,8813.85736335685,0
3,A241,1,0,0,10123.7453405237,5123.74534052366,0
3,A241,1,0,1,14634.1307970231,9634.13079702313,0
3,A241,1,1,-1,17429.6296523718,12429.6296523718,0
3,A241,1,1,0,14678.5406046869,9678.54060468694,0
3,A241,1,1,1,18086.6558199146,13086.6558199146,0
3,A242,-1,-1,-1,20275.5985411942,15275.5985411942,0
3,A242,-1,-1,0,14547.8352088506,9547.8352088506,0
3,A242,-1,-1,1,14566.3695656834,9566.36956568341,0
3,A242,-1,0,-1,17741.1565079053,12741.1565079053,0
3,A242,-1,0,0,10737.2364832943,5737.23648329427,0
3,A242,-1,0,1,10762.3352650984,5762.33526509838,0
3,A242,-1,1,-1,20454.7640483165,15454.7640483165,0
3,A242,-1,1,0,14796.5193654622,9796.5193654622,0
3,A242,-1,1,1,14814.7426029848,9814.74260298479,0
3,A242,0,-1,-1,17911.2157294108,12911.2157294108,0
3,A242,0,-1,0,11015.9548821556,6015.95488215559,0
3,A242,0,-1,1,11040.4200565867,6040.42005658673,0
3,A242,0,0,-1,14982.002100514,9982.00210051398,0
3,A242,0,0,0,5000,3.63797880709171e-12,1
3,A242,0,0,1,5053.67322451648,53.673224516484,0
3,A242,0,1,-1,18113.782735092,13113.782735092,0
3,A242,0,1,0,11342.3427048521,6342.34270485214,0
3,A242,0,1,1,11366.1053617546,6366.10536175463,0
3,A242,1,-1,-1,20749.0578486665,15749.0578486665,0
3,A242,1,-1,0,15200.7570425786,10200.7570425786,0
3,A242,1,-1,1,15218.496237398,10218.496237398,0
3,A242,1,0,-1,18280.3758069034,13280.3758069034,0
3,A242,1,0,0,11606.5392215688,6606.53922156879,0
3,A242,1,0,1,11629.7620681598,6629.76206815984,0
3,A242,1,1,-1,20924.1697009925,15924.1697009925,0
3,A242,1,1,0,15438.927771582,10438.927771582,0
3,A242,1,1,1,15456.3936219392,10456.3936219392,0
3,A243,-1,-1,-1,16880.1149316549,11880.1149316549,0
3,A243,-1,-1,0,14065.9786289133,9065.97862891329,0
3,A243,-1,-1,1,17628.5345242369,12628.5345242369,0
3,A243,-1,0,-1,13553.0391862937,8553.03918629372,0
3,A243,-1,0,0,9828.44575039107,4828.44575039107,0
3,A243,-1,0,1,14474.523154548,9474.52315454805,0
3,A243,-1,1,-1,16805.6973156292,11805.6973156292,0
3,A243,-1,1,0,13976.5853107158,8976.58531071575,0
3,A243,-1,1,1,17557.2894158205,12557.2894158205,0
3,A243,0,-1,-1,13740.3784513816,8740.37845138158,0
3,A243,0,-1,0,10085.2106904298,5085.21069042975,0
3,A243,0,-1,1,14650.083595445,9650.08359544497,0
3,A243,0,0,-1,9356.52665611157,4356.52665611157,0
3,A243,0,0,0,676.80554791869,-4323.19445208131,0
3,A243,0,0,1,10647.607263271,5647.60726327097,0
3,A243,0,1,-1,13648.8527776462,8648.85277764623,0
3,A243,0,1,0,9960.15345409038,4960.15345409038,0
3,A243,0,1,1,14564.2758663861,9564.27586638607,0
3,A243,1,-1,-1,17107.2417375948,12107.2417375948,0
3,A243,1,-1,0,14337.7541669423,9337.75416694232,0
3,A243,1,-1,1,17846.1387766329,12846.1387766329,0
3,A243,1,0,-1,13834.8946851011,8834.89468510113,0
3,A243,1,0,0,10213.6078655393,5213.60786553932,0
3,A243,1,0,1,14738.767258973,9738.76725897298,0
3,A243,1,1,-1,17033.8164257801,12033.8164257801,0
3,A243,1,1,0,14250.0658493335,9250.06584933353,0
3,A243,1,1,1,17775.7658454849,12775.7658454849,0
3,A244,-1,-1,-1,17213.2835940129,12213.2835940129,0
3,A244,-1,-1,0,14563.3622753001,9563.3622753001,0
3,A244,-1,-1,1,18107.6202035318,13107.6202035318,0
3,A244,-1,0,-1,13496.4545932288,8496.45459322884,0
3,A244,-1,0,0,9896.90230631821,4896.90230631821,0
3,A244,-1,0,1,14619.9543068549,9619.95430685491,0
3,A244,-1,1,-1,16371.0549778034,11371.0549778034,0
3,A244,-1,1,0,13557.500867047,8557.50086704697,0
3,A244,-1,1,1,17308.9635285796,12308.9635285796,0
3,A244,0,-1,-1,14124.3680949316,9124.36809493162,0
3,A244,0,-1,0,10737.4188124913,5737.41881249125,0
3,A244,0,-1,1,15201.531219866,10201.531219866,0
3,A244,0,0,-1,9238.773110121,4238.773110121,0
3,A244,0,0,0,1072.06215025698,-3927.93784974302,0
3,A244,0,0,1,10814.0513188967,5814.05131889675,0
3,A244,0,1,-1,13084.8035170371,8084.80351703714,0
3,A244,0,1,0,9327.72596902301,4327.72596902301,0
3,A244,0,1,1,14240.8167050526,9240.81670505259,0
3,A244,1,-1,-1,17398.2302569638,12398.2302569638,0
3,A244,1,-1,0,14781.502114063,9781.50211406297,0
3,A244,1,-1,1,18283.5224566211,13283.5224566211,0
3,A244,1,0,-1,13731.5538295381,8731.55382953808,0
3,A244,1,0,0,10215.1827809012,5215.18278090121,0
3,A244,1,0,1,14837.2621437022,9837.26214370223,0
3,A244,1,1,-1,16565.4074828443,11565.4074828443,0
3,A244,1,1,0,13791.559511034,8791.55951103403,0
3,A244,1,1,1,17492.8986283038,12492.8986283038,0
3,A245,-1,-1,-1,15116.4143307274,10116.4143307274,0
3,A245,-1,-1,0,10895.1850181429,5895.18501814288,0
3,A245,-1,-1,1,14453.5162137422,9453.51621374224,0
3,A245,-1,0,-1,11641.7612565027,6641.76125650266,0
3,A245,-1,0,0,5072.44315047012,72.443150470117,0
3,A245,-1,0,1,10767.0215879832,5767.02158798319,0
3,A245,-1,1,-1,15574.1846685017,10574.1846685017,0
3,A245,-1,1,0,11521.9053307141,6521.90533071407,0
3,A245,-1,1,1,14931.6233816448,9931.62338164482,0
3,A245,0,-1,-1,15092.2596950711,10092.2596950711,0
3,A245,0,-1,0,10861.6470696121,5861.64706961213,0
3,A245,0,-1,1,14428.2518492768,9428.25184927677,0
3,A245,0,0,-1,11610.3800815759,6610.38008157594,0
3,A245,0,0,0,5000,0,1
3,A245,0,0,1,10733.0831712675,5733.08317126746,0
3,A245,0,1,-1,15550.7410940393,10550.7410940393,0
3,A245,0,1,0,11490.1968188185,6490.19681881847,0
3,A245,0,1,1,14907.1693254129,9907.16932541289,0
3,A245,1,-1,-1,20665.1064160995,15665.1064160995,0
3,A245,1,-1,0,17811.3923529314,12811.3923529314,0
3,A245,1,-1,1,20185.2612544749,15185.2612544749,0
3,A245,1,0,-1,18277.6159857872,13277.6159857872,0
3,A245,1,0,0,14975.6575977567,9975.65759775673,0
3,A245,1,0,1,17733.2849423505,12733.2849423505,0
3,A245,1,1,-1,21002.282472605,16002.282472605,0
3,A245,1,1,0,18201.5093720393,13201.5093720393,0
3,A245,1,1,1,20530.319475882,15530.319475882,0
3,A246,-1,-1,-1,16025.2142242145,11025.2142242145,0
3,A246,-1,-1,0,11737.7386969869,6737.73869698693,0
3,A246,-1,-1,1,14789.9130661922,9789.9130661922,0
3,A246,-1,0,-1,14134.7824248881,9134.78242488808,0
3,A246,-1,0,0,8986.60631082186,3986.60631082186,0
3,A246,-1,0,1,12717.1581641687,7717.15816416866,0
3,A246,-1,1,-1,18514.2285139264,13514.2285139264,0
3,A246,-1,1,0,14958.0639205969,9958.06392059688,0
3,A246,-1,1,1,17455.9644545766,12455.9644545766,0
3,A246,0,-1,-1,13540.0187657761,8540.01876577613,0
3,A246,0,-1,0,8018.67364121698,3018.67364121698,0
3,A246,0,-1,1,12052.640613207,7052.64061320698,0
3,A246,0,0,-1,11239.0698656307,6239.06986563072,0
3,A246,0,0,0,2698.83497667175,-2301.16502332825,0
3,A246,0,0,1,9394.18591566535,4394.18591566535,0
3,A246,0,1,-1,16410.4014183532,11410.4014183532,0
3,A246,0,1,0,12258.396856778,7258.39685677804,0
3,A246,0,1,1,15206.4233889841,10206.4233889841,0
3,A246,1,-1,-1,17602.7476668608,12602.7476668608,0
3,A246,1,-1,0,13813.8967786049,8813.89677860493,0
3,A246,1,-1,1,16486.0778536537,11486.0778536537,0
3,A246,1,0,-1,15900.9845195237,10900.9845195237,0
3,A246,1,0,0,11567.5549480826,6567.55494808261,0
3,A246,1,0,1,14655.2156675939,9655.21566759387,0
3,A246,1,1,-1,19895.3736320053,14895.3736320053,0
3,A246,1,1,0,16637.0944201164,11637.0944201164,0
3,A246,1,1,1,18914.5428052239,13914.5428052239,0
3,A247,-1,-1,-1,15294.0836188801,10294.0836188801,0
3,A247,-1,-1,0,9759.22393485602,4759.22393485602,0
3,A247,-1,-1,1,12513.0296043779,7513.02960437785,0
3,A247,-1,0,-1,13864.1825650538,8864.1825650538,0
3,A247,-1,0,0,7317.71933504639,2317.71933504639,0
3,A247,-1,0,1,10718.3242317016,5718.32423170161,0
3,A247,-1,1,-1,18722.2360484261,13722.2360484261,0
3,A247,-1,1,0,14555.259555307,9555.25955530705,0
3,A247,-1,1,1,16528.4312259732,11528.4312259732,0
3,A247,0,-1,-1,14330.3865082134,9330.3865082134,0
3,A247,0,-1,0,8166.60489702757,3166.60489702757,0
3,A247,0,-1,1,11314.8969775922,6314.89697759219,0
3,A247,0,0,-1,12793.2224998485,7793.2224998485,0
3,A247,0,0,0,5000,-9.09494701772928e-13,1
3,A247,0,0,1,9291.57995549573,4291.57995549573,0
3,A247,0,1,-1,17943.6090680352,12943.6090680352,0
3,A247,0,1,0,13539.075465328,8539.07546532795,0
3,A247,0,1,1,15640.9725568845,10640.9725568845,0
3,A247,1,-1,-1,19411.6192320031,14411.6192320031,0
3,A247,1,-1,0,15431.9285663731,10431.9285663731,0
3,A247,1,-1,1,17305.4291292361,12305.4291292361,0
3,A247,1,0,-1,18306.2154926713,13306.2154926713,0
3,A247,1,0,0,14016.0973075064,9016.0973075064,0
3,A247,1,0,1,16055.6669684837,11055.6669684837,0
3,A247,1,1,-1,22213.1512874685,17213.1512874685,0
3,A247,1,1,0,18835.0085794866,13835.0085794866,0
3,A247,1,1,1,20398.308906836,15398.308906836,0
3,A248,-1,-1,-1,16620.6573856348,11620.6573856348,0
3,A248,-1,-1,0,14043.5174911337,9043.51749113373,0
3,A248,-1,-1,1,17838.0075994182,12838.0075994182,0
3,A248,-1,0,-1,11063.8062209295,6063.80622092949,0
3,A248,-1,0,0,6586.49676895076,1586.49676895076,0
3,A248,-1,0,1,12820.1431848681,7820.14318486809,0
3,A248,-1,1,-1,12983.4265222205,7983.42652222047,0
3,A248,-1,1,0,9462.74251213773,4462.74251213773,0
3,A248,-1,1,1,14509.225597672,9509.22559767197,0
3,A248,0,-1,-1,16058.1540733442,11058.1540733442,0
3,A248,0,-1,0,13373.0491600226,8373.04916002257,0
3,A248,0,-1,1,17315.0967490656,12315.0967490656,0
3,A248,0,0,-1,10199.3072513225,5199.30725132248,0
3,A248,0,0,0,5000,4.54747350886464e-12,1
3,A248,0,0,1,12081.9754838818,7081.9754838818,0
3,A248,0,1,-1,12255.0979013021,7255.0979013021,0
3,A248,0,1,0,8435.73092053201,3435.73092053201,0
3,A248,0,1,1,13861.30180599,8861.30180598996,0
3,A248,1,-1,-1,20963.8348723668,15963.8348723668,0
3,A248,1,-1,0,18985.6920903343,13985.6920903343,0
3,A248,1,-1,1,21941.5276528801,16941.5276528801,0
3,A248,1,0,-1,16901.0037784589,11901.0037784589,0
3,A248,1,0,0,14374.2151198805,9374.2151198805,0
3,A248,1,0,1,18099.5080570087,13099.5080570087,0
3,A248,1,1,-1,18215.5286742686,13215.5286742686,0
3,A248,1,1,0,15899.0445145682,10899.0445145682,0
3,A248,1,1,1,19332.711865368,14332.711865368,0
3,A249,-1,-1,-1,12981.9716582557,7981.97165825567,0
3,A249,-1,-1,0,10180.8673359638,5180.8673359638,0
3,A249,-1,-1,1,15452.1367871643,10452.1367871643,0
3,A249,-1,0,-1,12402.4123082483,7402.4123082483,0
3,A249,-1,0,0,9430.71061164164,4430.71061164164,0
3,A249,-1,0,1,14968.5261204058,9968.52612040583,0
3,A249,-1,1,-1,18414.8872924008,13414.8872924008,0
3,A249,-1,1,0,16559.787002512,11559.787002512,0
3,A249,-1,1,1,20232.2766179515,15232.2766179515,0
3,A249,0,-1,-1,10198.4433839459,5198.44338394593,0
3,A249,0,-1,0,6255.13541278618,1255.13541278618,0
3,A249,0,-1,1,13200.1966125143,8200.19661251426,0
3,A249,0,0,-1,9449.68202552795,4449.68202552795,0
3,A249,0,0,0,4941.14986216036,-58.8501378396386,0
3,A249,0,0,1,12630.6545173664,7630.65451736641,0
3,A249,0,1,-1,16570.5984596701,11570.5984596701,0
3,A249,0,1,0,14481.1327211777,9481.13272117768,0
3,A249,0,1,1,18569.3746923558,13569.3746923558,0
3,A249,1,-1,-1,15475.2998929051,10475.2998929051,0
3,A249,1,-1,0,13213.7571625972,8213.75716259721,0
3,A249,1,-1,1,17598.9161577874,12598.9161577874,0
3,A249,1,0,-1,14992.4364165196,9992.4364165196,0
3,A249,1,0,0,12644.8258699013,7644.82586990127,0
3,A249,1,0,1,17175.8578492274,12175.8578492274,0
3,A249,1,1,-1,20249.9726575474,15249.9726575474,0
3,A249,1,1,0,18579.0167718359,13579.0167718359,0
3,A249,1,1,1,21915.7097942298,16915.7097942298,0
3,A250,-1,-1,-1,14945.8191640519,9945.81916405193,0
3,A250,-1,-1,0,11174.1740923895,6174.17409238953,0
3,A250,-1,-1,1,15044.8271113202,10044.8271113202,0
3,A250,-1,0,-1,11114.2465525584,6114.24655255838,0
3,A250,-1,0,0,5001.11313544727,1.11313544727454,0
3,A250,-1,0,1,11247.0346650142,6247.03466501418,0
3,A250,-1,1,-1,14955.7829075435,9955.78290754348,0
3,A250,-1,1,0,11187.4974207844,6187.49742078438,0
3,A250,-1,1,1,15054.7253280339,10054.7253280339,0
3,A250,0,-1,-1,14945.4467277161,9945.44672771606,0
3,A250,0,-1,0,11173.6759418504,6173.67594185038,0
3,A250,0,-1,1,15044.4571259974,10044.4571259974,0
3,A250,0,0,-1,11113.7457158922,6113.74571589222,0
3,A250,0,0,0,5000.00000000001,9.09494701772928e-12,1
3,A250,0,0,1,11246.5397417378,6246.53974173779,0
3,A250,0,1,-1,14955.4107193359,9955.41071933588,0
3,A250,0,1,0,11186.9998635253,6186.99986352526,0
3,A250,0,1,1,15054.3555859758,10054.3555859758,0
3,A250,1,-1,-1,20575.5982974361,15575.5982974361,0
3,A250,1,-1,0,18023.3154957667,13023.3154957667,0
3,A250,1,-1,1,20647.6283776716,15647.6283776716,0
3,A250,1,0,-1,17986.2228175893,12986.2228175893,0
3,A250,1,0,0,14999.6289089583,9999.62890895828,0
3,A250,1,0,1,18068.5783494149,13068.5783494149,0
3,A250,1,1,-1,20582.8369568066,15582.8369568066,0
3,A250,1,1,0,18031.578781487,13031.578781487,0
3,A250,1,1,1,20654.8417935229,15654.8417935229,0
3,A251,-1,-1,-1,15686.635064953,10686.635064953,0
3,A251,-1,-1,0,11439.6026298503,6439.60262985033,0
3,A251,-1,-1,1,14685.3156927845,9685.31569278452,0
3,A251,-1,0,-1,12378.0443819099,7378.04438190989,0
3,A251,-1,0,0,6165.22273631665,1165.22273631665,0
3,A251,-1,0,1,11081.6948187658,6081.69481876579,0
3,A251,-1,1,-1,16135.7195618927,11135.7195618927,0
3,A251,-1,1,0,12048.0469142477,7048.04691424768,0
3,A251,-1,1,1,15164.083325931,10164.083325931,0
3,A251,0,-1,-1,14963.8255767875,9963.82557678747,0
3,A251,0,-1,0,10426.4118737169,5426.41187371685,0
3,A251,0,-1,1,13910.5734327614,8910.57343276144,0
3,A251,0,0,-1,11448.2111682147,6448.21116821472,0
3,A251,0,0,0,3981.90000124325,-1018.09999875675,0
3,A251,0,0,1,10032.4232510279,5032.42325102793,0
3,A251,0,1,-1,15433.956136116,10433.956136116,0
3,A251,0,1,0,11090.5811695969,6090.58116959694,0
3,A251,0,1,1,14415.0955372236,9415.09553722357,0
3,A251,1,-1,-1,20043.9924197757,15043.9924197757,0
3,A251,1,-1,0,16927.9538276748,11927.9538276748,0
3,A251,1,-1,1,19270.4335566109,14270.4335566109,0
3,A251,1,0,-1,17575.75304741,12575.75304741,0
3,A251,1,0,0,13917.6536762274,8917.65367622741,0
3,A251,1,0,1,16688.1716350016,11688.1716350016,0
3,A251,1,1,-1,20397.366453615,15397.366453615,0
3,A251,1,1,0,17344.9285645956,12344.9285645956,0
3,A251,1,1,1,19637.7324449334,14637.7324449334,0
3,A252,-1,-1,-1,16777.9554918426,11777.9554918426,0
3,A252,-1,-1,0,13851.4159812952,8851.41598129521,0
3,A252,-1,-1,1,17384.581067357,12384.581067357,0
3,A252,-1,0,-1,13702.9435285604,8702.9435285604,0
3,A252,-1,0,0,9906.18975931431,4906.18975931431,0
3,A252,-1,0,1,14439.3396576219,9439.33965762189,0
3,A252,-1,1,-1,17147.6392604807,12147.6392604807,0
3,A252,-1,1,0,14296.9740297801,9296.97402978012,0
3,A252,-1,1,1,17741.6290291742,12741.6290291742,0
3,A252,0,-1,-1,13555.3144005194,8555.31440051936,0
3,A252,0,-1,0,9700.95266958643,4700.95266958643,0
3,A252,0,-1,1,14299.3152597663,9299.31525976627,0
3,A252,0,0,-1,9487.75101684224,4487.75101684224,0
3,A252,0,0,0,615.91684359134,-4384.08315640866,0
3,A252,0,0,1,10523.3686507148,5523.36865071485,0
3,A252,0,1,-1,14010.2922959607,9010.29229596065,0
3,A252,0,1,0,10327.1595523107,5327.15955231074,0
3,A252,0,1,1,14731.3325473126,9731.3325473126,0
3,A252,1,-1,-1,16911.3366268785,11911.3366268785,0
3,A252,1,-1,0,14012.6814246322,9012.68142463219,0
3,A252,1,-1,1,17513.3427679829,12513.3427679829,0
3,A252,1,0,-1,13865.9358634124,8865.93586341242,0
3,A252,1,0,0,10130.4546575608,5130.4546575608,0
3,A252,1,0,1,14594.1099683922,9594.10996839217,0
3,A252,1,1,-1,17278.1668075329,12278.1668075329,0
3,A252,1,1,0,14453.2689184682,9453.26891846819,0
3,A252,1,1,1,17867.8179034315,12867.8179034315,0
3,A253,-1,-1,-1,13981.113617135,8981.11361713502,0
3,A253,-1,-1,0,11040.3711398571,6040.37113985712,0
3,A253,-1,-1,1,15757.7933682461,10757.7933682461,0
3,A253,-1,0,-1,10118.4182732925,5118.41827329249,0
3,A253,-1,0,0,5366.62326643591,366.62326643591,0
3,A253,-1,0,1,12458.6878207299,7458.68782072988,0
3,A253,-1,1,-1,14466.9706134823,9466.97061348231,0
3,A253,-1,1,0,11649.527701238,6649.52770123804,0
3,A253,-1,1,1,16190.4216310899,11190.4216310899,0
3,A253,0,-1,-1,13844.5257300995,8844.5257300995,0
3,A253,0,-1,0,10866.8831604071,5866.88316040707,0
3,A253,0,-1,1,15636.7326047512,10636.7326047512,0
3,A253,0,0,-1,9928.83392294625,4928.83392294625,0
3,A253,0,0,0,5000,3.63797880709171e-12,1
3,A253,0,0,1,12305.2125918471,7305.21259184708,0
3,A253,0,1,-1,14335.01285132,9335.01285132,0
3,A253,0,1,0,11485.24489848,6485.24489848002,0
3,A253,0,1,1,16072.6198022791,11072.6198022791,0
3,A253,1,-1,-1,19694.4217332608,14694.4217332608,0
3,A253,1,-1,0,17728.1838984733,12728.1838984733,0
3,A253,1,-1,1,20993.0169644251,15993.0169644251,0
3,A253,1,0,-1,17169.1903648832,12169.1903648832,0
3,A253,1,0,0,14872.772260616,9872.772260616,0
3,A253,1,0,1,18644.5062054939,13644.5062054939,0
3,A253,1,1,-1,20042.2540689329,15042.2540689329,0
3,A253,1,1,0,18113.8125499358,13113.8125499358,0
3,A253,1,1,1,21319.6731219023,16319.6731219023,0
3,A254,-1,-1,-1,16566.8168121532,11566.8168121532,0
3,A254,-1,-1,0,13664.7553156482,8664.75531564816,0
3,A254,-1,-1,1,17291.3752022686,12291.3752022686,0
3,A254,-1,0,-1,13495.827418887,8495.82741888701,0
3,A254,-1,0,0,9716.14513423279,4716.14513423279,0
3,A254,-1,0,1,14376.0076105492,9376.0076105492,0
3,A254,-1,1,-1,17023.9624104767,12023.9624104767,0
3,A254,-1,1,0,14215.5342742514,9215.5342742514,0
3,A254,-1,1,1,17729.8486528089,12729.8486528089,0
3,A254,0,-1,-1,13441.5803103518,8441.58031035179,0
3,A254,0,-1,0,9640.65349386285,4640.65349386285,0
3,A254,0,-1,1,14325.0940079925,9325.09400799251,0
3,A254,0,0,-1,9399.68189209495,4399.68189209495,0
3,A254,0,0,0,787.488553358562,-4212.51144664144,0
3,A254,0,0,1,10624.7944342827,5624.79443428266,0
3,A254,0,1,-1,14001.14131439,9001.14131439,0
3,A254,0,1,0,10406.6361834462,5406.63618344619,0
3,A254,0,1,1,14851.4038125594,9851.40381255942,0
3,A254,1,-1,-1,16937.9084656823,11937.9084656823,0
3,A254,1,-1,0,14112.3655614828,9112.36556148278,0
3,A254,1,-1,1,17647.2371857472,12647.2371857472,0
3,A254,1,0,-1,13948.8595098228,8948.85950982277,0
3,A254,1,0,0,10336.1888611744,5336.18886117441,0
3,A254,1,0,1,14802.1254799086,9802.12547990859,0
3,A254,1,1,-1,17385.298963714,12385.298963714,0
3,A254,1,1,0,14646.3216749738,9646.32167497378,0
3,A254,1,1,1,18077.0809910201,13077.0809910201,0
3,A255,-1,-1,-1,12332.2768843486,7332.2768843486,0
3,A255,-1,-1,0,10417.122791074,5417.12279107395,0
3,A255,-1,-1,1,16277.2184766435,11277.2184766435,0
3,A255,-1,0,-1,10690.2818165602,5690.28181656019,0
3,A255,-1,0,0,8409.13309500754,3409.13309500754,0
3,A255,-1,0,1,15071.3275295053,10071.3275295053,0
3,A255,-1,1,-1,16627.6636206869,11627.6636206869,0
3,A255,-1,1,0,15261.4085711244,10261.4085711244,0
3,A255,-1,1,1,19731.750699491,14731.750699491,0
3,A255,0,-1,-1,10313.6576316401,5313.65763164009,0
3,A255,0,-1,0,7924.82983001915,2924.82983001915,0
3,A255,0,-1,1,14806.5634745823,9806.56347458231,0
3,A255,0,0,-1,8280.61627585329,3280.61627585329,0
3,A255,0,0,0,5000,4.54747350886464e-12,1
3,A255,0,0,1,13469.6471405926,8469.64714059257,0
3,A255,0,1,-1,15190.9735722621,10190.9735722621,0
3,A255,0,1,0,13681.9981057314,8681.99810573144,0
3,A255,0,1,1,18537.2184066896,13537.2184066896,0
3,A255,1,-1,-1,16144.906761364,11144.906761364,0
3,A255,1,-1,0,14733.9542698222,9733.95426982215,0
3,A255,1,-1,1,19326.6862787516,14326.6862787516,0
3,A255,1,0,-1,14928.3316716362,9928.33167163616,0
3,A255,1,0,0,13389.7901623009,8389.79016230086,0
3,A255,1,0,1,18322.6055647804,13322.6055647804,0
3,A255,1,1,-1,19622.7459511561,14622.7459511561,0
3,A255,1,1,0,18479.2735992432,13479.2735992432,0
3,A255,1,1,1,22314.0078616048,17314.0078616048,0
3,A256,-1,-1,-1,17185.5799834775,12185.5799834775,0
3,A256,-1,-1,0,14786.2730548733,9786.27305487328,0
3,A256,-1,-1,1,18491.1757965263,13491.1757965263,0
3,A256,-1,0,-1,13209.4564942183,8209.45649421828,0
3,A256,-1,0,0,9888.34932420044,4888.34932420044,0
3,A256,-1,0,1,14868.3947970918,9868.39479709175,0
3,A256,-1,1,-1,15925.932386419,10925.932386419,0
3,A256,-1,1,0,13301.3169972585,8301.31699725854,0
3,A256,-1,1,1,17326.7061308931,12326.7061308931,0
3,A256,0,-1,-1,14144.3870636284,9144.38706362836,0
3,A256,0,-1,0,11106.4574410794,6106.45744107936,0
3,A256,0,-1,1,15704.8753059449,10704.8753059449,0
3,A256,0,0,-1,8899.95881506656,3899.95881506656,0
3,A256,0,0,0,1580.8157370961,-3419.1842629039,0
3,A256,0,0,1,11215.5557097908,6215.55570979078,0
3,A256,0,1,-1,12583.9122856934,7583.91228569337,0
3,A256,0,1,0,9035.73792773973,4035.73792773973,0
3,A256,0,1,1,14315.5255364085,9315.52553640851,0
3,A256,1,-1,-1,17458.0414549563,12458.0414549563,0
3,A256,1,-1,0,15102.0833969271,10102.0833969271,0
3,A256,1,-1,1,18744.6694932856,13744.6694932856,0
3,A256,1,0,-1,13562.0349854701,8562.03498547015,0
3,A256,1,0,0,10354.6368565916,5354.63685659164,0
3,A256,1,0,1,15182.4970250831,10182.4970250831,0
3,A256,1,1,-1,16219.5676407005,11219.5676407005,0
3,A256,1,1,0,13651.5232093723,8651.52320937227,0
3,A256,1,1,1,17596.9826226203,12596.9826226203,0
3,A257,-1,-1,-1,13161.2765020444,8161.27650204436,0
3,A257,-1,-1,0,11782.9236704926,6782.92367049262,0
3,A257,-1,-1,1,17448.6498413501,12448.6498413501,0
3,A257,-1,0,-1,9209.68718572229,4209.68718572229,0
3,A257,-1,0,0,7101.86096176542,2101.86096176542,0
3,A257,-1,0,1,14698.793153917,9698.79315391702,0
3,A257,-1,1,-1,14014.9019602154,9014.90196021541,0
3,A257,-1,1,0,12729.319228295,7729.31922829497,0
3,A257,-1,1,1,18101.2060116786,13101.2060116786,0
3,A257,0,-1,-1,12156.593685857,7156.59368585696,0
3,A257,0,-1,0,10648.98404095,5648.98404094999,0
3,A257,0,-1,1,16703.8603970998,11703.8603970998,0
3,A257,0,0,-1,7705.9658018064,2705.9658018064,0
3,A257,0,0,0,5000,0,1
3,A257,0,0,1,13806.4510668524,8806.45106685242,0
3,A257,0,1,-1,13075.9721563715,8075.97215637148,0
3,A257,0,1,0,11687.5634285163,6687.56342851633,0
3,A257,0,1,1,17384.3961631396,12384.3961631396,0
3,A257,1,-1,-1,17954.0062638613,12954.0062638613,0
3,A257,1,-1,0,16969.5147834038,11969.5147834038,0
3,A257,1,-1,1,21297.4769173616,16297.4769173616,0
3,A257,1,0,-1,15295.2763890805,10295.2763890805,0
3,A257,1,0,0,14126.6970973314,9126.69709733143,0
3,A257,1,0,1,19109.7268934211,14109.7268934211,0
3,A257,1,1,-1,18588.8304826838,13588.8304826838,0
3,A257,1,1,0,17639.8046977665,12639.8046977665,0
3,A257,1,1,1,21835.3108710807,16835.3108710807,0
3,A258,-1,-1,-1,16580.5378950628,11580.5378950628,0
3,A258,-1,-1,0,12828.9265709893,7828.92657098935,0
3,A258,-1,-1,1,15945.1709629612,10945.1709629612,0
3,A258,-1,0,-1,13199.1497737456,8199.1497737456,0
3,A258,-1,0,0,7992.78892652577,2992.78892652577,0
3,A258,-1,0,1,12391.6017890431,7391.60178904314,0
3,A258,-1,1,-1,16538.4664527859,11538.4664527859,0
3,A258,-1,1,0,12774.5055749391,7774.50557493907,0
3,A258,-1,1,1,15901.4185769187,10901.4185769187,0
3,A258,0,-1,-1,14676.3170290082,9676.31702900818,0
3,A258,0,-1,0,10249.9464198687,5249.94641986872,0
3,A258,0,-1,1,13954.5161752174,8954.51617521739,0
3,A258,0,0,-1,10709.6965127921,5709.69651279213,0
3,A258,0,0,0,2089.19110431191,-2910.80889568809,0
3,A258,0,0,1,9697.00157494884,4697.00157494884,0
3,A258,0,1,-1,14628.770189468,9628.77018946802,0
3,A258,0,1,0,10181.7502095903,5181.75020959032,0
3,A258,0,1,1,13904.501336068,8904.501336068,0
3,A258,1,-1,-1,18864.631620636,13864.631620636,0
3,A258,1,-1,0,15669.7621633681,10669.7621633681,0
3,A258,1,-1,1,18308.7019291578,13308.7019291578,0
3,A258,1,0,-1,15974.28070501,10974.28070501,0
3,A258,1,0,0,12035.1470334466,7035.14703344663,0
3,A258,1,0,1,15313.7808587854,10313.7808587854,0
3,A258,1,1,-1,18827.6648021631,13827.6648021631,0
3,A258,1,1,0,15625.2386214367,10625.2386214367,0
3,A258,1,1,1,18270.6103360304,13270.6103360304,0
3,A259,-1,-1,-1,16733.6779372209,11733.6779372209,0
3,A259,-1,-1,0,11602.6617166994,6602.66171669936,0
3,A259,-1,-1,1,13756.000164208,8756.00016420796,0
3,A259,-1,0,-1,16404.567472438,11404.567472438,0
3,A259,-1,0,0,11122.7521577755,6122.75215777554,0
3,A259,-1,0,1,13353.7035001092,8353.7035001092,0
3,A259,-1,1,-1,21405.6929485806,16405.6929485806,0
3,A259,-1,1,0,17686.4205596961,12686.4205596961,0
3,A259,-1,1,1,19168.0790331209,14168.0790331209,0
3,A259,0,-1,-1,13464.7822761206,8464.78227612063,0
3,A259,0,-1,0,5992.17350790685,992.173507906846,0
3,A259,0,-1,1,9513.77553626261,4513.77553626261,0
3,A259,0,0,-1,13053.5136417162,8053.51364171623,0
3,A259,0,0,0,5000,-9.09494701772928e-13,1
3,A259,0,0,1,8922.20721601602,3922.20721601602,0
3,A259,0,1,-1,18960.1707546533,13960.1707546533,0
3,A259,0,1,0,14631.9464409606,9631.94644096059,0
3,A259,0,1,1,16392.0602200171,11392.0602200171,0
3,A259,1,-1,-1,16810.2571717399,11810.2571717399,0
3,A259,1,-1,0,11712.8360265804,6712.83602658042,0
3,A259,1,-1,1,13849.0544583769,8849.05445837688,0
3,A259,1,0,-1,16482.6758395344,11482.6758395344,0
3,A259,1,0,0,11237.6325103066,6237.63251030659,0
3,A259,1,0,1,13449.541480743,8449.54148074305,0
3,A259,1,1,-1,21465.6110903536,16465.6110903536,0
3,A259,1,1,0,17758.8918879484,12758.8918879484,0
3,A259,1,1,1,19234.9687468778,14234.9687468778,0
3,A260,-1,-1,-1,16504.0338965152,11504.0338965152,0
3,A260,-1,-1,0,12267.9188288901,7267.9188288901,0
3,A260,-1,-1,1,15120.2027078724,10120.2027078724,0
3,A260,-1,0,-1,12310.7163392507,7310.71633925072,0
3,A260,-1,0,0,5447.24098240649,447.240982406487,0
3,A260,-1,0,1,10382.2508087275,5382.25080872751,0
3,A260,-1,1,-1,15189.6128559508,10189.6128559508,0
3,A260,-1,1,0,10432.7866003566,5432.78660035665,0
3,A260,-1,1,1,13673.3951081469,8673.39510814689,0
3,A260,0,-1,-1,16361.867269261,11361.867269261,0
3,A260,0,-1,0,12075.9843520861,7075.98435208607,0
3,A260,0,-1,1,14964.8954425596,9964.89544255962,0
3,A260,0,0,-1,12119.4596606072,7119.45966060722,0
3,A260,0,0,0,5000,-9.09494701772928e-13,1
3,A260,0,0,1,10154.7376891239,5154.73768912394,0
3,A260,0,1,-1,15035.0225937063,10035.0225937063,0
3,A260,0,1,0,10206.4000474297,5206.40004742967,0
3,A260,0,1,1,13501.4554572123,8501.45545721226,0
3,A260,1,-1,-1,21518.3239639268,16518.3239639268,0
3,A260,1,-1,0,18470.434855504,13470.434855504,0
3,A260,1,-1,1,20476.221850877,15476.221850877,0
3,A260,1,0,-1,18498.8882948321,13498.8882948321,0
3,A260,1,0,0,14843.4351037619,9843.4351037619,0
3,A260,1,0,1,17275.5973330738,12275.5973330738,0
3,A260,1,1,-1,20527.5295657527,15527.5295657527,0
3,A260,1,1,0,17306.0153590526,12306.0153590526,0
3,A260,1,1,1,19432.3664318754,14432.3664318754,0
3,A261,-1,-1,-1,16231.1404851367,11231.1404851367,0
3,A261,-1,-1,0,10893.3243711184,5893.32437111842,0
3,A261,-1,-1,1,13186.3228483365,8186.32284833647,0
3,A261,-1,0,-1,13505.837680492,8505.83768049203,0
3,A261,-1,0,0,6133.69756818482,1133.69756818482,0
3,A261,-1,0,1,9635.18760918097,4635.18760918097,0
3,A261,-1,1,-1,17359.8784977128,12359.8784977128,0
3,A261,-1,1,0,12513.1920732286,7513.19207322857,0
3,A261,-1,1,1,14553.1635827977,9553.16358279767,0
3,A261,0,-1,-1,15837.5400738337,10837.5400738337,0
3,A261,0,-1,0,10297.6827488735,5297.68274887346,0
3,A261,0,-1,1,12698.6953819124,7698.69538191243,0
3,A261,0,0,-1,13030.1728919398,8030.17289193977,0
3,A261,0,0,0,5000,-9.09494701772928e-13,1
3,A261,0,0,1,8956.26006802828,3956.26006802828,0
3,A261,0,1,-1,16992.4434851906,11992.4434851906,0
3,A261,0,1,0,11998.2386208791,6998.23862087907,0
3,A261,0,1,1,14112.8425347168,9112.84253471681,0
3,A261,1,-1,-1,20933.3568672665,15933.3568672665,0
3,A261,1,-1,0,17129.5074108536,12129.5074108536,0
3,A261,1,-1,1,18671.7599209246,13671.7599209246,0
3,A261,1,0,-1,18898.7607989488,13898.7607989488,0
3,A261,1,0,0,14573.1861355725,9573.18613557254,0
3,A261,1,0,1,16358.2501676739,11358.2501676739,0
3,A261,1,1,-1,21820.1945394499,16820.1945394499,0
3,A261,1,1,0,18202.6230017983,13202.6230017983,0
3,A261,1,1,1,19660.8768510399,14660.8768510399,0
3,A262,-1,-1,-1,13556.5953092847,8556.59530928466,0
3,A262,-1,-1,0,9312.14505242094,4312.14505242094,0
3,A262,-1,-1,1,13771.3766405155,8771.37664051552,0
3,A262,-1,0,-1,11758.3004307029,6758.30043070294,0
3,A262,-1,0,0,6418.13042219287,1418.13042219287,0
3,A262,-1,0,1,12005.2974646148,7005.2974646148,0
3,A262,-1,1,-1,17109.4705253441,12109.4705253441,0
3,A262,-1,1,0,13988.1646671473,8988.16466714728,0
3,A262,-1,1,1,17280.1481432549,12280.1481432549,0
3,A262,0,-1,-1,12945.6123170533,7945.61231705327,0
3,A262,0,-1,0,8397.8358736671,3397.8358736671,0
3,A262,0,-1,1,13170.3612880839,8170.3612880839,0
3,A262,0,0,-1,11048.3134867902,6048.31348679025,0
3,A262,0,0,0,5000,3.63797880709171e-12,1
3,A262,0,0,1,11310.8253057683,6310.82530576831,0
3,A262,0,1,-1,16629.5394867489,11629.5394867489,0
3,A262,0,1,0,13396.8784662305,8396.87846623048,0
3,A262,0,1,1,16805.0921371041,11805.0921371041,0
3,A262,1,-1,-1,18745.5722811325,13745.5722811325,0
3,A262,1,-1,0,15947.7662775943,10947.7662775943,0
3,A262,1,-1,1,18901.481908633,13901.481908633,0
3,A262,1,0,-1,17489.2204739409,12489.2204739409,0
3,A262,1,0,0,14450.1765346906,9450.17653469059,0
3,A262,1,0,1,17656.22754105,12656.22754105,0
3,A262,1,1,-1,21455.7494724622,16455.7494724622,0
3,A262,1,1,0,19060.0093001728,14060.0093001728,0
3,A262,1,1,1,21592.0986386289,16592.0986386289,0
3,A263,-1,-1,-1,15423.2837721332,10423.2837721332,0
3,A263,-1,-1,0,12627.1087924786,7627.10879247859,0
3,A263,-1,-1,1,16763.3549923168,11763.3549923168,0
3,A263,-1,0,-1,13075.8525645226,8075.85256452265,0
3,A263,-1,0,0,9619.98515749774,4619.98515749774,0
3,A263,-1,0,1,14632.508621963,9632.50862196296,0
3,A263,-1,1,-1,17437.8369720135,12437.8369720135,0
3,A263,-1,1,0,15021.4630580334,10021.4630580334,0
3,A263,-1,1,1,18633.5865185747,13633.5865185747,0
3,A263,0,-1,-1,12230.1923347417,7230.19233474174,0
3,A263,0,-1,0,8434.67833922071,3434.67833922071,0
3,A263,0,-1,1,13882.002479018,8882.00247901802,0
3,A263,0,0,-1,9092.73570044584,4092.73570044584,0
3,A263,0,0,0,2060.10598259062,-2939.89401740938,0
3,A263,0,0,1,11216.5159831763,6216.51598317628,0
3,A263,0,1,-1,14689.3866615168,9689.38666151684,0
3,A263,0,1,0,11719.3973664559,6719.39736645585,0
3,A263,0,1,1,16090.6950991632,11090.6950991632,0
3,A263,1,-1,-1,16164.0813773565,11164.0813773565,0
3,A263,1,-1,0,13521.9717835509,8521.97178355094,0
3,A263,1,-1,1,17447.3469346056,12447.3469346056,0
3,A263,1,0,-1,13941.9426461018,8941.94264610176,0
3,A263,1,0,0,10767.7276566848,5767.72765668479,0
3,A263,1,0,1,15411.3644116891,10411.3644116891,0
3,A263,1,1,-1,18096.3532989544,13096.3532989544,0
3,A263,1,1,0,15781.1342070816,10781.1342070816,0
3,A263,1,1,1,19251.2438819746,14251.2438819746,0
3,A264,-1,-1,-1,20516.8127423238,15516.8127423238,0
3,A264,-1,-1,0,15468.1734656598,10468.1734656598,0
3,A264,-1,-1,1,16049.5849050344,11049.5849050344,0
3,A264,-1,0,-1,16541.9582439669,11541.9582439669,0
3,A264,-1,0,0,9589.63856489435,4589.63856489435,0
3,A264,-1,0,1,10501.7119111825,5501.71191118253,0
3,A264,-1,1,-1,18064.6937418466,13064.6937418466,0
3,A264,-1,1,0,12027.3831421001,7027.38314210014,0
3,A264,-1,1,1,12766.4689913476,7766.46899134756,0
3,A264,0,-1,-1,18814.3146911672,13814.3146911672,0
3,A264,0,-1,0,13126.4322097985,8126.43220979845,0
3,A264,0,-1,1,13806.8101970947,8806.81019709471,0
3,A264,0,0,-1,14376.2030710419,9376.20307104195,0
3,A264,0,0,0,5000,3.63797880709171e-12,1
3,A264,0,0,1,6582.15658125543,1582.15658125543,0
3,A264,0,1,-1,16105.0300273362,11105.0300273362,0
3,A264,0,1,0,8814.57755321069,3814.57755321069,0
3,A264,0,1,1,9799.05927636577,4799.05927636577,0
3,A264,1,-1,-1,22068.4677649573,17068.4677649573,0
3,A264,1,-1,0,17474.0394515157,12474.0394515157,0
3,A264,1,-1,1,17990.7431756804,12990.7431756804,0
3,A264,1,0,-1,18431.3332923727,13431.3332923727,0
3,A264,1,0,0,12571.3496568464,7571.34965684636,0
3,A264,1,0,1,13280.1964388655,8280.19643886548,0
3,A264,1,1,-1,19809.3620385941,14809.3620385941,0
3,A264,1,1,0,14516.7355020424,9516.73550204235,0
3,A264,1,1,1,15134.7413224152,10134.7413224152,0
3,A265,-1,-1,-1,15444.9597037728,10444.9597037728,0
3,A265,-1,-1,0,11715.7441278856,6715.74412788556,0
3,A265,-1,-1,1,15361.3326469094,10361.3326469094,0
3,A265,-1,0,-1,11268.0505429586,6268.05054295861,0
3,A265,-1,0,0,5067.62698485089,67.6269848508928,0
3,A265,-1,0,1,11153.148590264,6153.14859026401,0
3,A265,-1,1,-1,14676.2101997135,9676.21019971347,0
3,A265,-1,1,0,10681.9017990755,5681.90179907553,0
3,A265,-1,1,1,14588.1769342167,9588.1769342167,0
3,A265,0,-1,-1,15422.9030014967,10422.9030014967,0
3,A265,0,-1,0,11686.6512403039,6686.65124030387,0
3,A265,0,-1,1,15339.1556948684,10339.1556948684,0
3,A265,0,0,-1,11237.7987070903,6237.79870709032,0
3,A265,0,0,0,5000,-4.54747350886464e-12,1
3,A265,0,0,1,11122.584241934,6122.58424193403,0
3,A265,0,1,-1,14652.9963682717,9652.99636827174,0
3,A265,0,1,0,10649.9851073841,5649.98510738414,0
3,A265,0,1,1,14564.8227935126,9564.82279351257,0
3,A265,1,-1,-1,20908.9716087613,15908.9716087613,0
3,A265,1,-1,0,18327.4922985909,13327.4922985909,0
3,A265,1,-1,1,20847.2745022899,15847.2745022899,0
3,A265,1,0,-1,18044.5913371152,13044.5913371152,0
3,A265,1,0,0,14977.2880302948,9977.28803029477,0
3,A265,1,0,1,17973.0642062318,12973.0642062318,0
3,A265,1,1,-1,20347.7138595714,15347.7138595714,0
3,A265,1,1,0,17684.4943249705,12684.4943249705,0
3,A265,1,1,1,20284.3096936729,15284.3096936729,0
3,A266,-1,-1,-1,13635.3080081286,8635.30800812863,0
3,A266,-1,-1,0,10763.2906000079,5763.29060000792,0
3,A266,-1,-1,1,15677.2199258638,10677.2199258638,0
3,A266,-1,0,-1,10041.3055872971,5041.30558729712,0
3,A266,-1,0,0,5545.68462510866,545.684625108655,0
3,A266,-1,0,1,12676.0174354901,7676.01743549009,0
3,A266,-1,1,-1,14687.8865504344,9687.88655043441,0
3,A266,-1,1,0,12069.0020872529,7069.00208725287,0
3,A266,-1,1,1,16600.8316492216,11600.8316492216,0
3,A266,0,-1,-1,13422.6303873485,8422.63038734846,0
3,A266,0,-1,0,10492.5595818681,5492.55958186811,0
3,A266,0,-1,1,15492.5984470887,10492.5984470887,0
3,A266,0,0,-1,9750.54869924343,4750.54869924343,0
3,A266,0,0,0,4999.99999999999,-6.3664629124105e-12,1
3,A266,0,0,1,12446.9594706371,7446.95947063708,0
3,A266,0,1,-1,14490.6657320244,9490.66573202437,0
3,A266,0,1,0,11828.1948504811,6828.1948504811,0
3,A266,0,1,1,16426.5940926484,11426.5940926484,0
3,A266,1,-1,-1,19349.7387205668,14349.7387205668,0
3,A266,1,-1,0,17445.3199631846,12445.3199631846,0
3,A266,1,-1,1,20839.0496108044,15839.0496108044,0
3,A266,1,0,-1,17009.3674772212,12009.3674772212,0
3,A266,1,0,0,14806.9369566711,9806.93695667113,0
3,A266,1,0,1,18686.1494723369,13686.1494723369,0
3,A266,1,1,-1,20105.3419616802,15105.3419616802,0
3,A266,1,1,0,18279.8133321919,13279.8133321919,0
3,A266,1,1,1,21542.4783978878,16542.4783978878,0
3,A267,-1,-1,-1,15718.9756234954,10718.9756234954,0
3,A267,-1,-1,0,12058.4975022329,7058.49750223292,0
3,A267,-1,-1,1,15611.8073704063,10611.8073704063,0
3,A267,-1,0,-1,11349.8480661989,6349.84806619892,0
3,A267,-1,0,0,5209.62748045524,209.627480455237,0
3,A267,-1,0,1,11200.9546845092,6200.95468450924,0
3,A267,-1,1,-1,14510.4068722954,9510.40687229535,0
3,A267,-1,1,0,10434.2261312889,5434.22613128886,0
3,A267,-1,1,1,14394.2433742863,9394.24337428634,0
3,A267,0,-1,-1,15637.1733062519,10637.1733062519,0
3,A267,0,-1,0,11951.6675141619,6951.66751416189,0
3,A267,0,-1,1,15529.4405478236,10529.4405478236,0
3,A267,0,0,-1,11236.2825473336,6236.28254733363,0
3,A267,0,0,0,4957.33929067089,-42.6607093291077,0
3,A267,0,0,1,11085.8639808607,6085.86398086069,0
3,A267,0,1,-1,14421.7510017775,9421.75100177753,0
3,A267,0,1,0,10310.5804548816,5310.58045488159,0
3,A267,0,1,1,14304.8675868007,9304.8675868007,0
3,A267,1,-1,-1,21022.753943465,16022.753943465,0
3,A267,1,-1,0,18446.6081089936,13446.6081089936,0
3,A267,1,-1,1,20942.7438051011,15942.7438051011,0
3,A267,1,0,-1,17991.3601442812,12991.3601442812,0
3,A267,1,0,0,14900.0069530368,9900.00695303678,0
3,A267,1,0,1,17897.8036239048,12897.8036239048,0
3,A267,1,1,-1,20135.0911672877,15135.0911672877,0
3,A267,1,1,0,17428.2260621757,12428.2260621757,0
3,A267,1,1,1,20051.5393681786,15051.5393681786,0
3,A268,-1,-1,-1,17074.8193059774,12074.8193059774,0
3,A268,-1,-1,0,13160.6011393333,8160.60113933334,0
3,A268,-1,-1,1,15964.12823694,10964.12823694,0
3,A268,-1,0,-1,12421.1881663997,7421.18816639972,0
3,A268,-1,0,0,5994.82138866145,994.82138866145,0
3,A268,-1,0,1,10843.8854429027,5843.8854429027,0
3,A268,-1,1,-1,14731.679354318,9731.679354318,0
3,A268,-1,1,0,9933.49609227706,4933.49609227706,0
3,A268,-1,1,1,13428.563312288,8428.56331228803,0
3,A268,0,-1,-1,16705.6139901303,11705.6139901303,0
3,A268,0,-1,0,12677.9141345917,7677.91413459172,0
3,A268,0,-1,1,15568.605423124,10568.605423124,0
3,A268,0,0,-1,11908.5683405087,6908.56834050873,0
3,A268,0,0,0,4844.16844643241,-155.831553567588,0
3,A268,0,0,1,10252.7038362695,5252.70383626952,0
3,A268,0,1,-1,14302.1138666247,9302.11386662468,0
3,A268,0,1,0,9284.52632452201,4284.52632452201,0
3,A268,0,1,1,12955.8634250129,7955.86342501289,0
3,A268,1,-1,-1,21601.0560677643,16601.0560677643,0
3,A268,1,-1,0,18661.6609994807,13661.6609994807,0
3,A268,1,-1,1,20734.2605191597,15734.2605191597,0
3,A268,1,0,-1,18147.7845583428,13147.7845583428,0
3,A268,1,0,0,14525.634319811,9525.63431981096,0
3,A268,1,0,1,17106.8997895503,12106.8997895503,0
3,A268,1,1,-1,19800.973347524,14800.973347524,0
3,A268,1,1,0,16544.8032181166,11544.8032181166,0
3,A268,1,1,1,18851.590955223,13851.590955223,0
3,A269,-1,-1,-1,16929.4737900309,11929.4737900309,0
3,A269,-1,-1,0,15703.2507840232,10703.2507840232,0
3,A269,-1,-1,1,20163.7567820212,15163.7567820212,0
3,A269,-1,0,-1,11484.3985765994,6484.39857659944,0
3,A269,-1,0,0,9585.21846619999,4585.21846619999,0
3,A269,-1,0,1,15870.1422622283,10870.1422622283,0
3,A269,-1,1,-1,13310.7377152829,8310.73771528292,0
3,A269,-1,1,0,11711.5644088925,6711.56440889249,0
3,A269,-1,1,1,17237.9158624881,12237.9158624881,0
3,A269,0,-1,-1,14592.6310914606,9592.6310914606,0
3,A269,0,-1,0,13150.2807783729,8150.28077837293,0
3,A269,0,-1,1,18245.9553580684,13245.9553580684,0
3,A269,0,0,-1,7630.80664348918,2630.80664348918,0
3,A269,0,0,0,4267.81119649178,-732.188803508217,0
3,A269,0,0,1,13349.1278661747,8349.12786617473,0
3,A269,0,1,-1,10174.1603038862,5174.16030388624,0
3,A269,0,1,0,7968.59713298123,2968.59713298123,0
3,A269,0,1,1,14949.365961349,9949.36596134895,0
3,A269,1,-1,-1,18419.6276166372,13419.6276166372,0
3,A269,1,-1,0,17299.3550143976,12299.3550143976,0
3,A269,1,-1,1,21430.1816672829,16430.1816672829,0
3,A269,1,0,-1,13585.5441331747,8585.54413317472,0
3,A269,1,0,0,12022.9784900839,7022.97849008389,0
3,A269,1,0,1,17450.9889161503,12450.9889161503,0
3,A269,1,1,-1,15160.8488302368,10160.8488302368,0
3,A269,1,1,0,13778.1108876317,8778.11088763173,0
3,A269,1,1,1,18703.5114887675,13703.5114887675,0
3,A270,-1,-1,-1,17580.9617310964,12580.9617310964,0
3,A270,-1,-1,0,13727.6304850341,8727.63048503405,0
3,A270,-1,-1,1,16364.7628176212,11364.7628176212,0
3,A270,-1,0,-1,12674.2262248183,7674.22622481829,0
3,A270,-1,0,0,6324.05200336248,1324.05200336248,0
3,A270,-1,0,1,10924.8000935758,5924.80009357583,0
3,A270,-1,1,-1,14566.4616638863,9566.46166388627,0
3,A270,-1,1,0,9567.623986593,4567.623986593,0
3,A270,-1,1,1,13072.759926358,8072.75992635799,0
3,A270,0,-1,-1,17149.2443462982,12149.2443462982,0
3,A270,0,-1,0,13170.2014028793,8170.20140287928,0
3,A270,0,-1,1,15900.0574947314,10900.0574947314,0
3,A270,0,0,-1,12068.2383410603,7068.23834106033,0
3,A270,0,0,0,5000,9.09494701772928e-13,1
3,A270,0,0,1,10215.5579066129,5215.55790661291,0
3,A270,0,1,-1,14042.3705856324,9042.37058563245,0
3,A270,0,1,0,8749.04537693095,3749.04537693095,0
3,A270,0,1,1,12486.1290378947,7486.12903789474,0
3,A270,1,-1,-1,21888.4204068683,16888.4204068683,0
3,A270,1,-1,0,18933.0549899157,13933.0549899157,0
3,A270,1,-1,1,20924.1055864888,15924.1055864888,0
3,A270,1,0,-1,18183.7494185167,13183.7494185167,0
3,A270,1,0,0,14491.5964013206,9491.59640132056,0
3,A270,1,0,1,17010.7022077905,12010.7022077905,0
3,A270,1,1,-1,19549.7963652567,14549.7963652567,0
3,A270,1,1,0,16172.5743549493,11172.5743549493,0
3,A270,1,1,1,18463.7424323923,13463.7424323923,0
3,A271,-1,-1,-1,20180.4517676889,15180.4517676889,0
3,A271,-1,-1,0,16409.1006378634,11409.1006378634,0
3,A271,-1,-1,1,18200.7289397716,13200.7289397716,0
3,A271,-1,0,-1,15485.6618957184,10485.6618957184,0
3,A271,-1,0,0,10090.2762372501,5090.27623725008,0
3,A271,-1,0,1,12799.282196261,7799.282196261,0
3,A271,-1,1,-1,16503.3576931784,11503.3576931784,0
3,A271,-1,1,0,11591.7541961732,6591.75419617323,0
3,A271,-1,1,1,14013.4476678657,9013.44766786567,0
3,A271,0,-1,-1,17913.1802078923,12913.1802078923,0
3,A271,0,-1,0,13523.6820191816,8523.68201918157,0
3,A271,0,-1,1,15649.2148541531,10649.2148541531,0
3,A271,0,0,-1,12386.9736401153,7386.97364011527,0
3,A271,0,0,0,3930.02113943689,-1069.97886056311,0
3,A271,0,0,1,8800.73953437613,3800.73953437613,0
3,A271,0,1,-1,13637.8959800035,8637.89598000354,0
3,A271,0,1,0,6928.2145576553,1928.2145576553,0
3,A271,0,1,1,10488.4749679073,5488.47496790725,0
3,A271,1,-1,-1,20844.9854107129,15844.9854107129,0
3,A271,1,-1,0,17219.7957876492,12219.7957876492,0
3,A271,1,-1,1,18934.8704026157,13934.8704026157,0
3,A271,1,0,-1,16342.230801617,11342.230801617,0
3,A271,1,0,0,11361.1820586076,6361.18205860764,0
3,A271,1,0,1,13823.3283967479,8823.32839674795,0
3,A271,1,1,-1,17309.6388862912,12309.6388862912,0
3,A271,1,1,0,12713.4396828441,7713.43968284406,0
3,A271,1,1,1,14954.5811965706,9954.58119657064,0
3,A272,-1,-1,-1,17309.2982385348,12309.2982385348,0
3,A272,-1,-1,0,13328.8261883428,8328.82618834283,0
3,A272,-1,-1,1,15990.7288641752,10990.7288641752,0
3,A272,-1,0,-1,13470.8501245728,8470.85012457282,0
3,A272,-1,0,0,7714.24689306834,2714.24689306834,0
3,A272,-1,0,1,11728.4017315116,6728.40173151164,0
3,A272,-1,1,-1,16227.00837021,11227.00837021,0
3,A272,-1,1,0,11889.5585576326,6889.55855763263,0
3,A272,-1,1,1,14812.4071218653,9812.40712186531,0
3,A272,0,-1,-1,15747.349240388,10747.349240388,0
3,A272,0,-1,0,11226.0772377201,6226.07723772014,0
3,A272,0,-1,1,14285.3285645017,9285.32856450173,0
3,A272,0,0,-1,11394.3409492128,6394.34094921283,0
3,A272,0,0,0,2806.56510977727,-2193.43489022273,0
3,A272,0,0,1,9269.44495446895,4269.44495446895,0
3,A272,0,1,-1,14549.3299926515,9549.32999265152,0
3,A272,0,1,0,9472.52898035049,4472.52898035049,0
3,A272,0,1,1,12952.7837676729,7952.78376767291,0
3,A272,1,-1,-1,19908.4457124847,14908.4457124847,0
3,A272,1,-1,0,16564.7823026885,11564.7823026885,0
3,A272,1,-1,1,18773.327216665,13773.327216665,0
3,A272,1,0,-1,16679.2748120268,11679.2748120268,0
3,A272,1,0,0,12499.7604098488,7499.76040984881,0
3,A272,1,0,1,15306.5284226089,10306.5284226089,0
3,A272,1,1,-1,18974.9889544967,13974.9889544967,0
3,A272,1,1,0,15430.3599398,10430.3599398,0
3,A272,1,1,1,17780.3771028709,12780.3771028709,0
3,A273,-1,-1,-1,13334.307424842,8334.30742484204,0
3,A273,-1,-1,0,11975.7624291575,6975.76242915749,0
3,A273,-1,-1,1,17579.3633849193,12579.3633849193,0
3,A273,-1,0,-1,10902.9968407404,5902.99684074039,0
3,A273,-1,0,0,9191.86985159262,4191.86985159262,0
3,A273,-1,0,1,15814.7273965769,10814.7273965769,0
3,A273,-1,1,-1,16122.869648986,11122.869648986,0
3,A273,-1,1,0,15018.7235468802,10018.7235468802,0
3,A273,-1,1,1,19778.1998229626,14778.1998229626,0
3,A273,0,-1,-1,10538.4313737703,5538.43137377026,0
3,A273,0,-1,0,8756.35010030365,3756.35010030365,0
3,A273,0,-1,1,15565.6287485765,10565.6287485765,0
3,A273,0,0,-1,7220.1192115271,2220.1192115271,0
3,A273,0,0,0,4212.51144664144,-787.488553358564,0
3,A273,0,0,1,13541.0628810115,8541.0628810115,0
3,A273,0,1,-1,13899.7016888011,8899.7016888011,0
3,A273,0,1,0,12602.2552861415,7602.25528614155,0
3,A273,0,1,1,18011.995157575,13011.995157575,0
3,A273,1,-1,-1,15630.5251715716,10630.5251715716,0
3,A273,1,-1,0,14488.9077710694,9488.9077710694,0
3,A273,1,-1,1,19378.946814984,14378.946814984,0
3,A273,1,0,-1,13615.6124632031,8615.61246320306,0
3,A273,1,0,0,12288.2071111921,7288.20711119213,0
3,A273,1,0,1,17793.6832968044,12793.6832968044,0
3,A273,1,1,-1,18068.1069389443,13068.1069389443,0
3,A273,1,1,0,17090.1029726725,12090.1029726725,0
3,A273,1,1,1,21393.6147220607,16393.6147220607,0
3,A274,-1,-1,-1,19595.7367220647,14595.7367220647,0
3,A274,-1,-1,0,13812.0392191584,8812.03921915838,0
3,A274,-1,-1,1,14055.3177517502,9055.31775175016,0
3,A274,-1,0,-1,16795.1782988998,11795.1782988998,0
3,A274,-1,0,0,9426.42794503461,4426.42794503461,0
3,A274,-1,0,1,9779.42091915587,4779.42091915587,0
3,A274,-1,1,-1,19497.7724497748,14497.7724497748,0
3,A274,-1,1,0,13672.6976202317,8672.6976202317,0
3,A274,-1,1,1,13918.4119038554,8918.4119038554,0
3,A274,0,-1,-1,17892.3266759118,12892.3266759118,0
3,A274,0,-1,0,11265.6506065402,6265.65060654021,0
3,A274,0,-1,1,11562.6300338519,6562.63003385189,0
3,A274,0,0,-1,14772.2872395884,9772.28723958839,0
3,A274,0,0,0,5000,4.54747350886464e-12,1
3,A274,0,0,1,5637.3335639373,637.333563937304,0
3,A274,0,1,-1,17784.982055101,12784.982055101,0
3,A274,0,1,0,11094.373186952,6094.37318695203,0
3,A274,0,1,1,11395.8170449711,6395.81704497112,0
3,A274,1,-1,-1,21360.6603379815,16360.6603379815,0
3,A274,1,-1,0,16219.042505207,11219.042505207,0
3,A274,1,-1,1,16426.7120720126,11426.7120720126,0
3,A274,1,0,-1,18824.5299140769,13824.5299140769,0
3,A274,1,0,0,12694.1898598166,7694.1898598166,0
3,A274,1,0,1,12958.4715884307,7958.47158843066,0
3,A274,1,1,-1,21270.8260981405,16270.8260981405,0
3,A274,1,1,0,16100.5457239322,11100.5457239322,0
3,A274,1,1,1,16309.7241644218,11309.7241644218,0
3,A275,-1,-1,-1,14763.2634197675,9763.2634197675,0
3,A275,-1,-1,0,10884.2138468669,5884.21384686687,0
3,A275,-1,-1,1,14797.9145600727,9797.91456007271,0
3,A275,-1,0,-1,11167.729731653,6167.72973165296,0
3,A275,-1,0,0,5022.98234340206,22.9823434020609,0
3,A275,-1,0,1,11213.4970408438,6213.49704084378,0
3,A275,-1,1,-1,15214.5465892693,10214.5465892693,0
3,A275,-1,1,0,11488.8899455051,6488.88994550515,0
3,A275,-1,1,1,15248.1722328551,10248.1722328551,0
3,A275,0,-1,-1,14755.4598430315,9755.45984303154,0
3,A275,0,-1,0,10873.6267842059,5873.62678420589,0
3,A275,0,-1,1,14790.1292660032,9790.12926600316,0
3,A275,0,0,-1,11157.4116952417,6157.41169524172,0
3,A275,0,0,0,5000.00000000001,6.3664629124105e-12,1
3,A275,0,0,1,11203.2211556714,6203.22115567141,0
3,A275,0,1,-1,15206.9745937487,10206.9745937487,0
3,A275,0,1,0,11478.8605949284,6478.86059492842,0
3,A275,0,1,1,15240.6169435717,10240.6169435717,0
3,A275,1,-1,-1,20432.6514079105,15432.6514079105,0
3,A275,1,-1,0,17832.7061272279,12832.7061272279,0
3,A275,1,-1,1,20457.7020235156,15457.7020235156,0
3,A275,1,0,-1,18007.1509160941,13007.1509160941,0
3,A275,1,0,0,14992.3196463346,9992.31964633463,0
3,A275,1,0,1,18035.5707600496,13035.5707600496,0
3,A275,1,1,-1,20761.062705767,15761.062705767,0
3,A275,1,1,0,18208.0720817903,13208.0720817903,0
3,A275,1,1,1,20785.7175290764,15785.7175290764,0
3,A276,-1,-1,-1,14918.798970943,9918.79897094303,0
3,A276,-1,-1,0,10548.4351010081,5548.43510100815,0
3,A276,-1,-1,1,14141.0184719825,9141.01847198251,0
3,A276,-1,0,-1,14855.8743827063,9855.87438270632,0
3,A276,-1,0,0,10459.2506433071,5459.25064330708,0
3,A276,-1,0,1,14074.6170237165,9074.61702371647,0
3,A276,-1,1,-1,20465.1763885408,15465.1763885408,0
3,A276,-1,1,0,17536.3156038792,12536.3156038792,0
3,A276,-1,1,1,19905.3079680679,14905.3079680679,0
3,A276,0,-1,-1,11754.7708916802,6754.77089168017,0
3,A276,0,-1,0,5183.97135993836,183.971359938365,0
3,A276,0,-1,1,10750.464148372,5750.46414837197,0
3,A276,0,0,-1,11674.8053369309,6674.8053369309,0
3,A276,0,0,0,5000,2.72848410531878e-12,1
3,A276,0,0,1,10662.9695837871,5662.96958378715,0
3,A276,0,1,-1,18287.3595850951,13287.3595850951,0
3,A276,0,1,0,14937.4174789131,9937.41747891311,0
3,A276,0,1,1,17658.5775555142,12658.5775555142,0
3,A276,1,-1,-1,15930.433600388,10930.433600388,0
3,A276,1,-1,0,11936.3995845121,6936.39958451215,0
3,A276,1,-1,1,15204.4912899416,10204.4912899416,0
3,A276,1,0,-1,15871.5202685726,10871.5202685726,0
3,A276,1,0,0,11857.6589586849,6857.65895868491,0
3,A276,1,0,1,15142.7539214388,10142.7539214388,0
3,A276,1,1,-1,21213.94816094,16213.94816094,0
3,A276,1,1,0,18404.6330286648,13404.6330286648,0
3,A276,1,1,1,20674.3666714265,15674.3666714265,0
3,A277,-1,-1,-1,15126.4776542946,10126.4776542946,0
3,A277,-1,-1,0,13114.7309566263,8114.7309566263,0
3,A277,-1,-1,1,17753.3661569717,12753.3661569717,0
3,A277,-1,0,-1,11276.8673447169,6276.86734471689,0
3,A277,-1,0,0,8387.70403323579,3387.70403323579,0
3,A277,-1,0,1,14612.9880855346,9612.98808553464,0
3,A277,-1,1,-1,15017.4947309733,10017.4947309733,0
3,A277,-1,1,0,12988.8794679767,7988.87946797674,0
3,A277,-1,1,1,17660.6011129985,12660.6011129985,0
3,A277,0,-1,-1,12911.9570337759,7911.95703377592,0
3,A277,0,-1,0,10483.5335779923,5483.53357799234,0
3,A277,0,-1,1,15908.8125930162,10908.8125930162,0
3,A277,0,0,-1,8066.97250066859,3066.97250066859,0
3,A277,0,0,0,2874.34986829384,-2125.65013170616,0
3,A277,0,0,1,12306.4100778488,7306.41007784879,0
3,A277,0,1,-1,12784.1095196737,7784.10951967367,0
3,A277,0,1,0,10325.662111934,5325.66211193397,0
3,A277,0,1,1,15805.2250818723,10805.2250818723,0
3,A277,1,-1,-1,17453.565327986,12453.565327986,0
3,A277,1,-1,0,15742.0705276369,10742.0705276369,0
3,A277,1,-1,1,19773.6851986652,14773.6851986652,0
3,A277,1,0,-1,14247.2577551873,9247.25775518728,0
3,A277,1,0,0,12090.0866573223,7090.08665732226,0
3,A277,1,0,1,17010.4684597568,12010.4684597568,0
3,A277,1,1,-1,17359.1982656807,12359.1982656807,0
3,A277,1,1,0,15637.3784972427,10637.3784972427,0
3,A277,1,1,1,19690.4405259214,14690.4405259214,0
3,A278,-1,-1,-1,19028.6513942836,14028.6513942836,0
3,A278,-1,-1,0,15527.7469453766,10527.7469453766,0
3,A278,-1,-1,1,17892.2406789685,12892.2406789685,0
3,A278,-1,0,-1,13614.9856312726,8614.98563127255,0
3,A278,-1,0,0,8024.28719913734,3024.28719913734,0
3,A278,-1,0,1,11975.4138287042,6975.41382870424,0
3,A278,-1,1,-1,14444.5869997845,9444.58699978454,0
3,A278,-1,1,0,9363.08949593167,4363.08949593167,0
3,A278,-1,1,1,12910.8015329532,7910.80153295322,0
3,A278,0,-1,-1,17963.863416062,12963.863416062,0
3,A278,0,-1,0,14202.8778825072,9202.87788250724,0
3,A278,0,-1,1,16755.3899226456,11755.3899226456,0
3,A278,0,0,-1,12082.1624176105,7082.16241761046,0
3,A278,0,0,0,5000,-2.72848410531878e-12,1
3,A278,0,0,1,10199.0858077811,5199.08580778108,0
3,A278,0,1,-1,13009.8773453136,8009.87734531364,0
3,A278,0,1,0,6948.25588580232,1948.25588580232,0
3,A278,0,1,1,11282.7129347984,6282.71293479844,0
3,A278,1,-1,-1,21984.3399668194,16984.3399668194,0
3,A278,1,-1,0,19035.0349380077,14035.0349380077,0
3,A278,1,-1,1,21008.4246531161,16008.4246531161,0
3,A278,1,0,-1,17509.6962746725,12509.6962746725,0
3,A278,1,0,0,13623.9060091356,8623.90600913558,0
3,A278,1,0,1,16267.5187493435,11267.5187493435,0
3,A278,1,1,-1,18162.260968444,13162.260968444,0
3,A278,1,1,0,14452.9953573765,9452.99535737652,0
3,A278,1,1,1,16967.9234473411,11967.9234473411,0
3,A279,-1,-1,-1,19427.5001736975,14427.5001736975,0
3,A279,-1,-1,0,14903.878326712,9903.87832671195,0
3,A279,-1,-1,1,16334.730342306,11334.730342306,0
3,A279,-1,0,-1,15223.4802188041,10223.4802188041,0
3,A279,-1,0,0,8743.69350736502,3743.69350736502,0
3,A279,-1,0,1,11006.8161758591,6006.81617585913,0
3,A279,-1,1,-1,16913.9273069747,11913.9273069747,0
3,A279,-1,1,0,11435.8542804655,6435.85428046546,0
3,A279,-1,1,1,13246.7576901843,8246.75769018431,0
3,A279,0,-1,-1,17830.8604274479,12830.8604274479,0
3,A279,0,-1,0,12752.9372993654,7752.93729936537,0
3,A279,0,-1,1,14399.1401111303,9399.1401111303,0
3,A279,0,0,-1,13125.0207830857,8125.02078308566,0
3,A279,0,0,0,4118.7372743169,-881.262725683096,0
3,A279,0,0,1,7852.50424471483,2852.50424471483,0
3,A279,0,1,-1,15052.9982903651,10052.9982903651,0
3,A279,0,1,0,8443.37513723928,3443.37513723928,0
3,A279,0,1,1,10769.79154332,5769.79154332002,0
3,A279,1,-1,-1,21411.4783274588,16411.4783274588,0
3,A279,1,-1,0,17411.1811875488,12411.1811875488,0
3,A279,1,-1,1,18650.6583402322,13650.6583402322,0
3,A279,1,0,-1,17685.5305586386,12685.5305586386,0
3,A279,1,0,0,12548.9368999512,7548.93689995123,0
3,A279,1,0,1,14218.7778482321,9218.77784823205,0
3,A279,1,1,-1,19159.9733328062,14159.9733328062,0
3,A279,1,1,0,14553.4327322546,9553.43273225464,0
3,A279,1,1,1,16015.6245732309,11015.6245732309,0
3,A280,-1,-1,-1,14442.9371111469,9442.93711114688,0
3,A280,-1,-1,0,11097.3954172406,6097.39541724064,0
3,A280,-1,-1,1,15417.7150608202,10417.7150608202,0
3,A280,-1,0,-1,10561.9678939778,5561.96789397775,0
3,A280,-1,0,0,5109.68868361531,109.688683615311,0
3,A280,-1,0,1,11860.1294720385,6860.12947203849,0
3,A280,-1,1,-1,14646.2247419016,9646.22474190156,0
3,A280,-1,1,0,11360.7064850888,6360.70648508882,0
3,A280,-1,1,1,15608.3120320677,10608.3120320677,0
3,A280,0,-1,-1,14404.4963102872,9404.4963102872,0
3,A280,0,-1,0,11047.319430664,6047.31943066404,0
3,A280,0,-1,1,15381.7105437977,10381.7105437977,0
3,A280,0,0,-1,10509.3409569749,5509.34095697491,0
3,A280,0,0,0,5000,-2.72848410531878e-12,1
3,A280,0,0,1,11813.2871229836,6813.28712298358,0
3,A280,0,1,-1,14608.3188884561,9608.3188884561,0
3,A280,0,1,0,11311.7962055932,6311.7962055932,0
3,A280,0,1,1,15572.7481854335,10572.7481854335,0
3,A280,1,-1,-1,20158.8837863015,15158.8837863015,0
3,A280,1,-1,0,17914.6406092799,12914.6406092799,0
3,A280,1,-1,1,20868.3516553107,15868.3516553107,0
3,A280,1,0,-1,17587.9881995208,12587.9881995208,0
3,A280,1,0,0,14962.9903948554,9962.99039485536,0
3,A280,1,0,1,18396.8702285629,13396.8702285629,0
3,A280,1,1,-1,20305.0255430363,15305.0255430363,0
3,A280,1,1,0,18078.9329041679,13078.9329041679,0
3,A280,1,1,1,21009.5589578519,16009.5589578519,0
3,A281,-1,-1,-1,19032.7708883109,14032.7708883109,0
3,A281,-1,-1,0,16184.4279348049,11184.4279348049,0
3,A281,-1,-1,1,19016.4415037844,14016.4415037844,0
3,A281,-1,0,-1,14081.2203120977,9081.22031209768,0
3,A281,-1,0,0,9897.98491450624,4897.98491450624,0
3,A281,-1,0,1,14059.1409857699,9059.14098576986,0
3,A281,-1,1,-1,15307.3565081869,10307.3565081869,0
3,A281,-1,1,0,11576.0314079866,6576.0314079866,0
3,A281,-1,1,1,15287.0482124134,10287.0482124134,0
3,A281,0,-1,-1,16580.2948144194,11580.2948144194,0
3,A281,0,-1,0,13213.4596538161,8213.45965381606,0
3,A281,0,-1,1,16561.5475096075,11561.5475096075,0
3,A281,0,0,-1,10532.8331385228,5532.83313852276,0
3,A281,0,0,0,3260.35486012245,-1739.64513987755,0
3,A281,0,0,1,10503.2972777069,5503.29727770688,0
3,A281,0,1,-1,12123.3234599619,7123.3234599619,0
3,A281,0,1,0,6831.12813558809,1831.12813558809,0
3,A281,0,1,1,12097.6713252917,7097.67132529166,0
3,A281,1,-1,-1,19686.6956236743,14686.6956236743,0
3,A281,1,-1,0,16948.6083342897,11948.6083342897,0
3,A281,1,-1,1,19670.9090882734,14670.9090882734,0
3,A281,1,0,-1,14953.2732995185,9953.27329951855,0
3,A281,1,0,0,11103.5905120846,6103.5905120846,0
3,A281,1,0,1,14932.4834555413,9932.48345554134,0
3,A281,1,1,-1,16113.1865303233,11113.1865303233,0
3,A281,1,1,0,12622.3658658333,7622.36586583333,0
3,A281,1,1,1,16093.895114015,11093.895114015,0
3,A282,-1,-1,-1,13626.3880119224,8626.38801192243,0
3,A282,-1,-1,0,11058.1707408456,6058.17074084559,0
3,A282,-1,-1,1,16089.9916101881,11089.9916101881,0
3,A282,-1,0,-1,9792.78186694962,4792.78186694962,0
3,A282,-1,0,0,5701.16361595487,701.163615954871,0
3,A282,-1,0,1,13004.1515085806,8004.15150858055,0
3,A282,-1,1,-1,14356.8347185531,9356.83471855309,0
3,A282,-1,1,0,11946.6896259207,6946.68962592072,0
3,A282,-1,1,1,16713.1111077594,11713.1111077594,0
3,A282,0,-1,-1,13348.2277353803,8348.22773538029,0
3,A282,0,-1,0,10713.5369303422,5713.53693034219,0
3,A282,0,-1,1,15855.1115871203,10855.1115871203,0
3,A282,0,0,-1,9401.87801015146,4401.87801015146,0
3,A282,0,0,0,5000,0,1
3,A282,0,0,1,12712.3833281659,7712.3833281659,0
3,A282,0,1,-1,14093.0988983958,9093.09889839576,0
3,A282,0,1,0,11628.418914117,6628.418914117,0
3,A282,0,1,1,16487.1106117605,11487.1106117605,0
3,A282,1,-1,-1,19252.8417928286,14252.8417928286,0
3,A282,1,-1,0,17529.3070879005,12529.3070879005,0
3,A282,1,-1,1,21068.4906166566,16068.4906166566,0
3,A282,1,0,-1,16759.8342337233,11759.8342337233,0
3,A282,1,0,0,14747.7704560422,9747.77045604224,0
3,A282,1,0,1,18817.5828231562,13817.5828231562,0
3,A282,1,1,-1,19776.5560698539,14776.5560698539,0
3,A282,1,1,0,18102.9516893325,13102.9516893325,0
3,A282,1,1,1,21548.1217220559,16548.1217220559,0
3,A283,-1,-1,-1,16317.8857172144,11317.8857172144,0
3,A283,-1,-1,0,13248.9736925286,8248.97369252865,0
3,A283,-1,-1,1,16875.9359305066,11875.9359305066,0
3,A283,-1,0,-1,13572.0421960175,8572.04219601751,0
3,A283,-1,0,0,9667.58703067762,4667.58703067762,0
3,A283,-1,0,1,14238.1230722653,9238.12307226526,0
3,A283,-1,1,-1,17381.8084347081,12381.8084347081,0
3,A283,-1,1,0,14539.2287995662,9539.22879956623,0
3,A283,-1,1,1,17906.7329156209,12906.7329156209,0
3,A283,0,-1,-1,13190.0504417003,8190.05044170032,0
3,A283,0,-1,0,9123.5596276807,4123.5596276807,0
3,A283,0,-1,1,13874.4819688914,8874.48196889136,0
3,A283,0,0,-1,9586.67647023769,4586.67647023769,0
3,A283,0,0,0,1079.9422995027,-3920.0577004973,0
3,A283,0,0,1,10508.4815742095,5508.48157420954,0
3,A283,0,1,-1,14485.5549025717,9485.5549025717,0
3,A283,0,1,0,10912.9835728212,5912.98357282119,0
3,A283,0,1,1,15111.4234963458,10111.4234963458,0
3,A283,1,-1,-1,16783.3687628297,11783.3687628297,0
3,A283,1,-1,0,13818.226248487,8818.22624848697,0
3,A283,1,-1,1,17326.4331666855,12326.4331666855,0
3,A283,1,0,-1,14128.2837641215,9128.28376412146,0
3,A283,1,0,0,10434.093719379,5434.093719379,0
3,A283,1,0,1,14769.2999620845,9769.29996208454,0
3,A283,1,1,-1,17819.5212396391,12819.5212396391,0
3,A283,1,1,0,15059.7890700765,10059.7890700765,0
3,A283,1,1,1,18331.9163335545,13331.9163335545,0
3,A284,-1,-1,-1,17828.5787174859,12828.5787174859,0
3,A284,-1,-1,0,12614.8215149356,7614.8215149356,0
3,A284,-1,-1,1,14156.5965055791,9156.5965055791,0
3,A284,-1,0,-1,14282.2233321779,9282.22333217786,0
3,A284,-1,0,0,6727.36249047856,1727.36249047856,0
3,A284,-1,0,1,9302.30664117187,4302.30664117187,0
3,A284,-1,1,-1,17032.4862405587,12032.4862405587,0
3,A284,-1,1,0,11462.1590593969,6462.15905939687,0
3,A284,-1,1,1,13139.8855805903,8139.88558059034,0
3,A284,0,-1,-1,17251.1104862062,12251.1104862062,0
3,A284,0,-1,0,11784.5795756736,6784.57957567364,0
3,A284,0,-1,1,13422.0646155305,8422.06461553052,0
3,A284,0,0,-1,13554.5009953118,8554.50099531177,0
3,A284,0,0,0,4999.99999999999,-5.45696821063757e-12,1
3,A284,0,0,1,8140.97676990251,3140.97676990251,0
3,A284,0,1,-1,16427.0563844081,11427.0563844081,0
3,A284,0,1,0,10541.5219121631,5541.52191216314,0
3,A284,0,1,1,12345.0065610638,7345.00656106379,0
3,A284,1,-1,-1,21848.1900149416,16848.1900149416,0
3,A284,1,-1,0,17849.8994310076,12849.8994310076,0
3,A284,1,-1,1,18970.8832811016,13970.8832811016,0
3,A284,1,0,-1,19064.8129063364,14064.8129063364,0
3,A284,1,0,0,14308.8292295946,9308.82922959464,0
3,A284,1,0,1,15684.9640321486,10684.9640321486,0
3,A284,1,1,-1,21203.5557248832,16203.5557248832,0
3,A284,1,1,0,17054.8022019113,12054.8022019113,0
3,A284,1,1,1,18224.7573622918,13224.7573622918,0
3,A285,-1,-1,-1,12387.1242081259,7387.12420812591,0
3,A285,-1,-1,0,9998.7487772347,4998.7487772347,0
3,A285,-1,-1,1,15700.6085255625,10700.6085255625,0
3,A285,-1,0,-1,10624.2879571112,5624.28795711117,0
3,A285,-1,0,0,7707.76397915316,2707.76397915316,0
3,A285,-1,0,1,14350.7406262201,9350.74062622011,0
3,A285,-1,1,-1,16501.8224158332,11501.8224158332,0
3,A285,-1,1,0,14793.3861575506,9793.38615755059,0
3,A285,-1,1,1,19114.873919781,14114.873919781,0
3,A285,0,-1,-1,10910.1430141501,5910.14301415009,0
3,A285,0,-1,0,8097.24345391205,3097.24345391205,0
3,A285,0,-1,1,14563.6356214592,9563.63562145919,0
3,A285,0,0,-1,8858.09624226823,3858.09624226823,0
3,A285,0,0,0,5000,-1.81898940354586e-12,1
3,A285,0,0,1,13097.1039150918,8097.10391509182,0
3,A285,0,1,-1,15424.0240367216,10424.0240367216,0
3,A285,0,1,0,13580.671870275,8580.67187027499,0
3,A285,0,1,1,18192.5473590367,13192.5473590367,0
3,A285,1,-1,-1,16870.7319056073,11870.7319056073,0
3,A285,1,-1,0,15203.8062995288,10203.8062995288,0
3,A285,1,-1,1,19434.2444400677,14434.2444400677,0
3,A285,1,0,-1,15622.2995579702,10622.2995579702,0
3,A285,1,0,0,13805.4472742345,8805.44727423451,0
3,A285,1,0,1,18360.9505583012,13360.9505583012,0
3,A285,1,1,-1,20087.0827132024,15087.0827132024,0
3,A285,1,1,0,18708.955686776,13708.955686776,0
3,A285,1,1,1,22283.6072899444,17283.6072899444,0
3,A286,-1,-1,-1,16773.403057697,11773.403057697,0
3,A286,-1,-1,0,13416.8446867363,8416.84468673633,0
3,A286,-1,-1,1,16693.6033425995,11693.6033425995,0
3,A286,-1,0,-1,11696.599259974,6696.59925997399,0
3,A286,-1,0,0,5956.09817417989,956.098174179889,0
3,A286,-1,0,1,11581.8727618859,6581.87276188588,0
3,A286,-1,1,-1,13866.2835093217,8866.28350932174,0
3,A286,-1,1,0,9536.1674467751,4536.1674467751,0
3,A286,-1,1,1,13769.6463565692,8769.64635656915,0
3,A286,0,-1,-1,16458.1877700885,11458.1877700885,0
3,A286,0,-1,0,13020.6227150446,8020.62271504462,0
3,A286,0,-1,1,16376.8521731003,11376.8521731003,0
3,A286,0,0,-1,11239.8989669816,6239.89896698164,0
3,A286,0,0,0,5000,2.72848410531878e-12,1
3,A286,0,0,1,11120.4618254839,6120.46182548391,0
3,A286,0,1,-1,13483.2753031457,8483.27530314571,0
3,A286,0,1,0,8970.13846673863,3970.13846673863,0
3,A286,0,1,1,13383.8729568279,8383.8729568279,0
3,A286,1,-1,-1,21456.8599570166,16456.8599570166,0
3,A286,1,-1,0,18948.9184500611,13948.9184500611,0
3,A286,1,-1,1,21394.5362566968,16394.5362566968,0
3,A286,1,0,-1,17772.4568736989,12772.4568736989,0
3,A286,1,0,0,14646.6683767856,9646.66837678559,0
3,A286,1,0,1,17697.162646921,12697.162646921,0
3,A286,1,1,-1,19269.7588838042,14269.7588838042,0
3,A286,1,1,0,16431.3200520224,11431.3200520224,0
3,A286,1,1,1,19200.3372330811,14200.3372330811,0
3,A287,-1,-1,-1,16892.0988670913,11892.0988670913,0
3,A287,-1,-1,0,13489.2062973833,8489.20629738334,0
3,A287,-1,-1,1,16690.5472927386,11690.5472927386,0
3,A287,-1,0,-1,11813.1265322842,6813.12653228419,0
3,A287,-1,0,0,6013.78756405101,1013.78756405101,0
3,A287,-1,0,1,11523.0778554739,6523.07785547388,0
3,A287,-1,1,-1,13919.6592199639,8919.65921996386,0
3,A287,-1,1,0,9506.45018909282,4506.45018909282,0
3,A287,-1,1,1,13674.3657109016,8674.36571090158,0
3,A287,0,-1,-1,16558.3019440417,11558.3019440417,0
3,A287,0,-1,0,13068.7813382822,8068.78133828215,0
3,A287,0,-1,1,16352.6367312923,11352.6367312923,0
3,A287,0,0,-1,11330.6803680195,6330.68036801948,0
3,A287,0,0,0,5000,2.72848410531878e-12,1
3,A287,0,0,1,11027.9500541931,6027.95005419312,0
3,A287,0,1,-1,13512.6337896944,8512.63378969438,0
3,A287,0,1,0,8899.82889342083,3899.82889342083,0
3,A287,0,1,1,13259.8128467164,8259.81284671644,0
3,A287,1,-1,-1,21517.7071827953,16517.7071827953,0
3,A287,1,-1,0,18963.8446735438,13963.8446735438,0
3,A287,1,-1,1,21359.8475462742,16359.8475462742,0
3,A287,1,0,-1,17810.6338106393,12810.6338106393,0
3,A287,1,0,0,14623.0762541425,9623.07625414247,0
3,A287,1,0,1,17619.5925472822,12619.5925472822,0
3,A287,1,1,-1,19272.4059491506,14272.4059491506,0
3,A287,1,1,0,16371.9673059359,11371.9673059359,0
3,A287,1,1,1,19095.9942360803,14095.9942360803,0
3,A288,-1,-1,-1,14802.7172106129,9802.71721061287,0
3,A288,-1,-1,0,10745.6569638487,5745.65696384874,0
3,A288,-1,-1,1,14553.9633898141,9553.96338981405,0
3,A288,-1,0,-1,11367.9690728368,6367.96907283677,0
3,A288,-1,0,0,5057.61085971529,57.6108597152897,0
3,A288,-1,0,1,11042.1073340032,6042.10733400317,0
3,A288,-1,1,-1,15470.6497880526,10470.6497880526,0
3,A288,-1,1,0,11648.5926889006,6648.59268890062,0
3,A288,-1,1,1,15232.8073052621,10232.8073052621,0
3,A288,0,-1,-1,14783.1325912022,9783.13259120219,0
3,A288,0,-1,0,10718.6620422701,5718.66204227006,0
3,A288,0,-1,1,14534.0435785688,9534.04357856882,0
3,A288,0,0,-1,11342.4553440895,6342.45534408945,0
3,A288,0,0,0,5000,1.81898940354586e-12,1
3,A288,0,0,1,11015.8389043838,6015.83890438385,0
3,A288,0,1,-1,15451.9117670359,10451.9117670359,0
3,A288,0,1,0,11623.6949385124,6623.69493851241,0
3,A288,0,1,1,15213.7763487878,10213.7763487878,0
3,A288,1,-1,-1,20444.108726006,15444.108726006,0
3,A288,1,-1,0,17728.7982776073,12728.7982776073,0
3,A288,1,-1,1,20264.7229227401,15264.7229227401,0
3,A288,1,0,-1,18112.7542252511,13112.7542252511,0
3,A288,1,0,0,14980.673295673,9980.673295673,0
3,A288,1,0,1,17910.0329189822,12910.0329189822,0
3,A288,1,1,-1,20932.8008075353,15932.8008075353,0
3,A288,1,1,0,18290.1847015083,13290.1847015083,0
3,A288,1,1,1,20757.6386706828,15757.6386706828,0
3,A289,-1,-1,-1,20217.0678749481,15217.0678749481,0
3,A289,-1,-1,0,14954.7656100756,9954.76561007562,0
3,A289,-1,-1,1,15445.3939879934,10445.3939879934,0
3,A289,-1,0,-1,16500.3422062462,11500.3422062462,0
3,A289,-1,0,0,9336.83425553181,4336.83425553181,0
3,A289,-1,0,1,10104.0415135387,5104.04151353872,0
3,A289,-1,1,-1,18324.6487656981,13324.6487656981,0
3,A289,-1,1,0,12276.3159530147,7276.31595301474,0
3,A289,-1,1,1,12869.4644166059,7869.46441660592,0
3,A289,0,-1,-1,18615.9436920342,13615.9436920342,0
3,A289,0,-1,0,12707.02721084,7707.02721083999,0
3,A289,0,-1,1,13280.9533366046,8280.95333660462,0
3,A289,0,0,-1,14494.3029845508,9494.3029845508,0
3,A289,0,0,0,4999.99999999999,-9.09494701772928e-12,1
3,A289,0,0,1,6317.84623048405,1317.84623048405,0
3,A289,0,1,-1,16541.3505636913,11541.3505636913,0
3,A289,0,1,0,9409.11576413915,4409.11576413915,0
3,A289,0,1,1,10170.8721580312,5170.87215803116,0
3,A289,1,-1,-1,22008.5639156605,17008.5639156605,0
3,A289,1,-1,0,17300.0597288494,12300.0597288494,0
3,A289,1,-1,1,17725.8920117944,12725.8920117944,0
3,A289,1,0,-1,18652.301335028,13652.301335028,0
3,A289,1,0,0,12760.2322112385,7760.23221123846,0
3,A289,1,0,1,13331.8681015366,8331.8681015366,0
3,A289,1,1,-1,20283.9790119113,15283.9790119113,0
3,A289,1,1,0,15045.0983894323,10045.0983894323,0
3,A289,1,1,1,15532.8737373269,10532.8737373269,0
3,A290,-1,-1,-1,16812.002683501,11812.002683501,0
3,A290,-1,-1,0,13992.0526821083,8992.05268210827,0
3,A290,-1,-1,1,17575.882404242,12575.882404242,0
3,A290,-1,0,-1,13182.915295683,8182.91529568303,0
3,A290,-1,0,0,9323.26979776962,4323.26979776962,0
3,A290,-1,0,1,14144.1671282141,9144.16712821412,0
3,A290,-1,1,-1,16276.8263846569,11276.8263846569,0
3,A290,-1,1,0,13344.2564867854,8344.25648678537,0
3,A290,-1,1,1,17064.6794641436,12064.6794641436,0
3,A290,0,-1,-1,14030.3969477953,9030.39694779527,0
3,A290,0,-1,0,10487.4278324836,5487.42783248363,0
3,A290,0,-1,1,14937.2101334353,9937.21013343529,0
3,A290,0,0,-1,9380.71745528096,4380.71745528096,0
3,A290,0,0,0,1063.93797030767,-3936.06202969233,0
3,A290,0,0,1,10689.5307676957,5689.53076769565,0
3,A290,0,1,-1,13384.4567106373,8384.45671063726,0
3,A290,0,1,0,9606.13270092458,4606.13270092458,0
3,A290,0,1,1,14332.1976506264,9332.19765062644,0
3,A290,1,-1,-1,17636.9113734622,12636.9113734622,0
3,A290,1,-1,0,14973.1341683768,9973.13416837676,0
3,A290,1,-1,1,18366.5143904079,13366.5143904079,0
3,A290,1,0,-1,14219.931935789,9219.931935789,0
3,A290,1,0,0,10739.6726340853,5739.67263408534,0
3,A290,1,0,1,15115.3786692948,10115.3786692948,0
3,A290,1,1,-1,17127.5300531507,12127.5300531507,0
3,A290,1,1,0,14369.6342942481,9369.63429424812,0
3,A290,1,1,1,17877.9331517735,12877.9331517735,0
3,A291,-1,-1,-1,15360.4135868944,10360.4135868944,0
3,A291,-1,-1,0,9877.10424982172,4877.10424982172,0
3,A291,-1,-1,1,12616.341433365,7616.34143336497,0
3,A291,-1,0,-1,13616.913488149,8616.91348814903,0
3,A291,-1,0,0,6858.22249166139,1858.22249166139,0
3,A291,-1,0,1,10423.5357986878,5423.53579868777,0
3,A291,-1,1,-1,18300.2284228099,13300.2284228099,0
3,A291,-1,1,0,14018.3181276647,9018.31812766475,0
3,A291,-1,1,1,16066.3662951462,11066.3662951462,0
3,A291,0,-1,-1,14625.5628888368,9625.56288883683,0
3,A291,0,-1,0,8690.33788852402,3690.33788852402,0
3,A291,0,-1,1,11710.5446251706,6710.54462517057,0
3,A291,0,0,-1,12782.2187901242,7782.21879012423,0
3,A291,0,0,0,5000,9.09494701772928e-13,1
3,A291,0,0,1,9306.71170722481,4306.71170722481,0
3,A291,0,1,-1,17687.9378272847,12687.9378272847,0
3,A291,0,1,0,13209.0131116327,8209.01311163267,0
3,A291,0,1,1,15365.3151671119,10365.3151671119,0
3,A291,1,-1,-1,19795.7539404336,14795.7539404336,0
3,A291,1,-1,0,15921.2674392332,10921.2674392332,0
3,A291,1,-1,1,17751.1024917604,12751.1024917604,0
3,A291,1,0,-1,18475.6569965313,13475.6569965313,0
3,A291,1,0,0,14246.5709647925,9246.57096479254,0
3,A291,1,0,1,16265.9050487904,11265.9050487904,0
3,A291,1,1,-1,22154.6367344797,17154.6367344797,0
3,A291,1,1,0,18773.460300066,13773.460300066,0
3,A291,1,1,1,20348.4076634893,15348.4076634893,0
3,A292,-1,-1,-1,17060.3531209142,12060.3531209142,0
3,A292,-1,-1,0,13593.4566067002,8593.45660670024,0
3,A292,-1,-1,1,16688.5732291949,11688.5732291949,0
3,A292,-1,0,-1,14198.4465499045,9198.44654990453,0
3,A292,-1,0,0,9763.31390146054,4763.31390146054,0
3,A292,-1,0,1,13749.4986180009,8749.49861800093,0
3,A292,-1,1,-1,17667.3744583259,12667.3744583259,0
3,A292,-1,1,0,14347.9104457291,9347.91044572913,0
3,A292,-1,1,1,17308.6379610477,12308.6379610477,0
3,A292,0,-1,-1,14006.2488181128,9006.24881811282,0
3,A292,0,-1,0,9481.63592756249,4481.63592756249,0
3,A292,0,-1,1,13550.9347932458,8550.93479324584,0
3,A292,0,0,-1,10330.3069545439,5330.30695454386,0
3,A292,0,0,0,664.571804287634,-4335.42819571237,0
3,A292,0,0,1,9704.02337131414,4704.02337131414,0
3,A292,0,1,-1,14739.5887865065,9739.58878650649,0
3,A292,0,1,0,10534.7943265763,5534.79432657632,0
3,A292,0,1,1,14307.6310202361,9307.63102023607,0
3,A292,1,-1,-1,17357.8329090785,12357.8329090785,0
3,A292,1,-1,0,13964.9839673179,8964.98396731787,0
3,A292,1,-1,1,16992.5628177565,11992.5628177565,0
3,A292,1,0,-1,14554.5387807274,9554.53878072743,0
3,A292,1,0,0,10274.2889305127,5274.28893051269,0
3,A292,1,0,1,14116.9198813202,9116.91988132016,0
3,A292,1,1,-1,17954.799774431,12954.799774431,0
3,A292,1,1,0,14700.3826088938,9700.38260889375,0
3,A292,1,1,1,17601.9221324213,12601.9221324213,0
3,A293,-1,-1,-1,17440.6495704689,12440.6495704689,0
3,A293,-1,-1,0,12849.4408545193,7849.44085451927,0
3,A293,-1,-1,1,15034.626803073,10034.626803073,0
3,A293,-1,0,-1,13278.8837000796,8278.88370007962,0
3,A293,-1,0,0,6104.14819234697,1104.14819234697,0
3,A293,-1,0,1,9909.21278346698,4909.21278346698,0
3,A293,-1,1,-1,15763.2879565332,10763.2879565332,0
3,A293,-1,1,0,10460.0726591395,5460.07265913946,0
3,A293,-1,1,1,13051.6279777034,8051.62797770337,0
3,A293,0,-1,-1,17085.538688779,12085.538688779,0
3,A293,0,-1,0,12363.1510999282,7363.15109992821,0
3,A293,0,-1,1,14621.1961875063,9621.19618750629,0
3,A293,0,0,-1,12808.9081176386,7808.90811763858,0
3,A293,0,0,0,5000,9.09494701772928e-13,1
3,A293,0,0,1,9269.94459713178,4269.94459713178,0
3,A293,0,1,-1,15369.4704543277,10369.4704543277,0
3,A293,0,1,0,9856.59651605685,4856.59651605685,0
3,A293,0,1,1,12573.1606095777,7573.16060957771,0
3,A293,1,-1,-1,21901.0275359772,16901.0275359772,0
3,A293,1,-1,0,18454.9960705908,13454.9960705908,0
3,A293,1,-1,1,20037.9328474625,15037.9328474625,0
3,A293,1,0,-1,18756.5322491119,13756.5322491119,0
3,A293,1,0,0,14585.5879156744,9585.5879156744,0
3,A293,1,0,1,16543.0120497979,11543.0120497979,0
3,A293,1,1,-1,20590.2888977381,15590.2888977381,0
3,A293,1,1,0,16878.7401699952,11878.7401699952,0
3,A293,1,1,1,18596.3368048684,13596.3368048684,0
3,A294,-1,-1,-1,19449.6939688841,14449.6939688841,0
3,A294,-1,-1,0,13532.6657291918,8532.66572919176,0
3,A294,-1,-1,1,13710.415310735,8710.41531073499,0
3,A294,-1,0,-1,17127.9493537052,12127.9493537052,0
3,A294,-1,0,0,9910.0502177277,4910.0502177277,0
3,A294,-1,0,1,10151.4305185368,5151.4305185368,0
3,A294,-1,1,-1,20209.9654290385,15209.9654290385,0
3,A294,-1,1,0,14604.2852922602,9604.28529226024,0
3,A294,-1,1,1,14769.1433452494,9769.14334524938,0
3,A294,0,-1,-1,17466.5823836651,12466.5823836651,0
3,A294,0,-1,0,10484.4621426259,5484.46214262592,0
3,A294,0,-1,1,10712.9077600319,5712.90776003189,0
3,A294,0,0,-1,14837.7071593021,9837.70715930209,0
3,A294,0,0,0,5000,0,1
3,A294,0,0,1,5462.82401828902,462.824018289019,0
3,A294,0,1,-1,18309.3857713755,13309.3857713755,0
3,A294,0,1,0,11835.3729801745,6835.37298017446,0
3,A294,0,1,1,12038.2099929615,7038.20999296154,0
3,A294,1,-1,-1,20781.5400018256,15781.5400018256,0
3,A294,1,-1,0,15385.5403253273,10385.5403253273,0
3,A294,1,-1,1,15542.1136708321,10542.1136708321,0
3,A294,1,0,-1,18626.5525105243,13626.5525105243,0
3,A294,1,0,0,12320.3451527185,7320.34515271854,0
3,A294,1,0,1,12515.3246436883,7515.32464368825,0
3,A294,1,1,-1,21494.7554535325,16494.7554535325,0
3,A294,1,1,0,16336.0631200409,11336.0631200409,0
3,A294,1,1,1,16483.6101785002,11483.6101785002,0
3,A295,-1,-1,-1,15584.3157598861,10584.3157598861,0
3,A295,-1,-1,0,10070.3358208772,5070.3358208772,0
3,A295,-1,-1,1,12647.2301072864,7647.23010728642,0
3,A295,-1,0,-1,13900.1889659319,8900.18896593191,0
3,A295,-1,0,0,7194.16563126156,2194.16563126156,0
3,A295,-1,0,1,10502.2276194831,5502.22761948314,0
3,A295,-1,1,-1,18535.3610397369,13535.3610397369,0
3,A295,-1,1,0,14216.2011351418,9216.20113514182,0
3,A295,-1,1,1,16144.3841801481,11144.3841801481,0
3,A295,0,-1,-1,14649.8225123117,9649.82251231168,0
3,A295,0,-1,0,8553.24882624395,3553.24882624395,0
3,A295,0,-1,1,11476.0111242998,6476.01112429982,0
3,A295,0,0,-1,12843.7399236755,7843.73992367553,0
3,A295,0,0,0,4847.92956512635,-152.070434873646,0
3,A295,0,0,1,9057.76942242602,4057.76942242602,0
3,A295,0,1,-1,17756.8581345856,12756.8581345856,0
3,A295,0,1,0,13185.0967631341,8185.09676313408,0
3,A295,0,1,1,15244.2626090808,10244.2626090808,0
3,A295,1,-1,-1,19656.13648662,14656.13648662,0
3,A295,1,-1,0,15649.4238686939,10649.4238686939,0
3,A295,1,-1,1,17419.6794822251,12419.6794822251,0
3,A295,1,0,-1,18349.6064580529,13349.6064580529,0
3,A295,1,0,0,13973.1464962916,8973.14649629164,0
3,A295,1,0,1,15930.7748979212,10930.7748979212,0
3,A295,1,1,-1,22069.2639829742,17069.2639829742,0
3,A295,1,1,0,18590.136594216,13590.136594216,0
3,A295,1,1,1,20103.0829584176,15103.0829584176,0
3,A296,-1,-1,-1,16395.1157654099,11395.1157654099,0
3,A296,-1,-1,0,12157.1682179551,7157.16821795512,0
3,A296,-1,-1,1,15059.6698900781,10059.6698900781,0
3,A296,-1,0,-1,12249.4326984978,7249.43269849776,0
3,A296,-1,0,0,5389.38953439929,389.389534399294,0
3,A296,-1,0,1,10394.3464283215,5394.34642832147,0
3,A296,-1,1,-1,15208.4641535186,10208.4641535186,0
3,A296,-1,1,0,10502.109313244,5502.10931324404,0
3,A296,-1,1,1,13758.3145096263,8758.31450962631,0
3,A296,0,-1,-1,16271.2722737867,11271.2722737867,0
3,A296,0,-1,0,11989.6296659307,6989.6296659307,0
3,A296,0,-1,1,14924.7491652165,9924.74916521655,0
3,A296,0,0,-1,12083.1735020868,7083.17350208683,0
3,A296,0,0,0,5000,3.63797880709171e-12,1
3,A296,0,0,1,10197.8879243923,5197.88792439232,0
3,A296,0,1,-1,15074.8752019832,10074.8752019832,0
3,A296,0,1,0,10307.7049081663,5307.70490816625,0
3,A296,0,1,1,13610.4995717388,8610.49957173877,0
3,A296,1,-1,-1,21464.1277916016,16464.1277916016,0
3,A296,1,-1,0,18431.1068569599,13431.1068569599,0
3,A296,1,-1,1,20462.2241726343,15462.2241726343,0
3,A296,1,0,-1,18492.0945900685,13492.0945900685,0
3,A296,1,0,0,14864.5376802142,9864.53768021419,0
3,A296,1,0,1,17319.1050162811,12319.1050162811,0
3,A296,1,1,-1,20571.97955477,15571.97955477,0
3,A296,1,1,0,17383.9943891024,12383.9943891024,0
3,A296,1,1,1,19524.3483639995,14524.3483639995,0
3,A297,-1,-1,-1,18187.3841754454,13187.3841754454,0
3,A297,-1,-1,0,14129.3111101789,9129.31111017893,0
3,A297,-1,-1,1,16385.7841359884,11385.7841359884,0
3,A297,-1,0,-1,14698.4745314001,9698.47453140014,0
3,A297,-1,0,0,9214.20874808037,4214.20874808037,0
3,A297,-1,0,1,12399.9246834883,7399.92468348834,0
3,A297,-1,1,-1,17358.2650041758,12358.2650041758,0
3,A297,-1,1,0,13044.7634420167,8044.76344201673,0
3,A297,-1,1,1,15460.3474269228,10460.3474269228,0
3,A297,0,-1,-1,15803.3589024615,10803.3589024615,0
3,A297,0,-1,0,10890.4840068288,5890.48400682876,0
3,A297,0,-1,1,13691.5715389423,8691.57153894232,0
3,A297,0,0,-1,11619.3959827947,6619.39598279471,0
3,A297,0,0,0,1966.43136365555,-3033.56863634445,0
3,A297,0,0,1,8527.79816898539,3527.79816898539,0
3,A297,0,1,-1,14841.6499557819,9841.64995578191,0
3,A297,0,1,0,9440.92488652163,4440.92488652163,0
3,A297,0,1,1,12569.3099260033,7569.30992600333,0
3,A297,1,-1,-1,19201.8582969143,14201.8582969143,0
3,A297,1,-1,0,15413.2362389526,10413.2362389526,0
3,A297,1,-1,1,17504.9804530237,12504.9804530237,0
3,A297,1,0,-1,15936.6110719862,10936.6110719862,0
3,A297,1,0,0,11082.9626798404,6082.96267984042,0
3,A297,1,0,1,13845.1634539184,8845.16345391841,0
3,A297,1,1,-1,18418.4630972491,13418.4630972491,0
3,A297,1,1,0,14425.5423526365,9425.54235263655,0
3,A297,1,1,1,16641.8977725106,11641.8977725106,0
3,A298,-1,-1,-1,15157.6851791437,10157.6851791437,0
3,A298,-1,-1,0,10963.8457432466,5963.8457432466,0
3,A298,-1,-1,1,14514.007267925,9514.00726792504,0
3,A298,-1,0,-1,11625.5305187785,6625.53051877845,0
3,A298,-1,0,0,5059.98550736296,59.9855073629633,0
3,A298,-1,0,1,10772.8337417041,5772.83374170405,0
3,A298,-1,1,-1,15509.6905093579,10509.6905093579,0
3,A298,-1,1,0,11445.5665297852,6445.56652978523,0
3,A298,-1,1,1,14881.246140005,9881.24614000501,0
3,A298,0,-1,-1,15137.7662373056,10137.7662373056,0
3,A298,0,-1,0,10936.2909684675,5936.29096846748,0
3,A298,0,-1,1,14493.2037051391,9493.20370513909,0
3,A298,0,0,-1,11599.5476855059,6599.54768550593,0
3,A298,0,0,0,5000,2.72848410531878e-12,1
3,A298,0,0,1,10744.7891320246,5744.78913202461,0
3,A298,0,1,-1,15490.2242192081,10490.2242192081,0
3,A298,0,1,0,11419.1742194003,6419.17421940031,0
3,A298,0,1,1,14860.9566766306,9860.95667663057,0
3,A298,1,-1,-1,20701.4133169836,15701.4133169836,0
3,A298,1,-1,0,17860.5432955512,12860.5432955512,0
3,A298,1,-1,1,20234.8585442037,15234.8585442037,0
3,A298,1,0,-1,18274.1909033917,13274.1909033917,0
3,A298,1,0,0,14979.8713834691,9979.87138346911,0
3,A298,1,0,1,17743.9296706494,12743.9296706494,0
3,A298,1,1,-1,20960.5246362447,15960.5246362447,0
3,A298,1,1,0,18160.2336581414,13160.2336581414,0
3,A298,1,1,1,20499.8678046949,15499.8678046949,0
3,A299,-1,-1,-1,18911.5734817727,13911.5734817727,0
3,A299,-1,-1,0,13997.5366985062,8997.53669850622,0
3,A299,-1,-1,1,15304.0666391508,10304.0666391508,0
3,A299,-1,0,-1,14780.9537604434,9780.9537604434,0
3,A299,-1,0,0,7533.92435175098,2533.92435175098,0
3,A299,-1,0,1,9749.02242316875,4749.02242316875,0
3,A299,-1,1,-1,16712.4377808937,11712.4377808937,0
3,A299,-1,1,0,10843.8461188724,5843.84611887242,0
3,A299,-1,1,1,12484.8876935007,7484.8876935007,0
3,A299,0,-1,-1,18052.3570599127,13052.3570599127,0
3,A299,0,-1,0,12812.9238461844,7812.92384618445,0
3,A299,0,-1,1,14228.6485499384,9228.64854993835,0
3,A299,0,0,-1,13664.4274644223,8664.42746442233,0
3,A299,0,0,0,5000,1.81898940354586e-12,1
3,A299,0,0,1,7955.0878102973,2955.0878102973,0
3,A299,0,1,-1,15733.5806618308,10733.5806618308,0
3,A299,0,1,0,9264.39326193993,4264.39326193993,0
3,A299,0,1,1,11140.574697089,6140.57469708895,0
3,A299,1,-1,-1,22228.9806172185,17228.9806172185,0
3,A299,1,-1,0,18232.1419846988,13232.1419846988,0
3,A299,1,-1,1,19253.4262774125,14253.4262774125,0
3,A299,1,0,-1,18840.2909158153,13840.2909158153,0
3,A299,1,0,0,13901.0785143489,8901.07851434894,0
3,A299,1,0,1,15215.8932019003,10215.8932019003,0
3,A299,1,1,-1,20390.8200988688,15390.8200988688,0
3,A299,1,1,0,15939.5409712442,10939.5409712442,0
3,A299,1,1,1,17098.3153685827,12098.3153685827,0
3,A300,-1,-1,-1,18059.3365168146,13059.3365168146,0
3,A300,-1,-1,0,14689.9967325449,9689.99673254489,0
3,A300,-1,-1,1,17477.1957869907,12477.1957869907,0
3,A300,-1,0,-1,14414.4799998267,9414.47999982673,0
3,A300,-1,0,0,9870.84607518679,4870.84607518679,0
3,A300,-1,0,1,13678.083594373,8678.08359437301,0
3,A300,-1,1,-1,17012.1965631501,12012.1965631501,0
3,A300,-1,1,0,13381.7487824978,8381.7487824978,0
3,A300,-1,1,1,16392.9121589944,11392.9121589944,0
3,A300,0,-1,-1,15160.8340123351,10160.8340123351,0
3,A300,0,-1,0,10931.9374551907,5931.93745519068,0
3,A300,0,-1,1,14462.4902799907,9462.49027999074,0
3,A300,0,0,-1,10558.8108320694,5558.81083206941,0
3,A300,0,0,0,1069.97886056311,-3930.02113943689,0
3,A300,0,0,1,9528.96759028372,4528.96759028372,0
3,A300,0,1,-1,13896.9811263194,8896.98112631939,0
3,A300,0,1,0,9098.48630267161,4098.48630267161,0
3,A300,0,1,1,13131.5963071718,8131.59630717182,0
3,A300,1,-1,-1,18263.6836501183,13263.6836501183,0
3,A300,1,-1,0,14940.4989557318,9940.49895573178,0
3,A300,1,-1,1,17688.2694919782,12688.2694919782,0
3,A300,1,0,-1,14669.6877509185,9669.68775091848,0
3,A300,1,0,0,10239.9271132207,5239.92711322075,0
3,A300,1,0,1,13946.7729550136,8946.77295501361,0
3,A300,1,1,-1,17228.9679594368,12228.9679594368,0
3,A300,1,1,0,13656.269824587,8656.26982458696,0
3,A300,1,1,1,16617.7638115527,11617.7638115527,0
3,A301,-1,-1,-1,18732.5210942891,13732.5210942891,0
3,A301,-1,-1,0,15588.4274459842,10588.4274459842,0
3,A301,-1,-1,1,18305.4853508298,13305.4853508298,0
3,A301,-1,0,-1,13668.9430169208,8668.94301692076,0
3,A301,-1,0,0,8884.35292469611,3884.35292469611,0
3,A301,-1,0,1,13077.5934552687,8077.59345526867,0
3,A301,-1,1,-1,14925.5706708879,9925.57067088791,0
3,A301,-1,1,0,10717.4802795433,5717.48027954327,0
3,A301,-1,1,1,14385.9691099741,9385.96910997408,0
3,A301,0,-1,-1,16892.6375566385,11892.6375566385,0
3,A301,0,-1,0,13321.1458707832,8321.14587078315,0
3,A301,0,-1,1,16417.8150495555,11417.8150495555,0
3,A301,0,0,-1,11013.3491850479,6013.34918504792,0
3,A301,0,0,0,3658.6314329986,-1341.3685670014,0
3,A301,0,0,1,10270.2145865242,5270.21458652423,0
3,A301,0,1,-1,12538.9998374527,7538.99983745267,0
3,A301,0,1,0,7022.69468326566,2022.69468326566,0
3,A301,0,1,1,11891.5921686332,6891.59216863315,0
3,A301,1,-1,-1,20489.3889780033,15489.3889780033,0
3,A301,1,-1,0,17660.8828879717,12660.8828879717,0
3,A301,1,-1,1,20099.7141291458,15099.7141291458,0
3,A301,1,0,-1,15992.1142236968,10992.1142236968,0
3,A301,1,0,0,12158.9243370659,7158.92433706594,0
3,A301,1,0,1,15489.7115765667,10489.7115765667,0
3,A301,1,1,-1,17078.6525813838,12078.6525813838,0
3,A301,1,1,0,13556.2567726617,8556.25677266172,0
3,A301,1,1,1,16609.1487252377,11609.1487252377,0
3,A302,-1,-1,-1,18430.6072311998,13430.6072311998,0
3,A302,-1,-1,0,15077.2456825267,10077.2456825267,0
3,A302,-1,-1,1,17747.0953068885,12747.0953068885,0
3,A302,-1,0,-1,14607.7714292479,9607.77142924794,0
3,A302,-1,0,0,10051.021867933,5051.02186793295,0
3,A302,-1,0,1,13735.3228957378,8735.32289573785,0
3,A302,-1,1,-1,16943.6327081163,11943.6327081163,0
3,A302,-1,1,0,13218.2731023407,8218.27310234071,0
3,A302,-1,1,1,16197.4935798283,11197.4935798283,0
3,A302,0,-1,-1,15517.0439174872,10517.0439174872,0
3,A302,0,-1,0,11332.0212847374,6332.02128473742,0
3,A302,0,-1,1,14698.6652747199,9698.66527471988,0
3,A302,0,0,-1,10699.4558345565,5699.4558345565,0
3,A302,0,0,0,1454.10096490555,-3545.89903509446,0
3,A302,0,0,1,9473.67215374552,4473.67215374552,0
3,A302,0,1,-1,13717.8007848934,8717.80078489342,0
3,A302,0,1,0,8707.12999986429,3707.12999986429,0
3,A302,0,1,1,12784.7630910804,7784.76309108036,0
3,A302,1,-1,-1,18489.7274442784,13489.7274442784,0
3,A302,1,-1,0,15149.4579250947,10149.4579250947,0
3,A302,1,-1,1,17808.4847722856,12808.4847722856,0
3,A302,1,0,-1,14682.2928789102,9682.29287891023,0
3,A302,1,0,0,10159.0244926672,5159.0244926672,0
3,A302,1,0,1,13814.5514984427,8814.55149844273,0
3,A302,1,1,-1,17007.9224892547,12007.9224892547,0
3,A302,1,1,0,13300.5820121155,8300.58201211547,0
3,A302,1,1,1,16264.7329004052,11264.7329004052,0
3,A303,-1,-1,-1,12798.7560307744,7798.7560307744,0
3,A303,-1,-1,0,10038.3019082904,5038.30190829042,0
3,A303,-1,-1,1,15418.3933815651,10418.3933815651,0
3,A303,-1,0,-1,10223.0150932293,5223.01509322934,0
3,A303,-1,0,0,6439.67288478988,1439.67288478988,0
3,A303,-1,0,1,13357.721966331,8357.72196633098,0
3,A303,-1,1,-1,15659.2438916285,10659.2438916285,0
3,A303,-1,1,0,13497.0837044233,8497.08370442329,0
3,A303,-1,1,1,17864.2273214072,12864.2273214072,0
3,A303,0,-1,-1,12138.3182143238,7138.31821432385,0
3,A303,0,-1,0,9181.4006741286,4181.4006741286,0
3,A303,0,-1,1,14874.7257993414,9874.72579934139,0
3,A303,0,0,-1,9382.99796084902,4382.99796084902,0
3,A303,0,0,0,5000,1.81898940354586e-12,1
3,A303,0,0,1,12726.325049546,7726.32504954604,0
3,A303,0,1,-1,15124.2365888136,10124.2365888136,0
3,A303,0,1,0,12872.5242925042,7872.5242925042,0
3,A303,0,1,1,17397.1615767577,12397.1615767577,0
3,A303,1,-1,-1,18189.8153429079,13189.8153429079,0
3,A303,1,-1,0,16365.4737626441,11365.4737626441,0
3,A303,1,-1,1,20119.3459322736,15119.3459322736,0
3,A303,1,0,-1,16479.4194033103,11479.4194033103,0
3,A303,1,0,0,14440.5890855222,9440.58908552217,0
3,A303,1,0,1,18587.3602860547,13587.3602860547,0
3,A303,1,1,-1,20304.5104725849,15304.5104725849,0
3,A303,1,1,0,18687.7632368888,13687.7632368888,0
3,A303,1,1,1,22049.7583674905,17049.7583674905,0
3,A304,-1,-1,-1,15691.6810062474,10691.6810062474,0
3,A304,-1,-1,0,11988.8509285616,6988.85092856155,0
3,A304,-1,-1,1,15531.7816226187,10531.7816226187,0
3,A304,-1,0,-1,13499.7444597314,8499.74445973141,0
3,A304,-1,0,0,8930.10606115593,3930.10606115593,0
3,A304,-1,0,1,13313.5452847444,8313.54528474436,0
3,A304,-1,1,-1,17839.7687247977,12839.7687247977,0
3,A304,-1,1,0,14688.8066887585,9688.8066887585,0
3,A304,-1,1,1,17699.2863055311,12699.2863055311,0
3,A304,0,-1,-1,13088.6696347184,8088.66963471842,0
3,A304,0,-1,0,8295.59923045015,3295.59923045015,0
3,A304,0,-1,1,12896.5367590563,7896.53675905629,0
3,A304,0,0,-1,10359.8996367254,5359.89963672538,0
3,A304,0,0,0,2198.00233586492,-2801.99766413508,0
3,A304,0,0,1,10116.0717699072,5116.07176990716,0
3,A304,0,1,-1,15599.4156351847,10599.4156351847,0
3,A304,0,1,0,11867.8330770487,6867.83307704866,0
3,A304,0,1,1,15438.5606754689,10438.5606754689,0
3,A304,1,-1,-1,17216.2043671587,12216.2043671587,0
3,A304,1,-1,0,13924.847812354,8924.84781235396,0
3,A304,1,-1,1,17070.5910964636,12070.5910964636,0
3,A304,1,0,-1,15245.0628233536,10245.0628233536,0
3,A304,1,0,0,11398.0539687019,6398.05396870192,0
3,A304,1,0,1,15080.4286430753,10080.4286430753,0
3,A304,1,1,-1,19194.4311758442,14194.4311758442,0
3,A304,1,1,0,16307.356681868,11307.356681868,0
3,A304,1,1,1,19063.9338997781,14063.9338997781,0
3,A305,-1,-1,-1,15060.9461606591,10060.9461606591,0
3,A305,-1,-1,0,11407.1588580711,6407.1588580711,0
3,A305,-1,-1,1,15277.9071594334,10277.9071594334,0
3,A305,-1,0,-1,11040.1760005195,6040.17600051951,0
3,A305,-1,0,0,5017.63490914231,17.6349091423135,0
3,A305,-1,0,1,11334.3651803019,6334.36518030191,0
3,A305,-1,1,-1,14728.8449306326,9728.84493063256,0
3,A305,-1,1,0,10964.9462812007,5964.94628120071,0
3,A305,-1,1,1,14950.6261042344,9950.62610423436,0
3,A305,0,-1,-1,15055.0801782265,10055.0801782265,0
3,A305,0,-1,0,11399.4128415382,6399.41284153821,0
3,A305,0,-1,1,15272.1245113711,10272.1245113711,0
3,A305,0,0,-1,11032.1723174089,6032.1723174089,0
3,A305,0,0,0,5000,-3.63797880709171e-12,1
3,A305,0,0,1,11326.5693817235,6326.56938172352,0
3,A305,0,1,-1,14722.8466306342,9722.8466306342,0
3,A305,0,1,0,10956.8876451378,5956.88764513781,0
3,A305,0,1,1,14944.7168199056,9944.71681990563,0
3,A305,1,-1,-1,20651.3626449052,15651.3626449052,0
3,A305,1,-1,0,18159.5691868057,13159.5691868057,0
3,A305,1,-1,1,20810.1207831521,15810.1207831521,0
3,A305,1,0,-1,17931.3180207022,12931.3180207022,0
3,A305,1,0,0,14994.1101742836,9994.11017428365,0
3,A305,1,0,1,18113.9314859462,13113.9314859462,0
3,A305,1,1,-1,20410.4275513212,15410.4275513212,0
3,A305,1,1,0,17885.0978970407,12885.0978970407,0
3,A305,1,1,1,20571.0452030451,15571.0452030451,0
3,A306,-1,-1,-1,14290.6371392529,9290.63713925291,0
3,A306,-1,-1,0,11281.2672587281,6281.26725872813,0
3,A306,-1,-1,1,15821.2411674909,10821.2411674909,0
3,A306,-1,0,-1,10229.7486114039,5229.74861140387,0
3,A306,-1,0,0,5262.36047506973,262.360475069725,0
3,A306,-1,0,1,12277.5045871151,7277.50458711511,0
3,A306,-1,1,-1,14320.3772107876,9320.37721078758,0
3,A306,-1,1,0,11318.9171114688,6318.91711146878,0
3,A306,-1,1,1,15848.109215088,10848.109215088,0
3,A306,0,-1,-1,14196.121726592,9196.12172659204,0
3,A306,0,-1,0,11161.297110698,6161.29711069799,0
3,A306,0,-1,1,15735.9217813998,10735.9217813998,0
3,A306,0,0,-1,10097.2926511488,5097.29265114879,0
3,A306,0,0,0,5000,2.72848410531878e-12,1
3,A306,0,0,1,12167.3613046156,7167.36130461558,0
3,A306,0,1,-1,14226.0593872537,9226.05938725367,0
3,A306,0,1,0,11199.3502850266,6199.35028502657,0
3,A306,0,1,1,15762.935257235,10762.935257235,0
3,A306,1,-1,-1,19970.914708812,14970.914708812,0
3,A306,1,-1,0,17941.0734189373,12941.0734189373,0
3,A306,1,-1,1,21093.2879499796,16093.2879499796,0
3,A306,1,0,-1,17299.2161993938,12299.2161993938,0
3,A306,1,0,0,14909.9819661334,9909.98196613343,0
3,A306,1,0,1,18583.6552741241,13583.6552741241,0
3,A306,1,1,-1,19992.2066796062,14992.2066796062,0
3,A306,1,1,0,17964.7713327264,12964.7713327264,0
3,A306,1,1,1,21113.4480877522,16113.4480877522,0
3,A307,-1,-1,-1,20104.6452160615,15104.6452160615,0
3,A307,-1,-1,0,16554.3544206553,11554.3544206553,0
3,A307,-1,-1,1,18544.4477217746,13544.4477217746,0
3,A307,-1,0,-1,15493.9391427957,10493.9391427957,0
3,A307,-1,0,0,10483.8943709683,5483.89437096828,0
3,A307,-1,0,1,13407.5326664746,8407.53266647463,0
3,A307,-1,1,-1,16611.0668247891,11611.0668247891,0
3,A307,-1,1,0,12073.8325348073,7073.83253480734,0
3,A307,-1,1,1,14684.2542575214,9684.25425752142,0
3,A307,0,-1,-1,17517.3661847085,12517.3661847085,0
3,A307,0,-1,0,13293.1564750488,8293.15647504881,0
3,A307,0,-1,1,15702.1622743842,10702.1622743842,0
3,A307,0,0,-1,11946.6944778093,6946.69447780933,0
3,A307,0,0,0,3545.89903509446,-1454.10096490554,0
3,A307,0,0,1,9078.72738813363,4078.72738813363,0
3,A307,0,1,-1,13363.7157947583,8363.71579475827,0
3,A307,0,1,0,6959.79819132966,1959.79819132966,0
3,A307,0,1,1,10876.0600350035,5876.06003500346,0
3,A307,1,-1,-1,20236.5875788047,15236.5875788047,0
3,A307,1,-1,0,16714.346168953,11714.346168953,0
3,A307,1,-1,1,18687.4091001551,13687.4091001551,0
3,A307,1,0,-1,15664.7651668189,10664.7651668189,0
3,A307,1,0,0,10734.7453976583,5734.74539765835,0
3,A307,1,0,1,13604.5819404167,8604.58194041665,0
3,A307,1,1,-1,16770.5175420598,11770.5175420598,0
3,A307,1,1,0,12292.2800834304,7292.28008343037,0
3,A307,1,1,1,14864.3883382554,9864.38833825539,0
3,A308,-1,-1,-1,16048.8314986583,11048.8314986583,0
3,A308,-1,-1,0,10799.9243492494,5799.92434924943,0
3,A308,-1,-1,1,13255.6304801656,8255.63048016564,0
3,A308,-1,0,-1,15044.1255042042,10044.1255042042,0
3,A308,-1,0,0,9241.16257098819,4241.16257098819,0
3,A308,-1,0,1,12019.6696768513,7019.6696768513,0
3,A308,-1,1,-1,19876.7812258467,14876.7812258467,0
3,A308,-1,1,0,15942.3902027693,10942.3902027693,0
3,A308,-1,1,1,17698.3948101104,12698.3948101104,0
3,A308,0,-1,-1,13818.8944727525,8818.89447275251,0
3,A308,0,-1,0,7073.5576569542,2073.5576569542,0
3,A308,0,-1,1,10445.5057993111,5445.50579931106,0
3,A308,0,0,-1,12638.1392682227,7638.13926822268,0
3,A308,0,0,0,4335.42819571237,-664.57180428763,0
3,A308,0,0,1,8824.35896353743,3824.35896353743,0
3,A308,0,1,-1,18124.1078091286,13124.1078091286,0
3,A308,0,1,0,13695.1326154258,8695.13261542582,0
3,A308,0,1,1,15704.4589474227,10704.4589474227,0
3,A308,1,-1,-1,18009.9610334341,13009.9610334341,0
3,A308,1,-1,0,13543.7096064188,8543.70960641877,0
3,A308,1,-1,1,15572.5862778212,10572.5862778212,0
3,A308,1,0,-1,17120.7305959686,12120.7305959686,0
3,A308,1,0,0,12336.6441797161,7336.64417971608,0
3,A308,1,0,1,14534.9978704542,9534.9978704542,0
3,A308,1,1,-1,21491.3967869392,16491.3967869392,0
3,A308,1,1,0,17915.1753921318,12915.1753921318,0
3,A308,1,1,1,19494.2782069004,14494.2782069004,0
3,A309,-1,-1,-1,13552.3170740044,8552.31707400444,0
3,A309,-1,-1,0,10780.3174003662,5780.31740036619,0
3,A309,-1,-1,1,15772.2917938683,10772.2917938683,0
3,A309,-1,0,-1,9958.756778541,4958.756778541,0
3,A309,-1,0,0,5632.6531716787,632.653171678696,0
3,A309,-1,0,1,12817.0482924388,7817.04829243878,0
3,A309,-1,1,-1,14652.2481235447,9652.24812354474,0
3,A309,-1,1,0,12134.1798343442,7134.17983434423,0
3,A309,-1,1,1,16726.8725537828,11726.8725537828,0
3,A309,0,-1,-1,13301.8237968307,8301.82379683065,0
3,A309,0,-1,0,10463.6734228576,5463.67342285758,0
3,A309,0,-1,1,15557.5835745305,10557.5835745305,0
3,A309,0,0,-1,9615.09515406448,4615.09515406448,0
3,A309,0,0,0,5000,-1.81898940354586e-12,1
3,A309,0,0,1,12551.8901038165,7551.89010381647,0
3,A309,0,1,-1,14420.8735283789,9420.87352837886,0
3,A309,0,1,0,11853.7563033742,6853.75630337422,0
3,A309,0,1,1,16524.5721178513,11524.5721178513,0
3,A309,1,-1,-1,19240.8870525636,14240.8870525636,0
3,A309,1,-1,0,17400.0482685478,12400.0482685478,0
3,A309,1,-1,1,20864.1229129355,15864.1229129355,0
3,A309,1,0,-1,16903.350942026,11903.350942026,0
3,A309,1,0,0,14774.072500417,9774.072500417,0
3,A309,1,0,1,18730.2739816016,13730.2739816016,0
3,A309,1,1,-1,20030.8465015604,15030.8465015604,0
3,A309,1,1,0,18269.7771400573,13269.7771400573,0
3,A309,1,1,1,21594.7841370468,16594.7841370468,0
3,A310,-1,-1,-1,18181.5190535879,13181.5190535879,0
3,A310,-1,-1,0,15178.9945155908,10178.9945155908,0
3,A310,-1,-1,1,18172.3997840872,13172.3997840872,0
3,A310,-1,0,-1,14015.6042853231,9015.60428532313,0
3,A310,-1,0,0,9811.79916687679,4811.79916687679,0
3,A310,-1,0,1,14003.7724310087,9003.77243100873,0
3,A310,-1,1,-1,16195.8850289065,11195.8850289065,0
3,A310,-1,1,0,12733.4571612706,7733.45716127058,0
3,A310,-1,1,1,16185.6470580039,11185.6470580039,0
3,A310,0,-1,-1,15405.2782323967,10405.2782323967,0
3,A310,0,-1,0,11711.3977315225,6711.39773152251,0
3,A310,0,-1,1,15394.5144851751,10394.5144851751,0
3,A310,0,0,-1,10158.3525142783,5158.35251427827,0
3,A310,0,0,0,1739.64513987756,-3260.35486012244,0
3,A310,0,0,1,10142.0217225687,5142.02172256871,0
3,A310,0,1,-1,13002.3710988086,8002.37109880858,0
3,A310,0,1,0,8300.35502852068,3300.35502852068,0
3,A310,0,1,1,12989.6163533741,7989.61635337413,0
3,A310,1,-1,-1,18549.3277435903,13549.3277435903,0
3,A310,1,-1,0,15617.6758561409,10617.6758561409,0
3,A310,1,-1,1,18540.3893852271,13540.3893852271,0
3,A310,1,0,-1,14489.5509980786,9489.55099807855,0
3,A310,1,0,0,10477.6584948296,5477.65849482961,0
3,A310,1,0,1,14478.1064695157,9478.10646951566,0
3,A310,1,1,-1,16607.727614358,11607.727614358,0
3,A310,1,1,0,13253.3337663044,8253.33376630439,0
3,A310,1,1,1,16597.743681881,11597.743681881,0
3,A311,-1,-1,-1,14176.9154607742,9176.91546077417,0
3,A311,-1,-1,0,11161.3397050434,6161.33970504338,0
3,A311,-1,-1,1,15753.2877851202,10753.2877851202,0
3,A311,-1,0,-1,11873.9893170609,6873.98931706094,0
3,A311,-1,0,0,8036.30476843165,3036.30476843165,0
3,A311,-1,0,1,13717.6078949851,8717.60789498509,0
3,A311,-1,1,-1,16763.0042838811,11763.0042838811,0
3,A311,-1,1,0,14303.4570873917,9303.45708739173,0
3,A311,-1,1,1,18115.7240175571,13115.7240175571,0
3,A311,0,-1,-1,12129.114471747,7129.11447174695,0
3,A311,0,-1,0,8408.68538465921,3408.68538465921,0
3,A311,0,-1,1,13939.030164528,8939.03016452799,0
3,A311,0,0,-1,9333.92244388611,4333.92244388611,0
3,A311,0,0,0,3273.0231007313,-1726.9768992687,0
3,A311,0,0,1,11588.92800251,6588.92800251002,0
3,A311,0,1,-1,15070.7928958041,10070.7928958041,0
3,A311,0,1,0,12276.7817663124,7276.78176631238,0
3,A311,0,1,1,16562.3048688007,11562.3048688007,0
3,A311,1,-1,-1,17124.4241875616,12124.4241875616,0
3,A311,1,-1,0,14725.3684430979,9725.36844309795,0
3,A311,1,-1,1,18450.6652404304,13450.6652404304,0
3,A311,1,0,-1,15272.6092752772,10272.6092752772,0
3,A311,1,0,0,12523.7041686845,7523.70416868445,0
3,A311,1,0,1,16746.1559211111,11746.1559211111,0
3,A311,1,1,-1,19319.919368233,14319.919368233,0
3,A311,1,1,0,17229.3312819872,12229.3312819872,0
3,A311,1,1,1,20504.6440704028,15504.6440704028,0
3,A312,-1,-1,-1,14680.5847522327,9680.58475223267,0
3,A312,-1,-1,0,10287.8822203917,5287.88222039167,0
3,A312,-1,-1,1,14005.7656875237,9005.76568752367,0
3,A312,-1,0,-1,11731.8864244808,6731.8864244808,0
3,A312,-1,0,0,5287.54300125126,287.54300125126,0
3,A312,-1,0,1,10875.6178170826,5875.61781708265,0
3,A312,-1,1,-1,16116.9088067888,11116.9088067888,0
3,A312,-1,1,0,12250.538820783,7250.538820783,0
3,A312,-1,1,1,15504.7300303061,10504.7300303061,0
3,A312,0,-1,-1,14579.4875656659,9579.48756566586,0
3,A312,0,-1,0,10143.0966470092,5143.09664700922,0
3,A312,0,-1,1,13899.7612031191,8899.76120311907,0
3,A312,0,0,-1,11605.1302485942,6605.13024859418,0
3,A312,0,0,0,5000,-9.09494701772928e-13,1
3,A312,0,0,1,10738.7593283938,5738.75932839378,0
3,A312,0,1,-1,16024.8756156254,11024.8756156254,0
3,A312,0,1,0,12129.2040303323,7129.20403033234,0
3,A312,0,1,1,15409.0409280589,10409.0409280589,0
3,A312,1,-1,-1,20238.6597058038,15238.6597058038,0
3,A312,1,-1,0,17318.3226266428,12318.3226266428,0
3,A312,1,-1,1,19754.6260535008,14754.6260535008,0
3,A312,1,0,-1,18213.2077651564,13213.2077651564,0
3,A312,1,0,0,14901.07006258,9901.07006258003,0
3,A312,1,0,1,17673.7896593539,12673.7896593539,0
3,A312,1,1,-1,21303.4862758701,16303.4862758701,0
3,A312,1,1,0,18551.5357698318,13551.5357698318,0
3,A312,1,1,1,20844.1941876512,15844.1941876512,0
3,A313,-1,-1,-1,15209.7521578103,10209.7521578103,0
3,A313,-1,-1,0,11069.8323023386,6069.83230233861,0
3,A313,-1,-1,1,14620.0483481343,9620.04834813428,0
3,A313,-1,0,-1,11585.5426320132,6585.5426320132,0
3,A313,-1,0,0,5042.75961930368,42.7596193036807,0
3,A313,-1,0,1,10799.724583431,5799.72458343101,0
3,A313,-1,1,-1,15398.4751015929,10398.4751015929,0
3,A313,-1,1,0,11327.7386072534,6327.73860725344,0
3,A313,-1,1,1,14816.2845698287,9816.28456982872,0
3,A313,0,-1,-1,15195.6288492426,10195.6288492426,0
3,A313,0,-1,0,11050.4191153014,6050.41911530145,0
3,A313,0,-1,1,14605.3548099217,9605.35480992174,0
3,A313,0,0,-1,11566.9950073524,6566.99500735241,0
3,A313,0,0,0,5000,9.09494701772928e-13,1
3,A313,0,0,1,10779.8249753827,5779.82497538269,0
3,A313,0,1,-1,15384.5250455221,10384.5250455221,0
3,A313,0,1,0,11308.7681635172,6308.76816351721,0
3,A313,0,1,1,14801.7858340156,9801.7858340156,0
3,A313,1,-1,-1,20747.9568041255,15747.9568041255,0
3,A313,1,-1,0,17935.5049565308,12935.5049565308,0
3,A313,1,-1,1,20319.6201870415,15319.6201870415,0
3,A313,1,0,-1,18258.31177634,13258.31177634,0
3,A313,1,0,0,14985.6790110398,9985.67901103985,0
3,A313,1,0,1,17770.0647697695,12770.0647697695,0
3,A313,1,1,-1,20886.6987888995,15886.6987888995,0
3,A313,1,1,0,18095.8230760057,13095.8230760057,0
3,A313,1,1,1,20461.2668057964,15461.2668057964,0
3,A314,-1,-1,-1,21092.1557342113,16092.1557342113,0
3,A314,-1,-1,0,16184.9158394914,11184.9158394914,0
3,A314,-1,-1,1,16704.0105347972,11704.0105347972,0
3,A314,-1,0,-1,17248.5321898638,12248.5321898638,0
3,A314,-1,0,0,10704.4070326182,5704.40703261819,0
3,A314,-1,0,1,11474.1795844044,6474.17958440438,0
3,A314,-1,1,-1,18712.1535877973,13712.1535877973,0
3,A314,-1,1,0,12931.2473918223,7931.24739182234,0
3,A314,-1,1,1,13575.3315364196,8575.3315364196,0
3,A314,0,-1,-1,18795.5416500504,13795.5416500504,0
3,A314,0,-1,0,13051.622624562,8051.62262456196,0
3,A314,0,-1,1,13690.0445707519,8690.04457075192,0
3,A314,0,0,-1,14349.3977262925,9349.39772629247,0
3,A314,0,0,0,4793.50417987968,-206.495820120316,0
3,A314,0,0,1,6328.51874752067,1328.51874752067,0
3,A314,0,1,-1,16079.1182686077,11079.1182686077,0
3,A314,0,1,0,8695.43049601746,3695.43049601746,0
3,A314,0,1,1,9627.19994215696,4627.19994215696,0
3,A314,1,-1,-1,21486.4082229055,16486.4082229055,0
3,A314,1,-1,0,16695.4546370123,11695.4546370123,0
3,A314,1,-1,1,17199.1474425837,12199.1474425837,0
3,A314,1,0,-1,17728.4677146641,12728.4677146641,0
3,A314,1,0,0,11461.7204086072,6461.72040860718,0
3,A314,1,0,1,12183.7392429532,7183.73924295325,0
3,A314,1,1,-1,19155.4534453881,14155.4534453881,0
3,A314,1,1,0,13564.8023912488,8564.80239124878,0
3,A314,1,1,1,14180.1386145843,9180.13861458432,0
3,A315,-1,-1,-1,17175.7881975696,12175.7881975696,0
3,A315,-1,-1,0,14486.9061387566,9486.90613875665,0
3,A315,-1,-1,1,18020.3551224309,13020.3551224309,0
3,A315,-1,0,-1,12905.8341848532,7905.83418485319,0
3,A315,-1,0,0,9023.48631474001,4023.48631474001,0
3,A315,-1,0,1,14010.2125086551,9010.21250865508,0
3,A315,-1,1,-1,15430.9238805096,10430.9238805096,0
3,A315,-1,1,0,12368.3532077417,7368.35320774175,0
3,A315,-1,1,1,16365.7847455241,11365.7847455241,0
3,A315,0,-1,-1,14744.9978526195,9744.99785261954,0
3,A315,0,-1,0,11501.204760334,6501.20476033402,0
3,A315,0,-1,1,15720.7016447901,10720.7016447901,0
3,A315,0,0,-1,9432.27530731107,4432.27530731107,0
3,A315,0,0,0,1957.18336858997,-3042.81663141003,0
3,A315,0,0,1,10894.6462082832,5894.64620828323,0
3,A315,0,1,-1,12669.6753420151,7669.6753420151,0
3,A315,0,1,0,8682.36272782014,3682.36272782014,0
3,A315,0,1,1,13792.9754513961,8792.9754513961,0
3,A315,1,-1,-1,18434.2676323129,13434.2676323129,0
3,A315,1,-1,0,15958.8524777039,10958.8524777039,0
3,A315,1,-1,1,19223.6240514241,14223.6240514241,0
3,A315,1,0,-1,14538.7440633259,9538.74406332593,0
3,A315,1,0,0,11235.5608762656,6235.56087626559,0
3,A315,1,0,1,15527.4137405315,10527.4137405315,0
3,A315,1,1,-1,16820.4617873009,11820.4617873009,0
3,A315,1,1,0,14063.8075926623,9063.80759266228,0
3,A315,1,1,1,17682.0087452982,12682.0087452982,0
3,A316,-1,-1,-1,13980.8581818001,8980.85818180006,0
3,A316,-1,-1,0,12354.7165034876,7354.71650348762,0
3,A316,-1,-1,1,17601.5239187831,12601.5239187831,0
3,A316,-1,0,-1,9289.57478969817,4289.57478969817,0
3,A316,-1,0,0,6593.24079306525,1593.24079306525,0
3,A316,-1,0,1,14164.9372937999,9164.93729379991,0
3,A316,-1,1,-1,13308.94451289,8308.94451289005,0
3,A316,-1,1,0,11588.9010880726,6588.90108807258,0
3,A316,-1,1,1,17072.7049061089,12072.7049061089,0
3,A316,0,-1,-1,13303.8930897789,8303.89308977887,0
3,A316,0,-1,0,11583.099573353,6583.09957335297,0
3,A316,0,-1,1,17068.7673869015,12068.7673869015,0
3,A316,0,0,-1,8235.61628647524,3235.61628647524,0
3,A316,0,0,0,5000,0,1
3,A316,0,0,1,13497.2080217334,8497.20802173338,0
3,A316,0,1,-1,12595.9191761398,7595.9191761398,0
3,A316,0,1,0,10762.5184912171,5762.51849121711,0
3,A316,0,1,1,16522.9061806855,11522.9061806855,0
3,A316,1,-1,-1,18934.6969130463,13934.6969130463,0
3,A316,1,-1,0,17767.8747060775,12767.8747060775,0
3,A316,1,-1,1,21745.6201556271,16745.6201556271,0
3,A316,1,0,-1,15790.9642347362,10790.9642347362,0
3,A316,1,0,0,14371.1229848144,9371.12298481439,0
3,A316,1,0,1,19071.0199052543,14071.0199052543,0
3,A316,1,1,-1,18444.1415017481,13444.1415017481,0
3,A316,1,1,0,17244.1578547185,12244.1578547185,0
3,A316,1,1,1,21319.8406302766,16319.8406302766,0
3,A317,-1,-1,-1,14922.211592104,9922.21159210402,0
3,A317,-1,-1,0,12708.2908262738,7708.29082627383,0
3,A317,-1,-1,1,17330.0003649968,12330.0003649968,0
3,A317,-1,0,-1,12491.4136117894,7491.41361178939,0
3,A317,-1,0,0,9739.79830111637,4739.79830111637,0
3,A317,-1,0,1,15286.9855717882,10286.9855717882,0
3,A317,-1,1,-1,17011.7144709777,12011.7144709777,0
3,A317,-1,1,0,15107.1733348004,10107.1733348004,0
3,A317,-1,1,1,19158.6780100647,14158.6780100647,0
3,A317,0,-1,-1,11607.0503741642,6607.05037416425,0
3,A317,0,-1,0,8576.23899585467,3576.23899585467,0
3,A317,0,-1,1,14573.2677268913,9573.26772689126,0
3,A317,0,0,-1,8251.46251337665,3251.46251337665,0
3,A317,0,0,0,2629.61794473875,-2370.38205526125,0
3,A317,0,0,1,12072.4126611429,7072.41266114293,0
3,A317,0,1,-1,14193.2959114835,9193.29591148348,0
3,A317,0,1,0,11843.8974056923,6843.89740569234,0
3,A317,0,1,1,16706.4706830078,11706.4706830078,0
3,A317,1,-1,-1,15709.068654037,10709.068654037,0
3,A317,1,-1,0,13623.6226791144,8623.62267911443,0
3,A317,1,-1,1,18011.9780098831,13011.9780098831,0
3,A317,1,0,-1,13421.5443671182,8421.54436711822,0
3,A317,1,0,0,10907.1586641139,5907.15866411389,0
3,A317,1,0,1,16055.9760540986,11055.9760540986,0
3,A317,1,1,-1,17705.9557330237,12705.9557330237,0
3,A317,1,1,0,15884.8709577833,10884.8709577833,0
3,A317,1,1,1,19777.6991146862,14777.6991146862,0
3,A318,-1,-1,-1,17756.9656656125,12756.9656656125,0
3,A318,-1,-1,0,13944.2827577713,8944.28275777125,0
3,A318,-1,-1,1,16540.1394675985,11540.1394675985,0
3,A318,-1,0,-1,12772.748802259,7772.74880225897,0
3,A318,-1,0,0,6502.02306551908,1502.02306551908,0
3,A318,-1,0,1,11018.5977294516,6018.59772945161,0
3,A318,-1,1,-1,14525.0264812658,9525.02648126582,0
3,A318,-1,1,0,9492.6069264669,4492.6069264669,0
3,A318,-1,1,1,13009.3342734877,8009.33427348769,0
3,A318,0,-1,-1,17263.6475203012,12263.6475203012,0
3,A318,0,-1,0,13310.3988551859,8310.39885518592,0
3,A318,0,-1,1,16009.3694336494,11009.3694336494,0
3,A318,0,0,-1,12077.5331927122,7077.53319271224,0
3,A318,0,0,0,5000,3.63797880709171e-12,1
3,A318,0,0,1,10204.5672117407,5204.56721174074,0
3,A318,0,1,-1,13917.6179835822,8917.61798358222,0
3,A318,0,1,0,8534.24175400869,3534.24175400869,0
3,A318,0,1,1,12327.4682840719,7327.46828407194,0
3,A318,1,-1,-1,21926.1766334365,16926.1766334365,0
3,A318,1,-1,0,18970.7778896806,13970.7778896806,0
3,A318,1,-1,1,20952.8901519224,15952.8901519224,0
3,A318,1,0,-1,18127.0655120051,13127.0655120051,0
3,A318,1,0,0,14412.6228027885,9412.62280278846,0
3,A318,1,0,1,16936.8500033032,11936.8500033032,0
3,A318,1,1,-1,19401.6439095348,14401.6439095348,0
3,A318,1,1,0,15986.1495792865,10986.1495792865,0
3,A318,1,1,1,18294.5393587884,13294.5393587884,0
3,A319,-1,-1,-1,15206.9933722075,10206.9933722075,0
3,A319,-1,-1,0,10914.7066585544,5914.70665855437,0
3,A319,-1,-1,1,14387.8071804643,9387.80718046432,0
3,A319,-1,0,-1,11751.3987558603,6751.3987558603,0
3,A319,-1,0,0,5096.42489782442,96.4248978244177,0
3,A319,-1,0,1,10670.132180957,5670.132180957,0
3,A319,-1,1,-1,15650.4983312388,10650.4983312388,0
3,A319,-1,1,0,11524.5942243551,6524.59422435507,0
3,A319,-1,1,1,14855.7883013985,9855.78830139847,0
3,A319,0,-1,-1,15174.9497753105,10174.9497753105,0
3,A319,0,-1,0,10870.0172356407,5870.01723564072,0
3,A319,0,-1,1,14353.9349560689,9353.93495606887,0
3,A319,0,0,-1,11709.9029022478,6709.90290224776,0
3,A319,0,0,0,5000,-9.09494701772928e-13,1
3,A319,0,0,1,10624.4140553693,5624.41405536934,0
3,A319,0,1,-1,15619.3646246236,10619.3646246236,0
3,A319,0,1,0,11482.2787501817,6482.27875018167,0
3,A319,0,1,1,14822.9855061928,9822.98550619285,0
3,A319,1,-1,-1,20719.690005983,15719.690005983,0
3,A319,1,-1,0,17809.6526626423,12809.6526626423,0
3,A319,1,-1,1,20126.1497058899,15126.1497058899,0
3,A319,1,0,-1,18334.3469815782,13334.3469815782,0
3,A319,1,0,0,14967.5132624239,9967.5132624239,0
3,A319,1,0,1,17660.8218178194,12660.8218178194,0
3,A319,1,1,-1,21047.3514851104,16047.3514851104,0
3,A319,1,1,0,18189.8097449563,13189.8097449563,0
3,A319,1,1,1,20463.3172427551,15463.3172427551,0
3,A320,-1,-1,-1,15457.2790670438,10457.2790670438,0
3,A320,-1,-1,0,14331.0393004531,9331.03930045306,0
3,A320,-1,-1,1,19282.8913471447,14282.8913471447,0
3,A320,-1,0,-1,9839.53104917286,4839.53104917286,0
3,A320,-1,0,0,7954.0921884459,2954.0921884459,0
3,A320,-1,0,1,15156.4769592724,10156.4769592724,0
3,A320,-1,1,-1,12438.0571786273,7438.05717862733,0
3,A320,-1,1,0,11007.1103225807,6007.11032258067,0
3,A320,-1,1,1,16959.0002337438,11959.0002337438,0
3,A320,0,-1,-1,14165.4471731102,9165.44717311017,0
3,A320,0,-1,0,12927.1460457765,7927.14604577647,0
3,A320,0,-1,1,18263.6884599879,13263.6884599879,0
3,A320,0,0,-1,7651.71802442699,2651.71802442699,0
3,A320,0,0,0,5000,1.81898940354586e-12,1
3,A320,0,0,1,13836.589582504,8836.58958250404,0
3,A320,0,1,-1,10790.6294457973,5790.62944579726,0
3,A320,0,1,0,9104.33386421906,4104.33386421906,0
3,A320,0,1,1,15790.5068438548,10790.5068438548,0
3,A320,1,-1,-1,19036.6045047923,14036.6045047923,0
3,A320,1,-1,0,18134.0431880631,13134.0431880631,0
3,A320,1,-1,1,22255.2181211777,17255.2181211777,0
3,A320,1,0,-1,14841.8734054379,9841.8734054379,0
3,A320,1,0,0,13665.0070419925,8665.00704199248,0
3,A320,1,0,1,18793.1803783278,13793.1803783278,0
3,A320,1,1,-1,16678.4322193128,11678.4322193128,0
3,A320,1,1,0,15640.3744382566,10640.3744382566,0
3,A320,1,1,1,20274.9235225075,15274.9235225075,0
3,A321,-1,-1,-1,17796.700274341,12796.700274341,0
3,A321,-1,-1,0,12350.0950019689,7350.09500196885,0
3,A321,-1,-1,1,13723.2340379586,8723.23403795857,0
3,A321,-1,0,-1,15432.8931802087,10432.8931802087,0
3,A321,-1,0,0,8600.95912178762,3600.95912178762,0
3,A321,-1,0,1,10477.538056127,5477.53805612703,0
3,A321,-1,1,-1,18963.8034995287,13963.8034995287,0
3,A321,-1,1,0,13979.5618340371,8979.56183403712,0
3,A321,-1,1,1,15206.2636756896,10206.2636756896,0
3,A321,0,-1,-1,16080.4210424079,11080.4210424079,0
3,A321,0,-1,0,9715.052588846,4715.052588846,0
3,A321,0,-1,1,11409.8445522703,6409.84455227029,0
3,A321,0,0,-1,13417.5851835612,8417.58518356118,0
3,A321,0,0,0,3979.18308966163,-1020.81691033837,0
3,A321,0,0,1,7185.83356083187,2185.83356083187,0
3,A321,0,1,-1,17363.2728313278,12363.2728313278,0
3,A321,0,1,0,11716.8916235516,6716.89162355164,0
3,A321,0,1,1,13156.2857684448,8156.2857684448,0
3,A321,1,-1,-1,20010.930541769,15010.930541769,0
3,A321,1,-1,0,15370.089363775,10370.089363775,0
3,A321,1,-1,1,16493.6943391515,11493.6943391515,0
3,A321,1,0,-1,17941.265072578,12941.265072578,0
3,A321,1,0,0,12557.5195921582,7557.51959215818,0
3,A321,1,0,1,13910.1978494328,8910.19784943281,0
3,A321,1,1,-1,21055.6558592107,16055.6558592107,0
3,A321,1,1,0,16707.5716238011,11707.5716238011,0
3,A321,1,1,1,17746.697029796,12746.697029796,0
3,A322,-1,-1,-1,16101.3893901551,11101.3893901551,0
3,A322,-1,-1,0,11894.2617822889,6894.26178228895,0
3,A322,-1,-1,1,14956.3426812119,9956.34268121189,0
3,A322,-1,0,-1,12056.5601026987,7056.56010269874,0
3,A322,-1,0,0,5251.60590316981,251.605903169809,0
3,A322,-1,0,1,10478.4582651471,5478.45826514707,0
3,A322,-1,1,-1,15214.0245407511,10214.0245407511,0
3,A322,-1,1,0,10662.3292848606,5662.32928486063,0
3,A322,-1,1,1,13996.5706096535,8996.57060965355,0
3,A322,0,-1,-1,16021.0915898758,11021.0915898758,0
3,A322,0,-1,0,11785.3340548078,6785.33405480775,0
3,A322,0,-1,1,14869.8628721193,9869.86287211931,0
3,A322,0,0,-1,11949.1119731878,6949.11197318776,0
3,A322,0,0,0,5000,-4.54747350886464e-12,1
3,A322,0,0,1,10354.6474132257,5354.64741322566,0
3,A322,0,1,-1,15129.0177527944,10129.0177527944,0
3,A322,0,1,0,10540.6784040017,5540.67840400173,0
3,A322,0,1,1,13904.122563787,8904.12256378695,0
3,A322,1,-1,-1,21309.5286472738,16309.5286472738,0
3,A322,1,-1,0,18338.8858500511,13338.8858500511,0
3,A322,1,-1,1,20458.0902645732,15458.0902645732,0
3,A322,1,0,-1,18444.5632202438,13444.5632202438,0
3,A322,1,0,0,14913.7733467353,9913.77334673529,0
3,A322,1,0,1,17453.9210061812,12453.9210061812,0
3,A322,1,1,-1,20647.2229029029,15647.2229029029,0
3,A322,1,1,0,17564.9234741965,12564.9234741965,0
3,A322,1,1,1,19767.2774985986,14767.2774985986,0
3,A323,-1,-1,-1,14968.2153705795,9968.21537057948,0
3,A323,-1,-1,0,12330.6651935603,7330.66519356028,0
3,A323,-1,-1,1,16734.4894410109,11734.4894410109,0
3,A323,-1,0,-1,10162.4643475642,5162.46434756424,0
3,A323,-1,0,0,5592.2727357615,592.272735761496,0
3,A323,-1,0,1,12620.2752381542,7620.27523815422,0
3,A323,-1,1,-1,13509.4001292055,8509.40012920546,0
3,A323,-1,1,0,10511.9800507137,5511.98005071375,0
3,A323,-1,1,1,15443.4308792519,10443.4308792519,0
3,A323,0,-1,-1,14757.1662940048,9757.16629400477,0
3,A323,0,-1,0,12073.5988737633,7073.59887376326,0
3,A323,0,-1,1,16545.9850870284,11545.9850870284,0
3,A323,0,0,-1,9848.96782736002,4848.96782736002,0
3,A323,0,0,0,5000,3.63797880709171e-12,1
3,A323,0,0,1,12369.2292700729,7369.22927007286,0
3,A323,0,1,-1,13275.1790006702,8275.17900067021,0
3,A323,0,1,0,10209.2218232078,5209.2218232078,0
3,A323,0,1,1,15238.9646292355,10238.9646292355,0
3,A323,1,-1,-1,20285.4736863049,15285.4736863049,0
3,A323,1,-1,0,18425.4789737851,13425.4789737851,0
3,A323,1,-1,1,21621.6583117258,16621.6583117258,0
3,A323,1,0,-1,17050.7669303534,12050.7669303534,0
3,A323,1,0,0,14789.4045062287,9789.40450622873,0
3,A323,1,0,1,18620.5348576373,13620.5348576373,0
3,A323,1,1,-1,19234.2627399309,14234.2627399309,0
3,A323,1,1,0,17261.3642532773,12261.3642532773,0
3,A323,1,1,1,20638.6174105716,15638.6174105716,0
3,A324,-1,-1,-1,18207.3722465872,13207.3722465872,0
3,A324,-1,-1,0,13072.8291557487,8072.82915574866,0
3,A324,-1,-1,1,14501.3558036823,9501.35580368233,0
3,A324,-1,0,-1,14465.4293137887,9465.42931378875,0
3,A324,-1,0,0,6974.17401860735,1974.17401860735,0
3,A324,-1,0,1,9382.40700734181,4382.40700734181,0
3,A324,-1,1,-1,16940.7463335782,11940.7463335782,0
3,A324,-1,1,0,11241.856801625,6241.85680162505,0
3,A324,-1,1,1,12875.162226467,7875.16222646699,0
3,A324,0,-1,-1,17546.2047430199,12546.2047430199,0
3,A324,0,-1,0,12135.063201054,7135.06320105398,0
3,A324,0,-1,1,13661.999008314,8661.99900831403,0
3,A324,0,0,-1,13623.8592913462,8623.85929134623,0
3,A324,0,0,0,5000.00000000001,6.3664629124105e-12,1
3,A324,0,0,1,8024.36651765104,3024.36651765104,0
3,A324,0,1,-1,16228.055431777,11228.055431777,0
3,A324,0,1,0,10136.0860842056,5136.08608420556,0
3,A324,0,1,1,11921.8580395853,6921.8580395853,0
3,A324,1,-1,-1,22005.231142666,17005.231142666,0
3,A324,1,-1,0,17989.4595708642,12989.4595708642,0
3,A324,1,-1,1,19052.8505389969,14052.8505389969,0
3,A324,1,0,-1,19025.5207221401,14025.5207221401,0
3,A324,1,0,0,14190.1690179568,9190.16901795685,0
3,A324,1,0,1,15516.1643059031,10516.1643059031,0
3,A324,1,1,-1,20969.2794309916,15969.2794309916,0
3,A324,1,1,0,16706.3202969597,11706.3202969597,0
3,A324,1,1,1,17846.3328410687,12846.3328410687,0
3,A325,-1,-1,-1,15679.0570705296,10679.0570705296,0
3,A325,-1,-1,0,14023.5356319046,9023.53563190461,0
3,A325,-1,-1,1,18640.9836815999,13640.9836815999,0
3,A325,-1,0,-1,10039.4007588329,5039.40075883293,0
3,A325,-1,0,0,7184.44768892009,2184.44768892009,0
3,A325,-1,0,1,14228.2468910686,9228.2468910686,0
3,A325,-1,1,-1,12479.8359192734,7479.83591927339,0
3,A325,-1,1,0,10323.4212144211,5323.42121442113,0
3,A325,-1,1,1,16043.6824503832,11043.6824503832,0
3,A325,0,-1,-1,14805.6190348884,9805.61903488842,0
3,A325,0,-1,0,13039.6731555904,8039.67315559037,0
3,A325,0,-1,1,17912.5597557412,12912.5597557412,0
3,A325,0,0,-1,8611.79957858874,3611.79957858874,0
3,A325,0,0,0,4998.981194219,-1.01880578100099,0
3,A325,0,0,1,13259.5827226398,8259.58272263985,0
3,A325,0,1,-1,11363.0906428362,6363.09064283623,0
3,A325,0,1,0,8941.28346243906,3941.28346243906,0
3,A325,0,1,1,15191.2234844354,10191.2234844354,0
3,A325,1,-1,-1,19813.6286275779,14813.6286275779,0
3,A325,1,-1,0,18531.2331049488,13531.2331049488,0
3,A325,1,-1,1,22231.3589640473,17231.3589640473,0
3,A325,1,0,-1,15733.2964240526,10733.2964240526,0
3,A325,1,0,0,14084.1519931262,9084.15199312622,0
3,A325,1,0,1,18686.6277954011,13686.6277954011,0
3,A325,1,1,-1,17392.336051912,12392.336051912,0
3,A325,1,1,0,15916.0319910778,10916.0319910778,0
3,A325,1,1,1,20103.40258114,15103.40258114,0
3,A326,-1,-1,-1,16060.3344644854,11060.3344644854,0
3,A326,-1,-1,0,13557.6756200754,8557.67562007543,0
3,A326,-1,-1,1,17597.920142086,12597.920142086,0
3,A326,-1,0,-1,10649.2053708678,5649.20537086779,0
3,A326,-1,0,0,6267.51945660873,1267.51945660873,0
3,A326,-1,0,1,12851.3822309905,7851.38223099051,0
3,A326,-1,1,-1,12995.2609420012,7995.26094200115,0
3,A326,-1,1,0,9734.11691211639,4734.11691211639,0
3,A326,-1,1,1,14853.5940824704,9853.59408247041,0
3,A326,0,-1,-1,15609.3735611705,10609.3735611705,0
3,A326,0,-1,0,13020.3213508814,8020.32135088142,0
3,A326,0,-1,1,17187.3498011843,12187.3498011843,0
3,A326,0,0,-1,9956.09235051335,4956.09235051335,0
3,A326,0,0,0,5000,2.72848410531878e-12,1
3,A326,0,0,1,12283.1683660222,7283.16836602225,0
3,A326,0,1,-1,12433.624041756,7433.62404175596,0
3,A326,0,1,0,8970.57589677393,3970.57589677393,0
3,A326,0,1,1,14364.7992338157,9364.79923381566,0
3,A326,1,-1,-1,20721.2630607596,15721.2630607596,0
3,A326,1,-1,0,18847.9963906313,13847.9963906313,0
3,A326,1,-1,1,21934.5205794268,16934.5205794268,0
3,A326,1,0,-1,16877.2620632904,11877.2620632904,0
3,A326,1,0,0,14516.1358446741,9516.13584467406,0
3,A326,1,0,1,18346.5098852365,13346.5098852365,0
3,A326,1,1,-1,18447.5799679189,13447.5799679189,0
3,A326,1,1,0,16315.3128005813,11315.3128005813,0
3,A326,1,1,1,19800.6478906338,14800.6478906338,0
3,A327,-1,-1,-1,15162.5350444854,10162.5350444854,0
3,A327,-1,-1,0,10484.2297316773,5484.22973167728,0
3,A327,-1,-1,1,13781.7153198694,8781.7153198694,0
3,A327,-1,0,-1,12200.4031532057,7200.40315320565,0
3,A327,-1,0,0,5372.74987246639,372.749872466388,0
3,A327,-1,0,1,10434.7038905483,5434.70389054835,0
3,A327,-1,1,-1,16364.5105403813,11364.5105403813,0
3,A327,-1,1,0,12157.8702624098,7157.87026240984,0
3,A327,-1,1,1,15094.0522527559,10094.0522527559,0
3,A327,0,-1,-1,15034.4945968649,10034.4945968649,0
3,A327,0,-1,0,10298.1858535617,5298.18585356169,0
3,A327,0,-1,1,13640.719774478,8640.71977447801,0
3,A327,0,0,-1,12040.9051116875,7040.90511168753,0
3,A327,0,0,0,5000,-1.81898940354586e-12,1
3,A327,0,0,1,10247.7609306295,5247.76093062954,0
3,A327,0,1,-1,16245.9460799968,11245.9460799968,0
3,A327,0,1,0,11997.8068048082,6997.80680480819,0
3,A327,0,1,1,14965.4258949366,9965.4258949366,0
3,A327,1,-1,-1,20546.7658426107,15546.7658426107,0
3,A327,1,-1,0,17383.5034064601,12383.5034064601,0
3,A327,1,-1,1,19550.0075389691,14550.0075389691,0
3,A327,1,0,-1,18469.3517676332,13469.3517676332,0
3,A327,1,0,0,14870.560137665,9870.56013766503,0
3,A327,1,0,1,17353.678656102,12353.678656102,0
3,A327,1,1,-1,21449.110071098,16449.110071098,0
3,A327,1,1,0,18441.2832236104,13441.2832236104,0
3,A327,1,1,1,20496.2809071488,15496.2809071488,0
3,A328,-1,-1,-1,14298.9180021707,9298.91800217075,0
3,A328,-1,-1,0,14222.2442285477,9222.24422854768,0
3,A328,-1,-1,1,20002.135030044,15002.135030044,0
3,A328,-1,0,-1,10319.2700605104,5319.27006051036,0
3,A328,-1,0,0,10212.7620869871,5212.76208698707,0
3,A328,-1,0,1,17381.4177876563,12381.4177876563,0
3,A328,-1,1,-1,14440.069706573,9440.06970657304,0
3,A328,-1,1,0,14364.1494003071,9364.14940030711,0
3,A328,-1,1,1,20103.2823901471,15103.2823901471,0
3,A328,0,-1,-1,11187.4280595409,6187.42805954086,0
3,A328,0,-1,0,11089.2615376795,6089.26153767947,0
3,A328,0,-1,1,17910.4689027036,12910.4689027036,0
3,A328,0,0,-1,5214.09868878074,214.098688780742,0
3,A328,0,0,0,5000,-2.72848410531878e-12,1
3,A328,0,0,1,14926.927844123,9926.92784412301,0
3,A328,0,1,-1,11367.2821591306,6367.28215913056,0
3,A328,0,1,0,11270.6822574742,6270.68225747416,0
3,A328,0,1,1,18023.3585497431,13023.3585497431,0
3,A328,1,-1,-1,15679.8608776354,10679.8608776354,0
3,A328,1,-1,0,15609.9715568497,10609.9715568497,0
3,A328,1,-1,1,21011.5298555177,16011.5298555177,0
3,A328,1,0,-1,12160.851766671,7160.85176667097,0
3,A328,1,0,0,12070.604398894,7070.60439889401,0
3,A328,1,0,1,18534.0946749026,13534.0946749026,0
3,A328,1,1,-1,15808.6873028689,10808.6873028689,0
3,A328,1,1,0,15739.3700351552,10739.3700351552,0
3,A328,1,1,1,21107.8408172697,16107.8408172697,0
3,A329,-1,-1,-1,14453.0869956043,9453.08699560431,0
3,A329,-1,-1,0,14342.1980287327,9342.19802873267,0
3,A329,-1,-1,1,20062.5413367365,15062.5413367365,0
3,A329,-1,0,-1,10182.0345705903,5182.0345705903,0
3,A329,-1,0,0,10024.0086088138,5024.00860881378,0
3,A329,-1,0,1,17242.0320491075,12242.0320491075,0
3,A329,-1,1,-1,14087.4388123209,9087.4388123209,0
3,A329,-1,1,0,13973.6485172543,8973.64851725426,0
3,A329,-1,1,1,19800.7518411963,14800.7518411963,0
3,A329,0,-1,-1,11550.3668821788,6550.36688217883,0
3,A329,0,-1,0,11411.3056091672,6411.30560916719,0
3,A329,0,-1,1,18083.8274792337,13083.8274792337,0
3,A329,0,0,-1,5309.7155674408,309.715567440802,0
3,A329,0,0,0,5000,4.54747350886464e-12,1
3,A329,0,0,1,14893.1836956669,9893.18369566685,0
3,A329,0,1,-1,11089.417644823,6089.41764482305,0
3,A329,0,1,0,10944.5010984599,5944.50109845988,0
3,A329,0,1,1,17792.9487406407,12792.9487406407,0
3,A329,1,-1,-1,16060.2063038854,11060.2063038854,0
3,A329,1,-1,0,15960.4870576132,10960.4870576132,0
3,A329,1,-1,1,21249.5662946121,16249.5662946121,0
3,A329,1,0,-1,12357.6830683405,7357.68306834054,0
3,A329,1,0,0,12227.8064840112,7227.80648401124,0
3,A329,1,0,1,18609.8407301971,13609.8407301971,0
3,A329,1,1,-1,15731.9558577991,10731.9558577991,0
3,A329,1,1,0,15630.142536286,10630.142536286,0
3,A329,1,1,1,21002.5778488616,16002.5778488616,0
3,A330,-1,-1,-1,19173.2812380958,14173.2812380958,0
3,A330,-1,-1,0,15889.4165786302,10889.4165786302,0
3,A330,-1,-1,1,18366.6111458641,13366.6111458641,0
3,A330,-1,0,-1,13781.7609137625,8781.7609137625,0
3,A330,-1,0,0,8648.45533365599,3648.45533365599,0
3,A330,-1,0,1,12635.4511368757,7635.45113687572,0
3,A330,-1,1,-1,14569.1164568448,9569.11645684484,0
3,A330,-1,1,0,9854.84652885261,4854.84652885261,0
3,A330,-1,1,1,13489.8793872062,8489.87938720616,0
3,A330,0,-1,-1,17714.7446523596,12714.7446523596,0
3,A330,0,-1,0,14095.0709069673,9095.07090696729,0
3,A330,0,-1,1,16838.3452169911,11838.3452169911,0
3,A330,0,0,-1,11667.6646569611,6667.66465696114,0
3,A330,0,0,0,4581.83853070264,-418.161469297359,0
3,A330,0,0,1,10288.444493487,5288.44449348698,0
3,A330,0,1,-1,12587.9553143589,7587.95531435887,0
3,A330,0,1,0,6581.44853132097,1581.44853132097,0
3,A330,0,1,1,11321.4093886123,6321.40938861227,0
3,A330,1,-1,-1,21447.8353863856,16447.8353863856,0
3,A330,1,-1,0,18570.6351139541,13570.6351139541,0
3,A330,1,-1,1,20729.8657571571,15729.8657571571,0
3,A330,1,0,-1,16802.733801691,11802.733801691,0
3,A330,1,0,0,12930.2246300913,7930.22463009131,0
3,A330,1,0,1,15876.0686178522,10876.0686178522,0
3,A330,1,1,-1,17454.3428309256,12454.3428309256,0
3,A330,1,1,0,13766.3695081025,8766.36950810254,0
3,A330,1,1,1,16564.171431368,11564.171431368,0
3,A331,-1,-1,-1,17007.9348056767,12007.9348056767,0
3,A331,-1,-1,0,13698.1250902213,8698.12509022129,0
3,A331,-1,-1,1,16911.7537712843,11911.7537712843,0
3,A331,-1,0,-1,11822.0899347486,6822.08993474855,0
3,A331,-1,0,0,6174.99757558523,1174.99757558523,0
3,A331,-1,0,1,11683.2948987725,6683.29489877251,0
3,A331,-1,1,-1,13793.2510488433,8793.25104884329,0
3,A331,-1,1,0,9413.95555171241,4413.95555171241,0
3,A331,-1,1,1,13674.4778241371,8674.4778241371,0
3,A331,0,-1,-1,16617.4381688534,11617.4381688534,0
3,A331,0,-1,0,13210.1489745145,8210.1489745145,0
3,A331,0,-1,1,16518.9836419214,11518.9836419214,0
3,A331,0,0,-1,11253.0536018807,6253.05360188067,0
3,A331,0,0,0,5000,-9.09494701772928e-13,1
3,A331,0,0,1,11107.1501580379,6107.15015803786,0
3,A331,0,1,-1,13308.7632572652,8308.76325726523,0
3,A331,0,1,0,8688.61117044223,3688.61117044223,0
3,A331,0,1,1,13185.6265950593,8185.62659505926,0
3,A331,1,-1,-1,21517.6359351389,16517.6359351389,0
3,A331,1,-1,0,19009.9300595868,14009.9300595868,0
3,A331,1,-1,1,21441.6936248885,16441.6936248885,0
3,A331,1,0,-1,17705.948726581,12705.948726581,0
3,A331,1,0,0,14555.734434975,9555.73443497499,0
3,A331,1,0,1,17613.5796922351,12613.5796922351,0
3,A331,1,1,-1,19078.5896852846,14078.5896852846,0
3,A331,1,1,0,16197.5729358645,11197.5729358645,0
3,A331,1,1,1,18992.8974526229,13992.8974526229,0
3,A332,-1,-1,-1,16941.9481882566,11941.9481882566,0
3,A332,-1,-1,0,13254.8379703552,8254.83797035515,0
3,A332,-1,-1,1,16258.9006647795,11258.9006647795,0
3,A332,-1,0,-1,14575.0319553758,9575.03195537579,0
3,A332,-1,0,0,10054.4854521265,5054.48545212654,0
3,A332,-1,0,1,13775.1152051017,8775.11520510165,0
3,A332,-1,1,-1,18380.247674797,13380.247674797,0
3,A332,-1,1,0,15049.7383961875,10049.7383961875,0
3,A332,-1,1,1,17752.6264817485,12752.6264817485,0
3,A332,0,-1,-1,13706.6875291174,8706.68752911744,0
3,A332,0,-1,0,8748.3943799798,3748.3943799798,0
3,A332,0,-1,1,12852.8411425047,7852.84114250467,0
3,A332,0,0,-1,10643.083721719,5643.08372171896,0
3,A332,0,0,0,1391.5287687711,-3608.4712312289,0
3,A332,0,0,1,9518.27051102858,4518.27051102858,0
3,A332,0,1,-1,15449.1805347136,10449.1805347136,0
3,A332,0,1,0,11284.4273404091,6284.42734040913,0
3,A332,0,1,1,14696.9187793827,9696.9187793827,0
3,A332,1,-1,-1,16991.6731850679,11991.6731850679,0
3,A332,1,-1,0,13318.3361886895,8318.33618868947,0
3,A332,1,-1,1,16310.7081404136,11310.7081404136,0
3,A332,1,0,-1,14632.8023876089,9632.80238760889,0
3,A332,1,0,0,10138.0484769807,5138.04847698072,0
3,A332,1,0,1,13836.2259351461,8836.2259351461,0
3,A332,1,1,-1,18426.0916583379,13426.0916583379,0
3,A332,1,1,0,15105.6934633358,10105.6934633358,0
3,A332,1,1,1,17800.0869721208,12800.0869721208,0
3,A333,-1,-1,-1,13678.3109058774,8678.3109058774,0
3,A333,-1,-1,0,12452.9729818122,7452.9729818122,0
3,A333,-1,-1,1,17973.7832114901,12973.7832114901,0
3,A333,-1,0,-1,9151.84728342773,4151.84728342773,0
3,A333,-1,0,0,7192.81972157535,2192.81972157535,0
3,A333,-1,0,1,14822.8540569953,9822.85405699534,0
3,A333,-1,1,-1,13431.9182606403,8431.9182606403,0
3,A333,-1,1,0,12181.8214979707,7181.82149797074,0
3,A333,-1,1,1,17786.9930526866,12786.9930526866,0
3,A333,0,-1,-1,12663.3144828185,7663.31448281853,0
3,A333,0,-1,0,11328.719280601,6328.71928060102,0
3,A333,0,-1,1,17213.9544377973,12213.9544377973,0
3,A333,0,0,-1,7551.13588489177,2551.13588489177,0
3,A333,0,0,0,5000,4.54747350886464e-12,1
3,A333,0,0,1,13891.7366390203,8891.73663902033,0
3,A333,0,1,-1,12396.7646026469,7396.7646026469,0
3,A333,0,1,0,11029.964617411,6029.96461741101,0
3,A333,0,1,1,17018.826819415,12018.826819415,0
3,A333,1,-1,-1,18265.3463734931,13265.3463734931,0
3,A333,1,-1,0,17366.7275268422,12366.7275268422,0
3,A333,1,-1,1,21669.8770610144,16669.8770610144,0
3,A333,1,0,-1,15175.0781745933,10175.0781745933,0
3,A333,1,0,0,14080.6017077722,9080.60170777218,0
3,A333,1,0,1,19137.4943840832,14137.4943840832,0
3,A333,1,1,-1,18081.5684349106,13081.5684349106,0
3,A333,1,1,0,17173.3358411887,12173.3358411887,0
3,A333,1,1,1,21515.1995287554,16515.1995287554,0
3,A334,-1,-1,-1,15692.0843091007,10692.0843091007,0
3,A334,-1,-1,0,11157.070232343,6157.07023234298,0
3,A334,-1,-1,1,14237.9395410622,9237.93954106219,0
3,A334,-1,0,-1,13136.2556013865,8136.25560138655,0
3,A334,-1,0,0,7127.40608008746,2127.40608008746,0
3,A334,-1,0,1,11359.516875113,6359.51687511296,0
3,A334,-1,1,-1,17288.1726184693,12288.1726184693,0
3,A334,-1,1,0,13308.629482088,8308.62948208799,0
3,A334,-1,1,1,15979.9350717395,10979.9350717395,0
3,A334,0,-1,-1,14416.8188621838,9416.81886218377,0
3,A334,0,-1,0,9278.11254030291,4278.11254030291,0
3,A334,0,-1,1,12818.8173602729,7818.81736027293,0
3,A334,0,0,-1,11582.9343158826,6582.93431588265,0
3,A334,0,0,0,3521.79976312683,-1478.20023687317,0
3,A334,0,0,1,9520.59765860676,4520.59765860676,0
3,A334,0,1,-1,16139.5188474467,11139.5188474467,0
3,A334,0,1,0,11778.0632886988,6778.06328869879,0
3,A334,0,1,1,14729.6123858743,9729.61238587433,0
3,A334,1,-1,-1,19221.0255253488,14221.0255253488,0
3,A334,1,-1,0,15738.0598693619,10738.0598693619,0
3,A334,1,-1,1,18053.3995318645,13053.3995318645,0
3,A334,1,0,-1,17197.8929961535,12197.8929961535,0
3,A334,1,0,0,13191.1420928081,8191.14209280806,0
3,A334,1,0,1,15882.2207489432,10882.2207489432,0
3,A334,1,1,-1,20544.761492122,15544.761492122,0
3,A334,1,1,0,17329.9143383251,12329.9143383251,0
3,A334,1,1,1,19456.737578001,14456.737578001,0
3,A335,-1,-1,-1,16563.9771008489,11563.9771008489,0
3,A335,-1,-1,0,12040.0038372392,7040.00383723916,0
3,A335,-1,-1,1,14681.8952252092,9681.89522520919,0
3,A335,-1,0,-1,15499.5779811569,10499.5779811569,0
3,A335,-1,0,0,10527.7382469954,5527.73824699544,0
3,A335,-1,0,1,13469.5815673887,8469.58156738871,0
3,A335,-1,1,-1,20152.1338272274,15152.1338272274,0
3,A335,-1,1,0,16634.4477754378,11634.4477754378,0
3,A335,-1,1,1,18636.019097357,13636.019097357,0
3,A335,0,-1,-1,13287.3296574896,8287.32965748959,0
3,A335,0,-1,0,6866.54821799785,1866.54821799785,0
3,A335,0,-1,1,10851.0754966214,5851.07549662136,0
3,A335,0,0,-1,11934.1824028008,6934.18240280077,0
3,A335,0,0,0,3608.47123122889,-1391.52876877111,0
3,A335,0,0,1,9144.25610041044,4144.25610041044,0
3,A335,0,1,-1,17558.3680853272,12558.3680853272,0
3,A335,0,1,0,13375.0755071934,8375.07550719336,0
3,A335,0,1,1,15795.2207906826,10795.2207906826,0
3,A335,1,-1,-1,16695.5359739111,11695.5359739111,0
3,A335,1,-1,0,12220.3631885245,7220.36318852453,0
3,A335,1,-1,1,14830.1595224978,9830.15952249781,0
3,A335,1,0,-1,15640.0927635572,10640.0927635572,0
3,A335,1,0,0,10733.538869169,5733.53886916903,0
3,A335,1,0,1,13631.0385392768,8631.0385392768,0
3,A335,1,1,-1,20260.4067542878,15260.4067542878,0
3,A335,1,1,0,16765.4536727307,11765.4536727307,0
3,A335,1,1,1,18753.0475351546,13753.0475351546,0
3,A336,-1,-1,-1,14528.4721675234,9528.47216752337,0
3,A336,-1,-1,0,9623.17144781698,4623.17144781698,0
3,A336,-1,-1,1,13195.9976472284,8195.99764722845,0
3,A336,-1,0,-1,12494.9443303343,7494.94433033435,0
3,A336,-1,0,0,6136.16810474854,1136.16810474854,0
3,A336,-1,0,1,10917.0272602624,5917.02726026238,0
3,A336,-1,1,-1,17354.2722150428,12354.2722150428,0
3,A336,-1,1,0,13516.64489825,8516.64489824995,0
3,A336,-1,1,1,16255.1104117125,11255.1104117125,0
3,A336,0,-1,-1,14086.3034367703,9086.30343677034,0
3,A336,0,-1,0,8941.63685822382,3941.63685822382,0
3,A336,0,-1,1,12707.5487367126,7707.54873671258,0
3,A336,0,0,-1,11977.9411756955,6977.94117569548,0
3,A336,0,0,0,5000,-4.54747350886464e-12,1
3,A336,0,0,1,10321.2850552428,5321.28505524282,0
3,A336,0,1,-1,16985.8236510354,11985.8236510354,0
3,A336,0,1,0,13040.2120494896,8040.21204948958,0
3,A336,0,1,1,15861.1492486274,10861.1492486274,0
3,A336,1,-1,-1,19641.0637569108,14641.0637569108,0
3,A336,1,-1,0,16349.3214138879,11349.3214138879,0
3,A336,1,-1,1,18676.9707363424,13676.9707363424,0
3,A336,1,0,-1,18188.4170778737,13188.4170778737,0
3,A336,1,0,0,14572.1460667352,9572.14606673521,0
3,A336,1,0,1,17142.8225850309,12142.8225850309,0
3,A336,1,1,-1,21814.3449613859,16814.3449613859,0
3,A336,1,1,0,18904.8822076711,13904.8822076711,0
3,A336,1,1,1,20950.5011032552,15950.5011032552,0
3,A337,-1,-1,-1,20632.5690665072,15632.5690665072,0
3,A337,-1,-1,0,15312.1520340724,10312.1520340724,0
3,A337,-1,-1,1,15595.5472345444,10595.5472345444,0
3,A337,-1,0,-1,17100.3155462338,12100.3155462338,0
3,A337,-1,0,0,10058.8212734457,5058.8212734457,0
3,A337,-1,0,1,10485.1790180941,5485.17901809413,0
3,A337,-1,1,-1,18950.9545215365,13950.9545215365,0
3,A337,-1,1,0,12957.5372238594,7957.53722385936,0
3,A337,-1,1,1,13291.232619214,8291.23261921401,0
3,A337,0,-1,-1,18695.534784356,13695.534784356,0
3,A337,0,-1,0,12581.0219975733,7581.02199757329,0
3,A337,0,-1,1,12924.4422755406,7924.44227554058,0
3,A337,0,0,-1,14705.1319738941,9705.13197389409,0
3,A337,0,0,0,5000,0,1
3,A337,0,0,1,5810.25762168577,810.257621685771,0
3,A337,0,1,-1,16821.3790120257,11821.3790120257,0
3,A337,0,1,0,9576.94552018425,4576.94552018425,0
3,A337,0,1,1,10023.8205853325,5023.82058533246,0
3,A337,1,-1,-1,21756.4504334218,16756.4504334218,0
3,A337,1,-1,0,16795.899174867,11795.899174867,0
3,A337,1,-1,1,17054.6569218691,12054.6569218691,0
3,A337,1,0,-1,18440.7435034089,13440.7435034089,0
3,A337,1,0,0,12199.1849969117,7199.18499691173,0
3,A337,1,0,1,12553.05573234,7553.05573233999,0
3,A337,1,1,-1,20168.7606573903,15168.7606573903,0
3,A337,1,1,0,14681.2124868981,9681.21248689813,0
3,A337,1,1,1,14976.5514627304,9976.55146273037,0
3,A338,-1,-1,-1,15060.7449077075,10060.7449077075,0
3,A338,-1,-1,0,11039.9338240936,6039.93382409364,0
3,A338,-1,-1,1,14728.6876708584,9728.6876708584,0
3,A338,-1,0,-1,11407.1339194945,6407.1339194945,0
3,A338,-1,0,0,5017.64944198093,17.6494419809333,0
3,A338,-1,0,1,10964.9855261164,5964.98552611636,0
3,A338,-1,1,-1,15278.0683117836,10278.0683117836,0
3,A338,-1,1,0,11334.6139327661,6334.61393276615,0
3,A338,-1,1,1,14950.8385942122,9950.83859421223,0
3,A338,0,-1,-1,15054.8740032066,10054.8740032066,0
3,A338,0,-1,0,11031.9233553245,6031.92335532455,0
3,A338,0,-1,1,14722.6843538495,9722.6843538495,0
3,A338,0,0,-1,11399.3814891278,6399.38148912784,0
3,A338,0,0,0,5000,4.54747350886464e-12,1
3,A338,0,0,1,10956.9202637114,5956.92026371141,0
3,A338,0,1,-1,15272.2809500387,10272.2809500387,0
3,A338,0,1,0,11326.8118675223,6326.81186752234,0
3,A338,0,1,1,14944.9245146161,9944.92451461614,0
3,A338,1,-1,-1,20651.2088103775,15651.2088103775,0
3,A338,1,-1,0,17931.1607821452,12931.1607821452,0
3,A338,1,-1,1,20410.3069222507,15410.3069222507,0
3,A338,1,0,-1,18159.545490239,13159.545490239,0
3,A338,1,0,0,14994.105311001,9994.105311001,0
3,A338,1,0,1,17885.1138029009,12885.1138029009,0
3,A338,1,1,-1,20810.2320865074,15810.2320865074,0
3,A338,1,1,0,18114.0790867113,13114.0790867113,0
3,A338,1,1,1,20571.192547467,15571.192547467,0
3,A339,-1,-1,-1,17969.4835121949,12969.4835121949,0
3,A339,-1,-1,0,11999.3614793271,6999.36147932715,0
3,A339,-1,-1,1,12847.8408352561,7847.84083525613,0
3,A339,-1,0,-1,15740.1826911484,10740.1826911484,0
3,A339,-1,0,0,8296.72763005041,3296.72763005041,0
3,A339,-1,0,1,9482.51167063645,4482.51167063645,0
3,A339,-1,1,-1,19302.9625862563,14302.9625862563,0
3,A339,-1,1,0,13917.1370196217,8917.13701962166,0
3,A339,-1,1,1,14655.0005472343,9655.00054723432,0
3,A339,0,-1,-1,16705.288034865,11705.288034865,0
3,A339,0,-1,0,10007.4465546571,5007.4465546571,0
3,A339,0,-1,1,11010.5097411897,6010.50974118969,0
3,A339,0,0,-1,14279.9741520594,9279.97415205943,0
3,A339,0,0,0,5000,3.63797880709171e-12,1
3,A339,0,0,1,6788.39732311793,1788.39732311793,0
3,A339,0,1,-1,18131.9793524912,13131.9793524912,0
3,A339,0,1,0,12241.3648526495,7241.36485264947,0
3,A339,0,1,1,13074.1482197578,8074.14821975781,0
3,A339,1,-1,-1,20862.1896971665,15862.1896971665,0
3,A339,1,-1,0,16009.7875431586,11009.7875431586,0
3,A339,1,-1,1,16655.1984495409,11655.1984495409,0
3,A339,1,0,-1,18975.826000895,13975.826000895,0
3,A339,1,0,0,13459.729218404,8459.729218404,0
3,A339,1,0,1,14221.3448326546,9221.34483265464,0
3,A339,1,1,-1,22021.1940155825,17021.1940155825,0
3,A339,1,1,0,17493.2936889666,12493.2936889666,0
3,A339,1,1,1,18085.8414873335,13085.8414873335,0
3,A340,-1,-1,-1,15188.1793786695,10188.1793786695,0
3,A340,-1,-1,0,10040.4151381764,5040.41513817637,0
3,A340,-1,-1,1,13074.3672678719,8074.36726787188,0
3,A340,-1,0,-1,12897.8585118173,7897.85851181733,0
3,A340,-1,0,0,6040.19018733163,1040.19018733163,0
3,A340,-1,0,1,10325.3591127581,5325.35911275805,0
3,A340,-1,1,-1,17378.9733742553,12378.9733742553,0
3,A340,-1,1,0,13120.893980646,8120.89398064604,0
3,A340,-1,1,1,15565.5710515108,10565.5710515108,0
3,A340,0,-1,-1,14805.2995693942,9805.29956939424,0
3,A340,0,-1,0,9451.24534904178,4451.24534904178,0
3,A340,0,-1,1,12627.5564523015,7627.55645230154,0
3,A340,0,0,-1,12444.7119971384,7444.71199713845,0
3,A340,0,0,0,5000,3.63797880709171e-12,1
3,A340,0,0,1,9753.41700678683,4753.41700678683,0
3,A340,0,1,-1,17045.3752684984,12045.3752684984,0
3,A340,0,1,0,12675.7233068656,7675.72330686562,0
3,A340,0,1,1,15192.2053915978,10192.2053915978,0
3,A340,1,-1,-1,20191.9042648376,15191.9042648376,0
3,A340,1,-1,0,16668.5974559543,11668.5974559543,0
3,A340,1,-1,1,18653.9884329578,13653.9884329578,0
3,A340,1,0,-1,18530.7031488982,13530.7031488982,0
3,A340,1,0,0,14612.1902020492,9612.19020204921,0
3,A340,1,0,1,16841.7708632181,11841.7708632181,0
3,A340,1,1,-1,21887.4603493599,16887.4603493599,0
3,A340,1,1,0,18686.6279422768,13686.6279422768,0
3,A340,1,1,1,20477.2851511463,15477.2851511463,0
3,A341,-1,-1,-1,13694.4783204534,8694.47832045339,0
3,A341,-1,-1,0,13527.5669310897,8527.56693108973,0
3,A341,-1,-1,1,19453.8273273116,14453.8273273116,0
3,A341,-1,0,-1,10500.2905302452,5500.2905302452,0
3,A341,-1,0,0,10281.6551111823,5281.65511118232,0
3,A341,-1,0,1,17354.2145437656,12354.2145437656,0
3,A341,-1,1,-1,15263.4683466683,10263.4683466683,0
3,A341,-1,1,0,15113.8941565531,10113.8941565531,0
3,A341,-1,1,1,20588.495019822,15588.495019822,0
3,A341,0,-1,-1,10335.6811407892,5335.68114078923,0
3,A341,0,-1,0,10113.4877885827,5113.48778858267,0
3,A341,0,-1,1,17255.1141942195,12255.1141942195,0
3,A341,0,0,-1,5435.40885253864,435.408852538638,0
3,A341,0,0,0,4999.99999999999,-5.45696821063757e-12,1
3,A341,0,0,1,14847.771907116,9847.77190711605,0
3,A341,0,1,-1,12339.409797249,7339.409797249,0
3,A341,0,1,0,12153.903272208,7153.90327220803,0
3,A341,0,1,1,18524.9479177658,13524.9479177658,0
3,A341,1,-1,-1,15037.083255032,10037.083255032,0
3,A341,1,-1,0,14885.2344094579,9885.23440945789,0
3,A341,1,-1,1,20421.2275348534,15421.2275348534,0
3,A341,1,0,-1,12199.6408786879,7199.64087868793,0
3,A341,1,0,0,12011.9760312239,7011.97603122393,0
3,A341,1,0,1,18432.1430870217,13432.1430870217,0
3,A341,1,1,-1,16478.7318176838,11478.7318176838,0
3,A341,1,1,0,16340.2855827212,11340.2855827212,0
3,A341,1,1,1,21504.9125441289,16504.9125441289,0
3,A342,-1,-1,-1,17651.213525139,12651.213525139,0
3,A342,-1,-1,0,14733.8254861526,9733.82548615259,0
3,A342,-1,-1,1,17961.2329198958,12961.2329198958,0
3,A342,-1,0,-1,13627.9147045127,8627.91470451274,0
3,A342,-1,0,0,9551.98061868964,4551.98061868964,0
3,A342,-1,0,1,14027.1382785717,9027.13827857167,0
3,A342,-1,1,-1,16120.6321053766,11120.6321053766,0
3,A342,-1,1,0,12860.6008422331,7860.60084223305,0
3,A342,-1,1,1,16459.5057206951,11459.5057206951,0
3,A342,0,-1,-1,14911.8270623342,9911.82706233417,0
3,A342,0,-1,0,11308.5304475564,6308.53044755638,0
3,A342,0,-1,1,15277.5369555978,10277.5369555978,0
3,A342,0,0,-1,9824.32219648687,4824.32219648687,0
3,A342,0,0,0,1427.43867354528,-3572.56132645472,0
3,A342,0,0,1,10371.0103516042,5371.01035160416,0
3,A342,0,1,-1,13064.1504470749,8064.15044707492,0
3,A342,0,1,0,8728.82016369656,3728.82016369656,0
3,A342,0,1,1,13480.0807117949,8480.08071179486,0
3,A342,1,-1,-1,18252.666483664,13252.666483664,0
3,A342,1,-1,0,15449.2753328504,10449.2753328504,0
3,A342,1,-1,1,18552.6381643304,13552.6381643304,0
3,A342,1,0,-1,14398.421929062,9398.42192906205,0
3,A342,1,0,0,10622.3739622385,5622.37396223852,0
3,A342,1,0,1,14776.8434768726,9776.84347687255,0
3,A342,1,1,-1,16777.046054974,11777.046054974,0
3,A342,1,1,0,13674.4121949379,8674.41219493788,0
3,A342,1,1,1,17102.9185644852,12102.9185644852,0
3,A343,-1,-1,-1,16909.2031477947,11909.2031477947,0
3,A343,-1,-1,0,12247.1227212666,7247.12272126657,0
3,A343,-1,-1,1,14630.8878338308,9630.88783383077,0
3,A343,-1,0,-1,13004.986111631,8004.98611163102,0
3,A343,-1,0,0,5761.98990107487,761.989901074869,0
3,A343,-1,0,1,9862.6259929322,4862.6259929322,0
3,A343,-1,1,-1,15885.1558517391,10885.1558517391,0
3,A343,-1,1,0,10789.3021224921,5789.30212249215,0
3,A343,-1,1,1,13434.280931512,8434.28093151199,0
3,A343,0,-1,-1,16664.9519493247,11664.9519493247,0
3,A343,0,-1,0,11907.6230764026,6907.62307640258,0
3,A343,0,-1,1,14347.9040694468,9347.90406944681,0
3,A343,0,0,-1,12685.7848059798,7685.78480597976,0
3,A343,0,0,0,5000,0,1
3,A343,0,0,1,9437.73616162124,4437.73616162124,0
3,A343,0,1,-1,15624.9047617562,10624.9047617562,0
3,A343,0,1,0,10402.3320784488,5402.33207844879,0
3,A343,0,1,1,13125.5238572294,8125.52385722939,0
3,A343,1,-1,-1,21668.4123980788,16668.4123980788,0
3,A343,1,-1,0,18264.4726096755,13264.4726096755,0
3,A343,1,-1,1,19941.459915612,14941.459915612,0
3,A343,1,0,-1,18781.0704839617,13781.0704839617,0
3,A343,1,0,0,14724.1119385826,9724.11193858262,0
3,A343,1,0,1,16759.1866221569,11759.1866221569,0
3,A343,1,1,-1,20879.1072891985,15879.1072891985,0
3,A343,1,1,0,17320.7385827001,12320.7385827001,0
3,A343,1,1,1,19080.8503192758,14080.8503192758,0
3,A344,-1,-1,-1,15249.7740014207,10249.7740014207,0
3,A344,-1,-1,0,11778.7129533126,6778.7129533126,0
3,A344,-1,-1,1,15649.9377180441,10649.9377180441,0
3,A344,-1,0,-1,10946.422177263,5946.42217726297,0
3,A344,-1,0,0,5099.66961920093,99.6696192009285,0
3,A344,-1,0,1,11497.3519545645,6497.35195456446,0
3,A344,-1,1,-1,14390.7161000188,9390.71610001884,0
3,A344,-1,1,0,10643.0813965443,5643.08139654432,0
3,A344,-1,1,1,14814.1031910674,9814.10319106743,0
3,A344,0,-1,-1,15216.7334493776,10216.7334493776,0
3,A344,0,-1,0,11735.9042519754,6735.90425197535,0
3,A344,0,-1,1,15617.7437664235,10617.7437664235,0
3,A344,0,0,-1,10900.3453274597,5900.34532745975,0
3,A344,0,0,0,5000,-1.81898940354586e-12,1
3,A344,0,0,1,11453.491683418,6453.49168341805,0
3,A344,0,1,-1,14355.6985077822,9355.69850778221,0
3,A344,0,1,0,10595.68550819,5595.68550818996,0
3,A344,0,1,1,14780.0887389282,9780.08873892823,0
3,A344,1,-1,-1,20749.5143712909,15749.5143712909,0
3,A344,1,-1,0,18350.0631711864,13350.0631711864,0
3,A344,1,-1,1,21045.3626751515,16045.3626751515,0
3,A344,1,0,-1,17827.2515557747,12827.2515557747,0
3,A344,1,0,0,14966.4080451857,9966.40804518569,0
3,A344,1,0,1,18170.7413584896,13170.7413584896,0
3,A344,1,1,-1,20126.5856374433,15126.5856374433,0
3,A344,1,1,0,17642.6166189561,12642.6166189561,0
3,A344,1,1,1,20431.455966367,15431.455966367,0
3,A345,-1,-1,-1,15155.2335963726,10155.2335963726,0
3,A345,-1,-1,0,12832.8310337603,7832.83103376033,0
3,A345,-1,-1,1,17311.3257528551,12311.3257528551,0
3,A345,-1,0,-1,12639.4260592616,7639.42605926157,0
3,A345,-1,0,0,9734.24563527965,4734.24563527965,0
3,A345,-1,0,1,15157.7038191271,10157.7038191271,0
3,A345,-1,1,-1,17024.367149896,12024.367149896,0
3,A345,-1,1,0,14994.3163843798,9994.31638437977,0
3,A345,-1,1,1,18969.1847693911,13969.1847693911,0
3,A345,0,-1,-1,11855.1372139071,6855.13721390711,0
3,A345,0,-1,0,8691.64687162253,3691.64687162253,0
3,A345,0,-1,1,14510.1747860392,9510.17478603915,0
3,A345,0,0,-1,8403.46738599514,3403.46738599514,0
3,A345,0,0,0,2370.38205526124,-2629.61794473876,0
3,A345,0,0,1,11858.2949056062,6858.29490560617,0
3,A345,0,1,-1,14166.5892103358,9166.5892103358,0
3,A345,0,1,0,11648.7208239713,6648.72082397133,0
3,A345,0,1,1,16452.7549004792,11452.7549004792,0
3,A345,1,-1,-1,15855.8333543371,10855.8333543371,0
3,A345,1,-1,0,13653.1277860031,8653.12778600308,0
3,A345,1,-1,1,17927.8650519617,12927.8650519617,0
3,A345,1,0,-1,13471.5046341315,8471.50463413154,0
3,A345,1,0,0,10792.6773364095,5792.67733640954,0
3,A345,1,0,1,15858.1944454048,10858.1944454048,0
3,A345,1,1,-1,17650.9326341229,12650.9326341229,0
3,A345,1,1,0,15702.09762531,10702.09762531,0
3,A345,1,1,1,19533.4665846897,14533.4665846897,0
3,A346,-1,-1,-1,17805.3462553351,12805.3462553351,0
3,A346,-1,-1,0,14389.6167447087,9389.61674470867,0
3,A346,-1,-1,1,17236.3506824045,12236.3506824045,0
3,A346,-1,0,-1,14320.1660673256,9320.16606732564,0
3,A346,-1,0,0,9751.81372786677,4751.81372786677,0
3,A346,-1,0,1,13606.1965945755,8606.19659457546,0
3,A346,-1,1,-1,17120.2791191965,12120.2791191965,0
3,A346,-1,1,0,13532.7259599248,8532.72595992476,0
3,A346,-1,1,1,16527.715713118,11527.715713118,0
3,A346,0,-1,-1,14920.3473889411,9920.34738894105,0
3,A346,0,-1,0,10613.5517614937,5613.5517614937,0
3,A346,0,-1,1,14236.5092554717,9236.50925547172,0
3,A346,0,0,-1,10519.1999282308,5519.19992823079,0
3,A346,0,0,0,827.213344498678,-4172.78665550132,0
3,A346,0,0,1,9524.44206788737,4524.44206788737,0
3,A346,0,1,-1,14095.757094016,9095.75709401596,0
3,A346,0,1,0,9419.18695221235,4419.18695221235,0
3,A346,0,1,1,13369.8091844257,8369.80918442568,0
3,A346,1,-1,-1,18116.3786983212,13116.3786983212,0
3,A346,1,-1,0,14772.7415170039,9772.74151700394,0
3,A346,1,-1,1,17557.4658397913,12557.4658397913,0
3,A346,1,0,-1,14705.1004098713,9705.10040987128,0
3,A346,1,0,0,10308.7677659176,5308.76776591764,0
3,A346,1,0,1,14010.7604232907,9010.76042329068,0
3,A346,1,1,-1,17443.5311501945,12443.5311501945,0
3,A346,1,1,0,13939.4222898595,8939.42228985955,0
3,A346,1,1,1,16862.3310536313,11862.3310536313,0
3,A347,-1,-1,-1,16237.3110011733,11237.3110011733,0
3,A347,-1,-1,0,14836.755986078,9836.75598607803,0
3,A347,-1,-1,1,19406.4006923495,14406.4006923495,0
3,A347,-1,0,-1,10381.8867008806,5381.88670088064,0
3,A347,-1,0,0,8016.3976393092,3016.3976393092,0
3,A347,-1,0,1,14857.3783270509,9857.3783270509,0
3,A347,-1,1,-1,12325.4563562986,7325.45635629863,0
3,A347,-1,1,0,10411.3368033419,5411.33680334193,0
3,A347,-1,1,1,16274.9806044192,11274.9806044192,0
3,A347,0,-1,-1,14979.574007204,9979.57400720395,0
3,A347,0,-1,0,13448.6689705301,8448.66897053013,0
3,A347,0,-1,1,18366.9746207834,13366.9746207834,0
3,A347,0,0,-1,8277.7376352721,3277.7376352721,0
3,A347,0,0,0,5000,2.72848410531878e-12,1
3,A347,0,0,1,13471.4163932973,8471.41639329732,0
3,A347,0,1,-1,10613.8703251689,5613.87032516886,0
3,A347,0,1,0,8314.64388420214,3314.64388420214,0
3,A347,0,1,1,15020.3982158497,10020.3982158497,0
3,A347,1,-1,-1,19624.60206796,14624.60206796,0
3,A347,1,-1,0,18482.5340786208,13482.5340786208,0
3,A347,1,-1,1,22317.7760005108,17317.7760005108,0
3,A347,1,0,-1,15141.2783227467,10141.2783227467,0
3,A347,1,0,0,13628.5497720219,8628.54977202189,0
3,A347,1,0,1,18499.0926407237,13499.0926407237,0
3,A347,1,1,-1,16534.5581183163,11534.5581183163,0
3,A347,1,1,0,15161.48646438,10161.48646438,0
3,A347,1,1,1,19655.7811203518,14655.7811203518,0
3,A348,-1,-1,-1,13449.7647636906,8449.76476369056,0
3,A348,-1,-1,0,13198.2003877157,8198.20038771572,0
3,A348,-1,-1,1,19169.9977764732,14169.9977764732,0
3,A348,-1,0,-1,10232.4886743596,5232.48867435959,0
3,A348,-1,0,0,9899.5022979231,4899.5022979231,0
3,A348,-1,0,1,17067.4094994604,12067.4094994604,0
3,A348,-1,1,-1,15116.5960699882,10116.5960699882,0
3,A348,-1,1,0,14893.2131529388,9893.21315293882,0
3,A348,-1,1,1,20374.1041347726,15374.1041347726,0
3,A348,0,-1,-1,10387.3012111918,5387.30121119183,0
3,A348,0,-1,0,10059.4407263881,5059.44072638806,0
3,A348,0,-1,1,17160.6721605945,12160.6721605945,0
3,A348,0,0,-1,5630.60198596141,630.601985961412,0
3,A348,0,0,0,5000,0,1
3,A348,0,0,1,14774.8543571735,9774.85435717346,0
3,A348,0,1,-1,12470.418236635,7470.41823663496,0
3,A348,0,1,0,12198.6742014157,7198.67420141571,0
3,A348,0,1,1,18496.052918068,13496.052918068,0
3,A348,1,-1,-1,15326.3133435749,10326.3133435749,0
3,A348,1,-1,0,15106.0319733916,10106.0319733916,0
3,A348,1,-1,1,20530.185660554,15530.185660554,0
3,A348,1,0,-1,12597.7590458672,7597.75904586716,0
3,A348,1,0,0,12328.822095132,7328.82209513201,0
3,A348,1,0,1,18582.1466878588,13582.1466878588,0
3,A348,1,1,-1,16808.0690517981,11808.0690517981,0
3,A348,1,1,0,16607.4533425718,11607.4533425718,0
3,A348,1,1,1,21658.8048562562,16658.8048562562,0
3,A349,-1,-1,-1,17035.0051068385,12035.0051068385,0
3,A349,-1,-1,0,13859.3967112425,8859.39671124249,0
3,A349,-1,-1,1,17145.68037172,12145.68037172,0
3,A349,-1,0,-1,13638.7664088766,8638.76640887662,0
3,A349,-1,0,0,9375.89608333452,4375.89608333452,0
3,A349,-1,0,1,13776.7523595031,8776.75235950309,0
3,A349,-1,1,-1,16788.1058884494,11788.1058884494,0
3,A349,-1,1,0,13554.7769266549,8554.7769266549,0
3,A349,-1,1,1,16900.3980941563,11900.3980941563,0
3,A349,0,-1,-1,14238.3114353574,9238.31143535742,0
3,A349,0,-1,0,10228.4402887154,5228.4402887154,0
3,A349,0,-1,1,14370.5417068878,9370.54170688784,0
3,A349,0,0,-1,9927.43988630092,4927.43988630092,0
3,A349,0,0,0,667.488506046921,-4332.51149395308,0
3,A349,0,0,1,10116.1761113225,5116.17611132246,0
3,A349,0,1,-1,13941.973062017,8941.97306201696,0
3,A349,0,1,0,9811.73231756723,4811.73231756723,0
3,A349,0,1,1,14076.987223166,9076.98722316603,0
3,A349,1,-1,-1,17755.7772589782,12755.7772589782,0
3,A349,1,-1,0,14736.3192242851,9736.31922428506,0
3,A349,1,-1,1,17861.9870812186,12861.9870812186,0
3,A349,1,0,-1,14529.0115367955,9529.01153679546,0
3,A349,1,0,0,10629.3769547383,5629.37695473831,0
3,A349,1,0,1,14658.6197390992,9658.61973909919,0
3,A349,1,1,-1,17519.0389691394,12519.0389691394,0
3,A349,1,1,0,14450.1973900639,9450.19739006393,0
3,A349,1,1,1,17626.675319566,12626.675319566,0
3,A350,-1,-1,-1,17082.5503361976,12082.5503361976,0
3,A350,-1,-1,0,13370.517511654,8370.51751165396,0
3,A350,-1,-1,1,16301.1641016882,11301.1641016882,0
3,A350,-1,0,-1,13988.2838502209,8988.28385022088,0
3,A350,-1,0,0,9090.06587517781,4090.06587517781,0
3,A350,-1,0,1,13022.5385449917,8022.53854499168,0
3,A350,-1,1,-1,17306.9536360382,12306.9536360382,0
3,A350,-1,1,0,13656.0556787346,8656.05567873459,0
3,A350,-1,1,1,16536.1745649174,11536.1745649174,0
3,A350,0,-1,-1,14509.366882258,9509.36688225795,0
3,A350,0,-1,0,9873.14235006696,4873.14235006696,0
3,A350,0,-1,1,13580.7272414038,8580.72724140381,0
3,A350,0,0,-1,10694.8719678915,5694.87196789147,0
3,A350,0,0,0,1156.50289680255,-3843.49710319745,0
3,A350,0,0,1,9396.52656522795,4396.52656522795,0
3,A350,0,1,-1,14772.9091750819,9772.90917508186,0
3,A350,0,1,0,10256.512956943,5256.512956943,0
3,A350,0,1,1,13861.936032772,8861.93603277196,0
3,A350,1,-1,-1,18144.6942288704,13144.6942288704,0
3,A350,1,-1,0,14703.3037511957,9703.30375119572,0
3,A350,1,-1,1,17411.0411446486,12411.0411446486,0
3,A350,1,0,-1,15267.2357597841,10267.2357597841,0
3,A350,1,0,0,10956.5368746495,5956.53687464945,0
3,A350,1,0,1,14387.5957972927,9387.59579729272,0
3,A350,1,1,-1,18356.1174225504,13356.1174225504,0
3,A350,1,1,0,14963.4307353354,9963.4307353354,0
3,A350,1,1,1,17631.2640474783,12631.2640474783,0
3,A351,-1,-1,-1,14469.2378798393,9469.23787983929,0
3,A351,-1,-1,0,10243.7407201623,5243.74072016229,0
3,A351,-1,-1,1,14160.1413502989,9160.14135029894,0
3,A351,-1,0,-1,11533.8847726302,6533.88477263021,0
3,A351,-1,0,0,5348.44622921892,348.446229218916,0
3,A351,-1,0,1,11143.6643966597,6143.6643966597,0
3,A351,-1,1,-1,16021.9271959788,11021.9271959788,0
3,A351,-1,1,0,12340.0782084953,7340.07820849532,0
3,A351,-1,1,1,15743.3449212776,10743.3449212776,0
3,A351,0,-1,-1,14322.5654129052,9322.56541290518,0
3,A351,0,-1,0,10035.499943973,5035.49994397303,0
3,A351,0,-1,1,14010.2333400989,9010.23334009886,0
3,A351,0,0,-1,11349.340647451,6349.34064745096,0
3,A351,0,0,0,4937.90565426453,-62.0943457354679,0
3,A351,0,0,1,10952.5472548149,5952.54725481486,0
3,A351,0,1,-1,15889.5936466864,10889.5936466864,0
3,A351,0,1,0,12167.7674770417,7167.76747704165,0
3,A351,0,1,1,15608.6496691382,10608.6496691382,0
3,A351,1,-1,-1,20022.8098725059,15022.8098725059,0
3,A351,1,-1,0,17218.8354515935,12218.8354515935,0
3,A351,1,-1,1,19800.5978048035,14800.5978048035,0
3,A351,1,0,-1,18016.2306911145,13016.2306911145,0
3,A351,1,0,0,14837.7878214372,9837.78782143717,0
3,A351,1,0,1,17768.9427528068,12768.9427528068,0
3,A351,1,1,-1,21172.0622859557,16172.0622859557,0
3,A351,1,1,0,18542.6966905821,13542.6966905821,0
3,A351,1,1,1,20962.0366299999,15962.0366299999,0
3,A352,-1,-1,-1,16063.868096065,11063.868096065,0
3,A352,-1,-1,0,12206.9141635075,7206.91416350753,0
3,A352,-1,-1,1,15490.953766076,10490.953766076,0
3,A352,-1,0,-1,13617.5295764289,8617.52957642889,0
3,A352,-1,0,0,8740.59534313198,3740.59534313198,0
3,A352,-1,0,1,12936.7268711929,7936.72687119293,0
3,A352,-1,1,-1,17686.8981260722,12686.8981260722,0
3,A352,-1,1,0,14275.407542677,9275.40754267703,0
3,A352,-1,1,1,17168.2310008045,12168.2310008045,0
3,A352,0,-1,-1,13624.6730538153,8624.6730538153,0
3,A352,0,-1,0,8751.72046004816,3751.72046004816,0
3,A352,0,-1,1,12944.2460652713,7944.24606527125,0
3,A352,0,0,-1,10631.132083673,5631.13208367296,0
3,A352,0,0,0,1995.46099134144,-3004.53900865856,0
3,A352,0,0,1,9743.857539775,4743.857539775,0
3,A352,0,1,-1,15505.1676204303,10505.1676204303,0
3,A352,0,1,0,11461.7240468049,6461.72404680488,0
3,A352,0,1,1,14910.8019003865,9910.80190038651,0
3,A352,1,-1,-1,17697.8974298911,12697.8974298911,0
3,A352,1,-1,0,14289.0331592593,9289.03315925925,0
3,A352,1,-1,1,17179.562387147,12179.562387147,0
3,A352,1,0,-1,15511.4418090674,10511.4418090674,0
3,A352,1,0,0,11470.2102065982,6470.21020659823,0
3,A352,1,0,1,14917.3260797978,9917.32607979778,0
3,A352,1,1,-1,19183.1718063835,14183.1718063835,0
3,A352,1,1,0,16092.0780429592,11092.0780429592,0
3,A352,1,1,1,18706.0383547173,13706.0383547173,0
3,A353,-1,-1,-1,14417.975832425,9417.97583242499,0
3,A353,-1,-1,0,10146.220975919,5146.22097591905,0
3,A353,-1,-1,1,14071.7295696005,9071.72956960046,0
3,A353,-1,0,-1,14298.6464097702,9298.64640977018,0
3,A353,-1,0,0,9975.92412458225,4975.92412458225,0
3,A353,-1,0,1,13949.438523726,8949.43852372598,0
3,A353,-1,1,-1,20025.5973993006,15025.5973993006,0
3,A353,-1,1,0,17207.3334420724,12207.3334420724,0
3,A353,-1,1,1,19777.7677500382,14777.7677500382,0
3,A353,0,-1,-1,11548.1152126643,6548.11521266432,0
3,A353,0,-1,0,5331.67309132485,331.673091324847,0
3,A353,0,-1,1,11112.8084182418,6112.8084182418,0
3,A353,0,0,-1,11398.7818214146,6398.78182141458,0
3,A353,0,0,0,5000,-2.72848410531878e-12,1
3,A353,0,0,1,10957.5441129748,5957.54411297479,0
3,A353,0,1,-1,18069.4628879625,13069.4628879625,0
3,A353,0,1,0,14885.3371492634,9885.33714926345,0
3,A353,0,1,1,17794.4102188027,12794.4102188027,0
3,A353,1,-1,-1,16088.5021933537,11088.5021933537,0
3,A353,1,-1,0,12405.9532408169,7405.9532408169,0
3,A353,1,-1,1,15778.9558843773,10778.9558843773,0
3,A353,1,0,-1,15981.6508807066,10981.6508807066,0
3,A353,1,0,0,12267.0672069806,7267.06720698056,0
3,A353,1,0,1,15669.9939645287,10669.9939645287,0
3,A353,1,1,-1,21259.9724110835,16259.9724110835,0
3,A353,1,1,0,18629.3907551433,13629.3907551433,0
3,A353,1,1,1,21026.6966710325,16026.6966710325,0
3,A354,-1,-1,-1,19996.7026310064,14996.7026310064,0
3,A354,-1,-1,0,15798.0743855118,10798.0743855118,0
3,A354,-1,-1,1,17300.0055626416,12300.0055626416,0
3,A354,-1,0,-1,15476.4684375029,10476.4684375029,0
3,A354,-1,0,0,9446.27511108426,4446.27511108426,0
3,A354,-1,0,1,11787.4149690064,6787.41496900639,0
3,A354,-1,1,-1,16708.5018622601,11708.5018622601,0
3,A354,-1,1,0,11352.7561701296,6352.75617012959,0
3,A354,-1,1,1,13363.9855894745,8363.98558947448,0
3,A354,0,-1,-1,18112.0995776563,13112.0995776563,0
3,A354,0,-1,0,13332.636246752,8332.63624675196,0
3,A354,0,-1,1,15082.1161467969,10082.1161467969,0
3,A354,0,0,-1,12949.9463433276,7949.9463433276,0
3,A354,0,0,0,4172.78665550132,-827.213344498678,0
3,A354,0,0,1,8192.87413851793,3192.87413851793,0
3,A354,0,1,-1,14399.7940776662,9399.79407766616,0
3,A354,0,1,0,7554.1450645626,2554.1450645626,0
3,A354,0,1,1,10333.2543679966,5333.25436799663,0
3,A354,1,-1,-1,21359.4987326243,16359.4987326243,0
3,A354,1,-1,0,17491.1184401182,12491.1184401182,0
3,A354,1,-1,1,18858.6919605658,13858.6919605658,0
3,A354,1,0,-1,17201.196042517,12201.196042517,0
3,A354,1,0,0,12066.1586045589,7066.15860455886,0
3,A354,1,0,1,13975.0929030055,8975.09290300554,0
3,A354,1,1,-1,18317.5900291831,13317.5900291831,0
3,A354,1,1,0,13610.4791486007,8610.47914860073,0
3,A354,1,1,1,15328.2804264458,10328.2804264458,0
3,A355,-1,-1,-1,15676.8003231032,10676.8003231032,0
3,A355,-1,-1,0,13330.3798202376,8330.37982023761,0
3,A355,-1,-1,1,17596.4764635749,12596.4764635749,0
3,A355,-1,0,-1,12022.7839799687,7022.78397996871,0
3,A355,-1,0,0,8745.52985303581,3745.52985303581,0
3,A355,-1,0,1,14436.8019378146,9436.80193781465,0
3,A355,-1,1,-1,15599.1217985993,10599.1217985993,0
3,A355,-1,1,0,13238.9409949921,8238.94099499213,0
3,A355,-1,1,1,17527.3077353663,12527.3077353663,0
3,A355,0,-1,-1,13183.1773272808,8183.17732728084,0
3,A355,0,-1,0,10282.6612422991,5282.66124229909,0
3,A355,0,-1,1,15416.5521438883,10416.5521438883,0
3,A355,0,0,-1,8519.47361643161,3519.47361643161,0
3,A355,0,0,0,2125.65013170616,-2874.34986829384,0
3,A355,0,0,1,11681.4102857391,6681.41028573907,0
3,A355,0,1,-1,13090.7103305977,8090.71033059768,0
3,A355,0,1,0,10163.8405507448,5163.84055074483,0
3,A355,0,1,1,15337.5556240984,10337.5556240984,0
3,A355,1,-1,-1,17373.2628056624,12373.2628056624,0
3,A355,1,-1,0,15289.4479395419,10289.4479395419,0
3,A355,1,-1,1,19123.3934247379,14123.3934247379,0
3,A355,1,0,-1,14163.881063224,9163.88106322403,0
3,A355,1,0,0,11513.1439908699,6513.14399086993,0
3,A355,1,0,1,16263.1313816206,11263.1313816206,0
3,A355,1,1,-1,17303.2018144533,12303.2018144533,0
3,A355,1,1,0,15209.7912810481,10209.7912810481,0
3,A355,1,1,1,19059.7667507867,14059.7667507867,0
3,A356,-1,-1,-1,17207.1184989053,12207.1184989053,0
3,A356,-1,-1,0,13884.7600038608,8884.76000386076,0
3,A356,-1,-1,1,17014.3525793447,12014.3525793447,0
3,A356,-1,0,-1,13525.8469129329,8525.8469129329,0
3,A356,-1,0,0,8924.69428280531,3924.69428280531,0
3,A356,-1,0,1,13279.7515553183,8279.75155531831,0
3,A356,-1,1,-1,16425.9594054296,11425.9594054296,0
3,A356,-1,1,0,12904.0216877632,7904.02168776323,0
3,A356,-1,1,1,16223.9147263447,11223.9147263447,0
3,A356,0,-1,-1,14768.4003743194,9768.40037431942,0
3,A356,0,-1,0,10714.8160481475,5714.8160481475,0
3,A356,0,-1,1,14543.3461168701,9543.3461168701,0
3,A356,0,0,-1,10245.4505656376,5245.45056563762,0
3,A356,0,0,0,1292.62934453984,-3707.37065546016,0
3,A356,0,0,1,9918.29239092127,4918.29239092127,0
3,A356,0,1,-1,13850.3741815754,8850.3741815754,0
3,A356,0,1,0,9409.27724637189,4409.27724637189,0
3,A356,0,1,1,13610.1481119249,8610.1481119249,0
3,A356,1,-1,-1,18442.5153435486,13442.5153435486,0
3,A356,1,-1,0,15389.2171836798,10389.2171836798,0
3,A356,1,-1,1,18262.7938403714,13262.7938403714,0
3,A356,1,0,-1,15066.1866400809,10066.1866400809,0
3,A356,1,0,0,11121.6731296686,6121.67312966863,0
3,A356,1,0,1,14845.6473935169,9845.64739351688,0
3,A356,1,1,-1,17715.9133987068,12715.9133987068,0
3,A356,1,1,0,14510.5210409523,9510.5210409523,0
3,A356,1,1,1,17528.7436574719,12528.7436574719,0
3,A357,-1,-1,-1,14037.5331116066,9037.5331116066,0
3,A357,-1,-1,0,9205.04186758208,4205.04186758208,0
3,A357,-1,-1,1,13130.6228225635,8130.62282256353,0
3,A357,-1,0,-1,13019.5266903544,8019.52669035442,0
3,A357,-1,0,0,7562.31017383831,2562.31017383831,0
3,A357,-1,0,1,12036.1536667586,7036.15366675856,0
3,A357,-1,1,-1,18492.2636424601,13492.2636424601,0
3,A357,-1,1,0,15154.0184290088,10154.0184290088,0
3,A357,-1,1,1,17813.6109329699,12813.6109329699,0
3,A357,0,-1,-1,12839.9299333802,7839.92993338022,0
3,A357,0,-1,0,7248.74200248571,2248.74200248571,0
3,A357,0,-1,1,11841.6519347213,6841.65193472126,0
3,A357,0,0,-1,11718.3420361207,6718.34203612067,0
3,A357,0,0,0,5000,-2.72848410531878e-12,1
3,A357,0,0,1,10615.1052714746,5615.10527147457,0
3,A357,0,1,-1,17600.4340701277,12600.4340701277,0
3,A357,0,1,0,14051.8945121788,9051.89451217875,0
3,A357,0,1,1,16885.9764096094,11885.9764096094,0
3,A357,1,-1,-1,18239.38775093,13239.38775093,0
3,A357,1,-1,0,14844.3836333228,9844.38363332281,0
3,A357,1,-1,1,17550.9596711334,12550.9596711334,0
3,A357,1,0,-1,17467.9994535772,12467.9994535772,0
3,A357,1,0,0,13885.6568024225,8885.65680242248,0
3,A357,1,0,1,16747.8931438897,11747.8931438897,0
3,A357,1,1,-1,21853.7581274154,16853.7581274154,0
3,A357,1,1,0,19111.9649491114,14111.9649491114,0
3,A357,1,1,1,21282.5671416901,16282.5671416901,0
3,A358,-1,-1,-1,17294.4465635186,12294.4465635186,0
3,A358,-1,-1,0,11286.3357008659,6286.33570086588,0
3,A358,-1,-1,1,12476.5726530517,7476.57265305171,0
3,A358,-1,0,-1,15528.1432270308,10528.1432270308,0
3,A358,-1,0,0,8331.06978085164,3331.06978085164,0
3,A358,-1,0,1,9883.83606236251,4883.83606236251,0
3,A358,-1,1,-1,19574.1815210742,14574.1815210742,0
3,A358,-1,1,0,14540.7040350252,9540.70403502524,0
3,A358,-1,1,1,15482.7505776085,10482.7505776085,0
3,A358,0,-1,-1,15959.0462824375,10959.0462824375,0
3,A358,0,-1,0,9109.04220317483,4109.04220317483,0
3,A358,0,-1,1,10547.8974906594,5547.89749065938,0
3,A358,0,0,-1,14025.5662411812,9025.5662411812,0
3,A358,0,0,0,5000,9.09494701772928e-13,1
3,A358,0,0,1,7299.55420654153,2299.55420654153,0
3,A358,0,1,-1,18404.9411443379,13404.9411443379,0
3,A358,0,1,0,12923.8287724954,7923.82877249539,0
3,A358,0,1,1,13975.2939774095,8975.29397740949,0
3,A358,1,-1,-1,20255.4791242163,15255.4791242163,0
3,A358,1,-1,0,15445.6442457348,10445.6442457348,0
3,A358,1,-1,1,16335.5874635729,11335.5874635729,0
3,A358,1,0,-1,18769.9170134645,13769.9170134645,0
3,A358,1,0,0,13438.499778866,8438.49977886597,0
3,A358,1,0,1,14452.5695957784,9452.56959577842,0
3,A358,1,1,-1,22233.6487071538,17233.6487071538,0
3,A358,1,1,0,17961.5875258108,12961.5875258108,0
3,A358,1,1,1,18732.38153737,13732.38153737,0
3,A359,-1,-1,-1,16231.3035307868,11231.3035307868,0
3,A359,-1,-1,0,13385.8925473992,8385.89254739919,0
3,A359,-1,-1,1,17172.9154272797,12172.9154272797,0
3,A359,-1,0,-1,13013.8313091062,8013.83130910619,0
3,A359,-1,0,0,9224.24578617991,4224.24578617991,0
3,A359,-1,0,1,14170.8720728769,9170.87207287692,0
3,A359,-1,1,-1,16591.09388724,11591.09388724,0
3,A359,-1,1,0,13819.9602516505,8819.96025165045,0
3,A359,-1,1,1,17513.3722149443,12513.3722149443,0
3,A359,0,-1,-1,13406.5924850542,8406.59248505416,0
3,A359,0,-1,0,9770.54896320038,4770.54896320038,0
3,A359,0,-1,1,14532.3959491985,9532.39594919851,0
3,A359,0,0,-1,9254.25918664759,4254.25918664759,0
3,A359,0,0,0,1169.70854302966,-3830.29145697034,0
3,A359,0,0,1,10821.0499979263,5821.04999792635,0
3,A359,0,1,-1,13840.0109872425,8840.01098724246,0
3,A359,0,1,0,10357.2587642183,5357.25876421832,0
3,A359,0,1,1,14933.1749501224,9933.17495012237,0
3,A359,1,-1,-1,17205.1803190809,12205.1803190809,0
3,A359,1,-1,0,14551.465039441,9551.46503944103,0
3,A359,1,-1,1,18096.188542786,13096.188542786,0
3,A359,1,0,-1,14209.9549909713,9209.9549909713,0
3,A359,1,0,0,10846.6458330405,5846.64583304052,0
3,A359,1,0,1,15276.6694933615,10276.6694933615,0
3,A359,1,1,-1,17545.0110253249,12545.0110253249,0
3,A359,1,1,0,14951.732904943,9951.73290494302,0
3,A359,1,1,1,18419.5879932951,13419.5879932951,0
3,A360,-1,-1,-1,16530.184824524,11530.184824524,0
3,A360,-1,-1,0,13605.7986837085,8605.79868370848,0
3,A360,-1,-1,1,17233.3544416137,12233.3544416137,0
3,A360,-1,0,-1,13652.0982644263,8652.09826442631,0
3,A360,-1,0,0,9912.14076323744,4912.14076323744,0
3,A360,-1,0,1,14495.5607686945,9495.56076869449,0
3,A360,-1,1,-1,17306.4312817571,12306.4312817571,0
3,A360,-1,1,0,14539.0271751195,9539.0271751195,0
3,A360,-1,1,1,17979.2674680462,12979.2674680462,0
3,A360,0,-1,-1,13258.8152825115,8258.81528251152,0
3,A360,0,-1,0,9363.06200900338,4363.06200900338,0
3,A360,0,-1,1,14125.7806040277,9125.78060402766,0
3,A360,0,0,-1,9430.21523531625,4430.21523531625,0
3,A360,0,0,0,894.26331305287,-4105.73668694713,0
3,A360,0,0,1,10614.6339721044,5614.63397210445,0
3,A360,0,1,-1,14214.8421051034,9214.84210510341,0
3,A360,0,1,0,10673.916036849,5673.91603684899,0
3,A360,0,1,1,15026.7505153437,10026.7505153437,0
3,A360,1,-1,-1,16683.6852960789,11683.6852960789,0
3,A360,1,-1,0,13791.8853876938,8791.88538769379,0
3,A360,1,-1,1,17380.6458463419,12380.6458463419,0
3,A360,1,0,-1,13837.5623484496,8837.56234844959,0
3,A360,1,0,0,10166.0650812353,5166.06508123528,0
3,A360,1,0,1,14670.3655961463,9670.36559614629,0
3,A360,1,1,-1,17453.1059824852,12453.1059824852,0
3,A360,1,1,0,14713.3155992978,9713.31559929784,0
3,A360,1,1,1,18120.4967761158,13120.4967761158,0
3,A361,-1,-1,-1,16854.6663763615,11854.6663763615,0
3,A361,-1,-1,0,13603.0773381868,8603.07733818685,0
3,A361,-1,-1,1,16911.7606262309,11911.7606262309,0
3,A361,-1,0,-1,13421.8128020092,8421.81280200916,0
3,A361,-1,0,0,9006.05314787889,4006.05314787889,0
3,A361,-1,0,1,13493.4401733828,8493.44017338283,0
3,A361,-1,1,-1,16619.5769839639,11619.5769839639,0
3,A361,-1,1,0,13310.6826848267,8310.68268482672,0
3,A361,-1,1,1,16677.4760664313,11677.4760664313,0
3,A361,0,-1,-1,14283.0065973609,9283.00659736089,0
3,A361,0,-1,0,10245.3995466501,5245.39954665005,0
3,A361,0,-1,1,14350.3361034068,9350.33610340676,0
3,A361,0,0,-1,10003.4772801252,5003.47728012521,0
3,A361,0,0,0,1016.60813700444,-3983.39186299556,0
3,A361,0,0,1,10099.3775310395,5099.37753103952,0
3,A361,0,1,-1,14004.8148123318,9004.81481233179,0
3,A361,0,1,0,9853.87093166692,4853.87093166692,0
3,A361,0,1,1,14073.4752903536,9073.47529035357,0
3,A361,1,-1,-1,17998.0214540949,12998.0214540949,0
3,A361,1,-1,0,14996.4232626417,9996.42326264171,0
3,A361,1,-1,1,18051.499801472,13051.499801472,0
3,A361,1,0,-1,14832.1966173519,9832.19661735192,0
3,A361,1,0,0,10998.0903299631,5998.09032996311,0
3,A361,1,0,1,14897.0441805168,9897.04418051683,0
3,A361,1,1,-1,17778.0577322021,12778.0577322021,0
3,A361,1,1,0,14731.709715432,9731.70971543204,0
3,A361,1,1,1,17832.1957579541,12832.1957579541,0
3,A362,-1,-1,-1,18346.9085047226,13346.9085047226,0
3,A362,-1,-1,0,15824.8244964947,10824.8244964947,0
3,A362,-1,-1,1,19085.1012313022,14085.1012313022,0
3,A362,-1,0,-1,13111.9818624757,8111.98186247568,0
3,A362,-1,0,0,9259.5943229758,4259.5943229758,0
3,A362,-1,0,1,14126.4328721118,9126.43287211177,0
3,A362,-1,1,-1,14395.8009517747,9395.80095177474,0
3,A362,-1,1,0,11002.5044288704,6002.5044288704,0
3,A362,-1,1,1,15325.5056155256,10325.5056155256,0
3,A362,0,-1,-1,16236.7533419048,11236.7533419048,0
3,A362,0,-1,0,13320.9675981159,8320.96759811586,0
3,A362,0,-1,1,17066.4640864547,12066.4640864547,0
3,A362,0,0,-1,9947.21949929152,4947.21949929152,0
3,A362,0,0,0,3572.56132645471,-1427.43867354529,0
3,A362,0,0,1,11250.7427797223,6250.74277972234,0
3,A362,0,1,-1,11587.1563572911,6587.15635729115,0
3,A362,0,1,0,6933.84533376013,1933.84533376013,0
3,A362,0,1,1,12723.7663361405,7723.76633614047,0
3,A362,1,-1,-1,19765.0010496092,14765.0010496092,0
3,A362,1,-1,0,17449.105568918,12449.105568918,0
3,A362,1,-1,1,20452.0733379147,15452.0733379147,0
3,A362,1,0,-1,15032.3079788927,10032.3079788927,0
3,A362,1,0,0,11823.1257219263,6823.12572192625,0
3,A362,1,0,1,15924.8962477207,10924.8962477207,0
3,A362,1,1,-1,16164.3218185455,11164.3218185455,0
3,A362,1,1,0,13232.5854812165,8232.58548121648,0
3,A362,1,1,1,16997.5685667655,11997.5685667655,0
3,A363,-1,-1,-1,15233.170124112,10233.170124112,0
3,A363,-1,-1,0,11494.2503861405,6494.25038614046,0
3,A363,-1,-1,1,15237.6544076981,10237.6544076981,0
3,A363,-1,0,-1,11406.4718513567,6406.47185135673,0
3,A363,-1,0,0,5493.26132683896,493.261326838956,0
3,A363,-1,0,1,11412.459853778,6412.45985377804,0
3,A363,-1,1,-1,15105.1556814701,10105.1556814701,0
3,A363,-1,1,0,11324.0473361161,6324.04733611613,0
3,A363,-1,1,1,15109.6779575129,10109.6779575129,0
3,A363,0,-1,-1,14906.4224215173,9906.42242151731,0
3,A363,0,-1,0,11057.5652527066,6057.56525270663,0
3,A363,0,-1,1,14911.0049703907,9911.0049703907,0
3,A363,0,0,-1,10966.2918743926,5966.29187439257,0
3,A363,0,0,0,4508.64473911168,-491.355260888316,0
3,A363,0,0,1,10972.5200976198,5972.5200976198,0
3,A363,0,1,-1,14775.5773335604,9775.57733356037,0
3,A363,0,1,0,10880.5333255854,5880.53332558537,0
3,A363,0,1,1,14780.2004505462,9780.20045054616,0
3,A363,1,-1,-1,20306.4863230272,15306.4863230272,0
3,A363,1,-1,0,17675.4549219091,12675.4549219091,0
3,A363,1,-1,1,20309.8504821082,15309.8504821082,0
3,A363,1,0,-1,17618.4992224918,12618.4992224918,0
3,A363,1,0,0,14507.9231719118,9507.92317191177,0
3,A363,1,0,1,17622.3765330118,12622.3765330118,0
3,A363,1,1,-1,20210.6319277404,15210.6319277404,0
3,A363,1,1,0,17565.2487266121,12565.2487266121,0
3,A363,1,1,1,20214.0120395952,15214.0120395952,0
3,A364,-1,-1,-1,15113.8975120294,10113.8975120294,0
3,A364,-1,-1,0,9636.01680569861,4636.01680569861,0
3,A364,-1,-1,1,12540.9625529815,7540.96255298151,0
3,A364,-1,0,-1,13903.7167660467,8903.71676604673,0
3,A364,-1,0,0,7598.4381149041,2598.4381149041,0
3,A364,-1,0,1,11052.5645739623,6052.56457396227,0
3,A364,-1,1,-1,18926.0873351248,13926.0873351248,0
3,A364,-1,1,0,14920.4458275331,9920.44582753306,0
3,A364,-1,1,1,16942.3323532484,11942.3323532484,0
3,A364,0,-1,-1,13989.0541573796,8989.05415737964,0
3,A364,0,-1,0,7753.48683455894,2753.48683455894,0
3,A364,0,-1,1,11159.7258017058,6159.72580170575,0
3,A364,0,0,-1,12671.9011251044,7671.90112510438,0
3,A364,0,0,0,5000,3.63797880709171e-12,1
3,A364,0,0,1,9456.36938129948,4456.36938129948,0
3,A364,0,1,-1,18040.5243834746,13040.5243834746,0
3,A364,0,1,0,13779.8200970231,8779.82009702309,0
3,A364,0,1,1,15946.9860406881,10946.9860406881,0
3,A364,1,-1,-1,19051.4402193659,14051.4402193659,0
3,A364,1,-1,0,15079.1344681202,10079.1344681202,0
3,A364,1,-1,1,17082.2486278367,12082.2486278367,0
3,A364,1,0,-1,18106.3750192686,13106.3750192686,0
3,A364,1,0,0,13865.9200276784,8865.92002767839,0
3,A364,1,0,1,16021.4437579624,11021.4437579624,0
3,A364,1,1,-1,22197.3930506426,17197.3930506426,0
3,A364,1,1,0,18898.3380253475,13898.3380253475,0
3,A364,1,1,1,20532.1723642646,15532.1723642646,0
3,A365,-1,-1,-1,17416.614242555,12416.614242555,0
3,A365,-1,-1,0,13750.291044497,8750.29104449695,0
3,A365,-1,-1,1,16577.1697205155,11577.1697205155,0
3,A365,-1,0,-1,14138.3371531683,9138.3371531683,0
3,A365,-1,0,0,9253.35774684318,4253.35774684318,0
3,A365,-1,0,1,13090.327792896,8090.32779289602,0
3,A365,-1,1,-1,17217.6276890676,12217.6276890676,0
3,A365,-1,1,0,13497.3610522114,8497.36105221136,0
3,A365,-1,1,1,16367.9811677603,11367.9811677603,0
3,A365,0,-1,-1,14793.7249082363,9793.72490823625,0
3,A365,0,-1,0,10226.7467356424,5226.74673564243,0
3,A365,0,-1,1,13795.5935330589,8795.5935330589,0
3,A365,0,0,-1,10742.8312117086,5742.83121170855,0
3,A365,0,0,0,1067.93004343111,-3932.06995656889,0
3,A365,0,0,1,9320.54326271094,4320.54326271094,0
3,A365,0,1,-1,14558.9336225545,9558.93362255454,0
3,A365,0,1,0,9884.05788936671,4884.05788936671,0
3,A365,0,1,1,13543.509607733,8543.50960773299,0
3,A365,1,-1,-1,18285.7907033623,13285.7907033623,0
3,A365,1,-1,0,14835.8415258985,9835.84152589847,0
3,A365,1,-1,1,17488.1172776253,12488.1172776253,0
3,A365,1,0,-1,15196.192530692,10196.192530692,0
3,A365,1,0,0,10800.7555089569,5800.7555089569,0
3,A365,1,0,1,14226.3267113709,9226.32671137094,0
3,A365,1,1,-1,18096.364088196,13096.364088196,0
3,A365,1,1,0,14601.7274781771,9601.72747817711,0
3,A365,1,1,1,17289.9536575827,12289.9536575827,0
3,A366,-1,-1,-1,16874.7525131575,11874.7525131575,0
3,A366,-1,-1,0,13827.9949360852,8827.99493608518,0
3,A366,-1,-1,1,17253.1045184477,12253.1045184477,0
3,A366,-1,0,-1,13614.3371442016,8614.33714420162,0
3,A366,-1,0,0,9581.56289172438,4581.56289172438,0
3,A366,-1,0,1,14080.5723967512,9080.57239675119,0
3,A366,-1,1,-1,16909.8515478895,11909.8515478895,0
3,A366,-1,1,0,13870.8057063655,8870.80570636551,0
3,A366,-1,1,1,17287.4353944078,12287.4353944078,0
3,A366,0,-1,-1,13900.9251239832,8900.92512398325,0
3,A366,0,-1,0,9984.58265901337,4984.58265901337,0
3,A366,0,-1,1,14357.857167654,9357.85716765396,0
3,A366,0,0,-1,9686.51757848305,4686.51757848305,0
3,A366,0,0,0,533.66128803095,-4466.33871196905,0
3,A366,0,0,1,10331.5519619477,5331.55196194767,0
3,A366,0,1,-1,13943.5119784771,8943.51197847707,0
3,A366,0,1,0,10043.7890193898,5043.78901938981,0
3,A366,0,1,1,14399.0926602372,9399.09266023721,0
3,A366,1,-1,-1,17369.9213073883,12369.9213073883,0
3,A366,1,-1,0,14428.1092939076,9428.10929390763,0
3,A366,1,-1,1,17737.714322004,12737.714322004,0
3,A366,1,0,-1,14223.4689763269,9223.46897632692,0
3,A366,1,0,0,10428.9616593703,5428.96165937031,0
3,A366,1,0,1,14670.3583073045,9670.35830730449,0
3,A366,1,1,-1,17404.0217540719,12404.0217540719,0
3,A366,1,1,0,14469.1445769364,9469.14457693641,0
3,A366,1,1,1,17771.1090357459,12771.1090357459,0
3,A367,-1,-1,-1,15673.0635788855,10673.0635788855,0
3,A367,-1,-1,0,11891.6982825702,6891.6982825702,0
3,A367,-1,-1,1,15400.6510946642,10400.6510946642,0
3,A367,-1,0,-1,11625.77161993,6625.77161993002,0
3,A367,-1,0,0,5561.12685115776,561.126851157757,0
3,A367,-1,0,1,11255.8295096614,6255.82950966144,0
3,A367,-1,1,-1,14989.0696699213,9989.06966992132,0
3,A367,-1,1,0,10974.505713956,5974.50571395598,0
3,A367,-1,1,1,14703.9906746961,9703.9906746961,0
3,A367,0,-1,-1,15329.6689149071,10329.6689149071,0
3,A367,0,-1,0,11435.3100148866,6435.31001488661,0
3,A367,0,-1,1,15051.042529754,10051.042529754,0
3,A367,0,0,-1,11158.5121253532,6158.51212535316,0
3,A367,0,0,0,4503.32754166859,-496.672458331413,0
3,A367,0,0,1,10772.53568309,5772.53568309004,0
3,A367,0,1,-1,14629.6287260695,9629.62872606951,0
3,A367,0,1,0,10478.2442593469,5478.24425934687,0
3,A367,0,1,1,14337.40453689,9337.40453688997,0
3,A367,1,-1,-1,20599.8198082787,15599.8198082787,0
3,A367,1,-1,0,17891.9015822648,12891.9015822648,0
3,A367,1,-1,1,20393.3250924254,15393.3250924254,0
3,A367,1,0,-1,17716.2699218695,12716.2699218695,0
3,A367,1,0,0,14478.7356506165,9478.73565061653,0
3,A367,1,0,1,17475.7360971242,12475.7360971242,0
3,A367,1,1,-1,20084.3188521673,15084.3188521673,0
3,A367,1,1,0,17295.8789846431,12295.8789846431,0
3,A367,1,1,1,19872.4682902582,14872.4682902582,0
3,A368,-1,-1,-1,13797.0028827733,8797.00288277327,0
3,A368,-1,-1,0,12035.7051130599,7035.7051130599,0
3,A368,-1,-1,1,17301.997185002,12301.997185002,0
3,A368,-1,0,-1,12274.0547059383,7274.05470593832,0
3,A368,-1,0,0,10254.4296743236,5254.42967432362,0
3,A368,-1,0,1,16113.7902731459,11113.7902731459,0
3,A368,-1,1,-1,17633.7049227177,12633.7049227177,0
3,A368,-1,1,0,16292.5890613727,11292.5890613727,0
3,A368,-1,1,1,20492.6661843705,15492.6661843705,0
3,A368,0,-1,-1,10102.5261367714,5102.52613677137,0
3,A368,0,-1,0,7520.7674718363,2520.7674718363,0
3,A368,0,-1,1,14528.0023536174,9528.00235361742,0
3,A368,0,0,-1,7896.59196877116,2896.59196877116,0
3,A368,0,0,0,4105.73668694713,-894.263313052873,0
3,A368,0,0,1,13090.3774874457,8090.37748744573,0
3,A368,0,1,-1,14921.504451575,9921.50445157504,0
3,A368,0,1,0,13309.8536475671,8309.85364756714,0
3,A368,0,1,1,18211.3457256991,13211.3457256991,0
3,A368,1,-1,-1,14620.6969786342,9620.6969786342,0
3,A368,1,-1,0,12971.7265297387,7971.72652973865,0
3,A368,1,-1,1,17965.7061699118,12965.7061699118,0
3,A368,1,0,-1,13193.1766651613,8193.17666516127,0
3,A368,1,0,0,11338.4663662877,6338.46636628774,0
3,A368,1,0,1,16824.4384322545,11824.4384322545,0
3,A368,1,1,-1,18285.377789241,13285.377789241,0
3,A368,1,1,0,16995.7627047612,11995.7627047612,0
3,A368,1,1,1,21056.0409131877,16056.0409131877,0
3,A369,-1,-1,-1,17711.9651997774,12711.9651997774,0
3,A369,-1,-1,0,14208.4841024783,9208.48410247827,0
3,A369,-1,-1,1,17030.8053169142,12030.8053169142,0
3,A369,-1,0,-1,14280.7994007841,9280.79940078411,0
3,A369,-1,0,0,9597.31945793665,4597.31945793665,0
3,A369,-1,0,1,13426.6842530069,8426.68425300687,0
3,A369,-1,1,-1,17151.3483963433,12151.3483963433,0
3,A369,-1,1,0,13503.1870706512,8503.18707065116,0
3,A369,-1,1,1,16446.9866637404,11446.9866637404,0
3,A369,0,-1,-1,14912.4711048207,9912.47110482074,0
3,A369,0,-1,0,10514.2333864323,5514.23338643227,0
3,A369,0,-1,1,14096.6809198698,9096.68091986977,0
3,A369,0,0,-1,10611.7536128307,5611.75361283068,0
3,A369,0,0,0,881.262725683091,-4118.73727431691,0
3,A369,0,0,1,9431.00913179135,4431.00913179135,0
3,A369,0,1,-1,14242.0797296861,9242.07972968613,0
3,A369,0,1,0,9539.6092309376,4539.6092309376,0
3,A369,0,1,1,13385.4941459493,8385.49414594931,0
3,A369,1,-1,-1,18194.7761092601,13194.7761092601,0
3,A369,1,-1,0,14805.9848344633,9805.98483446326,0
3,A369,1,-1,1,17532.3842123828,12532.3842123828,0
3,A369,1,0,-1,14875.3957242627,9875.39572426273,0
3,A369,1,0,0,10461.5824427124,5461.58244271236,0
3,A369,1,0,1,14057.4541243399,9057.4541243399,0
3,A369,1,1,-1,17649.5019261373,12649.5019261373,0
3,A369,1,1,0,14130.5423637233,9130.5423637233,0
3,A369,1,1,1,16965.8343957859,11965.8343957859,0
3,A370,-1,-1,-1,18424.1884874192,13424.1884874192,0
3,A370,-1,-1,0,12613.5170786357,7613.51707863566,0
3,A370,-1,-1,1,13369.7757934124,8369.77579341243,0
3,A370,-1,0,-1,15690.8747868815,10690.8747868815,0
3,A370,-1,0,0,8115.02577017952,3115.02577017952,0
3,A370,-1,0,1,9246.8229637947,4246.8229637947,0
3,A370,-1,1,-1,18787.1334092042,13787.1334092042,0
3,A370,-1,1,0,13137.9782846647,8137.97828466472,0
3,A370,-1,1,1,13865.6613647314,8865.6613647314,0
3,A370,0,-1,-1,17279.9617525408,12279.9617525408,0
3,A370,0,-1,0,10874.1514539,5874.15145390002,0
3,A370,0,-1,1,11742.9664699955,6742.96646999553,0
3,A370,0,0,-1,14330.0351823335,9330.03518233352,0
3,A370,0,0,0,5000,9.09494701772928e-13,1
3,A370,0,0,1,6682.07240854837,1682.07240854837,0
3,A370,0,1,-1,17666.4297039487,12666.4297039487,0
3,A370,0,1,0,11478.3635661903,6478.36356619026,0
3,A370,0,1,1,12304.5894620961,7304.58946209614,0
3,A370,1,-1,-1,21394.9394698512,16394.9394698512,0
3,A370,1,-1,0,16655.1351418017,11655.1351418017,0
3,A370,1,-1,1,17234.9533873684,12234.9533873684,0
3,A370,1,0,-1,19091.7852773448,14091.7852773448,0
3,A370,1,0,0,13570.0536752558,8570.05367525576,0
3,A370,1,0,1,14275.7293481771,9275.72934817713,0
3,A370,1,1,-1,21708.2725069012,16708.2725069012,0
3,A370,1,1,0,17055.7669691799,12055.7669691799,0
3,A370,1,1,1,17622.4084216673,12622.4084216673,0
3,A371,-1,-1,-1,16203.3220372168,11203.3220372168,0
3,A371,-1,-1,0,13247.2753648647,8247.27536486466,0
3,A371,-1,-1,1,16983.3142861853,11983.3142861853,0
3,A371,-1,0,-1,12902.6609516384,7902.66095163844,0
3,A371,-1,0,0,8911.86395675618,3911.86395675618,0
3,A371,-1,0,1,13869.5341931344,8869.53419313441,0
3,A371,-1,1,-1,16444.1379896945,11444.1379896945,0
3,A371,-1,1,0,13540.7656273532,8540.7656273532,0
3,A371,-1,1,1,17213.2214685603,12213.2214685603,0
3,A371,0,-1,-1,13595.0127019377,8595.01270193771,0
3,A371,0,-1,0,9887.721169038,4887.721169038,0
3,A371,0,-1,1,14515.8427060725,9515.84270607245,0
3,A371,0,0,-1,9421.00764021703,4421.00764021703,0
3,A371,0,0,0,1303.09036824859,-3696.90963175141,0
3,A371,0,0,1,10707.0399298133,5707.03992981332,0
3,A371,0,1,-1,13881.152673615,8881.15267361496,0
3,A371,0,1,0,10277.5998705438,5277.59987054382,0
3,A371,0,1,1,14784.1712195779,9784.17121957795,0
3,A371,1,-1,-1,17524.3001483637,12524.3001483637,0
3,A371,1,-1,0,14833.8718897237,9833.87188972368,0
3,A371,1,-1,1,18247.915354679,13247.915354679,0
3,A371,1,0,-1,14526.9442857443,9526.94428574433,0
3,A371,1,0,0,11134.3958000385,6134.39580003848,0
3,A371,1,0,1,15392.1223157403,10392.1223157403,0
3,A371,1,1,-1,17747.2004798588,12747.2004798588,0
3,A371,1,1,0,15096.5487586764,10096.5487586764,0
3,A371,1,1,1,18462.0812470829,13462.0812470829,0
3,A372,-1,-1,-1,20026.0983394338,15026.0983394338,0
3,A372,-1,-1,0,14291.4395339276,9291.43953392757,0
3,A372,-1,-1,1,14402.9813998055,9402.98139980547,0
3,A372,-1,0,-1,17234.4358812251,12234.4358812251,0
3,A372,-1,0,0,10011.3140693565,5011.31406935646,0
3,A372,-1,0,1,10169.9084876182,5169.90848761821,0
3,A372,-1,1,-1,19824.4027800952,14824.4027800952,0
3,A372,-1,1,0,14007.4114253377,9007.4114253377,0
3,A372,-1,1,1,14121.1969779447,9121.19697794473,0
3,A372,0,-1,-1,18050.4350447677,13050.4350447677,0
3,A372,0,-1,0,11358.6458064601,6358.64580646009,0
3,A372,0,-1,1,11498.6722628244,6498.67226282442,0
3,A372,0,0,-1,14892.9302270831,9892.93022708311,0
3,A372,0,0,0,5000,-2.72848410531878e-12,1
3,A372,0,0,1,5310.42646604152,310.426466041516,0
3,A372,0,1,-1,17826.3999784632,12826.3999784632,0
3,A372,0,1,0,10999.1438504725,5999.14385047248,0
3,A372,0,1,1,11143.6885587592,6143.68855875921,0
3,A372,1,-1,-1,21227.1476159677,16227.1476159677,0
3,A372,1,-1,0,15930.8639176072,10930.8639176072,0
3,A372,1,-1,1,16031.0029134971,11031.0029134971,0
3,A372,1,0,-1,18616.4701636339,13616.4701636339,0
3,A372,1,0,0,12238.2020985399,7238.20209853986,0
3,A372,1,0,1,12368.2747323925,7368.27473239253,0
3,A372,1,1,-1,21036.9704757329,16036.9704757329,0
3,A372,1,1,0,15676.5671002325,10676.5671002325,0
3,A372,1,1,1,15778.3201038427,10778.3201038427,0
3,A373,-1,-1,-1,17483.9884370952,12483.9884370952,0
3,A373,-1,-1,0,11497.9445066914,6497.94450669141,0
3,A373,-1,-1,1,12598.2381343358,7598.23813433579,0
3,A373,-1,0,-1,15490.7918287648,10490.7918287648,0
3,A373,-1,0,0,8153.3740066676,3153.3740066676,0
3,A373,-1,0,1,9643.15217670447,4643.15217670447,0
3,A373,-1,1,-1,19345.2684472398,14345.2684472398,0
3,A373,-1,1,0,14168.7080394174,9168.70803941737,0
3,A373,-1,1,1,15075.3163720277,10075.3163720277,0
3,A373,0,-1,-1,16254.6099299822,11254.6099299822,0
3,A373,0,-1,0,9524.97874991605,4524.97874991605,0
3,A373,0,-1,1,10827.6542425786,5827.65424257857,0
3,A373,0,0,-1,14088.5458365838,9088.5458365838,0
3,A373,0,0,0,5000,4.54747350886464e-12,1
3,A373,0,0,1,7177.24711922875,2177.24711922875,0
3,A373,0,1,-1,18241.7626232547,13241.7626232547,0
3,A373,0,1,0,12620.4112378974,7620.41123789743,0
3,A373,0,1,1,13630.3945659737,8630.39456597369,0
3,A373,1,-1,-1,20560.5164400915,15560.5164400915,0
3,A373,1,-1,0,15787.5809576309,10787.5809576309,0
3,A373,1,-1,1,16606.0407293318,11606.0407293318,0
3,A373,1,0,-1,18894.6980948868,13894.6980948868,0
3,A373,1,0,0,13547.0473649204,8547.04736492042,0
3,A373,1,0,1,14492.5970246148,9492.59702461483,0
3,A373,1,1,-1,22164.9361810624,17164.9361810624,0
3,A373,1,1,0,17826.8693864359,12826.8693864359,0
3,A373,1,1,1,18555.5961459481,13555.5961459481,0
3,A374,-1,-1,-1,14879.5972955733,9879.59729557333,0
3,A374,-1,-1,0,11542.3181541338,6542.31815413383,0
3,A374,-1,-1,1,15654.002717007,10654.002717007,0
3,A374,-1,0,-1,11023.8985819568,6023.89858195678,0
3,A374,-1,0,0,5774.86213152166,774.862131521661,0
3,A374,-1,0,1,12048.7229751081,7048.72297510807,0
3,A374,-1,1,-1,14887.9234351908,9887.92343519083,0
3,A374,-1,1,0,11553.0496798429,6553.04967984292,0
3,A374,-1,1,1,15661.9171750374,10661.9171750374,0
3,A374,0,-1,-1,14370.5232675134,9370.5232675134,0
3,A374,0,-1,0,10878.1722580109,5878.17225801091,0
3,A374,0,-1,1,15170.9368322386,10170.9368322386,0
3,A374,0,0,-1,10326.464218162,5326.46421816198,0
3,A374,0,0,0,4296.34215837076,-703.657841629244,0
3,A374,0,0,1,11414.0811559498,6414.08115594979,0
3,A374,0,1,-1,14379.1441857927,9379.14418579267,0
3,A374,0,1,0,10889.5583109982,5889.55831099818,0
3,A374,0,1,1,15179.1031652547,10179.1031652547,0
3,A374,1,-1,-1,19789.428043424,14789.428043424,0
3,A374,1,-1,0,17419.6485320075,12419.6485320075,0
3,A374,1,-1,1,20378.0972534602,15378.0972534602,0
3,A374,1,0,-1,17080.5558033891,12080.5558033891,0
3,A374,1,0,0,14267.7285944717,9267.72859447168,0
3,A374,1,0,1,17759.2446894095,12759.2446894095,0
3,A374,1,1,-1,19795.6891978917,14795.6891978917,0
3,A374,1,1,0,17426.7611308683,12426.7611308683,0
3,A374,1,1,1,20384.1775945255,15384.1775945255,0
3,A375,-1,-1,-1,17179.6397594858,12179.6397594858,0
3,A375,-1,-1,0,13937.5874724526,8937.58747245255,0
3,A375,-1,-1,1,17128.1250240307,12128.1250240307,0
3,A375,-1,0,-1,13637.3986527342,8637.39865273419,0
3,A375,-1,0,0,9224.69318189809,4224.69318189809,0
3,A375,-1,0,1,13572.445858677,8572.44585867698,0
3,A375,-1,1,-1,16637.8262330596,11637.8262330596,0
3,A375,-1,1,0,13263.9957798564,8263.99577985638,0
3,A375,-1,1,1,16584.6286161195,11584.6286161195,0
3,A375,0,-1,-1,14521.5660480015,9521.56604800153,0
3,A375,0,-1,0,10487.7167569034,5487.71675690337,0
3,A375,0,-1,1,14460.5852253494,9460.58522534937,0
3,A375,0,0,-1,10085.3606893537,5085.36068935374,0
3,A375,0,0,0,911.494663134396,-4088.5053368656,0
3,A375,0,0,1,9997.35689107292,4997.35689107292,0
3,A375,0,1,-1,13876.3511047484,8876.35110474841,0
3,A375,0,1,0,9574.41602756081,4574.41602756081,0
3,A375,0,1,1,13812.5220200865,8812.52202008649,0
3,A375,1,-1,-1,18072.4026821902,13072.4026821902,0
3,A375,1,-1,0,15024.2490991662,10024.2490991662,0
3,A375,1,-1,1,18023.4398292989,13023.4398292989,0
3,A375,1,0,-1,14746.1981017185,9746.19810171852,0
3,A375,1,0,0,10796.6050562984,5796.60505629839,0
3,A375,1,0,1,14686.1500410505,9686.15004105054,0
3,A375,1,1,-1,17558.1598751981,12558.1598751981,0
3,A375,1,1,0,14401.5728477684,9401.57284776835,0
3,A375,1,1,1,17507.7589307181,12507.7589307181,0
3,A376,-1,-1,-1,17763.8937131855,12763.8937131855,0
3,A376,-1,-1,0,14582.7466113116,9582.74661131156,0
3,A376,-1,-1,1,17599.9169772499,12599.9169772499,0
3,A376,-1,0,-1,13858.8177896936,8858.81778969356,0
3,A376,-1,0,0,9442.84964427029,4442.84964427029,0
3,A376,-1,0,1,13648.0030876559,8648.00308765588,0
3,A376,-1,1,-1,16388.3416245361,11388.3416245361,0
3,A376,-1,1,0,12871.6090710863,7871.60907108635,0
3,A376,-1,1,1,16210.4564696754,11210.4564696754,0
3,A376,0,-1,-1,15105.8856106351,10105.8856106351,0
3,A376,0,-1,0,11193.2282634619,6193.22826346191,0
3,A376,0,-1,1,14912.710613243,9912.71061324303,0
3,A376,0,0,-1,10232.2378176121,5232.23781761207,0
3,A376,0,0,0,1341.3685670014,-3658.6314329986,0
3,A376,0,0,1,9944.84029579702,4944.84029579702,0
3,A376,0,1,-1,13461.4115690275,8461.4115690275,0
3,A376,0,1,0,8849.30394478098,3849.30394478098,0
3,A376,0,1,1,13244.2726936395,8244.2726936395,0
3,A376,1,-1,-1,18461.3011543021,13461.3011543021,0
3,A376,1,-1,0,15424.6626927854,10424.6626927854,0
3,A376,1,-1,1,18303.5733686779,13303.5733686779,0
3,A376,1,0,-1,14742.1352247364,9742.13522473643,0
3,A376,1,0,0,10697.2487051944,5697.2487051944,0
3,A376,1,0,1,14544.1297002314,9544.12970023137,0
3,A376,1,1,-1,17141.8045041644,12141.8045041644,0
3,A376,1,1,0,13818.1779021461,8818.17790214615,0
3,A376,1,1,1,16971.8183884853,11971.8183884853,0
3,A377,-1,-1,-1,15253.2279473092,10253.2279473092,0
3,A377,-1,-1,0,9734.97873288659,4734.97873288659,0
3,A377,-1,-1,1,12525.1211190525,7525.12111905248,0
3,A377,-1,0,-1,13830.5237429763,8830.52374297626,0
3,A377,-1,0,0,7306.99905037699,2306.99905037699,0
3,A377,-1,0,1,10747.1430268416,5747.14302684162,0
3,A377,-1,1,-1,18705.7694628552,13705.7694628552,0
3,A377,-1,1,0,14560.7231727915,9560.72317279146,0
3,A377,-1,1,1,16556.6756153476,11556.6756153476,0
3,A377,0,-1,-1,14292.2611118872,9292.26111188722,0
3,A377,0,-1,0,8147.2434484029,3147.2434484029,0
3,A377,0,-1,1,11335.1852179276,6335.18521792759,0
3,A377,0,0,-1,12762.8818016473,7762.8818016473,0
3,A377,0,0,0,5000,0,1
3,A377,0,0,1,9333.21210072825,4333.21210072825,0
3,A377,0,1,-1,17930.7996496329,12930.7996496329,0
3,A377,0,1,0,13550.7351901089,8550.73519010891,0
3,A377,0,1,1,15675.8180746536,10675.8180746536,0
3,A377,1,-1,-1,19387.5344633647,14387.5344633647,0
3,A377,1,-1,0,15426.7735021077,10426.7735021077,0
3,A377,1,-1,1,17323.2268588307,12323.2268588307,0
3,A377,1,0,-1,18289.3115441946,13289.3115441946,0
3,A377,1,0,0,14021.689087902,9021.68908790199,0
3,A377,1,0,1,16084.670123909,11084.670123909,0
3,A377,1,1,-1,22206.3356039007,17206.3356039007,0
3,A377,1,1,0,18847.5512751722,13847.5512751722,0
3,A377,1,1,1,20428.8775312651,15428.8775312651,0
3,A378,-1,-1,-1,16858.0385914464,11858.0385914464,0
3,A378,-1,-1,0,11144.6707132714,6144.67071327144,0
3,A378,-1,-1,1,12814.5973586299,7814.5973586299,0
3,A378,-1,0,-1,15285.628079118,10285.628079118,0
3,A378,-1,0,0,8582.57804681522,3582.57804681522,0
3,A378,-1,0,1,10661.6540033068,5661.65400330684,0
3,A378,-1,1,-1,19573.1291927363,14573.1291927363,0
3,A378,-1,1,0,14937.1217626455,9937.12176264554,0
3,A378,-1,1,1,16221.2153277322,11221.2153277322,0
3,A378,0,-1,-1,15203.9197495444,10203.9197495444,0
3,A378,0,-1,0,8436.19558255615,3436.19558255615,0
3,A378,0,-1,1,10544.1745084048,5544.17450840482,0
3,A378,0,0,-1,13439.3502957922,8439.35029579221,0
3,A378,0,0,0,4541.62487768027,-458.375122319732,0
3,A378,0,0,1,7786.9491256922,2786.9491256922,0
3,A378,0,1,-1,18167.9139417665,13167.9139417665,0
3,A378,0,1,0,13041.5994859522,8041.5994859522,0
3,A378,0,1,1,14494.603730649,9494.60373064897,0
3,A378,1,-1,-1,19445.4335603626,14445.4335603626,0
3,A378,1,-1,0,14769.3976352128,9769.3976352128,0
3,A378,1,-1,1,16066.9015887813,11066.9015887813,0
3,A378,1,0,-1,18099.2222753603,13099.2222753603,0
3,A378,1,0,0,12945.7354804373,7945.73548043733,0
3,A378,1,0,1,14408.4102969761,9408.41029697614,0
3,A378,1,1,-1,21841.2180886352,16841.2180886352,0
3,A378,1,1,0,17805.8705979763,12805.8705979763,0
3,A378,1,1,1,18896.0114285643,13896.0114285643,0
3,A379,-1,-1,-1,15238.5409664754,10238.5409664754,0
3,A379,-1,-1,0,14178.0027871205,9178.00278712053,0
3,A379,-1,-1,1,19230.662892273,14230.662892273,0
3,A379,-1,0,-1,9711.46149357065,4711.46149357065,0
3,A379,-1,0,0,7944.50228684931,2944.50228684931,0
3,A379,-1,0,1,15228.845945455,10228.845945455,0
3,A379,-1,1,-1,12506.4718404217,7506.47184042174,0
3,A379,-1,1,0,11189.9271731281,6189.92717312809,0
3,A379,-1,1,1,17146.9269078911,12146.9269078911,0
3,A379,0,-1,-1,13931.9063376551,8931.90633765513,0
3,A379,0,-1,0,12763.253756227,7763.25375622704,0
3,A379,0,-1,1,18212.7229894514,13212.7229894514,0
3,A379,0,0,-1,7496.49036251976,2496.49036251976,0
3,A379,0,0,0,5000,-9.09494701772928e-13,1
3,A379,0,0,1,13921.3013847359,8921.30138473585,0
3,A379,0,1,-1,10876.4296214111,5876.42962141106,0
3,A379,0,1,0,9332.70344295566,4332.70344295566,0
3,A379,0,1,1,15996.9367629807,10996.9367629807,0
3,A379,1,-1,-1,18867.5090463856,13867.5090463856,0
3,A379,1,-1,0,18021.8070642233,13021.8070642233,0
3,A379,1,-1,1,22216.8441076751,17216.8441076751,0
3,A379,1,0,-1,14767.608173621,9767.608173621,0
3,A379,1,0,0,13670.584603968,8670.58460396797,0
3,A379,1,0,1,18859.6796276844,13859.6796276844,0
3,A379,1,1,-1,16738.6261301146,11738.6261301146,0
3,A379,1,1,0,15779.2343593852,10779.2343593852,0
3,A379,1,1,1,20439.8353519066,15439.8353519066,0
3,A380,-1,-1,-1,18109.8161098978,13109.8161098978,0
3,A380,-1,-1,0,15558.3097409092,10558.3097409092,0
3,A380,-1,-1,1,18872.1107577777,13872.1107577777,0
3,A380,-1,0,-1,12245.4862138442,7245.4862138442,0
3,A380,-1,0,0,8002.96789155152,3002.96789155152,0
3,A380,-1,0,1,13347.0242950615,8347.02429506146,0
3,A380,-1,1,-1,13112.5293400084,8112.52934000842,0
3,A380,-1,1,0,9275.45083283492,4275.45083283492,0
3,A380,-1,1,1,14146.7151880602,9146.71518806023,0
3,A380,0,-1,-1,16997.5864304645,11997.5864304645,0
3,A380,0,-1,0,14248.2808408898,9248.28084088978,0
3,A380,0,-1,1,17807.5565247067,12807.5565247067,0
3,A380,0,0,-1,10531.1175826806,5531.11758268057,0
3,A380,0,0,0,5000.00000000001,7.27595761418343e-12,1
3,A380,0,0,1,11793.8781772476,6793.87817724756,0
3,A380,0,1,-1,11527.832867429,6527.83286742904,0
3,A380,0,1,0,6854.66943616783,1854.66943616783,0
3,A380,0,1,1,12691.8105697686,7691.81056976859,0
3,A380,1,-1,-1,21210.1496785833,16210.1496785833,0
3,A380,1,-1,0,19077.893275927,14077.893275927,0
3,A380,1,-1,1,21864.6192353633,16864.6192353633,0
3,A380,1,0,-1,16488.0848635322,11488.0848635322,0
3,A380,1,0,0,13636.4403319486,8636.44033194864,0
3,A380,1,0,1,17321.8956060401,12321.8956060401,0
3,A380,1,1,-1,17141.8620793125,12141.8620793125,0
3,A380,1,1,0,14420.090083142,9420.09008314195,0
3,A380,1,1,1,17945.3214088153,12945.3214088153,0
3,A381,-1,-1,-1,15756.3453555939,10756.3453555939,0
3,A381,-1,-1,0,12474.6256428039,7474.62564280386,0
3,A381,-1,-1,1,16216.3544266723,11216.3544266723,0
3,A381,-1,0,-1,11366.4962842693,6366.49628426927,0
3,A381,-1,0,0,6045.75088336107,1045.75088336107,0
3,A381,-1,0,1,11996.0397509768,6996.03975097679,0
3,A381,-1,1,-1,14495.9324155388,9495.9324155388,0
3,A381,-1,1,0,10839.0923309668,5839.09233096678,0
3,A381,-1,1,1,14994.6586664244,9994.65866642442,0
3,A381,0,-1,-1,15135.606304718,10135.606304718,0
3,A381,0,-1,0,11680.7724134483,6680.77241344826,0
3,A381,0,-1,1,15613.9139916335,10613.9139916335,0
3,A381,0,0,-1,10489.1084953385,5489.10849533845,0
3,A381,0,0,0,4168.36454623819,-831.635453761808,0
3,A381,0,0,1,11168.2195964124,6168.21959641239,0
3,A381,0,1,-1,13818.6908150716,8818.69081507155,0
3,A381,0,1,0,9915.14406379943,4915.14406379943,0
3,A381,0,1,1,14340.9883818812,9340.98838188119,0
3,A381,1,-1,-1,20246.2524299707,15246.2524299707,0
3,A381,1,-1,0,17811.9230691537,12811.9230691537,0
3,A381,1,-1,1,20606.2725737772,15606.2725737772,0
3,A381,1,0,-1,17054.1946826479,12054.1946826479,0
3,A381,1,0,0,14078.3316567344,9078.3316567344,0
3,A381,1,0,1,17480.0826142317,12480.0826142317,0
3,A381,1,1,-1,19281.6071708044,14281.6071708044,0
3,A381,1,1,0,16707.3110060408,11707.3110060408,0
3,A381,1,1,1,19659.3007763737,14659.3007763737,0
3,A382,-1,-1,-1,14862.267571516,9862.267571516,0
3,A382,-1,-1,0,10132.0794744946,5132.07947449457,0
3,A382,-1,-1,1,13580.5401802584,8580.54018025838,0
3,A382,-1,0,-1,14646.785872831,9646.785872831,0
3,A382,-1,0,0,9813.27537138848,4813.27537138848,0
3,A382,-1,0,1,13344.3774910948,8344.37749109481,0
3,A382,-1,1,-1,20203.2095331853,15203.2095331853,0
3,A382,-1,1,0,17027.6749015221,12027.6749015221,0
3,A382,-1,1,1,19279.8793995726,14279.8793995726,0
3,A382,0,-1,-1,12221.569627676,7221.56962767604,0
3,A382,0,-1,0,5580.21516379712,580.215163797122,0
3,A382,0,-1,1,10625.9511755141,5625.95117551409,0
3,A382,0,0,-1,11958.5995501714,6958.59955017137,0
3,A382,0,0,0,4977.96547913873,-22.0345208612689,0
3,A382,0,0,1,10322.4114150539,5322.41141505389,0
3,A382,0,1,-1,18348.0092173125,13348.0092173125,0
3,A382,0,1,0,14779.089259786,9779.08925978602,0
3,A382,0,1,1,17326.0935140862,12326.0935140862,0
3,A382,1,-1,-1,16668.729134548,11668.729134548,0
3,A382,1,-1,0,12634.0242231471,7634.02422314713,0
3,A382,1,-1,1,15536.7501486381,10536.7501486381,0
3,A382,1,0,-1,16476.888966008,11476.888966008,0
3,A382,1,0,0,12379.8185410083,7379.81854100835,0
3,A382,1,0,1,15330.7515868738,10330.7515868738,0
3,A382,1,1,-1,21566.854407525,16566.854407525,0
3,A382,1,1,0,18625.2851292408,13625.2851292408,0
3,A382,1,1,1,20704.4266584626,15704.4266584626,0
3,A383,-1,-1,-1,18122.0635263755,13122.0635263755,0
3,A383,-1,-1,0,15167.7391206666,10167.7391206666,0
3,A383,-1,-1,1,18212.9468678522,13212.9468678522,0
3,A383,-1,0,-1,14080.6638809662,9080.66388096618,0
3,A383,-1,0,0,9995.81006759106,4995.81006759106,0
3,A383,-1,0,1,14197.4414063226,9197.44140632262,0
3,A383,-1,1,-1,16374.4008807498,11374.4008807498,0
3,A383,-1,1,0,13029.6633794627,8029.66337946267,0
3,A383,-1,1,1,16474.9279622316,11474.9279622316,0
3,A383,0,-1,-1,15191.6281747623,10191.6281747623,0
3,A383,0,-1,0,11508.1141017475,6508.11410174751,0
3,A383,0,-1,1,15299.9285539982,10299.9285539982,0
3,A383,0,0,-1,10032.0225017185,5032.02250171851,0
3,A383,0,0,0,1514.13310299847,-3485.86689700153,0
3,A383,0,0,1,10195.2794288438,5195.27942884377,0
3,A383,0,1,-1,13057.4646983916,8057.46469839158,0
3,A383,0,1,0,8494.02778005532,3494.02778005532,0
3,A383,0,1,1,13183.3088224072,8183.30882240725,0
3,A383,1,-1,-1,18252.7243650495,13252.7243650495,0
3,A383,1,-1,0,15323.6115300891,10323.6115300891,0
3,A383,1,-1,1,18342.9603364258,13342.9603364258,0
3,A383,1,0,-1,14248.4334444607,9248.43344446075,0
3,A383,1,0,0,10230.7858544609,5230.78585446088,0
3,A383,1,0,1,14363.8470744591,9363.84707445906,0
3,A383,1,1,-1,16518.8911400246,11518.8911400246,0
3,A383,1,1,0,13210.7868075521,8210.7868075521,0
3,A383,1,1,1,16618.5442098038,11618.5442098038,0
3,A384,-1,-1,-1,12383.3360322095,7383.33603220948,0
3,A384,-1,-1,0,10351.7419027753,5351.74190277527,0
3,A384,-1,-1,1,16154.5693089209,11154.5693089209,0
3,A384,-1,0,-1,11010.9182617872,6010.91826178722,0
3,A384,-1,0,0,8663.24824201726,3663.24824201726,0
3,A384,-1,0,1,15128.2325219396,10128.2325219396,0
3,A384,-1,1,-1,17003.9298589738,12003.9298589738,0
3,A384,-1,1,0,15586.6988096889,10586.6988096889,0
3,A384,-1,1,1,19918.7531969,14918.7531969,0
3,A384,0,-1,-1,10163.421726161,5163.42172616104,0
3,A384,0,-1,0,7556.89687099527,2556.89687099527,0
3,A384,0,-1,1,14523.0244595922,9523.02445959222,0
3,A384,0,0,-1,8437.32486425314,3437.32486425314,0
3,A384,0,0,0,5000,9.09494701772928e-13,1
3,A384,0,0,1,13372.0435661516,8372.04356615158,0
3,A384,0,1,-1,15462.2689326659,10462.2689326659,0
3,A384,0,1,0,13888.6035900353,8888.60359003532,0
3,A384,0,1,1,18620.0123205168,13620.0123205168,0
3,A384,1,-1,-1,15913.6190441077,10913.6190441077,0
3,A384,1,-1,0,14389.3995780242,9389.3995780242,0
3,A384,1,-1,1,18996.4830784832,13996.4830784832,0
3,A384,1,0,-1,14870.6617459388,9870.66174593885,0
3,A384,1,0,0,13226.7959044201,8226.79590442012,0
3,A384,1,0,1,18131.7312750945,13131.7312750945,0
3,A384,1,1,-1,19723.8406615768,14723.8406615768,0
3,A384,1,1,0,18515.9779536034,13515.9779536034,0
3,A384,1,1,1,22285.7126588625,17285.7126588625,0
3,A385,-1,-1,-1,15576.0873175352,10576.0873175352,0
3,A385,-1,-1,0,14976.195664858,9976.19566485799,0
3,A385,-1,-1,1,20148.4087972411,15148.4087972411,0
3,A385,-1,0,-1,10107.9325374451,5107.93253744506,0
3,A385,-1,0,0,9156.54086706168,4156.54086706168,0
3,A385,-1,0,1,16294.6058902571,11294.6058902571,0
3,A385,-1,1,-1,12717.1578679986,7717.15786799865,0
3,A385,-1,1,0,11974.892262907,6974.892262907,0
3,A385,-1,1,1,18029.6973124027,13029.6973124027,0
3,A385,0,-1,-1,13556.2625923708,8556.26259237075,0
3,A385,0,-1,0,12862.5112611006,7862.51126110064,0
3,A385,0,-1,1,18631.0530140025,13631.0530140025,0
3,A385,0,0,-1,6582.40529984063,1582.40529984063,0
3,A385,0,0,0,5000,0,1
3,A385,0,0,1,14376.0891924275,9376.08919242747,0
3,A385,0,1,-1,10143.1683210637,5143.16832106366,0
3,A385,0,1,0,9195.42299505897,4195.42299505897,0
3,A385,0,1,1,16316.4868929157,11316.4868929157,0
3,A385,1,-1,-1,18025.8152332465,13025.8152332465,0
3,A385,1,-1,0,17510.052977983,12510.052977983,0
3,A385,1,-1,1,22096.9205040069,17096.9205040069,0
3,A385,1,0,-1,13582.5556829781,8582.55568297805,0
3,A385,1,0,0,12890.2195229495,7890.21952294954,0
3,A385,1,0,1,18650.1930236247,13650.1930236247,0
3,A385,1,1,-1,15621.8316128186,10621.8316128186,0
3,A385,1,1,0,15023.7666185244,10023.7666185244,0
3,A385,1,1,1,20183.7930993289,15183.7930993289,0
3,A386,-1,-1,-1,16867.7154602958,11867.7154602958,0
3,A386,-1,-1,0,12573.8410016053,7573.84100160534,0
3,A386,-1,-1,1,15221.1408973769,10221.1408973769,0
3,A386,-1,0,-1,12854.8552650476,7854.85526504763,0
3,A386,-1,0,0,6231.28851598699,1231.28851598699,0
3,A386,-1,0,1,10602.3869601906,5602.38696019061,0
3,A386,-1,1,-1,15683.5832296431,10683.5832296431,0
3,A386,-1,1,0,10934.1865543483,5934.1865543483,0
3,A386,-1,1,1,13897.413007083,8897.413007083,0
3,A386,0,-1,-1,16256.1016171071,11256.1016171071,0
3,A386,0,-1,0,11740.6342447869,6740.63424478685,0
3,A386,0,-1,1,14540.431395045,9540.431395045,0
3,A386,0,0,-1,12041.1095344878,7041.1095344878,0
3,A386,0,0,0,4309.28897913351,-690.711020866488,0
3,A386,0,0,1,9599.5637499748,4599.5637499748,0
3,A386,0,1,-1,15023.8409821641,10023.8409821641,0
3,A386,0,1,0,9964.81061242517,4964.81061242517,0
3,A386,0,1,1,13148.3498289957,8148.34982899565,0
3,A386,1,-1,-1,21071.3515162631,16071.3515162631,0
3,A386,1,-1,0,17820.8728014672,12820.8728014672,0
3,A386,1,-1,1,19777.8957447505,14777.8957447505,0
3,A386,1,0,-1,18020.2478828051,13020.2478828051,0
3,A386,1,0,0,14082.293365851,9082.29336585102,0
3,A386,1,0,1,16489.1673266433,11489.1673266433,0
3,A386,1,1,-1,20135.9582040081,15135.9582040081,0
3,A386,1,1,0,16704.444482763,11704.444482763,0
3,A386,1,1,1,18778.1819716888,13778.1819716888,0
3,A387,-1,-1,-1,19216.0284716655,14216.0284716655,0
3,A387,-1,-1,0,13298.6181091731,8298.6181091731,0
3,A387,-1,-1,1,13581.2641901774,8581.26419017737,0
3,A387,-1,0,-1,16763.837530119,11763.837530119,0
3,A387,-1,0,0,9414.01838355929,4414.01838355929,0
3,A387,-1,0,1,9809.24235177007,4809.24235177007,0
3,A387,-1,1,-1,19819.100566085,14819.100566085,0
3,A387,-1,1,0,14156.0672730232,9156.06727302317,0
3,A387,-1,1,1,14421.918527995,9421.91852799498,0
3,A387,0,-1,-1,17482.3341718967,12482.3341718967,0
3,A387,0,-1,0,10640.9351791858,5640.93517918583,0
3,A387,0,-1,1,10992.1333178506,5992.13331785063,0
3,A387,0,0,-1,14744.5754977969,9744.5754977969,0
3,A387,0,0,0,5000,-9.09494701772928e-13,1
3,A387,0,0,1,5709.42145841129,709.421458411294,0
3,A387,0,1,-1,18143.1255610107,13143.1255610107,0
3,A387,0,1,0,11694.8919837836,6694.89198378358,0
3,A387,0,1,1,12015.3232125537,7015.32321255374,0
3,A387,1,-1,-1,21023.9926268032,16023.9926268032,0
3,A387,1,-1,0,15798.916398337,10798.916398337,0
3,A387,1,-1,1,16037.5575681402,11037.5575681402,0
3,A387,1,0,-1,18809.0075358654,13809.0075358654,0
3,A387,1,0,0,12703.3955253707,7703.39552537068,0
3,A387,1,0,1,12998.9903940181,7998.99039401811,0
3,A387,1,1,-1,21576.5906249483,16576.5906249483,0
3,A387,1,1,0,16527.1520954571,11527.1520954571,0
3,A387,1,1,1,16755.4244880916,11755.4244880916,0
3,A388,-1,-1,-1,15563.3309837376,10563.3309837376,0
3,A388,-1,-1,0,12376.7131864126,7376.71318641261,0
3,A388,-1,-1,1,16252.6547766226,11252.6547766226,0
3,A388,-1,0,-1,11241.8698123227,6241.86981232272,0
3,A388,-1,0,0,6111.08786277582,1111.08786277582,0
3,A388,-1,0,1,12178.3066497736,7178.30664977356,0
3,A388,-1,1,-1,14510.0655561944,9510.0655561944,0
3,A388,-1,1,0,11023.055857357,6023.05585735699,0
3,A388,-1,1,1,15247.0822921556,10247.0822921556,0
3,A388,0,-1,-1,14883.6526002069,9883.65260020687,0
3,A388,0,-1,0,11510.3810846122,6510.38108461217,0
3,A388,0,-1,1,15603.0327405396,10603.0327405396,0
3,A388,0,0,-1,10280.3443663863,5280.34436638632,0
3,A388,0,0,0,4080.59288349671,-919.407116503294,0
3,A388,0,0,1,11296.7692846316,6296.76928463165,0
3,A388,0,1,-1,13778.5284359157,8778.52843591569,0
3,A388,0,1,0,10040.5977834335,5040.59778343352,0
3,A388,0,1,1,14552.6410605788,9552.64106057877,0
3,A388,1,-1,-1,20020.7132275032,15020.7132275032,0
3,A388,1,-1,0,17657.7098211313,12657.7098211313,0
3,A388,1,-1,1,20561.1399031432,15561.1399031432,0
3,A388,1,0,-1,16881.6860445208,11881.6860445208,0
3,A388,1,0,0,13998.4671194785,8998.46711947854,0
3,A388,1,0,1,17519.2134436588,12519.2134436588,0
3,A388,1,1,-1,19213.3726678482,14213.3726678482,0
3,A388,1,1,0,16736.7693197632,11736.7693197632,0
3,A388,1,1,1,19775.8743233345,14775.8743233345,0
3,A389,-1,-1,-1,17157.5478817769,12157.5478817769,0
3,A389,-1,-1,0,14235.3889903645,9235.38899036448,0
3,A389,-1,-1,1,17632.6728007558,12632.6728007558,0
3,A389,-1,0,-1,11696.4756330856,6696.47563308565,0
3,A389,-1,0,0,6713.59759196886,1713.59759196886,0
3,A389,-1,0,1,12382.9416141082,7382.94161410825,0
3,A389,-1,1,-1,13387.8166687203,8387.81666872034,0
3,A389,-1,1,0,9354.06251565543,4354.06251565543,0
3,A389,-1,1,1,13991.5451590707,8991.54515907066,0
3,A389,0,-1,-1,16533.6392154538,11533.6392154538,0
3,A389,0,-1,0,13476.8718958932,8476.87189589316,0
3,A389,0,-1,1,17026.1835562124,12026.1835562124,0
3,A389,0,0,-1,10760.4515995701,5760.45159957011,0
3,A389,0,0,0,4904.30107336559,-95.6989266344144,0
3,A389,0,0,1,11502.9135183109,6502.91351831085,0
3,A389,0,1,-1,12578.2912808772,7578.29128087718,0
3,A389,0,1,0,8153.42026011874,3153.42026011874,0
3,A389,0,1,1,13219.0435482163,8219.04354821628,0
3,A389,1,-1,-1,21268.3098082127,16268.3098082127,0
3,A389,1,-1,0,18989.6248643737,13989.6248643737,0
3,A389,1,-1,1,21653.4224288255,16653.4224288255,0
3,A389,1,0,-1,17168.7825723904,12168.7825723904,0
3,A389,1,0,0,14248.9278687745,9248.92786877454,0
3,A389,1,0,1,17643.6049548006,12643.6049548006,0
3,A389,1,1,-1,18362.820805582,13362.820805582,0
3,A389,1,1,0,15667.1005080532,10667.1005080532,0
3,A389,1,1,1,18807.5221313432,13807.5221313432,0
3,A390,-1,-1,-1,15159.8424308579,10159.8424308579,0
3,A390,-1,-1,0,9860.62499698639,4860.62499698639,0
3,A390,-1,-1,1,12831.329944084,7831.32994408399,0
3,A390,-1,0,-1,14479.6669427579,9479.66694275788,0
3,A390,-1,0,0,8779.05789797225,3779.05789797225,0
3,A390,-1,0,1,12020.1065044659,7020.10650446586,0
3,A390,-1,1,-1,19735.7717613969,14735.7717613969,0
3,A390,-1,1,0,16028.4681058642,11028.4681058642,0
3,A390,-1,1,1,18008.9670060073,13008.9670060073,0
3,A390,0,-1,-1,13299.4523754598,8299.45237545978,0
3,A390,0,-1,0,6654.8130168981,1654.8130168981,0
3,A390,0,-1,1,10568.7103798254,5568.71037982544,0
3,A390,0,0,-1,12518.6007897001,7518.60078970006,0
3,A390,0,0,0,4911.87016671171,-88.129833288287,0
3,A390,0,0,1,9567.52691856083,4567.52691856083,0
3,A390,0,1,-1,18345.4435208483,13345.4435208483,0
3,A390,0,1,0,14281.6806006642,9281.68060066422,0
3,A390,0,1,1,16473.5394976958,11473.5394976958,0
3,A390,1,-1,-1,17998.0566852593,12998.0566852593,0
3,A390,1,-1,0,13832.611729119,8832.61172911898,0
3,A390,1,-1,1,16085.777881449,11085.777881449,0
3,A390,1,0,-1,17428.9981551024,12428.9981551024,0
3,A390,1,0,0,13083.6187461006,8083.61874610064,0
3,A390,1,0,1,15446.4294351824,10446.4294351824,0
3,A390,1,1,-1,21991.1325068837,16991.1325068837,0
3,A390,1,1,0,18735.5547486076,13735.5547486076,0
3,A390,1,1,1,20455.6132770647,15455.6132770647,0
3,A391,-1,-1,-1,16826.1909243991,11826.1909243991,0
3,A391,-1,-1,0,11822.6299479717,6822.62994797166,0
3,A391,-1,-1,1,14015.2936733064,9015.29367330636,0
3,A391,-1,0,-1,13998.0053626869,8998.00536268687,0
3,A391,-1,0,0,7252.4500685048,2252.4500685048,0
3,A391,-1,0,1,10452.3638407061,5452.36384070608,0
3,A391,-1,1,-1,17571.7844069204,12571.7844069204,0
3,A391,-1,1,0,12861.6284002312,7861.62840023121,0
3,A391,-1,1,1,14902.1932267696,9902.19322676964,0
3,A391,0,-1,-1,15661.900874749,10661.900874749,0
3,A391,0,-1,0,10096.9805819764,5096.9805819764,0
3,A391,0,-1,1,12593.7641209907,7593.76412099072,0
3,A391,0,0,-1,12574.5215463628,7574.52154636281,0
3,A391,0,0,0,3843.49710319746,-1156.50289680254,0
3,A391,0,0,1,8451.41099726146,3451.41099726146,0
3,A391,0,1,-1,16460.3172882366,11460.3172882366,0
3,A391,0,1,0,11295.8365379358,6295.83653793583,0
3,A391,0,1,1,13573.8646285467,8573.86462854669,0
3,A391,1,-1,-1,20185.875680698,15185.875680698,0
3,A391,1,-1,0,16251.875425899,11251.875425899,0
3,A391,1,-1,1,17910.2577513917,12910.2577513917,0
3,A391,1,0,-1,17896.7323862786,12896.7323862786,0
3,A391,1,0,0,13302.1392252682,8302.13922526822,0
3,A391,1,0,1,15284.0042472764,10284.0042472764,0
3,A391,1,1,-1,20811.4507715237,15811.4507715237,0
3,A391,1,1,0,17022.6425997228,12022.6425997228,0
3,A391,1,1,1,18612.4753576799,13612.4753576799,0
3,A392,-1,-1,-1,19294.4911115602,14294.4911115602,0
3,A392,-1,-1,0,16615.6142320458,11615.6142320458,0
3,A392,-1,-1,1,19490.5075706675,14490.5075706675,0
3,A392,-1,0,-1,14243.5624067531,9243.5624067531,0
3,A392,-1,0,0,10328.6165138007,5328.61651380067,0
3,A392,-1,0,1,14507.9829109095,9507.98291090948,0
3,A392,-1,1,-1,15280.0769898605,10280.0769898605,0
3,A392,-1,1,0,11716.7402407901,6716.74024079008,0
3,A392,-1,1,1,15526.8557964655,10526.8557964655,0
3,A392,0,-1,-1,16665.7833955843,11665.7833955843,0
3,A392,0,-1,0,13474.0337405922,8474.03374059221,0
3,A392,0,-1,1,16892.3306354305,11892.3306354305,0
3,A392,0,0,-1,10409.1315185046,5409.13151850458,0
3,A392,0,0,0,3485.86689700152,-1514.13310299848,0
3,A392,0,0,1,10768.1250493155,5768.12504931553,0
3,A392,0,1,-1,11787.7776425635,6787.77764256347,0
3,A392,0,1,0,6538.5740650852,1538.5740650852,0
3,A392,0,1,1,12105.9572053882,7105.9572053882,0
3,A392,1,-1,-1,19575.9874622709,14575.9874622709,0
3,A392,1,-1,0,16941.6803823314,11941.6803823314,0
3,A392,1,-1,1,19769.2130149674,14769.2130149674,0
3,A392,1,0,-1,14622.6183668993,9622.6183668993,0
3,A392,1,0,0,10845.3776770598,5845.37767705976,0
3,A392,1,0,1,14880.3046343868,9880.30463438675,0
3,A392,1,1,-1,15634.0222171063,10634.0222171063,0
3,A392,1,1,0,12174.7238054528,7174.72380545284,0
3,A392,1,1,1,15875.299959155,10875.299959155,0
3,A393,-1,-1,-1,14718.6832744132,9718.68327441316,0
3,A393,-1,-1,0,12278.2733140364,7278.27331403641,0
3,A393,-1,-1,1,16878.1620390334,11878.1620390334,0
3,A393,-1,0,-1,10362.9177279848,5362.91772798476,0
3,A393,-1,0,0,6442.54779405398,1442.54779405398,0
3,A393,-1,0,1,13252.2745338436,8252.27453384357,0
3,A393,-1,1,-1,14076.2385011576,9076.23850115761,0
3,A393,-1,1,0,11500.2977606304,6500.29776063042,0
3,A393,-1,1,1,16320.9438092547,11320.9438092547,0
3,A393,0,-1,-1,13882.7971811389,8882.79718113891,0
3,A393,0,-1,0,11262.7002008545,6262.70020085448,0
3,A393,0,-1,1,16154.4041690189,11154.4041690189,0
3,A393,0,0,-1,9136.87496232327,4136.87496232327,0
3,A393,0,0,0,4195.09741469954,-804.902585300457,0
3,A393,0,0,1,12317.2724480912,7317.27244809125,0
3,A393,0,1,-1,13199.7314586934,8199.73145869343,0
3,A393,0,1,0,10409.0954853585,5409.09548535846,0
3,A393,0,1,1,15571.3078148561,10571.3078148561,0
3,A393,1,-1,-1,19204.8035088305,14204.8035088305,0
3,A393,1,-1,0,17405.1956626312,12405.1956626312,0
3,A393,1,-1,1,20905.9129027212,15905.9129027212,0
3,A393,1,0,-1,16111.3284466949,11111.3284466949,0
3,A393,1,0,0,13917.3008359727,8917.30083597275,0
3,A393,1,0,1,18105.458315123,13105.458315123,0
3,A393,1,1,-1,18716.9797462563,13716.9797462563,0
3,A393,1,1,0,16865.399167036,11865.399167036,0
3,A393,1,1,1,20458.6912412585,15458.6912412585,0
3,A394,-1,-1,-1,14338.5169476338,9338.51694763377,0
3,A394,-1,-1,0,9633.57275193884,4633.57275193884,0
3,A394,-1,-1,1,13417.0928176046,8417.09281760456,0
3,A394,-1,0,-1,13968.8835767565,8968.88357675649,0
3,A394,-1,0,0,9074.26934195226,4074.26934195226,0
3,A394,-1,0,1,13021.3294175215,8021.32941752155,0
3,A394,-1,1,-1,19612.9128001012,14612.9128001012,0
3,A394,-1,1,0,16488.7538708567,11488.7538708567,0
3,A394,-1,1,1,18949.7139799789,13949.7139799789,0
3,A394,0,-1,-1,12175.8245785362,7175.82457853621,0
3,A394,0,-1,0,5955.11207926466,955.112079264655,0
3,A394,0,-1,1,11075.9205299569,6075.92052995692,0
3,A394,0,0,-1,11738.2854067654,6738.28540676544,0
3,A394,0,0,0,5000,1.81898940354586e-12,1
3,A394,0,0,1,10593.0475175616,5593.04751756157,0
3,A394,0,1,-1,18092.0972917481,13092.0972917481,0
3,A394,0,1,0,14647.069335652,9647.06933565197,0
3,A394,0,1,1,17370.9324975003,12370.9324975003,0
3,A394,1,-1,-1,17056.0352977177,12056.0352977177,0
3,A394,1,-1,0,13346.1978026069,8346.1978026069,0
3,A394,1,-1,1,16289.0653966281,11289.0653966281,0
3,A394,1,0,-1,16746.4915788468,11746.4915788468,0
3,A394,1,0,0,12948.2676798754,7948.26767987538,0
3,A394,1,0,1,15964.6575791347,10964.6575791347,0
3,A394,1,1,-1,21679.059488912,16679.059488912,0
3,A394,1,1,0,18899.5840174619,13899.5840174619,0
3,A394,1,1,1,21080.9613571682,16080.9613571682,0
3,A395,-1,-1,-1,17987.6075692782,12987.6075692782,0
3,A395,-1,-1,0,13077.4649498202,8077.4649498202,0
3,A395,-1,-1,1,14781.2771085991,9781.27710859912,0
3,A395,-1,0,-1,14521.2421498363,9521.24214983628,0
3,A395,-1,0,0,7637.57402724204,2637.57402724204,0
3,A395,-1,0,1,10285.8446648305,5285.84466483053,0
3,A395,-1,1,-1,17267.8580339893,12267.8580339893,0
3,A395,-1,1,0,12068.3463875308,7068.34638753083,0
3,A395,-1,1,1,13896.4401188523,8896.44011885234,0
3,A395,0,-1,-1,16753.5865768529,11753.5865768529,0
3,A395,0,-1,0,11320.2794415829,6320.27944158294,0
3,A395,0,-1,1,13251.9730637723,8251.97306377227,0
3,A395,0,0,-1,12961.2927864442,7961.29278644423,0
3,A395,0,0,0,3932.06995656888,-1067.93004343112,0
3,A395,0,0,1,7932.66900801817,2932.66900801817,0
3,A395,0,1,-1,15978.3465416093,10978.3465416093,0
3,A395,0,1,0,10137.7325695235,5137.73256952352,0
3,A395,0,1,1,12257.2299113053,7257.22991130534,0
3,A395,1,-1,-1,20923.9408408133,15923.9408408133,0
3,A395,1,-1,0,16890.1558239489,11890.1558239489,0
3,A395,1,-1,1,18241.2561849423,13241.2561849423,0
3,A395,1,0,-1,18031.1881976114,13031.1881976114,0
3,A395,1,0,0,13137.3441480803,8137.34414808035,0
3,A395,1,0,1,14834.2803907881,9834.28039078813,0
3,A395,1,1,-1,20308.5251883416,15308.5251883416,0
3,A395,1,1,0,16121.4843849109,11121.4843849109,0
3,A395,1,1,1,17531.9229470229,12531.9229470229,0
3,A396,-1,-1,-1,14648.7046651593,9648.7046651593,0
3,A396,-1,-1,0,14388.3049527941,9388.30495279409,0
3,A396,-1,-1,1,19986.5477374693,14986.5477374693,0
3,A396,-1,0,-1,10635.431248214,5635.43124821395,0
3,A396,-1,0,0,10273.809852388,5273.809852388,0
3,A396,-1,0,1,17262.3851170852,12262.3851170852,0
3,A396,-1,1,-1,14547.8605748031,9547.86057480314,0
3,A396,-1,1,0,14285.6227848649,9285.62278486488,0
3,A396,-1,1,1,19912.7544402825,14912.7544402825,0
3,A396,0,-1,-1,11449.0823171211,6449.08231712108,0
3,A396,0,-1,0,11113.9667514238,6113.96675142379,0
3,A396,0,-1,1,17775.2363697165,12775.2363697165,0
3,A396,0,0,-1,5441.44607366832,441.446073668316,0
3,A396,0,0,0,4695.54112112537,-304.458878874628,0
3,A396,0,0,1,14645.3705131594,9645.37051315938,0
3,A396,0,1,-1,11319.7696461132,6319.76964611322,0
3,A396,0,1,0,10980.7083509492,5980.70835094918,0
3,A396,0,1,1,17692.2222158819,12692.2222158819,0
3,A396,1,-1,-1,15734.624985724,10734.624985724,0
3,A396,1,-1,0,15492.4883246336,10492.4883246336,0
3,A396,1,-1,1,20795.5756240708,15795.5756240708,0
3,A396,1,0,-1,12087.4427779326,7087.4427779326,0
3,A396,1,0,0,11770.5158747327,6770.51587473267,0
3,A396,1,0,1,18192.9605893289,13192.9605893289,0
3,A396,1,1,-1,15640.7839438508,10640.7839438508,0
3,A396,1,1,0,15397.1716047383,10397.1716047383,0
3,A396,1,1,1,20724.6631932415,15724.6631932415,0
3,A397,-1,-1,-1,15176.5198339565,10176.5198339565,0
3,A397,-1,-1,0,14934.1887255352,9934.18872553524,0
3,A397,-1,-1,1,20389.537304935,15389.537304935,0
3,A397,-1,0,-1,10237.9138424139,5237.91384241394,0
3,A397,-1,0,0,9875.12625054086,4875.12625054086,0
3,A397,-1,0,1,17035.884393936,12035.884393936,0
3,A397,-1,1,-1,13390.4072163213,8390.40721632125,0
3,A397,-1,1,0,13115.1150981735,8115.1150981735,0
3,A397,-1,1,1,19097.3684746818,14097.3684746818,0
3,A397,0,-1,-1,12562.190724804,7562.19072480404,0
3,A397,0,-1,0,12268.328102304,7268.32810230403,0
3,A397,0,-1,1,18526.0657735314,13526.0657735314,0
3,A397,0,0,-1,5683.023964455,683.023964454997,0
3,A397,0,0,0,5000,0,1
3,A397,0,0,1,14754.7700293644,9754.77002936441,0
3,A397,0,1,-1,10333.6773200438,5333.67732004377,0
3,A397,0,1,0,9974.37344268888,4974.37344268888,0
3,A397,0,1,1,17093.6059447282,12093.6059447282,0
3,A397,1,-1,-1,16890.5452055945,11890.5452055945,0
3,A397,1,-1,0,16673.144753215,11673.144753215,0
3,A397,1,-1,1,21695.5524147483,16695.5524147483,0
3,A397,1,0,-1,12640.3577052411,7640.35770524112,0
3,A397,1,0,0,12348.3554182684,7348.35541826841,0
3,A397,1,0,1,18579.1582197717,13579.1582197717,0
3,A397,1,1,-1,15305.7756579229,10305.7756579229,0
3,A397,1,1,0,15065.5237914284,10065.5237914284,0
3,A397,1,1,1,20485.9279928815,15485.9279928815,0
3,A398,-1,-1,-1,15352.7543291654,10352.7543291654,0
3,A398,-1,-1,0,10791.7884901958,5791.78849019578,0
3,A398,-1,-1,1,14043.4444543544,9043.44445435445,0
3,A398,-1,0,-1,12723.1747102082,7723.17471020819,0
3,A398,-1,0,0,6529.53352329994,1529.53352329994,0
3,A398,-1,0,1,11108.1250153802,6108.12501538015,0
3,A398,-1,1,-1,16972.0736482392,11972.0736482392,0
3,A398,-1,1,0,12992.5716179159,7992.57161791588,0
3,A398,-1,1,1,15797.5488786106,10797.5488786106,0
3,A398,0,-1,-1,14464.4910058092,9464.49100580918,0
3,A398,0,-1,0,9485.62772738584,4485.62772738584,0
3,A398,0,-1,1,13066.4749151394,8066.47491513942,0
3,A398,0,0,-1,11635.8759563649,6635.87595636487,0
3,A398,0,0,0,4018.61202373739,-981.387976262607,0
3,A398,0,0,1,9844.0274239126,4844.0274239126,0
3,A398,0,1,-1,16172.9934918272,11172.9934918272,0
3,A398,0,1,0,11929.8512904438,6929.85129044375,0
3,A398,0,1,1,14935.7619536975,9935.76195369754,0
3,A398,1,-1,-1,19563.6380722647,14563.6380722647,0
3,A398,1,-1,0,16232.4233541385,11232.4233541385,0
3,A398,1,-1,1,18553.8998939144,13553.8998939144,0
3,A398,1,0,-1,17575.7800349612,12575.7800349612,0
3,A398,1,0,0,13771.8436370283,8771.84363702826,0
3,A398,1,0,1,16444.4309870598,11444.4309870598,0
3,A398,1,1,-1,20858.575048457,15858.575048457,0
3,A398,1,1,0,17771.7693654158,12771.7693654158,0
3,A398,1,1,1,19914.6031771398,14914.6031771398,0
3,A399,-1,-1,-1,17250.1161940451,12250.1161940451,0
3,A399,-1,-1,0,13601.9952891,8601.99528910003,0
3,A399,-1,-1,1,16506.424294236,11506.424294236,0
3,A399,-1,0,-1,14158.005171634,9158.00517163398,0
3,A399,-1,0,0,9375.33346482452,4375.33346482452,0
3,A399,-1,0,1,13241.7764938585,8241.77649385846,0
3,A399,-1,1,-1,17416.4207623717,12416.4207623717,0
3,A399,-1,1,0,13812.2944983307,8812.29449833074,0
3,A399,-1,1,1,16680.1452765035,11680.1452765035,0
3,A399,0,-1,-1,14508.7098352544,9508.70983525441,0
3,A399,0,-1,0,9896.99086693789,4896.99086693789,0
3,A399,0,-1,1,13616.1005929339,8616.10059293394,0
3,A399,0,0,-1,10648.2516318674,5648.25163186743,0
3,A399,0,0,0,912.704745364744,-4087.29525463526,0
3,A399,0,0,1,9395.7861346912,4395.7861346912,0
3,A399,0,1,-1,14706.0485701471,9706.04857014713,0
3,A399,0,1,0,10184.0871797216,5184.08717972163,0
3,A399,0,1,1,13826.1852591673,8826.18525916728,0
3,A399,1,-1,-1,17984.4047290746,12984.4047290746,0
3,A399,1,-1,0,14521.9344646574,9521.93446465742,0
3,A399,1,-1,1,17272.35790888,12272.35790888,0
3,A399,1,0,-1,15043.9826904686,10043.9826904686,0
3,A399,1,0,0,10666.2637473374,5666.2637473374,0
3,A399,1,0,1,14185.0960329639,9185.0960329639,0
3,A399,1,1,-1,18143.9801841569,13143.9801841569,0
3,A399,1,1,0,14719.0958981767,9719.09589817674,0
3,A399,1,1,1,17438.4503668293,12438.4503668293,0
3,A400,-1,-1,-1,16781.3911550313,11781.3911550313,0
3,A400,-1,-1,0,13545.1213738961,8545.12137389614,0
3,A400,-1,-1,1,16891.5818373826,11891.5818373826,0
3,A400,-1,0,-1,13799.5835553153,8799.58355531534,0
3,A400,-1,0,0,9606.44212159452,4606.44212159452,0
3,A400,-1,0,1,13933.3755483358,8933.37554833577,0
3,A400,-1,1,-1,17298.6104500361,12298.6104500361,0
3,A400,-1,1,0,14180.8725908356,9180.87259083561,0
3,A400,-1,1,1,17405.5270351957,12405.5270351957,0
3,A400,0,-1,-1,13773.0703318065,8773.07033180646,0
3,A400,0,-1,0,9568.3170045888,4568.3170045888,0
3,A400,0,-1,1,13907.1173949068,8907.11739490679,0
3,A400,0,0,-1,9925.26491167135,4925.26491167135,0
3,A400,0,0,0,605.068179852784,-4394.93182014722,0
3,A400,0,0,1,10110.4565395281,5110.45653952808,0
3,A400,0,1,-1,14398.7603900066,9398.76039000656,0
3,A400,0,1,0,10448.9006457253,5448.90064572525,0
3,A400,0,1,1,14527.035094597,9527.03509459702,0
3,A400,1,-1,-1,17256.2986654616,12256.2986654616,0
3,A400,1,-1,0,14129.2274228646,9129.22742286457,0
3,A400,1,-1,1,17363.4757897848,12363.4757897848,0
3,A400,1,0,-1,14373.3524563193,9373.35245631928,0
3,A400,1,0,0,10413.8602241914,5413.86022419138,0
3,A400,1,0,1,14501.8519060295,9501.85190602949,0
3,A400,1,1,-1,17759.6925096001,12759.6925096001,0
3,A400,1,1,0,14739.8067141656,9739.80671416564,0
3,A400,1,1,1,17863.8496944633,12863.8496944633,0
3,A401,-1,-1,-1,18261.2836619809,13261.2836619809,0
3,A401,-1,-1,0,15022.7574192431,10022.7574192431,0
3,A401,-1,-1,1,17829.5260725437,12829.5260725437,0
3,A401,-1,0,-1,14418.6552994918,9418.65529949182,0
3,A401,-1,0,0,10005.3175931429,5005.31759314293,0
3,A401,-1,0,1,13867.7734201907,8867.77342019069,0
3,A401,-1,1,-1,16802.4034086733,11802.4034086733,0
3,A401,-1,1,0,13210.9621073519,8210.96210735193,0
3,A401,-1,1,1,16332.1241513766,11332.1241513766,0
3,A401,0,-1,-1,15335.0064146397,10335.0064146397,0
3,A401,0,-1,0,11285.8841581479,6285.88415814789,0
3,A401,0,-1,1,14818.2300132379,9818.23001323793,0
3,A401,0,0,-1,10468.3122517087,5468.3122517087,0
3,A401,0,0,0,1339.52263637702,-3660.47736362298,0
3,A401,0,0,1,9695.51857238479,4695.51857238479,0
3,A401,0,1,-1,13564.9806878413,8564.9806878413,0
3,A401,0,1,0,8730.26119629874,3730.26119629874,0
3,A401,0,1,1,12977.9127770875,7977.91277708752,0
3,A401,1,-1,-1,18353.4836608953,13353.4836608953,0
3,A401,1,-1,0,15134.6992697194,10134.6992697194,0
3,A401,1,-1,1,17923.9471511979,12923.9471511979,0
3,A401,1,0,-1,14535.2503299044,9535.25032990438,0
3,A401,1,0,0,10172.623144847,5172.62314484703,0
3,A401,1,0,1,13988.9606883846,8988.96068838459,0
3,A401,1,1,-1,16902.5631729397,11902.5631729397,0
3,A401,1,1,0,13338.1183571488,8338.11835714882,0
3,A401,1,1,1,16435.1501606588,11435.1501606588,0
3,A402,-1,-1,-1,16501.4031533521,11501.4031533521,0
3,A402,-1,-1,0,13052.1954189577,8052.19541895774,0
3,A402,-1,-1,1,16383.6291608381,11383.6291608381,0
3,A402,-1,0,-1,12028.5030747489,7028.50307474891,0
3,A402,-1,0,0,6538.22494599618,1538.22494599618,0
3,A402,-1,0,1,11866.418358951,6866.41835895101,0
3,A402,-1,1,-1,14733.4132640413,9733.41326404134,0
3,A402,-1,1,0,10730.1894500625,5730.18945006247,0
3,A402,-1,1,1,14601.3857170967,9601.38571709668,0
3,A402,0,-1,-1,15636.3309068333,10636.3309068333,0
3,A402,0,-1,0,11939.7798745703,6939.77987457029,0
3,A402,0,-1,1,15511.9902874646,10511.9902874646,0
3,A402,0,0,-1,10811.2637752381,5811.26377523813,0
3,A402,0,0,0,3866.12514579897,-1133.87485420103,0
3,A402,0,0,1,10630.6360519106,5630.63605191062,0
3,A402,0,1,-1,13757.6162400164,8757.61624001635,0
3,A402,0,1,0,9345.3466405888,4345.3466405888,0
3,A402,0,1,1,13616.1302526807,8616.13025268072,0
3,A402,1,-1,-1,20413.0689125012,15413.0689125012,0
3,A402,1,-1,0,17741.3889437024,12741.3889437024,0
3,A402,1,-1,1,20317.9817126832,15317.9817126832,0
3,A402,1,0,-1,17002.410494289,12002.410494289,0
3,A402,1,0,0,13680.1119089542,8680.11190895424,0
3,A402,1,0,1,16888.130774799,11888.130774799,0
3,A402,1,1,-1,19012.3786730144,14012.3786730144,0
3,A402,1,1,0,16110.0602739809,11110.0602739809,0
3,A402,1,1,1,18910.2496349599,13910.2496349599,0
3,A403,-1,-1,-1,14761.6615911174,9761.66159111735,0
3,A403,-1,-1,0,10889.3017823178,5889.30178231782,0
3,A403,-1,-1,1,14806.9961059666,9806.99610596663,0
3,A403,-1,0,-1,11916.2634904012,6916.26349040122,0
3,A403,-1,0,0,6532.04224943393,1532.04224943393,0
3,A403,-1,0,1,11972.3772210915,6972.3772210915,0
3,A403,-1,1,-1,16312.2045786175,11312.2045786175,0
3,A403,-1,1,0,12913.4913400827,7913.49134008265,0
3,A403,-1,1,1,16353.2412373239,11353.2412373239,0
3,A403,0,-1,-1,13766.1896062262,8766.18960622624,0
3,A403,0,-1,0,9496.22117741011,4496.22117741011,0
3,A403,0,-1,1,13814.7912407685,8814.79124076846,0
3,A403,0,0,-1,10658.2671629384,5658.26716293841,0
3,A403,0,0,0,3777.41966060062,-1222.58033939938,0
3,A403,0,0,1,10720.9672916213,5720.96729162126,0
3,A403,0,1,-1,15417.1768348998,10417.1768348998,0
3,A403,0,1,0,11762.6349911188,6762.63499111878,0
3,A403,0,1,1,15460.5893260902,10460.5893260902,0
3,A403,1,-1,-1,19002.8760880682,14002.8760880682,0
3,A403,1,-1,0,16179.6025907373,11179.6025907373,0
3,A403,1,-1,1,19038.1138868827,14038.1138868827,0
3,A403,1,0,-1,16887.8649408525,11887.8649408525,0
3,A403,1,0,0,13633.4229977726,8633.42299777258,0
3,A403,1,0,1,16927.5061072774,11927.5061072774,0
3,A403,1,1,-1,20230.9333670613,15230.9333670613,0
3,A403,1,1,0,17605.7066111586,12605.7066111586,0
3,A403,1,1,1,20264.0357691629,15264.0357691629,0
3,A404,-1,-1,-1,12868.8456524068,7868.8456524068,0
3,A404,-1,-1,0,11862.1874722577,6862.18747225767,0
3,A404,-1,-1,1,17771.2069041049,12771.2069041049,0
3,A404,-1,0,-1,9362.86790337747,4362.86790337747,0
3,A404,-1,0,0,7922.60049337422,2922.60049337422,0
3,A404,-1,0,1,15423.0963745654,10423.0963745654,0
3,A404,-1,1,-1,14481.6919704406,9481.69197044056,0
3,A404,-1,1,0,13594.9882503899,8594.98825038992,0
3,A404,-1,1,1,18971.7687296087,13971.7687296087,0
3,A404,0,-1,-1,11306.6170823928,6306.61708239277,0
3,A404,0,-1,0,10146.1269974988,5146.12699749877,0
3,A404,0,-1,1,16674.7772474145,11674.7772474145,0
3,A404,0,0,-1,7063.68861137597,2063.68861137597,0
3,A404,0,0,0,5000,0,1
3,A404,0,0,1,14145.8228181155,9145.82281811551,0
3,A404,0,1,-1,13113.0394550275,8113.03945502755,0
3,A404,0,1,0,12126.6692438867,7126.66924388666,0
3,A404,0,1,1,17948.8275425484,12948.8275425484,0
3,A404,1,-1,-1,17031.4999712369,12031.4999712369,0
3,A404,1,-1,0,16284.2345374832,11284.2345374832,0
3,A404,1,-1,1,20982.864381997,15982.864381997,0
3,A404,1,0,-1,14564.6180252305,9564.6180252305,0
3,A404,1,0,0,13683.2891302635,8683.28913026348,0
3,A404,1,0,1,19035.1439349406,14035.1439349406,0
3,A404,1,1,-1,18280.7058171039,13280.7058171039,0
3,A404,1,1,0,17586.6002505605,12586.6002505605,0
3,A404,1,1,1,22008.9257251355,17008.9257251355,0
3,A405,-1,-1,-1,15912.7890173564,10912.7890173564,0
3,A405,-1,-1,0,14321.1431328133,9321.14313281331,0
3,A405,-1,-1,1,18893.7404171369,13893.7404171369,0
3,A405,-1,0,-1,10175.6175238599,5175.61752385991,0
3,A405,-1,0,0,7444.56031686978,2444.56031686978,0
3,A405,-1,0,1,14397.908342226,9397.90834222595,0
3,A405,-1,1,-1,12404.4157328296,7404.41573282963,0
3,A405,-1,1,0,10283.3757099748,5283.37570997475,0
3,A405,-1,1,1,16050.7352576798,11050.7352576798,0
3,A405,0,-1,-1,14926.3316323665,9926.33163236654,0
3,A405,0,-1,0,13216.4163947348,8216.41639473475,0
3,A405,0,-1,1,18070.7484249724,13070.7484249724,0
3,A405,0,0,-1,8551.12353321904,3551.12353321904,0
3,A405,0,0,0,4999.99999999999,-7.27595761418343e-12,1
3,A405,0,0,1,13299.5596287857,8299.55962878574,0
3,A405,0,1,-1,11110.7178598576,6110.71785985761,0
3,A405,0,1,0,8679.07470188996,3679.07470188996,0
3,A405,0,1,1,15073.3083296473,10073.3083296473,0
3,A405,1,-1,-1,19808.4299652414,14808.4299652414,0
3,A405,1,-1,0,18554.0341706999,13554.0341706999,0
3,A405,1,-1,1,22273.9864040348,17273.9864040348,0
3,A405,1,0,-1,15578.8393460123,10578.8393460123,0
3,A405,1,0,0,13949.1405358354,8949.14053583545,0
3,A405,1,0,1,18613.3502628655,13613.3502628655,0
3,A405,1,1,-1,17118.0189580993,12118.0189580993,0
3,A405,1,1,0,15649.4363914319,10649.4363914319,0
3,A405,1,1,1,19919.4162989055,14919.4162989055,0
3,A406,-1,-1,-1,17422.8920576216,12422.8920576216,0
3,A406,-1,-1,0,13046.4856300397,8046.4856300397,0
3,A406,-1,-1,1,15390.399830353,10390.399830353,0
3,A406,-1,0,-1,14804.4430869616,9804.44308696159,0
3,A406,-1,0,0,9264.18667549307,4264.18667549307,0
3,A406,-1,0,1,12348.2296059671,7348.22960596708,0
3,A406,-1,1,-1,18297.1555871025,13297.1555871025,0
3,A406,-1,1,0,14192.9391678374,9192.93916783744,0
3,A406,-1,1,1,16373.5500690972,11373.5500690972,0
3,A406,0,-1,-1,14898.6231995205,9898.62319952046,0
3,A406,0,-1,0,9413.95734452775,4413.95734452775,0
3,A406,0,-1,1,12460.9876224915,7460.98762249151,0
3,A406,0,0,-1,11729.5925208355,6729.59252083551,0
3,A406,0,0,0,2058.38780314568,-2941.61219685432,0
3,A406,0,0,1,8419.65438669768,3419.65438669768,0
3,A406,0,1,-1,15912.1874099192,10912.1874099192,0
3,A406,0,1,0,10947.6631210359,5947.66312103592,0
3,A406,0,1,1,13656.6814217433,8656.68142174329,0
3,A406,1,-1,-1,18449.4113410441,13449.4113410441,0
3,A406,1,-1,0,14388.6899498997,9388.68994989966,0
3,A406,1,-1,1,16543.5189158063,11543.5189158063,0
3,A406,1,0,-1,15999.8483209872,10999.8483209872,0
3,A406,1,0,0,11074.6903314673,6074.69033146726,0
3,A406,1,0,1,13758.7203467907,8758.72034679073,0
3,A406,1,1,-1,19277.1759798511,14277.1759798511,0
3,A406,1,1,0,15435.7744671735,10435.7744671735,0
3,A406,1,1,1,17461.8656805264,12461.8656805264,0
3,A407,-1,-1,-1,18283.6452934503,13283.6452934503,0
3,A407,-1,-1,0,15043.9399166396,10043.9399166396,0
3,A407,-1,-1,1,17842.3252748687,12842.3252748687,0
3,A407,-1,0,-1,14426.4648154729,9426.4648154729,0
3,A407,-1,0,0,10007.5636431068,5007.56364310681,0
3,A407,-1,0,1,13862.8919446697,8862.89194466974,0
3,A407,-1,1,-1,16791.4885858118,11791.4885858118,0
3,A407,-1,1,0,13190.2438160257,8190.24381602567,0
3,A407,-1,1,1,16309.8428847417,11309.8428847417,0
3,A407,0,-1,-1,15362.899817745,10362.899817745,0
3,A407,0,-1,0,11315.7913469993,6315.79134699933,0
3,A407,0,-1,1,14834.9444490898,9834.94444908982,0
3,A407,0,0,-1,10480.92995232,5480.92995232003,0
3,A407,0,0,0,1370.52386487611,-3629.47613512389,0
3,A407,0,0,1,9690.55099893452,4690.55099893452,0
3,A407,0,1,-1,13552.8998565181,8552.89985651813,0
3,A407,0,1,0,8701.12277350256,3701.12277350256,0
3,A407,0,1,1,12951.3698317329,7951.36983173289,0
3,A407,1,-1,-1,18377.8588634104,13377.8588634104,0
3,A407,1,-1,0,15158.3026557127,10158.3026557127,0
3,A407,1,-1,1,17938.8567751945,12938.8567751945,0
3,A407,1,0,-1,14545.6831485771,9545.68314857713,0
3,A407,1,0,0,10178.6708983814,5178.67089838141,0
3,A407,1,0,1,13986.9147511634,8986.9147511634,0
3,A407,1,1,-1,16894.0255745684,11894.0255745684,0
3,A407,1,1,0,13320.5308870528,8320.53088705276,0
3,A407,1,1,1,16415.3886981601,11415.3886981601,0
3,A408,-1,-1,-1,15655.2142744245,10655.2142744245,0
3,A408,-1,-1,0,12551.2173165386,7551.21731653859,0
3,A408,-1,-1,1,16431.0796442538,11431.0796442538,0
3,A408,-1,0,-1,12891.6582221968,7891.65822219677,0
3,A408,-1,0,0,8868.04227926136,3868.04227926136,0
3,A408,-1,0,1,13823.5124340958,8823.51243409578,0
3,A408,-1,1,-1,16950.04334678,11950.04334678,0
3,A408,-1,1,0,14133.339718784,9133.33971878395,0
3,A408,-1,1,1,17669.1429830479,12669.1429830479,0
3,A408,0,-1,-1,13016.3746612482,8016.37466124824,0
3,A408,0,-1,0,9048.38833554455,4048.38833554455,0
3,A408,0,-1,1,13939.8943188122,8939.89431881219,0
3,A408,0,0,-1,9514.99485348122,4514.99485348122,0
3,A408,0,0,0,1726.9768992687,-3273.0231007313,0
3,A408,0,0,1,10743.8248012261,5743.82480122611,0
3,A408,0,1,-1,14547.9979654096,9547.99796540964,0
3,A408,0,1,0,11139.6394443625,6139.6394443625,0
3,A408,0,1,1,15379.8208409341,10379.8208409341,0
3,A408,1,-1,-1,17139.6115669471,12139.6115669471,0
3,A408,1,-1,0,14360.1395123675,9360.13951236754,0
3,A408,1,-1,1,17851.0764090991,12851.0764090991,0
3,A408,1,0,-1,14658.6289401709,9658.62894017086,0
3,A408,1,0,0,11283.7371714538,6283.73717145381,0
3,A408,1,0,1,15484.5098954821,10484.5098954821,0
3,A408,1,1,-1,18329.8805273085,13329.8805273085,0
3,A408,1,1,0,15761.7207910252,10761.7207910252,0
3,A408,1,1,1,18996.8198507822,13996.8198507822,0
3,A409,-1,-1,-1,18475.1900232236,13475.1900232236,0
3,A409,-1,-1,0,12645.1887008808,7645.18870088077,0
3,A409,-1,-1,1,13359.2270797208,8359.22707972076,0
3,A409,-1,0,-1,15776.0336982063,10776.0336982063,0
3,A409,-1,0,0,8212.87952752268,3212.87952752268,0
3,A409,-1,0,1,9274.6720168566,4274.6720168566,0
3,A409,-1,1,-1,18879.4552913917,13879.4552913917,0
3,A409,-1,1,0,13228.8315049486,8228.83150494856,0
3,A409,-1,1,1,13912.948424866,8912.948424866,0
3,A409,0,-1,-1,17288.1825609467,12288.1825609467,0
3,A409,0,-1,0,10837.4077688016,5837.40776880162,0
3,A409,0,-1,1,11662.6565598899,6662.65655988991,0
3,A409,0,0,-1,14367.7363949002,9367.73639490015,0
3,A409,0,0,0,5000,2.72848410531878e-12,1
3,A409,0,0,1,6600.61746253043,1600.61746253043,0
3,A409,0,1,-1,17719.549711154,12719.549711154,0
3,A409,0,1,0,11513.0618365715,6513.06183657147,0
3,A409,0,1,1,12293.0363921767,7293.03639217667,0
3,A409,1,-1,-1,21364.2192959869,16364.2192959869,0
3,A409,1,-1,0,16583.0641623821,11583.0641623821,0
3,A409,1,-1,1,17133.772728163,12133.772728163,0
3,A409,1,0,-1,19078.2719075847,14078.2719075847,0
3,A409,1,0,0,13511.0550981927,8511.0550981927,0
3,A409,1,0,1,14181.5641151835,9181.5641151835,0
3,A409,1,1,-1,21714.7657558735,16714.7657558735,0
3,A409,1,1,0,17032.2988090016,12032.2988090016,0
3,A409,1,1,1,17568.9314873096,12568.9314873096,0
3,A410,-1,-1,-1,17059.6537797233,12059.6537797233,0
3,A410,-1,-1,0,13680.3125892498,8680.31258924975,0
3,A410,-1,-1,1,16830.6303504991,11830.6303504991,0
3,A410,-1,0,-1,12279.9791064544,7279.97910645444,0
3,A410,-1,0,0,6849.60234688957,1849.60234688957,0
3,A410,-1,0,1,11959.7749881038,6959.77498810377,0
3,A410,-1,1,-1,14510.8230857484,9510.82308574836,0
3,A410,-1,1,0,10328.7536557634,5328.75365576335,0
3,A410,-1,1,1,14240.8678646002,9240.86786460019,0
3,A410,0,-1,-1,16128.8166478184,11128.8166478184,0
3,A410,0,-1,0,12500.3156725941,7500.31567259408,0
3,A410,0,-1,1,15886.3796180898,10886.3796180898,0
3,A410,0,0,-1,10950.106220027,5950.10622002698,0
3,A410,0,0,0,4002.99783730032,-997.002162699675,0
3,A410,0,0,1,10589.7666235375,5589.76662353749,0
3,A410,0,1,-1,13404.1383908405,8404.13839084047,0
3,A410,0,1,0,8705.75048208716,3705.75048208716,0
3,A410,0,1,1,13111.4170443899,8111.41704438991,0
3,A410,1,-1,-1,20718.2447575527,15718.2447575527,0
3,A410,1,-1,0,18037.8721386259,13037.8721386259,0
3,A410,1,-1,1,20530.075419856,15530.075419856,0
3,A410,1,0,-1,17000.3460436777,12000.3460436777,0
3,A410,1,0,0,13606.2827789351,8606.28277893515,0
3,A410,1,0,1,16770.5127087965,11770.5127087965,0
3,A410,1,1,-1,18675.595449027,13675.595449027,0
3,A410,1,1,0,15649.1862673839,10649.1862673839,0
3,A410,1,1,1,18466.6238464651,13466.6238464651,0
3,A411,-1,-1,-1,15679.7958096112,10679.7958096112,0
3,A411,-1,-1,0,13810.8535256923,8810.85352569227,0
3,A411,-1,-1,1,18320.0260257772,13320.0260257772,0
3,A411,-1,0,-1,10336.7231270991,5336.72312709913,0
3,A411,-1,0,0,7192.46296363996,2192.46296363996,0
3,A411,-1,0,1,14021.9542846338,9021.95428463376,0
3,A411,-1,1,-1,12955.2959588545,7955.2959588545,0
3,A411,-1,1,0,10617.1263465468,5617.12634654681,0
3,A411,-1,1,1,16050.141754376,11050.141754376,0
3,A411,0,-1,-1,14658.5621639622,9658.56216396219,0
3,A411,0,-1,0,12639.5064457348,7639.50644573475,0
3,A411,0,-1,1,17453.9623486702,12453.9623486702,0
3,A411,0,0,-1,8710.06848939488,3710.06848939488,0
3,A411,0,0,0,4555.10390298357,-444.896097016428,0
3,A411,0,0,1,12869.8348879853,7869.83488798527,0
3,A411,0,1,-1,11698.5957048338,6698.59570483378,0
3,A411,0,1,0,9041.06298740264,4041.06298740264,0
3,A411,0,1,1,15054.0525580061,10054.0525580061,0
3,A411,1,-1,-1,19593.1338177022,14593.1338177022,0
3,A411,1,-1,0,18132.1419384312,13132.1419384312,0
3,A411,1,-1,1,21763.6910875072,16763.6910875072,0
3,A411,1,0,-1,15648.7296984002,10648.7296984002,0
3,A411,1,0,0,13775.5732966225,8775.57329662253,0
3,A411,1,0,1,18293.4441297326,13293.4441297326,0
3,A411,1,1,-1,17489.2706980251,12489.2706980251,0
3,A411,1,1,0,15835.348686588,10835.348686588,0
3,A411,1,1,1,19890.7502750111,14890.7502750111,0
3,A412,-1,-1,-1,18957.9022076546,13957.9022076546,0
3,A412,-1,-1,0,15687.0233129007,10687.0233129007,0
3,A412,-1,-1,1,18241.8021238032,13241.8021238032,0
3,A412,-1,0,-1,14685.9680703695,9685.96807036951,0
3,A412,-1,0,0,10117.228003184,5117.22800318401,0
3,A412,-1,0,1,13749.1434923383,8749.1434923383,0
3,A412,-1,1,-1,16491.0054336548,11491.0054336548,0
3,A412,-1,1,0,12594.9952170428,7594.99521704276,0
3,A412,-1,1,1,15662.5205130537,10662.5205130537,0
3,A412,0,-1,-1,16195.2968689372,11195.2968689372,0
3,A412,0,-1,0,12205.2564486578,7205.25644865784,0
3,A412,0,-1,1,15350.8608645249,10350.8608645249,0
3,A412,0,0,-1,10888.6749754929,5888.67497549289,0
3,A412,0,0,0,2289.95349874687,-2710.04650125313,0
3,A412,0,0,1,9587.72816317406,4587.72816317406,0
3,A412,0,1,-1,13222.6640572482,8222.66405724823,0
3,A412,0,1,0,7843.43605031253,2843.43605031253,0
3,A412,0,1,1,12173.7477130028,7173.74771300277,0
3,A412,1,-1,-1,19109.5061482765,14109.5061482765,0
3,A412,1,-1,0,15869.9045219408,10869.9045219408,0
3,A412,1,-1,1,18399.3074282706,13399.3074282706,0
3,A412,1,0,-1,14881.1567856782,9881.15678567824,0
3,A412,1,0,0,10398.5321841323,5398.53218413231,0
3,A412,1,0,1,13957.4394460063,8957.43944600633,0
3,A412,1,1,-1,16665.0661363481,11665.0661363481,0
3,A412,1,1,0,12822.0541893004,7822.05418930035,0
3,A412,1,1,1,15845.6845209619,10845.6845209619,0
3,A413,-1,-1,-1,16055.305699584,11055.305699584,0
3,A413,-1,-1,0,10544.9779595618,5544.97795956181,0
3,A413,-1,-1,1,12830.4434540742,7830.44345407419,0
3,A413,-1,0,-1,14128.1321309803,9128.13213098031,0
3,A413,-1,0,0,7282.02146185998,2282.02146185998,0
3,A413,-1,0,1,10317.5363159787,5317.53631597875,0
3,A413,-1,1,-1,18477.9705031095,13477.9705031095,0
3,A413,-1,1,0,13959.1945675363,8959.19456753628,0
3,A413,-1,1,1,15756.993115277,10756.993115277,0
3,A413,0,-1,-1,15042.4087717885,10042.4087717885,0
3,A413,0,-1,0,8927.36135250104,3927.36135250104,0
3,A413,0,-1,1,11537.8290756398,6537.82907563985,0
3,A413,0,0,-1,12965.5442639684,7965.54426396838,0
3,A413,0,0,0,4639.94149979009,-360.058500209911,0
3,A413,0,0,1,8657.52714012641,3657.52714012641,0
3,A413,0,1,-1,17605.01674138,12605.01674138,0
3,A413,0,1,0,12781.2492943694,7781.24929436944,0
3,A413,0,1,1,14723.5883053477,9723.58830534766,0
3,A413,1,-1,-1,19868.9527204647,14868.9527204647,0
3,A413,1,-1,0,15754.3327776398,10754.3327776398,0
3,A413,1,-1,1,17367.2888019162,12367.2888019162,0
3,A413,1,0,-1,18346.8405621079,13346.8405621079,0
3,A413,1,0,0,13785.1469949348,8785.14699493478,0
3,A413,1,0,1,15603.0124249297,10603.0124249297,0
3,A413,1,1,-1,21873.221870926,16873.221870926,0
3,A413,1,1,0,18217.0676585257,13217.0676585257,0
3,A413,1,1,1,19628.6849568649,14628.6849568649,0
3,A414,-1,-1,-1,17357.1322207354,12357.1322207354,0
3,A414,-1,-1,0,13594.1460327195,8594.14603271951,0
3,A414,-1,-1,1,16380.8294597592,11380.8294597592,0
3,A414,-1,0,-1,14379.6116387375,9379.61163873749,0
3,A414,-1,0,0,9502.84159142547,4502.84159142547,0
3,A414,-1,0,1,13184.6412822851,8184.64128228512,0
3,A414,-1,1,-1,17671.3446809726,12671.3446809726,0
3,A414,-1,1,0,13993.1122436915,8993.11224369147,0
3,A414,-1,1,1,16713.4065257613,11713.4065257613,0
3,A414,0,-1,-1,14560.4981982348,9560.49819823481,0
3,A414,0,-1,0,9774.39896932852,4774.39896932852,0
3,A414,0,-1,1,13381.690574902,8381.69057490202,0
3,A414,0,0,-1,10840.2628996543,5840.26289965431,0
3,A414,0,0,0,1020.81691033838,-3979.18308966162,0
3,A414,0,0,1,9196.34898181033,4196.34898181033,0
3,A414,0,1,-1,14933.6697327363,9933.66973273629,0
3,A414,0,1,0,10322.0762987519,5322.07629875187,0
3,A414,0,1,1,13786.8062490218,8786.80624902179,0
3,A414,1,-1,-1,17965.137812817,12965.137812817,0
3,A414,1,-1,0,14362.3446576218,9362.3446576218,0
3,A414,1,-1,1,17023.739644835,12023.739644835,0
3,A414,1,0,-1,15107.9240329811,10107.9240329811,0
3,A414,1,0,0,10572.6125445483,5572.61254454829,0
3,A414,1,0,1,13975.3677392744,8975.36773927438,0
3,A414,1,1,-1,18268.8959857773,13268.8959857773,0
3,A414,1,1,0,14740.5335035731,9740.53350357314,0
3,A414,1,1,1,17343.9930639047,12343.9930639047,0
3,A415,-1,-1,-1,16406.416929018,11406.416929018,0
3,A415,-1,-1,0,15392.3513979287,10392.3513979287,0
3,A415,-1,-1,1,20116.6211543059,15116.6211543059,0
3,A415,-1,0,-1,10930.2784085033,5930.27840850333,0
3,A415,-1,0,0,9339.42991814515,4339.42991814515,0
3,A415,-1,0,1,15968.0592529116,10968.0592529116,0
3,A415,-1,1,-1,13029.6375899724,8029.63758997237,0
3,A415,-1,1,0,11727.1232974917,6727.12329749166,0
3,A415,-1,1,1,17472.2461619313,12472.2461619313,0
3,A415,0,-1,-1,14224.9514132231,9224.95141322307,0
3,A415,0,-1,0,13042.3620489966,8042.36204899663,0
3,A415,0,-1,1,18380.8915160734,13380.8915160734,0
3,A415,0,0,-1,7256.0121518079,2256.0121518079,0
3,A415,0,0,0,4517.04299910179,-482.95700089821,0
3,A415,0,0,1,13717.0566290398,8717.05662903981,0
3,A415,0,1,-1,10146.4369108476,5146.43691084761,0
3,A415,0,1,0,8408.57580654188,3408.57580654188,0
3,A415,0,1,1,15442.0889844254,10442.0889844254,0
3,A415,1,-1,-1,18317.4225525412,13317.4225525412,0
3,A415,1,-1,0,17414.9916473393,12414.9916473393,0
3,A415,1,-1,1,21703.3614720266,16703.3614720266,0
3,A415,1,0,-1,13631.8905001094,8631.89050010943,0
3,A415,1,0,0,12392.836790482,7392.836790482,0
3,A415,1,0,1,17925.8575478016,12925.8575478016,0
3,A415,1,1,-1,15366.486528989,10366.486528989,0
3,A415,1,1,0,14278.7560156392,9278.75601563915,0
3,A415,1,1,1,19277.8846988642,14277.8846988642,0
3,A416,-1,-1,-1,16105.4348560337,11105.4348560337,0
3,A416,-1,-1,0,12639.6463359862,7639.64633598618,0
3,A416,-1,-1,1,16128.7410263688,11128.7410263688,0
3,A416,-1,0,-1,11995.7609439108,6995.76094391084,0
3,A416,-1,0,0,6653.86415703846,1653.86415703846,0
3,A416,-1,0,1,12027.0335418667,7027.03354186665,0
3,A416,-1,1,-1,15113.2898253481,10113.2898253481,0
3,A416,-1,1,0,11348.4429302805,6348.4429302805,0
3,A416,-1,1,1,15138.1235474777,10138.1235474777,0
3,A416,0,-1,-1,15073.5690145008,10073.5690145008,0
3,A416,0,-1,0,11295.4907123057,6295.49071230567,0
3,A416,0,-1,1,15098.4680689349,10098.4680689349,0
3,A416,0,0,-1,10570.0393356142,5570.0393356142,0
3,A416,0,0,0,3478.70078524956,-1521.29921475044,0
3,A416,0,0,1,10605.5168073112,5605.5168073112,0
3,A416,0,1,-1,14008.5324098545,9008.5324098545,0
3,A416,0,1,0,9829.27300845837,4829.27300845837,0
3,A416,0,1,1,14035.3209963888,9035.32099638881,0
3,A416,1,-1,-1,19875.6115319226,14875.6115319226,0
3,A416,1,-1,0,17187.6572389828,12187.6572389828,0
3,A416,1,-1,1,19894.5014755742,14894.5014755742,0
3,A416,1,0,-1,16719.8439732375,11719.8439732375,0
3,A416,1,0,0,13413.7545111826,8413.75451118257,0
3,A416,1,0,1,16742.2948750503,11742.2948750503,0
3,A416,1,1,-1,19080.5249196902,14080.5249196902,0
3,A416,1,1,0,16261.6745388592,11261.6745388592,0
3,A416,1,1,1,19100.2012137215,14100.2012137215,0
3,A417,-1,-1,-1,17345.4765696402,12345.4765696402,0
3,A417,-1,-1,0,14495.3345468447,9495.3345468447,0
3,A417,-1,-1,1,17870.7551553358,12870.7551553358,0
3,A417,-1,0,-1,13433.5982298059,8433.59822980589,0
3,A417,-1,0,0,9471.5747157933,4471.5747157933,0
3,A417,-1,0,1,14105.3143812489,9105.31438124886,0
3,A417,-1,1,-1,16126.3004242061,11126.3004242061,0
3,A417,-1,1,0,13011.7920198857,8011.79201988568,0
3,A417,-1,1,1,16689.993941454,11689.993941454,0
3,A417,0,-1,-1,14586.4115502298,9586.41155022979,0
3,A417,0,-1,0,11045.929934129,6045.92993412904,0
3,A417,0,-1,1,15207.2921424789,10207.2921424789,0
3,A417,0,0,-1,9610.38011134745,4610.38011134745,0
3,A417,0,0,0,1268.29495055118,-3731.70504944882,0
3,A417,0,0,1,10528.9001457229,5528.90014572294,0
3,A417,0,1,-1,13113.1769551275,8113.17695512755,0
3,A417,0,1,0,9011.35816919399,4011.35816919399,0
3,A417,0,1,1,13800.4978986452,8800.49789864519,0
3,A417,1,-1,-1,18018.3585933185,13018.3585933185,0
3,A417,1,-1,0,15294.1300044961,10294.1300044961,0
3,A417,1,-1,1,18524.5668988896,13524.5668988896,0
3,A417,1,0,-1,14291.8595840192,9291.85958401919,0
3,A417,1,0,0,10653.9390164545,5653.93901645453,0
3,A417,1,0,1,14924.9985850366,9924.99858503656,0
3,A417,1,1,-1,16847.9451073781,11847.9451073781,0
3,A417,1,1,0,13896.1296963665,8896.12969636646,0
3,A417,1,1,1,17388.2600260995,12388.2600260995,0
3,A418,-1,-1,-1,15487.5767545526,10487.5767545526,0
3,A418,-1,-1,0,11236.3238709408,6236.32387094085,0
3,A418,-1,-1,1,14582.3494176074,9582.34941760735,0
3,A418,-1,0,-1,13457.5134263744,8457.51342637442,0
3,A418,-1,0,0,8215.51021090999,3215.51021090999,0
3,A418,-1,0,1,12405.0210975268,7405.02109752679,0
3,A418,-1,1,-1,17953.9494684022,12953.9494684022,0
3,A418,-1,1,0,14447.6379356093,9447.63793560932,0
3,A418,-1,1,1,17179.1787441361,12179.1787441361,0
3,A418,0,-1,-1,13468.3956118441,8468.3956118441,0
3,A418,0,-1,0,8233.32379793603,3233.32379793603,0
3,A418,0,-1,1,12416.825728268,7416.825728268,0
3,A418,0,0,-1,11074.1732987177,6074.17329871772,0
3,A418,0,0,0,3004.53900865855,-1995.46099134145,0
3,A418,0,0,1,9768.17255473455,4768.17255473455,0
3,A418,0,1,-1,16244.2897087846,11244.2897087846,0
3,A418,0,1,0,12258.3395509931,7258.33955099312,0
3,A418,0,1,1,15383.6546032456,10383.6546032456,0
3,A418,1,-1,-1,17970.2622959746,12970.2622959746,0
3,A418,1,-1,0,14467.9047339497,9467.9047339497,0
3,A418,1,-1,1,17196.2265568689,12196.2265568689,0
3,A418,1,0,-1,16253.3061522577,11253.3061522577,0
3,A418,1,0,0,12270.2852975607,7270.28529756075,0
3,A418,1,0,1,15393.1751658991,10393.1751658991,0
3,A418,1,1,-1,20134.7856897437,15134.7856897437,0
3,A418,1,1,0,17082.1408253306,12082.1408253306,0
3,A418,1,1,1,19447.0942708916,14447.0942708916,0
3,A419,-1,-1,-1,16277.211035102,11277.211035102,0
3,A419,-1,-1,0,12466.0874071436,7466.08740714359,0
3,A419,-1,-1,1,15679.8938581816,10679.8938581816,0
3,A419,-1,0,-1,12419.1727047796,7419.17270477965,0
3,A419,-1,0,0,6685.17664930707,1685.17664930707,0
3,A419,-1,0,1,11625.2880821826,6625.28808218261,0
3,A419,-1,1,-1,15605.2588014759,10605.2588014759,0
3,A419,-1,1,0,11574.9660225133,6574.96602251328,0
3,A419,-1,1,1,14981.1740055188,9981.17400551884,0
3,A419,0,-1,-1,15232.072641787,10232.072641787,0
3,A419,0,-1,0,11066.6965769362,6066.69657693623,0
3,A419,0,-1,1,14592.0358170911,9592.03581709107,0
3,A419,0,0,-1,11013.8226131789,6013.82261317895,0
3,A419,0,0,0,3429.28924354136,-1570.71075645864,0
3,A419,0,0,1,10110.181050662,5110.181050662,0
3,A419,0,1,-1,14511.8069221055,9511.80692210547,0
3,A419,0,1,0,10052.2771701622,5052.27717016224,0
3,A419,0,1,1,13838.4974786666,8838.49747866659,0
3,A419,1,-1,-1,19977.0987595322,14977.0987595322,0
3,A419,1,-1,0,17015.8811411399,12015.8811411399,0
3,A419,1,-1,1,19493.4847364625,14493.4847364625,0
3,A419,1,0,-1,16981.5407557147,11981.5407557147,0
3,A419,1,0,0,13372.6759700255,8372.67597002546,0
3,A419,1,0,1,16409.881131824,11409.881131824,0
3,A419,1,1,-1,19433.5014350965,14433.5014350965,0
3,A419,1,1,0,16374.2698826297,11374.2698826297,0
3,A419,1,1,1,18936.0093565273,13936.0093565273,0
3,A420,-1,-1,-1,16242.6407186488,11242.6407186488,0
3,A420,-1,-1,0,12519.5523347393,7519.55233473926,0
3,A420,-1,-1,1,15800.4747969623,10800.4747969623,0
3,A420,-1,0,-1,13207.8187082526,8207.81870825259,0
3,A420,-1,0,0,8207.45320895787,3207.45320895787,0
3,A420,-1,0,1,12660.0987880979,7660.09878809792,0
3,A420,-1,1,-1,16884.0034513448,11884.0034513448,0
3,A420,-1,1,0,13341.1163585433,8341.11635854326,0
3,A420,-1,1,1,16459.0764880462,11459.0764880462,0
3,A420,0,-1,-1,14148.2039895017,9148.20398950171,0
3,A420,0,-1,0,9648.18580230075,4648.18580230075,0
3,A420,0,-1,1,13638.3027691456,8638.30276914556,0
3,A420,0,0,-1,10525.9096349679,5525.90963496789,0
3,A420,0,0,0,1926.28834567294,-3073.71165432706,0
3,A420,0,0,1,9829.87283426602,4829.87283426602,0
3,A420,0,1,-1,14880.1166379322,9880.11663793223,0
3,A420,0,1,0,10692.6930333585,5692.69303335848,0
3,A420,0,1,1,14396.1625946916,9396.16259469164,0
3,A420,1,-1,-1,18344.480770575,13344.480770575,0
3,A420,1,-1,0,15147.1379438216,10147.1379438216,0
3,A420,1,-1,1,17954.1527518378,12954.1527518378,0
3,A420,1,0,-1,15720.7847214111,10720.7847214111,0
3,A420,1,0,0,11834.6476670883,6834.64766708828,0
3,A420,1,0,1,15263.5087234647,10263.5087234647,0
3,A420,1,1,-1,18914.707763323,13914.707763323,0
3,A420,1,1,0,15832.9398065892,10832.9398065892,0
3,A420,1,1,1,18536.3911284328,13536.3911284328,0
3,A421,-1,-1,-1,13450.6489628926,8450.64896289259,0
3,A421,-1,-1,0,12286.6457952713,7286.64579527129,0
3,A421,-1,-1,1,17916.5669779105,12916.5669779105,0
3,A421,-1,0,-1,11860.8311312177,6860.83113121768,0
3,A421,-1,0,0,10522.4057372236,5522.40573722363,0
3,A421,-1,0,1,16755.9759451442,11755.9759451442,0
3,A421,-1,1,-1,17333.1668405852,12333.1668405852,0
3,A421,-1,1,0,16446.2877300337,11446.2877300337,0
3,A421,-1,1,1,20988.6180458493,15988.6180458493,0
3,A421,0,-1,-1,9575.01898035868,4575.01898035868,0
3,A421,0,-1,0,7856.37930918073,2856.37930918073,0
3,A421,0,-1,1,15223.8104042719,10223.8104042719,0
3,A421,0,0,-1,7172.19255698897,2172.19255698897,0
3,A421,0,0,0,4634.87361748108,-365.126382518919,0
3,A421,0,0,1,13839.210989992,8839.21098999204,0
3,A421,0,1,-1,14532.7115045619,9532.71150456194,0
3,A421,0,1,0,13462.5930284742,8462.59302847416,0
3,A421,0,1,1,18742.5483439637,13742.5483439637,0
3,A421,1,-1,-1,14228.2120951824,9228.21209518239,0
3,A421,1,-1,0,13133.3060118535,8133.30601185355,0
3,A421,1,-1,1,18507.4426698148,13507.4426698148,0
3,A421,1,0,-1,12735.8304411528,7735.83044115276,0
3,A421,1,0,0,11499.6993178643,6499.69931786425,0
3,A421,1,0,1,17386.3392287388,12386.3392287388,0
3,A421,1,1,-1,17943.2643247011,12943.2643247011,0
3,A421,1,1,0,17088.0789441525,12088.0789441525,0
3,A421,1,1,1,21495.2122431271,16495.2122431271,0
3,A422,-1,-1,-1,14868.1017488884,9868.10174888837,0
3,A422,-1,-1,0,11636.0077795451,6636.00777954511,0
3,A422,-1,-1,1,15802.9397415788,10802.9397415788,0
3,A422,-1,0,-1,11467.5035173284,6467.50351732841,0
3,A422,-1,0,0,6770.51433424937,1770.51433424937,0
3,A422,-1,0,1,12656.0693653525,7656.06936535246,0
3,A422,-1,1,-1,15554.6399580505,10554.6399580505,0
3,A422,-1,1,0,12501.3219962898,7501.32199628976,0
3,A422,-1,1,1,16450.5099946857,11450.5099946857,0
3,A422,0,-1,-1,13668.0941390002,8668.09413900018,0
3,A422,0,-1,0,10057.4860090834,5057.48600908338,0
3,A422,0,-1,1,14679.5521816316,9679.55218163159,0
3,A422,0,0,-1,9862.04769290907,4862.04769290907,0
3,A422,0,0,0,3405.32114895935,-1594.67885104065,0
3,A422,0,0,1,11221.9623755334,6221.96237553337,0
3,A422,0,1,-1,14411.9107685919,9411.91076859189,0
3,A422,0,1,0,11047.1444017082,6047.14440170815,0
3,A422,0,1,1,15374.5122479553,10374.5122479553,0
3,A422,1,-1,-1,18776.9311968129,13776.9311968129,0
3,A422,1,-1,0,16337.3612496076,11337.3612496076,0
3,A422,1,-1,1,19525.5115177687,14525.5115177687,0
3,A422,1,0,-1,16217.7782841697,11217.7782841697,0
3,A422,1,0,0,13317.3781167625,8317.37811676245,0
3,A422,1,0,1,17078.8988911803,12078.8988911803,0
3,A422,1,1,-1,19325.1007702193,14325.1007702193,0
3,A422,1,1,0,16964.5438255635,11964.5438255635,0
3,A422,1,1,1,20053.2285340741,15053.2285340741,0
3,A423,-1,-1,-1,17553.2551415674,12553.2551415674,0
3,A423,-1,-1,0,14327.530042156,9327.53004215598,0
3,A423,-1,-1,1,17390.7868756075,12390.7868756075,0
3,A423,-1,0,-1,14082.2806247841,9082.28062478412,0
3,A423,-1,0,0,9770.97634011522,4770.97634011522,0
3,A423,-1,0,1,13879.2409620632,8879.24096206319,0
3,A423,-1,1,-1,16985.4198984123,11985.4198984123,0
3,A423,-1,1,0,13625.9252958946,8625.92529589462,0
3,A423,-1,1,1,16817.4668488813,11817.4668488813,0
3,A423,0,-1,-1,14593.2886668192,9593.28866681924,0
3,A423,0,-1,0,10494.0661879481,5494.06618794813,0
3,A423,0,-1,1,14397.4572824842,9397.45728248421,0
3,A423,0,0,-1,10156.6695153148,5156.66951531476,0
3,A423,0,0,0,565.054587845842,-4434.94541215416,0
3,A423,0,0,1,9873.22833379068,4873.22833379068,0
3,A423,0,1,-1,13905.0996822581,8905.09968225808,0
3,A423,0,1,0,9513.83982508929,4513.83982508929,0
3,A423,0,1,1,13699.4342679315,8699.43426793152,0
3,A423,1,-1,-1,17827.2651340936,12827.2651340936,0
3,A423,1,-1,0,14661.948479148,9661.948479148,0
3,A423,1,-1,1,17667.3168378538,12667.3168378538,0
3,A423,1,0,-1,14422.3868930035,9422.38689300348,0
3,A423,1,0,0,10255.0765348387,5255.07653483872,0
3,A423,1,0,1,14224.202817006,9224.20281700599,0
3,A423,1,1,-1,17268.442466583,12268.442466583,0
3,A423,1,1,0,13977.1404895855,8977.14048958546,0
3,A423,1,1,1,17103.268907128,12103.268907128,0
3,A424,-1,-1,-1,17311.7785593397,12311.7785593397,0
3,A424,-1,-1,0,14298.9855597899,9298.9855597899,0
3,A424,-1,-1,1,17584.774641449,12584.774641449,0
3,A424,-1,0,-1,12403.2237869894,7403.22378698939,0
3,A424,-1,0,0,7655.27736020098,2655.27736020098,0
3,A424,-1,0,1,12781.4937551552,7781.49375515522,0
3,A424,-1,1,-1,14421.5895009068,9421.5895009068,0
3,A424,-1,1,0,10618.1709764032,5618.17097640321,0
3,A424,-1,1,1,14748.1817874475,9748.18178744749,0
3,A424,0,-1,-1,15927.9233108042,10927.9233108042,0
3,A424,0,-1,0,12588.171119997,7588.17111999695,0
3,A424,0,-1,1,16224.2215005156,11224.2215005156,0
3,A424,0,0,-1,10384.6533123347,5384.65331233474,0
3,A424,0,0,0,3550.25852141096,-1449.74147858904,0
3,A424,0,0,1,10833.6349726358,5833.6349726358,0
3,A424,0,1,-1,12727.2663144884,7727.26631448838,0
3,A424,0,1,0,8169.86040219641,3169.86040219641,0
3,A424,0,1,1,13096.1799828363,8096.17998283634,0
3,A424,1,-1,-1,20191.5775783396,15191.5775783396,0
3,A424,1,-1,0,17676.6262689907,12676.6262689907,0
3,A424,1,-1,1,20426.121203132,15426.121203132,0
3,A424,1,0,-1,16181.5354192558,11181.5354192558,0
3,A424,1,0,0,12907.5714089094,7907.57140890944,0
3,A424,1,0,1,16473.2726204468,11473.2726204468,0
3,A424,1,1,-1,17775.9492558669,12775.9492558669,0
3,A424,1,1,0,14857.5799879598,9857.57998795976,0
3,A424,1,1,1,18041.9232414421,13041.9232414421,0
3,A425,-1,-1,-1,13532.0660561676,8532.06605616758,0
3,A425,-1,-1,0,9828.13763404531,4828.13763404531,0
3,A425,-1,-1,1,14493.7147398102,9493.71473981024,0
3,A425,-1,0,-1,12129.8534922732,7129.85349227318,0
3,A425,-1,0,0,7785.16687998829,2785.16687998829,0
3,A425,-1,0,1,13194.1009907656,8194.10099076559,0
3,A425,-1,1,-1,17639.441026845,12639.441026845,0
3,A425,-1,1,0,14987.506708749,9987.50670874898,0
3,A425,-1,1,1,18387.5184554646,13387.5184554646,0
3,A425,0,-1,-1,11908.9636032259,6908.96360322588,0
3,A425,0,-1,0,7436.32245859561,2436.32245859561,0
3,A425,0,-1,1,12991.3189982183,7991.31899821832,0
3,A425,0,0,-1,10287.8543972243,5287.85439722432,0
3,A425,0,0,0,4394.93182014721,-605.06817985279,0
3,A425,0,0,1,11523.4935375084,6523.49353750837,0
3,A425,0,1,-1,16427.3090338624,11427.3090338624,0
3,A425,0,1,0,13540.0132828322,8540.01328283217,0
3,A425,0,1,1,17228.1002233133,12228.1002233133,0
3,A425,1,-1,-1,17335.8015810471,12335.8015810471,0
3,A425,1,-1,0,14628.9266203194,9628.92662031939,0
3,A425,1,-1,1,18096.4353304164,13096.4353304164,0
3,A425,1,0,-1,16264.8870408916,11264.8870408916,0
3,A425,1,0,0,13342.4895749713,8342.48957497132,0
3,A425,1,0,1,17073.2980312379,12073.2980312379,0
3,A425,1,1,-1,20701.7652495746,15701.7652495746,0
3,A425,1,1,0,18494.2845780459,13494.2845780459,0
3,A425,1,1,1,21342.7748818892,16342.7748818892,0
3,A426,-1,-1,-1,17159.0082323915,12159.0082323915,0
3,A426,-1,-1,0,13673.0490684929,8673.04906849288,0
3,A426,-1,-1,1,16717.4453233605,11717.4453233605,0
3,A426,-1,0,-1,14036.1090938937,9036.10909389369,0
3,A426,-1,0,0,9462.19138497103,4462.19138497103,0
3,A426,-1,0,1,13492.7303803179,8492.73038031794,0
3,A426,-1,1,-1,17308.7594434752,12308.7594434752,0
3,A426,-1,1,0,13860.5144486857,8860.51444868573,0
3,A426,-1,1,1,16871.1163854785,11871.1163854785,0
3,A426,0,-1,-1,14330.1501771807,9330.15017718073,0
3,A426,0,-1,0,9893.12445138984,4893.12445138984,0
3,A426,0,-1,1,13798.3556527879,8798.35565278785,0
3,A426,0,0,-1,10389.1288892264,5389.12888922641,0
3,A426,0,0,0,674.319202673029,-4325.68079732697,0
3,A426,0,0,1,9642.37593631509,4642.37593631509,0
3,A426,0,1,-1,14509.1279563372,9509.12795633717,0
3,A426,0,1,0,10150.640441051,5150.64044105098,0
3,A426,0,1,1,13984.1413277196,8984.14132771957,0
3,A426,1,-1,-1,17784.1177650685,12784.1177650685,0
3,A426,1,-1,0,14449.7595824969,9449.75958249691,0
3,A426,1,-1,1,17358.4636215909,12358.4636215909,0
3,A426,1,0,-1,14793.7702989546,9793.77029895464,0
3,A426,1,0,0,10553.4992759922,5553.49927599217,0
3,A426,1,0,1,14279.2525812278,9279.25258122784,0
3,A426,1,1,-1,17928.6484330146,12928.6484330146,0
3,A426,1,1,0,14627.2739068076,9627.27390680756,0
3,A426,1,1,1,17506.5087683098,12506.5087683098,0
3,A427,-1,-1,-1,17519.2682056186,12519.2682056186,0
3,A427,-1,-1,0,12799.3854929924,7799.38549299243,0
3,A427,-1,-1,1,14856.7755430326,9856.77554303261,0
3,A427,-1,0,-1,15294.1924204729,10294.1924204729,0
3,A427,-1,0,0,9529.52424480237,4529.52424480237,0
3,A427,-1,0,1,12153.6555352743,7153.65553527428,0
3,A427,-1,1,-1,18997.3652154319,13997.3652154319,0
3,A427,-1,1,0,14758.0281767697,9758.02817676967,0
3,A427,-1,1,1,16574.0431459603,11574.0431459603,0
3,A427,0,-1,-1,14941.3400680279,9941.34006802792,0
3,A427,0,-1,0,8952.2708608645,3952.2708608645,0
3,A427,0,-1,1,11706.5222890537,6706.52228905368,0
3,A427,0,0,-1,12256.8840396941,7256.88403969409,0
3,A427,0,0,0,2670.3402218322,-2329.6597781678,0
3,A427,0,0,1,8001.88899186697,3001.88899186697,0
3,A427,0,1,-1,16649.8879784988,11649.8879784988,0
3,A427,0,1,0,11580.9447038826,6580.94470388258,0
3,A427,0,1,1,13820.9185936468,8820.91859364684,0
3,A427,1,-1,-1,18427.2224601679,13427.2224601679,0
3,A427,1,-1,0,14016.4916485668,9016.49164856678,0
3,A427,1,-1,1,15917.3348482769,10917.3348482769,0
3,A427,1,0,-1,16326.3618399987,11326.3618399987,0
3,A427,1,0,0,11110.7876169241,6110.78761692408,0
3,A427,1,0,1,13429.4121988351,8429.41219883508,0
3,A427,1,1,-1,19837.7835018083,14837.7835018083,0
3,A427,1,1,0,15825.2066274802,10825.2066274802,0
3,A427,1,1,1,17531.0203736198,12531.0203736198,0
3,A428,-1,-1,-1,18100.0468651543,13100.0468651543,0
3,A428,-1,-1,0,14762.9373581373,9762.93735813734,0
3,A428,-1,-1,1,17557.8171296945,12557.8171296945,0
3,A428,-1,0,-1,12888.0349765227,7888.03497652272,0
3,A428,-1,0,0,7512.26120922177,2512.26120922177,0
3,A428,-1,0,1,12114.7303476009,7114.73034760095,0
3,A428,-1,1,-1,14303.5378347933,9303.53783479332,0
3,A428,-1,1,0,9742.8854817692,4742.8854817692,0
3,A428,-1,1,1,13610.8941818815,8610.89418188145,0
3,A428,0,-1,-1,17055.0864099556,12055.0864099556,0
3,A428,0,-1,0,13461.3742006735,8461.37420067347,0
3,A428,0,-1,1,16478.5077689111,11478.5077689111,0
3,A428,0,0,-1,11373.9052873823,6373.9052873823,0
3,A428,0,0,0,4438.28169518884,-561.718304811161,0
3,A428,0,0,1,10489.5646871237,5489.56468712375,0
3,A428,0,1,-1,12955.9048515198,7955.90485151979,0
3,A428,0,1,0,7628.11204959257,2628.11204959257,0
3,A428,0,1,1,12186.9075798844,7186.90757988443,0
3,A428,1,-1,-1,21310.5665898709,16310.5665898709,0
3,A428,1,-1,0,18559.9803690852,13559.9803690852,0
3,A428,1,-1,1,20851.9901740897,15851.9901740897,0
3,A428,1,0,-1,17106.4314635348,12106.4314635348,0
3,A428,1,0,0,13526.3675957782,8526.3675957782,0
3,A428,1,0,1,16531.643694915,11531.643694915,0
3,A428,1,1,-1,18196.6960312004,13196.6960312004,0
3,A428,1,1,0,14881.275797841,9881.27579784104,0
3,A428,1,1,1,17657.4344764724,12657.4344764724,0
3,A429,-1,-1,-1,15862.8759384347,10862.8759384347,0
3,A429,-1,-1,0,12176.8951821922,7176.89518219223,0
3,A429,-1,-1,1,15650.0070133538,10650.0070133538,0
3,A429,-1,0,-1,12254.6854006349,7254.68540063493,0
3,A429,-1,0,0,6842.75218815215,1842.75218815215,0
3,A429,-1,0,1,11977.8629458008,6977.86294580077,0
3,A429,-1,1,-1,15770.9795351747,10770.9795351747,0
3,A429,-1,1,0,12056.9373697812,7056.93736978117,0
3,A429,-1,1,1,15556.8532158259,10556.8532158259,0
3,A429,0,-1,-1,14656.896587385,9656.89658738502,0
3,A429,0,-1,0,10557.9619630507,5557.96196305066,0
3,A429,0,-1,1,14426.2435877518,9426.24358775183,0
3,A429,0,0,-1,10647.5865248263,5647.58652482633,0
3,A429,0,0,0,3164.97109680155,-1835.02890319845,0
3,A429,0,0,1,10327.7773641532,5327.7773641532,0
3,A429,0,1,-1,14557.3891901683,9557.38919016826,0
3,A429,0,1,0,10419.3820965523,5419.38209655226,0
3,A429,0,1,1,14325.1340836266,9325.13408362658,0
3,A429,1,-1,-1,19442.6953406267,14442.6953406267,0
3,A429,1,-1,0,16573.0004932225,11573.0004932225,0
3,A429,1,-1,1,19269.4132912312,14269.4132912312,0
3,A429,1,0,-1,16630.2400264936,11630.2400264936,0
3,A429,1,0,0,13160.958421738,8160.95842173804,0
3,A429,1,0,1,16427.3177913695,11427.3177913695,0
3,A429,1,1,-1,19367.7919384001,14367.7919384001,0
3,A429,1,1,0,16485.0631727356,11485.0631727356,0
3,A429,1,1,1,19193.8336725368,14193.8336725368,0
3,A430,-1,-1,-1,16002.8537958736,11002.8537958736,0
3,A430,-1,-1,0,15318.2818083444,10318.2818083444,0
3,A430,-1,-1,1,20327.5228571413,15327.5228571413,0
3,A430,-1,0,-1,10381.7502248249,5381.75022482495,0
3,A430,-1,0,0,9291.88708919782,4291.88708919782,0
3,A430,-1,0,1,16275.6749053964,11275.6749053964,0
3,A430,-1,1,-1,12628.1489478545,7628.14894785454,0
3,A430,-1,1,0,11748.5562430857,6748.5562430857,0
3,A430,-1,1,1,17792.8918881866,12792.8918881866,0
3,A430,0,-1,-1,13955.3632677084,8955.3632677084,0
3,A430,0,-1,0,13164.7480751229,8164.74807512294,0
3,A430,0,-1,1,18758.1720812344,13758.1720812344,0
3,A430,0,0,-1,6814.8053568867,1814.8053568867,0
3,A430,0,0,0,5000,0,1
3,A430,0,0,1,14267.3903692213,9267.39036922128,0
3,A430,0,1,-1,9906.10822527185,4906.10822527185,0
3,A430,0,1,0,8757.24888983674,3757.24888983674,0
3,A430,0,1,1,15976.4775863234,10976.4775863234,0
3,A430,1,-1,-1,18259.6001669068,13259.6001669068,0
3,A430,1,-1,0,17662.7128777844,12662.7128777844,0
3,A430,1,-1,1,22147.9085728382,17147.9085728382,0
3,A430,1,0,-1,13605.2345210897,8605.23452108969,0
3,A430,1,0,0,12792.9994263112,7792.99942631121,0
3,A430,1,0,1,18499.1692318695,13499.1692318695,0
3,A430,1,1,-1,15388.0412818655,10388.0412818655,0
3,A430,1,1,0,14674.8166066955,9674.81660669549,0
3,A430,1,1,1,19847.1325482523,14847.1325482523,0
3,A431,-1,-1,-1,14487.6328110172,9487.63281101717,0
3,A431,-1,-1,0,13056.6945357269,8056.69453572689,0
3,A431,-1,-1,1,18195.1378101871,13195.1378101871,0
3,A431,-1,0,-1,10468.2859757113,5468.2859757113,0
3,A431,-1,0,0,8376.80004546443,3376.80004546443,0
3,A431,-1,0,1,15190.673017813,10190.673017813,0
3,A431,-1,1,-1,14466.461836665,9466.46183666505,0
3,A431,-1,1,0,13033.1993694605,8033.19936946049,0
3,A431,-1,1,1,18178.2852199135,13178.2852199135,0
3,A431,0,-1,-1,12397.3484929098,7397.34849290976,0
3,A431,0,-1,0,10690.1832251403,5690.18322514029,0
3,A431,0,-1,1,16579.0767269921,11579.0767269921,0
3,A431,0,0,-1,7306.69257989305,2306.69257989305,0
3,A431,0,0,0,3738.11773349679,-1261.88226650321,0
3,A431,0,0,1,13212.088855359,8212.08885535903,0
3,A431,0,1,-1,12372.6013133648,7372.60131336481,0
3,A431,0,1,0,10661.4741472226,5661.47414722259,0
3,A431,0,1,1,16560.5796614827,11560.5796614827,0
3,A431,1,-1,-1,17248.1011952749,12248.1011952749,0
3,A431,1,-1,0,16064.9544840582,11064.9544840582,0
3,A431,1,-1,1,20461.3912114323,15461.3912114323,0
3,A431,1,0,-1,14042.4535478973,9042.45354789734,0
3,A431,1,0,0,12560.9024109446,7560.90241094459,0
3,A431,1,0,1,17842.7026290776,12842.7026290776,0
3,A431,1,1,-1,17230.3223547114,12230.3223547114,0
3,A431,1,1,0,16045.8647688333,11045.8647688333,0
3,A431,1,1,1,20446.4066259112,15446.4066259112,0
3,A432,-1,-1,-1,19515.8611766337,14515.8611766337,0
3,A432,-1,-1,0,16080.7066395311,11080.7066395311,0
3,A432,-1,-1,1,18338.7408124899,13338.7408124899,0
3,A432,-1,0,-1,14279.4738338806,9279.47383388056,0
3,A432,-1,0,0,9034.58142547295,4034.58142547295,0
3,A432,-1,0,1,12623.1513535457,7623.15135354568,0
3,A432,-1,1,-1,15064.4584529056,10064.4584529056,0
3,A432,-1,1,0,10230.2588941014,5230.25889410139,0
3,A432,-1,1,1,13504.7578875507,8504.75788755066,0
3,A432,0,-1,-1,17858.1610682882,12858.1610682882,0
3,A432,0,-1,0,14022.6318964005,9022.63189640045,0
3,A432,0,-1,1,16563.6497748222,11563.6497748222,0
3,A432,0,0,-1,11914.2121958511,6914.21219585105,0
3,A432,0,0,0,4434.94541215416,-565.05458784584,0
3,A432,0,0,1,9868.58801297371,4868.58801297371,0
3,A432,0,1,-1,12844.5703608414,7844.57036084142,0
3,A432,0,1,0,6534.77438903801,1534.77438903801,0
3,A432,0,1,1,10973.7671233104,5973.7671233104,0
3,A432,1,-1,-1,21376.5992621888,16376.5992621888,0
3,A432,1,-1,0,18294.2418420998,13294.2418420998,0
3,A432,1,-1,1,20307.623522664,15307.623522664,0
3,A432,1,0,-1,16733.0072468475,11733.0072468475,0
3,A432,1,0,0,12558.4163047764,7558.4163047764,0
3,A432,1,0,1,15343.8622466801,10343.8622466801,0
3,A432,1,1,-1,17407.7013712291,12407.7013712291,0
3,A432,1,1,0,13444.2685033777,8444.26850337769,0
3,A432,1,1,1,16076.9600407519,11076.9600407519,0
3,A433,-1,-1,-1,16828.3617729227,11828.3617729227,0
3,A433,-1,-1,0,13390.5137008208,8390.51370082083,0
3,A433,-1,-1,1,16595.7209660616,11595.7209660616,0
3,A433,-1,0,-1,13602.2323889855,8602.23238898551,0
3,A433,-1,0,0,9007.37604274805,4007.37604274805,0
3,A433,-1,0,1,13313.3361854562,8313.33618545616,0
3,A433,-1,1,-1,16936.5785201016,11936.5785201016,0
3,A433,-1,1,0,13526.2629421091,8526.26294210905,0
3,A433,-1,1,1,16705.4448127123,11705.4448127123,0
3,A433,0,-1,-1,14251.226767979,9251.22676797904,0
3,A433,0,-1,0,9960.39967089009,4960.39967089009,0
3,A433,0,-1,1,13975.7525312726,8975.75253127259,0
3,A433,0,0,-1,10243.2626831476,5243.26268314756,0
3,A433,0,0,0,1018.09999875675,-3981.90000124325,0
3,A433,0,0,1,9856.40019575978,4856.40019575978,0
3,A433,0,1,-1,14378.852402037,9378.85240203698,0
3,A433,0,1,0,10142.1641483004,5142.16414830039,0
3,A433,0,1,1,14105.870792779,9105.87079277897,0
3,A433,1,-1,-1,17972.2332731455,12972.2332731455,0
3,A433,1,-1,0,14802.4749969681,9802.47499696805,0
3,A433,1,-1,1,17754.5871043899,12754.5871043899,0
3,A433,1,0,-1,14994.2700665274,9994.27006652743,0
3,A433,1,0,0,10997.2829389566,5997.28293895658,0
3,A433,1,0,1,14732.6959261016,9732.69592610159,0
3,A433,1,1,-1,18073.6023202781,13073.6023202781,0
3,A433,1,1,0,14925.3877015998,9925.38770159981,0
3,A433,1,1,1,17857.1916956327,12857.1916956327,0
3,A434,-1,-1,-1,17380.384702073,12380.384702073,0
3,A434,-1,-1,0,12077.5028977863,7077.50289778628,0
3,A434,-1,-1,1,13771.5060941067,8771.50609410671,0
3,A434,-1,0,-1,14662.4249482427,9662.42494824266,0
3,A434,-1,0,0,7666.48610621782,2666.48610621782,0
3,A434,-1,0,1,10127.3546926536,5127.35469265361,0
3,A434,-1,1,-1,18107.8888425361,13107.8888425361,0
3,A434,-1,1,0,13102.8219169622,8102.82191696224,0
3,A434,-1,1,1,14678.972921891,9678.97292189096,0
3,A434,0,-1,-1,16124.7866861483,11124.7866861483,0
3,A434,0,-1,0,10188.0837024324,5188.08370243241,0
3,A434,0,-1,1,12148.4712364047,7148.47123640465,0
3,A434,0,0,-1,13149.8166772234,8149.81667722336,0
3,A434,0,0,0,4087.29525463526,-912.704745364737,0
3,A434,0,0,1,7777.80729721084,2777.80729721084,0
3,A434,0,1,-1,16906.4074130306,11906.4074130306,0
3,A434,0,1,0,11384.8546529747,6384.85465297467,0
3,A434,0,1,1,13168.2656156132,8168.26561561321,0
3,A434,1,-1,-1,20443.574025975,15443.574025975,0
3,A434,1,-1,0,16178.0104713003,11178.0104713003,0
3,A434,1,-1,1,17479.0253350547,12479.0253350547,0
3,A434,1,0,-1,18189.245501843,13189.245501843,0
3,A434,1,0,0,13215.0276496229,8215.02764962287,0
3,A434,1,0,1,14779.2171522811,9779.21715228107,0
3,A434,1,1,-1,21065.554464507,16065.554464507,0
3,A434,1,1,0,16957.1780892663,11957.1780892663,0
3,A434,1,1,1,18202.5875249942,13202.5875249942,0
3,A435,-1,-1,-1,17248.3516031499,12248.3516031499,0
3,A435,-1,-1,0,12723.4532415116,7723.45324151158,0
3,A435,-1,-1,1,15042.1704468464,10042.1704468464,0
3,A435,-1,0,-1,13780.0379834975,8780.03798349754,0
3,A435,-1,0,0,7366.82266582295,2366.82266582295,0
3,A435,-1,0,1,10892.690464377,5892.69046437704,0
3,A435,-1,1,-1,16800.9898704626,11800.9898704626,0
3,A435,-1,1,0,12110.0739052424,7110.07390524244,0
3,A435,-1,1,1,14527.0272028892,9527.02720288916,0
3,A435,0,-1,-1,15960.6577692304,10960.6577692304,0
3,A435,0,-1,0,10914.3586980427,5914.35869804274,0
3,A435,0,-1,1,13546.3594796753,8546.35947967531,0
3,A435,0,0,-1,12129.5676026495,7129.56760264951,0
3,A435,0,0,0,3392.20276373514,-1607.79723626486,0
3,A435,0,0,1,8711.35287732853,3711.35287732853,0
3,A435,0,1,-1,15476.1178603678,10476.1178603678,0
3,A435,0,1,0,10192.686269627,5192.68626962703,0
3,A435,0,1,1,12971.9498439553,7971.94984395527,0
3,A435,1,-1,-1,20297.2796164191,15297.2796164191,0
3,A435,1,-1,0,16624.0846120967,11624.0846120967,0
3,A435,1,-1,1,18459.1662475096,13459.1662475096,0
3,A435,1,0,-1,17446.0131155475,12446.0131155475,0
3,A435,1,0,0,12990.150229728,7990.15022972798,0
3,A435,1,0,1,15268.41944518,10268.41944518,0
3,A435,1,1,-1,19918.5136852278,14918.5136852278,0
3,A435,1,1,0,16159.449767602,11159.449767602,0
3,A435,1,1,1,18041.8526253459,13041.8526253459,0
3,A436,-1,-1,-1,20334.2990740586,15334.2990740586,0
3,A436,-1,-1,0,17407.5483032545,12407.5483032545,0
3,A436,-1,-1,1,19813.1713016119,14813.1713016119,0
3,A436,-1,0,-1,14862.7086373201,9862.70863732011,0
3,A436,-1,0,0,10509.002195011,5509.00219501102,0
3,A436,-1,0,1,14141.3629552325,9141.36295523254,0
3,A436,-1,1,-1,15110.1455069922,10110.1455069922,0
3,A436,-1,1,0,10856.1280546682,5856.12805466819,0
3,A436,-1,1,1,14401.1990971665,9401.19909716655,0
3,A436,0,-1,-1,18030.0830466911,13030.0830466911,0
3,A436,0,-1,0,14650.0141217493,9650.01412174934,0
3,A436,0,-1,1,17440.2388992907,12440.2388992907,0
3,A436,0,0,-1,11510.8767639648,6510.87676396483,0
3,A436,0,0,0,4694.60360116403,-305.396398835969,0
3,A436,0,0,1,10563.0640473747,5563.06404737466,0
3,A436,0,1,-1,11828.6378370374,6828.6378370374,0
3,A436,0,1,0,5427.3098471222,427.309847122197,0
3,A436,0,1,1,10908.4697035627,5908.46970356275,0
3,A436,1,-1,-1,20896.9871155603,15896.9871155603,0
3,A436,1,-1,0,18061.6469239317,13061.6469239317,0
3,A436,1,-1,1,20390.2454301474,15390.2454301474,0
3,A436,1,0,-1,15623.7146579327,10623.7146579327,0
3,A436,1,0,0,11560.2542709656,6560.25427096559,0
3,A436,1,0,1,14939.1598795332,9939.15987953322,0
3,A436,1,1,-1,15859.2827365272,10859.2827365272,0
3,A436,1,1,0,11876.6943218214,6876.69432182143,0
3,A436,1,1,1,15185.3510697271,10185.3510697271,0
3,A437,-1,-1,-1,16881.9989093806,11881.9989093806,0
3,A437,-1,-1,0,16402.8713683821,11402.8713683821,0
3,A437,-1,-1,1,21286.2982004634,16286.2982004634,0
3,A437,-1,0,-1,11473.0699635665,6473.06996356652,0
3,A437,-1,0,0,10755.6327726571,5755.63277265705,0
3,A437,-1,0,1,17312.8835926202,12312.8835926202,0
3,A437,-1,1,-1,13351.433690861,8351.43369086096,0
3,A437,-1,1,0,12740.2152082616,7740.21520826156,0
3,A437,-1,1,1,18610.89426933,13610.89426933,0
3,A437,0,-1,-1,13939.8081348372,8939.80813483719,0
3,A437,0,-1,0,13355.5438971026,8355.54389710263,0
3,A437,0,-1,1,19037.4067230492,14037.4067230492,0
3,A437,0,0,-1,6399.03883787541,1399.03883787541,0
3,A437,0,0,0,5000,-9.09494701772928e-13,1
3,A437,0,0,1,14458.6410824587,9458.64108245869,0
3,A437,0,1,-1,9358.26614609793,4358.26614609793,0
3,A437,0,1,0,8463.41817545162,3463.41817545162,0
3,A437,0,1,1,15990.0515685199,10990.0515685199,0
3,A437,1,-1,-1,17425.1144758311,12425.1144758311,0
3,A437,1,-1,0,16961.3359275495,11961.3359275495,0
3,A437,1,-1,1,21719.5584301003,16719.5584301003,0
3,A437,1,0,-1,12258.2242477605,7258.2242477605,0
3,A437,1,0,0,11589.4936757283,6589.49367572827,0
3,A437,1,0,1,17842.8883763562,12842.8883763562,0
3,A437,1,1,-1,14031.8747471943,9031.87474719427,0
3,A437,1,1,0,13451.6099732452,8451.60997324523,0
3,A437,1,1,1,19104.9237848172,14104.9237848172,0
3,A438,-1,-1,-1,17127.9446807736,12127.9446807736,0
3,A438,-1,-1,0,13798.181573484,8798.18157348402,0
3,A438,-1,-1,1,16953.2634168772,11953.2634168772,0
3,A438,-1,0,-1,13822.4541817667,8822.45418176673,0
3,A438,-1,0,0,9385.28451109673,4385.28451109673,0
3,A438,-1,0,1,13605.3993363453,8605.39933634526,0
3,A438,-1,1,-1,16992.762877956,11992.762877956,0
3,A438,-1,1,0,13630.015259479,8630.015259479,0
3,A438,-1,1,1,16816.6774875664,11816.6774875664,0
3,A438,0,-1,-1,14342.1955362798,9342.1955362798,0
3,A438,0,-1,0,10135.1812291678,5135.18122916783,0
3,A438,0,-1,1,14133.1250718045,9133.12507180445,0
3,A438,0,0,-1,10168.2015823981,5168.20158239806,0
3,A438,0,0,0,644.708591127967,-4355.29140887203,0
3,A438,0,0,1,9871.11822007344,4871.11822007344,0
3,A438,0,1,-1,14180.482151171,9180.48215117105,0
3,A438,0,1,0,9905.01891905676,4905.01891905676,0
3,A438,0,1,1,13968.9915718374,8968.99157183739,0
3,A438,1,-1,-1,17833.4140481885,12833.4140481885,0
3,A438,1,-1,0,14664.7189663259,9664.71896632588,0
3,A438,1,-1,1,17665.709952009,12665.709952009,0
3,A438,1,0,-1,14687.5596078288,9687.55960782881,0
3,A438,1,0,0,10618.2735404922,5618.27354049217,0
3,A438,1,0,1,14483.4753677392,9483.47536773919,0
3,A438,1,1,-1,17703.6199081691,12703.6199081691,0
3,A438,1,1,0,14506.6013800654,9506.60138006537,0
3,A438,1,1,1,17534.6744864941,12534.6744864941,0
3,A439,-1,-1,-1,17656.1448250271,12656.1448250271,0
3,A439,-1,-1,0,15458.1136539288,10458.1136539288,0
3,A439,-1,-1,1,19135.4933407328,14135.4933407328,0
3,A439,-1,0,-1,12316.8485999529,7316.84859995293,0
3,A439,-1,0,0,8883.61340275521,3883.61340275521,0
3,A439,-1,0,1,14357.3122395893,9357.31223958933,0
3,A439,-1,1,-1,13844.4959744295,8844.49597442949,0
3,A439,-1,1,0,10903.389218103,5903.38921810296,0
3,A439,-1,1,1,15687.5021624506,10687.5021624506,0
3,A439,0,-1,-1,15708.1662064291,10708.1662064291,0
3,A439,0,-1,0,13189.4015491322,8189.40154913217,0
3,A439,0,-1,1,17354.369503952,12354.369503952,0
3,A439,0,0,-1,9311.91682311608,4311.91682311608,0
3,A439,0,0,0,3731.70504944882,-1268.29495055118,0
3,A439,0,0,1,11880.2125499307,6880.21254993072,0
3,A439,0,1,-1,11255.0923706767,6255.09237067666,0
3,A439,0,1,0,7341.04433496445,2341.04433496445,0
3,A439,0,1,1,13457.5168431388,8457.51684313875,0
3,A439,1,-1,-1,19538.5137882918,14538.5137882918,0
3,A439,1,-1,0,17577.4670732367,12577.4670732367,0
3,A439,1,-1,1,20884.9509543635,15884.9509543635,0
3,A439,1,0,-1,14890.2260025529,9890.22600255288,0
3,A439,1,0,0,12203.796870751,7203.79687075099,0
3,A439,1,0,1,16617.6558430484,11617.6558430484,0
3,A439,1,1,-1,16176.6541583522,11176.6541583522,0
3,A439,1,1,0,13744.0156946354,8744.01569463537,0
3,A439,1,1,1,17779.5330385765,12779.5330385765,0
3,A440,-1,-1,-1,17136.440339752,12136.440339752,0
3,A440,-1,-1,0,13774.0405373617,8774.04053736172,0
3,A440,-1,-1,1,16905.3482049879,11905.3482049879,0
3,A440,-1,0,-1,13854.6685058326,8854.66850583263,0
3,A440,-1,0,0,9381.81456934186,4381.81456934186,0
3,A440,-1,0,1,13567.7945820432,8567.79458204317,0
3,A440,-1,1,-1,17036.6103229235,12036.6103229235,0
3,A440,-1,1,0,13649.6408927908,8649.64089279079,0
3,A440,-1,1,1,16804.1453727689,11804.1453727689,0
3,A440,0,-1,-1,14355.1483231189,9355.14832311886,0
3,A440,0,-1,0,10106.2796609705,5106.27966097054,0
3,A440,0,-1,1,14078.4762596224,9078.4762596224,0
3,A440,0,0,-1,10215.8962048062,5215.89620480619,0
3,A440,0,0,0,656.612880149495,-4343.3871198505,0
3,A440,0,0,1,9823.32660972762,4823.32660972762,0
3,A440,0,1,-1,14235.827589431,9235.827589431,0
3,A440,0,1,0,9936.06523544454,4936.06523544454,0
3,A440,0,1,1,13956.7903749399,8956.79037493987,0
3,A440,1,-1,-1,17846.0914275257,12846.0914275257,0
3,A440,1,-1,0,14647.511203157,9647.511203157,0
3,A440,1,-1,1,17624.3067850516,12624.3067850516,0
3,A440,1,0,-1,14723.3566528912,9723.35665289123,0
3,A440,1,0,0,10622.797952293,5622.79795229304,0
3,A440,1,0,1,14453.7345188794,9453.7345188794,0
3,A440,1,1,-1,17750.253040925,12750.253040925,0
3,A440,1,1,0,14530.5914615983,9530.59146159827,0
3,A440,1,1,1,17527.2557301729,12527.2557301729,0
3,A441,-1,-1,-1,15689.408748113,10689.408748113,0
3,A441,-1,-1,0,10578.2459856908,5578.24598569081,0
3,A441,-1,-1,1,13328.2042827307,8328.20428273072,0
3,A441,-1,0,-1,14004.7073625592,9004.70736255916,0
3,A441,-1,0,0,7865.97543724466,2865.97543724466,0
3,A441,-1,0,1,11296.6946868433,6296.69468684331,0
3,A441,-1,1,-1,18603.9272670173,13603.9272670173,0
3,A441,-1,1,0,14554.9940235264,9554.99402352638,0
3,A441,-1,1,1,16661.0201456365,11661.0201456365,0
3,A441,0,-1,-1,14176.5167264016,9176.51672640162,0
3,A441,0,-1,0,8167.94758567675,3167.94758567675,0
3,A441,0,-1,1,11509.0012177765,6509.00121777647,0
3,A441,0,0,-1,12286.0859487266,7286.08594872661,0
3,A441,0,0,0,4085.29670989942,-914.703290100576,0
3,A441,0,0,1,9079.17344675894,4079.17344675894,0
3,A441,0,1,-1,17347.1089633129,12347.1089633129,0
3,A441,0,1,0,12909.8385215876,7909.83852158762,0
3,A441,0,1,1,15244.8572286488,10244.8572286488,0
3,A441,1,-1,-1,18862.3886642844,13862.3886642844,0
3,A441,1,-1,0,14883.9325244017,9883.93252440166,0
3,A441,1,-1,1,16949.1353366288,11949.1353366288,0
3,A441,1,0,-1,17486.1084169142,12486.1084169142,0
3,A441,1,0,0,13096.0195798759,8096.01957987594,0
3,A441,1,0,1,15402.8396766606,10402.8396766606,0
3,A441,1,1,-1,21348.0272862302,16348.0272862302,0
3,A441,1,1,0,17929.8636437104,12929.8636437104,0
3,A441,1,1,1,19677.9508981617,14677.9508981617,0
3,A442,-1,-1,-1,16243.1112477915,11243.1112477915,0
3,A442,-1,-1,0,13355.6020614482,8355.6020614482,0
3,A442,-1,-1,1,17114.4836276,12114.4836276,0
3,A442,-1,0,-1,13419.6955489909,8419.69554899089,0
3,A442,-1,0,0,9727.36716913854,4727.36716913854,0
3,A442,-1,0,1,14462.1960800863,9462.19608008628,0
3,A442,-1,1,-1,17214.4646808166,12214.4646808166,0
3,A442,-1,1,0,14521.4061875119,9521.40618751192,0
3,A442,-1,1,1,18038.9767192692,13038.9767192692,0
3,A442,0,-1,-1,13058.202527527,8058.20252752698,0
3,A442,0,-1,0,9222.26093024593,4222.26093024593,0
3,A442,0,-1,1,14127.403869118,9127.40386911796,0
3,A442,0,0,-1,9314.83863893449,4314.83863893449,0
3,A442,0,0,0,1140.02731766198,-3859.97268233802,0
3,A442,0,0,1,10762.5789521213,5762.57895212129,0
3,A442,0,1,-1,14248.3607649744,9248.3607649744,0
3,A442,0,1,0,10842.0121704641,5842.01217046405,0
3,A442,0,1,1,15234.2597890452,10234.2597890452,0
3,A442,1,-1,-1,16649.1634472034,11649.1634472034,0
3,A442,1,-1,0,13846.5911656018,8846.5911656018,0
3,A442,1,-1,1,17500.3294346978,12500.3294346978,0
3,A442,1,0,-1,13908.4222365863,8908.4222365863,0
3,A442,1,0,0,10391.2295964817,5391.22959648168,0
3,A442,1,0,1,14916.8058223745,9916.80582237449,0
3,A442,1,1,-1,17598.118499733,12598.118499733,0
3,A442,1,1,0,14974.218448596,9974.21844859597,0
3,A442,1,1,1,18405.4519521228,13405.4519521228,0
3,A443,-1,-1,-1,16243.4984045623,11243.4984045623,0
3,A443,-1,-1,0,13502.6905736586,8502.69057365863,0
3,A443,-1,-1,1,17343.4156104535,12343.4156104535,0
3,A443,-1,0,-1,11715.3822071485,6715.38220714852,0
3,A443,-1,0,0,7464.68971682851,2464.68971682851,0
3,A443,-1,0,1,13198.2197616754,8198.21976167538,0
3,A443,-1,1,-1,14513.7562367613,9513.75623676131,0
3,A443,-1,1,0,11363.1215961584,6363.12159615838,0
3,A443,-1,1,1,15735.0546461725,10735.0546461725,0
3,A443,0,-1,-1,14768.6268295152,9768.62682951525,0
3,A443,0,-1,0,11686.905096664,6686.905096664,0
3,A443,0,-1,1,15970.4465512829,10970.4465512829,0
3,A443,0,0,-1,9566.15274130793,4566.15274130793,0
3,A443,0,0,0,3159.53961503674,-1840.46038496326,0
3,A443,0,0,1,11333.7594331246,6333.75943312455,0
3,A443,0,1,-1,12841.7373478275,7841.73734782755,0
3,A443,0,1,0,9131.35424893494,4131.35424893494,0
3,A443,0,1,1,14207.499524142,9207.49952414201,0
3,A443,1,-1,-1,19296.9799823687,14296.9799823687,0
3,A443,1,-1,0,17054.1739392118,12054.1739392118,0
3,A443,1,-1,1,20231.5659566393,15231.5659566393,0
3,A443,1,0,-1,15677.1290828549,10677.1290828549,0
3,A443,1,0,0,12815.7632854796,7815.76328547963,0
3,A443,1,0,1,16814.1369358763,11814.1369358763,0
3,A443,1,1,-1,17865.3663864207,12865.3663864207,0
3,A443,1,1,0,15415.6650336599,10415.6650336599,0
3,A443,1,1,1,18870.9867452382,13870.9867452382,0
3,A444,-1,-1,-1,17163.3700567403,12163.3700567403,0
3,A444,-1,-1,0,14667.2715221559,9667.27152215589,0
3,A444,-1,-1,1,18321.4747251601,13321.4747251601,0
3,A444,-1,0,-1,11870.1485342326,6870.14853423258,0
3,A444,-1,0,0,7838.87800803026,2838.87800803026,0
3,A444,-1,0,1,13490.5741399251,8490.57413992515,0
3,A444,-1,1,-1,13682.8206428674,8682.82064286743,0
3,A444,-1,1,0,10381.0964230622,5381.09642306224,0
3,A444,-1,1,1,15110.087529361,10110.087529361,0
3,A444,0,-1,-1,15770.8748004661,10770.8748004661,0
3,A444,0,-1,0,13010.3064595732,8010.30645957319,0
3,A444,0,-1,1,17023.9729902291,12023.9729902291,0
3,A444,0,0,-1,9748.82795479079,4748.82795479079,0
3,A444,0,0,0,3948.06644981402,-1051.93355018598,0
3,A444,0,0,1,11667.6823273598,6667.68232735978,0
3,A444,0,1,-1,11889.4407358902,6889.44073589022,0
3,A444,0,1,0,7868.0609563146,2868.0609563146,0
3,A444,0,1,1,13507.5521621173,8507.55216211727,0
3,A444,1,-1,-1,20071.3654801895,15071.3654801895,0
3,A444,1,-1,0,17983.5284201788,12983.5284201788,0
3,A444,1,-1,1,21070.2367485374,16070.2367485374,0
3,A444,1,0,-1,15785.4004307612,10785.4004307612,0
3,A444,1,0,0,13027.9103834619,8027.91038346187,0
3,A444,1,0,1,17037.43029801,12037.43029801,0
3,A444,1,1,-1,17190.0558835512,12190.0558835512,0
3,A444,1,1,0,14698.4898367026,9698.48983670257,0
3,A444,1,1,1,18346.4761106782,13346.4761106782,0
3,A445,-1,-1,-1,16773.7477677455,11773.7477677455,0
3,A445,-1,-1,0,12020.4458061468,7020.44580614684,0
3,A445,-1,-1,1,14409.1505849957,9409.15058499566,0
3,A445,-1,0,-1,13931.2621293005,8931.2621293005,0
3,A445,-1,0,0,7563.89897591512,2563.89897591512,0
3,A445,-1,0,1,10970.1901041148,5970.19010411475,0
3,A445,-1,1,-1,17515.7504793434,12515.7504793434,0
3,A445,-1,1,0,13035.874272836,8035.87427283596,0
3,A445,-1,1,1,15266.5163432839,10266.5163432839,0
3,A445,0,-1,-1,15336.0488159838,10336.0488159838,0
3,A445,0,-1,0,9915.99195687484,4915.99195687484,0
3,A445,0,-1,1,12706.667528954,7706.66752895399,0
3,A445,0,0,-1,12162.0657630838,7162.06576308382,0
3,A445,0,0,0,3323.90535787994,-1676.09464212006,0
3,A445,0,0,1,8612.83054696366,3612.83054696366,0
3,A445,0,1,-1,16144.2650487692,11144.2650487692,0
3,A445,0,1,0,11125.1875115649,6125.1875115649,0
3,A445,0,1,1,13671.2216122059,8671.22161220595,0
3,A445,1,-1,-1,19723.8478090998,14723.8478090998,0
3,A445,1,-1,0,15879.6308395094,10879.6308395094,0
3,A445,1,-1,1,17756.5531227676,12756.5531227676,0
3,A445,1,0,-1,17370.9994742925,12370.9994742925,0
3,A445,1,0,0,12840.7213947829,7840.72139478294,0
3,A445,1,0,1,15100.2195063848,10100.2195063848,0
3,A445,1,1,-1,20358.6117668962,15358.6117668962,0
3,A445,1,1,0,16661.4998207776,11661.4998207776,0
3,A445,1,1,1,18459.0920546039,13459.0920546039,0
3,A446,-1,-1,-1,15157.030535565,10157.030535565,0
3,A446,-1,-1,0,10091.4579515227,5091.45795152271,0
3,A446,-1,-1,1,13188.6114704563,8188.61147045629,0
3,A446,-1,0,-1,14829.9699181694,9829.96991816938,0
3,A446,-1,0,0,9593.22452072861,4593.22452072861,0
3,A446,-1,0,1,12811.3974895953,7811.39748959531,0
3,A446,-1,1,-1,20251.430588765,15251.430588765,0
3,A446,-1,1,0,16799.4758794096,11799.4758794096,0
3,A446,-1,1,1,18823.504954024,13823.504954024,0
3,A446,0,-1,-1,12755.6112339214,7755.61123392141,0
3,A446,0,-1,0,5899.79379997659,899.79379997659,0
3,A446,0,-1,1,10339.7057895059,5339.70578950592,0
3,A446,0,0,-1,12365.1951488321,7365.19514883206,0
3,A446,0,0,0,5000,-9.09494701772928e-13,1
3,A446,0,0,1,9854.03211539825,4854.03211539825,0
3,A446,0,1,-1,18522.7018597843,13522.7018597843,0
3,A446,0,1,0,14669.4387458334,9669.43874583339,0
3,A446,0,1,1,16949.760530729,11949.760530729,0
3,A446,1,-1,-1,17195.2220470058,12195.2220470058,0
3,A446,1,-1,0,12952.8996821999,7952.89968219987,0
3,A446,1,-1,1,15488.0456839601,10488.0456839601,0
3,A446,1,0,-1,16907.634203625,11907.634203625,0
3,A446,1,0,0,12568.6134197409,7568.61341974091,0
3,A446,1,0,1,15168.1242158083,10168.1242158083,0
3,A446,1,1,-1,21818.8113214572,16818.8113214572,0
3,A446,1,1,0,18659.1124229597,13659.1124229597,0
3,A446,1,1,1,20500.3518346381,15500.3518346381,0
3,A447,-1,-1,-1,15808.1074744314,10808.1074744314,0
3,A447,-1,-1,0,12452.6558608676,7452.65586086758,0
3,A447,-1,-1,1,16131.9872940449,11131.9872940449,0
3,A447,-1,0,-1,12211.3591675681,7211.35916756813,0
3,A447,-1,0,0,7368.15233185207,2368.15233185207,0
3,A447,-1,0,1,12627.8281921874,7627.82819218744,0
3,A447,-1,1,-1,15758.7538693746,10758.7538693746,0
3,A447,-1,1,0,12389.9434858096,7389.94348580955,0
3,A447,-1,1,1,16083.6275649364,11083.6275649364,0
3,A447,0,-1,-1,14234.6786900366,9234.67869003656,0
3,A447,0,-1,0,10382.6034054378,5382.60340543776,0
3,A447,0,-1,1,14593.5201216374,9593.52012163736,0
3,A447,0,0,-1,10091.9328279948,5091.93282799477,0
3,A447,0,0,0,2649.4309333865,-2350.5690666135,0
3,A447,0,0,1,10592.0659144858,5592.06591448581,0
3,A447,0,1,-1,14179.8497524105,9179.8497524105,0
3,A447,0,1,0,10307.3039669432,5307.30396694319,0
3,A447,0,1,1,14540.0443992785,9540.04439927848,0
3,A447,1,-1,-1,18850.8857323466,13850.8857323466,0
3,A447,1,-1,0,16140.8881093952,11140.8881093952,0
3,A447,1,-1,1,19123.3011016938,14123.3011016938,0
3,A447,1,0,-1,15955.4668903848,10955.4668903848,0
3,A447,1,0,0,12639.1969585173,7639.19695851732,0
3,A447,1,0,1,16276.4147103169,11276.4147103169,0
3,A447,1,1,-1,18809.5176569295,13809.5176569295,0
3,A447,1,1,0,16092.5551281445,11092.5551281445,0
3,A447,1,1,1,19082.523591454,14082.523591454,0
3,A448,-1,-1,-1,17540.8551792588,12540.8551792588,0
3,A448,-1,-1,0,12650.1688219423,7650.16882194232,0
3,A448,-1,-1,1,14572.9867229595,9572.98672295952,0
3,A448,-1,0,-1,15165.6146203011,10165.6146203011,0
3,A448,-1,0,0,9074.19625175716,4074.19625175716,0
3,A448,-1,0,1,11605.4387430772,6605.43874307717,0
3,A448,-1,1,-1,18769.9262972249,13769.9262972249,0
3,A448,-1,1,0,14305.7786927929,9305.77869279285,0
3,A448,-1,1,1,16031.2343508252,11031.2343508252,0
3,A448,0,-1,-1,15296.8508236502,10296.8508236502,0
3,A448,0,-1,0,9291.8682688101,4291.8682688101,0
3,A448,0,-1,1,11776.4165487143,6776.41654871433,0
3,A448,0,0,-1,12502.316245911,7502.31624591097,0
3,A448,0,0,0,2941.61219685432,-2058.38780314568,0
3,A448,0,0,1,7810.13784261167,2810.13784261167,0
3,A448,0,1,-1,16691.9794483618,11691.9794483618,0
3,A448,0,1,0,11444.0966750742,6444.0966750742,0
3,A448,0,1,1,13539.2953846335,8539.29538463347,0
3,A448,1,-1,-1,18981.7198857818,13981.7198857818,0
3,A448,1,-1,0,14582.5532958463,9582.55329584632,0
3,A448,1,-1,1,16278.6987019882,11278.6987019882,0
3,A448,1,0,-1,16811.3044173868,11811.3044173868,0
3,A448,1,0,0,11617.449247488,6617.44924748804,0
3,A448,1,0,1,13686.1352405226,8686.13524052255,0
3,A448,1,1,-1,20122.9774786389,15122.9774786389,0
3,A448,1,1,0,16039.9312158663,11039.9312158663,0
3,A448,1,1,1,17596.1519717703,12596.1519717703,0
3,A449,-1,-1,-1,13523.5993851898,8523.59938518985,0
3,A449,-1,-1,0,11991.5889571985,6991.58895719852,0
3,A449,-1,-1,1,17455.9064819248,12455.9064819248,0
3,A449,-1,0,-1,10241.3286381835,5241.32863818353,0
3,A449,-1,0,0,8111.42882990268,3111.42882990268,0
3,A449,-1,0,1,15056.7507467539,10056.7507467539,0
3,A449,-1,1,-1,15062.5988534333,10062.5988534333,0
3,A449,-1,1,0,13703.7348780085,8703.73487800852,0
3,A449,-1,1,1,18673.5860239549,13673.5860239549,0
3,A449,0,-1,-1,11582.1342014943,6582.13420149434,0
3,A449,0,-1,0,9749.68194602898,4749.68194602898,0
3,A449,0,-1,1,15998.9613236617,10998.9613236617,0
3,A449,0,0,-1,7492.85690545307,2492.85690545307,0
3,A449,0,0,0,4129.57261625149,-870.427383748505,0
3,A449,0,0,1,13340.3086688499,8340.30866884993,0
3,A449,0,1,-1,13346.9088762068,8346.90887620675,0
3,A449,0,1,0,11791.9651431415,6791.96514314154,0
3,A449,0,1,1,17319.3795305826,12319.3795305826,0
3,A449,1,-1,-1,16893.902006101,11893.902006101,0
3,A449,1,-1,0,15694.4063404463,10694.4063404463,0
3,A449,1,-1,1,20179.8130756045,15179.8130756045,0
3,A449,1,0,-1,14401.4234343663,9401.42343436626,0
3,A449,1,0,0,12973.4907531941,7973.49075319407,0
3,A449,1,0,1,18144.4737512696,13144.4737512696,0
3,A449,1,1,-1,18149.3269539144,13149.3269539144,0
3,A449,1,1,0,17038.4428357577,12038.4428357577,0
3,A449,1,1,1,21241.9161013003,16241.9161013003,0
3,A450,-1,-1,-1,16271.0907275772,11271.0907275772,0
3,A450,-1,-1,0,12644.9356500094,7644.93565000942,0
3,A450,-1,-1,1,15969.9843995137,10969.9843995137,0
3,A450,-1,0,-1,12704.6792719115,7704.67927191151,0
3,A450,-1,0,0,7520.29783519042,2520.29783519042,0
3,A450,-1,0,1,12316.6912625835,7316.69126258352,0
3,A450,-1,1,-1,16064.5372587955,11064.5372587955,0
3,A450,-1,1,0,12378.0192869077,7378.01928690775,0
3,A450,-1,1,1,15759.4849406601,10759.4849406601,0
3,A450,0,-1,-1,14644.3805242686,9644.38052426862,0
3,A450,0,-1,0,10469.1874119919,5469.18741199189,0
3,A450,0,-1,1,14309.084149422,9309.08414942204,0
3,A450,0,0,-1,10541.2695097255,5541.2695097255,0
3,A450,0,0,0,2502.87175150866,-2497.12824849134,0
3,A450,0,0,1,10070.2716513673,5070.27165136729,0
3,A450,0,1,-1,14414.5358861726,9414.53588617265,0
3,A450,0,1,0,10145.188462596,5145.18846259598,0
3,A450,0,1,1,14073.7647084717,9073.76470847166,0
3,A450,1,-1,-1,19083.1697685188,14083.1697685188,0
3,A450,1,-1,0,16103.2100073849,11103.2100073849,0
3,A450,1,-1,1,18827.0915616239,13827.0915616239,0
3,A450,1,0,-1,16150.1656446985,11150.1656446985,0
3,A450,1,0,0,12488.9492944375,7488.94929443748,0
3,A450,1,0,1,15846.7617703701,10846.7617703701,0
3,A450,1,1,-1,18907.3618542696,13907.3618542696,0
3,A450,1,1,0,15894.4750280128,10894.4750280128,0
3,A450,1,1,1,18648.8696854247,13648.8696854247,0
3,A451,-1,-1,-1,20399.9579693977,15399.9579693977,0
3,A451,-1,-1,0,15656.4729540813,10656.4729540813,0
3,A451,-1,-1,1,16555.7242538816,11555.7242538816,0
3,A451,-1,0,-1,16633.1919713203,11633.1919713203,0
3,A451,-1,0,0,10277.642500276,5277.64250027603,0
3,A451,-1,0,1,11601.585907632,6601.58590763197,0
3,A451,-1,1,-1,18362.1312803388,13362.1312803388,0
3,A451,-1,1,0,12889.3260244701,7889.32602447008,0
3,A451,-1,1,1,13967.8769171899,8967.8769171899,0
3,A451,0,-1,-1,18092.9752802652,13092.9752802652,0
3,A451,0,-1,0,12502.9042506521,7502.90425065207,0
3,A451,0,-1,1,13612.1076586125,8612.10765861254,0
3,A451,0,0,-1,13706.2228383275,8706.22283832751,0
3,A451,0,0,0,4102.12197558475,-897.878024415255,0
3,A451,0,0,1,6767.14599452826,1767.14599452826,0
3,A451,0,1,-1,15759.6108611695,10759.6108611695,0
3,A451,0,1,0,8793.87256583679,3793.87256583679,0
3,A451,0,1,1,10310.1433022467,5310.14330224666,0
3,A451,1,-1,-1,20941.6623941698,15941.6623941698,0
3,A451,1,-1,0,16356.0412092923,11356.0412092923,0
3,A451,1,-1,1,17218.7962485405,12218.7962485405,0
3,A451,1,0,-1,17293.2938977219,12293.2938977219,0
3,A451,1,0,0,11314.8077333055,6314.80773330552,0
3,A451,1,0,1,12529.6342424811,7529.63424248111,0
3,A451,1,1,-1,18962.1413304138,13962.1413304138,0
3,A451,1,1,0,13730.6104759866,8730.61047598657,0
3,A451,1,1,1,14747.763364387,9747.76336438705,0
3,A452,-1,-1,-1,16130.8076964158,11130.8076964158,0
3,A452,-1,-1,0,12414.2771873905,7414.27718739051,0
3,A452,-1,-1,1,15748.8285034787,10748.8285034787,0
3,A452,-1,0,-1,12756.9271326201,7756.92713262015,0
3,A452,-1,0,0,7526.65337408326,2526.65337408326,0
3,A452,-1,0,1,12270.3639783104,7270.36397831041,0
3,A452,-1,1,-1,16287.2779430823,11287.2779430823,0
3,A452,-1,1,0,12616.9229189146,7616.92291891463,0
3,A452,-1,1,1,15909.056071573,10909.056071573,0
3,A452,0,-1,-1,14484.973604102,9484.97360410198,0
3,A452,0,-1,0,10184.5854828829,5184.58548288295,0
3,A452,0,-1,1,14058.346368075,9058.34636807505,0
3,A452,0,0,-1,10599.5609927848,5599.56099278483,0
3,A452,0,0,0,2502.40172362162,-2497.59827637838,0
3,A452,0,0,1,10008.6630242507,5008.66302425071,0
3,A452,0,1,-1,14659.0220058502,9659.02200585019,0
3,A452,0,1,0,10430.6398324656,5430.63983246564,0
3,A452,0,1,1,14237.6110517614,9237.61105176138,0
3,A452,1,-1,-1,18958.5327408087,13958.5327408087,0
3,A452,1,-1,0,15916.5726471165,10916.5726471165,0
3,A452,1,-1,1,18634.6077494954,13634.6077494954,0
3,A452,1,0,-1,16185.2462635745,11185.2462635745,0
3,A452,1,0,0,12484.9316281336,7484.93162813358,0
3,A452,1,0,1,15804.5828450418,10804.5828450418,0
3,A452,1,1,-1,19091.8419630162,14091.8419630162,0
3,A452,1,1,0,16075.1283256901,11075.1283256901,0
3,A452,1,1,1,18770.2176821161,13770.2176821161,0
3,A453,-1,-1,-1,19186.0237683263,14186.0237683263,0
3,A453,-1,-1,0,13376.9866925451,8376.9866925451,0
3,A453,-1,-1,1,13776.2127562794,8776.21275627942,0
3,A453,-1,0,-1,16397.6689583016,11397.6689583016,0
3,A453,-1,0,0,8928.81919403646,3928.81919403646,0
3,A453,-1,0,1,9516.51601866677,4516.51601866677,0
3,A453,-1,1,-1,19226.6374203424,14226.6374203424,0
3,A453,-1,1,0,13435.172177053,8435.17217705301,0
3,A453,-1,1,1,13832.7190516112,8832.71905161117,0
3,A453,0,-1,-1,17702.5335994311,12702.5335994311,0
3,A453,0,-1,0,11145.4008798578,6145.40087985778,0
3,A453,0,-1,1,11621.5414513946,6621.54145139455,0
3,A453,0,0,-1,14634.1974520728,9634.19745207276,0
3,A453,0,0,0,5000,-4.54747350886464e-12,1
3,A453,0,0,1,5986.67394583563,986.673945835631,0
3,A453,0,1,-1,17746.5426011243,12746.5426011243,0
3,A453,0,1,0,11215.1700489678,6215.17004896784,0
3,A453,0,1,1,11688.4688544314,6688.46885443139,0
3,A453,1,-1,-1,21416.2527917279,16416.2527917279,0
3,A453,1,-1,0,16416.3378551046,11416.3378551046,0
3,A453,1,-1,1,16743.2497892938,11743.2497892938,0
3,A453,1,0,-1,18958.7953959754,13958.7953959754,0
3,A453,1,0,0,13048.991830797,8048.99183079697,0
3,A453,1,0,1,13457.9512829388,8457.95128293877,0
3,A453,1,1,-1,21452.6446410163,16452.6446410163,0
3,A453,1,1,0,16463.7853189196,11463.7853189196,0
3,A453,1,1,1,16789.7734338858,11789.7734338858,0
3,A454,-1,-1,-1,15096.8704828625,10096.8704828625,0
3,A454,-1,-1,0,12384.6396886783,7384.63968867834,0
3,A454,-1,-1,1,16698.595811039,11698.595811039,0
3,A454,-1,0,-1,11535.6228758677,6535.6228758677,0
3,A454,-1,0,0,7650.77754063628,2650.77754063628,0
3,A454,-1,0,1,13564.5935736522,8564.59357365222,0
3,A454,-1,1,-1,15434.5616034975,10434.5616034975,0
3,A454,-1,1,0,12794.1194982,7794.11949820004,0
3,A454,-1,1,1,17004.508095687,12004.508095687,0
3,A454,0,-1,-1,13308.7065627617,8308.70656276166,0
3,A454,0,-1,0,10128.448657902,5128.44865790204,0
3,A454,0,-1,1,15101.3004094952,10101.3004094952,0
3,A454,0,0,-1,9070.65417330046,4070.65417330046,0
3,A454,0,0,0,2782.1878034517,-2217.8121965483,0
3,A454,0,0,1,11541.4197920246,6541.41979202463,0
3,A454,0,1,-1,13690.5757325808,8690.57573258082,0
3,A454,0,1,0,10625.2372082506,5625.23720825061,0
3,A454,0,1,1,15438.8946357456,10438.8946357456,0
3,A454,1,-1,-1,18064.5465586896,13064.5465586896,0
3,A454,1,-1,0,15867.9439188928,10867.9439188928,0
3,A454,1,-1,1,19423.0647956287,14423.0647956287,0
3,A454,1,0,-1,15214.5633893643,10214.5633893643,0
3,A454,1,0,0,12527.8386392484,7527.83863924844,0
3,A454,1,0,1,16805.0749124516,11805.0749124516,0
3,A454,1,1,-1,18347.698381184,13347.698381184,0
3,A454,1,1,0,16189.5595285654,11189.5595285654,0
3,A454,1,1,1,19686.6868612021,14686.6868612021,0
3,A455,-1,-1,-1,14647.1525396549,9647.15253965492,0
3,A455,-1,-1,0,10701.9053006543,5701.90530065435,0
3,A455,-1,-1,1,14646.5858345359,9646.5858345359,0
3,A455,-1,0,-1,12769.3810941464,7769.38109414643,0
3,A455,-1,0,0,7940.32701290055,2940.32701290055,0
3,A455,-1,0,1,12768.7310495621,7768.73104956214,0
3,A455,-1,1,-1,17651.4902921869,12651.4902921869,0
3,A455,-1,1,0,14545.3363343521,9545.33633435208,0
3,A455,-1,1,1,17651.0200448494,12651.0200448494,0
3,A455,0,-1,-1,12779.8900007316,7779.89000073158,0
3,A455,0,-1,0,7957.21609453036,2957.21609453036,0
3,A455,0,-1,1,12779.2404907063,7779.24049070628,0
3,A455,0,0,-1,10575.6136672263,5575.61366722629,0
3,A455,0,0,0,3440.24766298556,-1559.75233701444,0
3,A455,0,0,1,10574.8287705727,5574.82877057267,0
3,A455,0,1,-1,16135.7249742938,11135.7249742938,0
3,A455,0,1,0,12663.0691378632,7663.06913786315,0
3,A455,0,1,1,16135.210551293,11135.210551293,0
3,A455,1,-1,-1,17666.6946354342,12666.6946354342,0
3,A455,1,-1,0,14563.7838107386,9563.78381073862,0
3,A455,1,-1,1,17666.2247928126,12666.2247928126,0
3,A455,1,0,-1,16144.0427201275,11144.0427201275,0
3,A455,1,0,0,12673.6661978118,7673.66619781178,0
3,A455,1,0,1,16143.5285621766,11143.5285621766,0
3,A455,1,1,-1,20227.4103967099,15227.4103967099,0
3,A455,1,1,0,17582.3727324039,12582.3727324039,0
3,A455,1,1,1,20227.0000357304,15227.0000357304,0
3,A456,-1,-1,-1,16396.5070246359,11396.5070246359,0
3,A456,-1,-1,0,12519.306292359,7519.30629235897,0
3,A456,-1,-1,1,15640.3522170974,10640.3522170974,0
3,A456,-1,0,-1,13031.8046766639,8031.80467666386,0
3,A456,-1,0,0,7597.07315771564,2597.07315771564,0
3,A456,-1,0,1,12066.6112888685,7066.61128886851,0
3,A456,-1,1,-1,16456.3186543195,11456.3186543195,0
3,A456,-1,1,0,12597.5398822734,7597.53988227337,0
3,A456,-1,1,1,15703.0442436629,10703.0442436629,0
3,A456,0,-1,-1,14744.1758665496,9744.17586654964,0
3,A456,0,-1,0,10260.5218881259,5260.52188812588,0
3,A456,0,-1,1,13898.4134652008,8898.41346520083,0
3,A456,0,0,-1,10879.945427507,5879.94542750695,0
3,A456,0,0,0,2502.15905539493,-2497.84094460507,0
3,A456,0,0,1,9703.00919155807,4703.00919155807,0
3,A456,0,1,-1,14810.6618024757,9810.66180247574,0
3,A456,0,1,0,10355.8336439072,5355.83364390716,0
3,A456,0,1,1,13968.9254380301,8968.92543803012,0
3,A456,1,-1,-1,19129.4537652949,14129.4537652949,0
3,A456,1,-1,0,15931.8419773585,10931.8419773585,0
3,A456,1,-1,1,18485.4314589757,13485.4314589757,0
3,A456,1,0,-1,16337.6403400351,11337.6403400351,0
3,A456,1,0,0,12442.1091183652,7442.10911836519,0
3,A456,1,0,1,15578.628525845,10578.628525845,0
3,A456,1,1,-1,19180.7450950719,14180.7450950719,0
3,A456,1,1,0,15993.3914425644,10993.3914425644,0
3,A456,1,1,1,18538.5047203936,13538.5047203936,0
3,A457,-1,-1,-1,13713.5588759686,8713.55887596862,0
3,A457,-1,-1,0,11716.2237547931,6716.22375479312,0
3,A457,-1,-1,1,16925.6639781162,11925.6639781162,0
3,A457,-1,0,-1,11961.6239816843,6961.62398168431,0
3,A457,-1,0,0,9606.69820005427,4606.69820005427,0
3,A457,-1,0,1,15540.1689931174,10540.1689931174,0
3,A457,-1,1,-1,17265.5494993282,12265.5494993282,0
3,A457,-1,1,0,15726.0103504186,10726.0103504186,0
3,A457,-1,1,1,19912.6995550376,14912.6995550376,0
3,A457,0,-1,-1,10520.0967603025,5520.09676030252,0
3,A457,0,-1,0,7738.25806456778,2738.25806456778,0
3,A457,0,-1,1,14459.9045605968,9459.90456059684,0
3,A457,0,0,-1,8105.00999880166,3105.00999880166,0
3,A457,0,0,0,3859.97268233801,-1140.02731766199,0
3,A457,0,0,1,12810.4485142448,7810.44851424479,0
3,A457,0,1,-1,14856.3097138967,9856.30971389673,0
3,A457,0,1,0,13035.2652578666,8035.26525786657,0
3,A457,0,1,1,17864.1076567139,12864.1076567139,0
3,A457,1,-1,-1,15273.610399889,10273.610399889,0
3,A457,1,-1,0,13508.9369187704,8508.93691877041,0
3,A457,1,-1,1,18212.6214121702,13212.6214121702,0
3,A457,1,0,-1,13722.3148878804,8722.31488788042,0
3,A457,1,0,0,11726.4712471342,6726.47124713422,0
3,A457,1,0,1,16932.7590763463,11932.7590763463,0
3,A457,1,1,-1,18528.9146232771,13528.9146232771,0
3,A457,1,1,0,17103.4756451551,12103.4756451551,0
3,A457,1,1,1,21017.542224821,16017.542224821,0
3,A458,-1,-1,-1,17471.3374502178,12471.3374502178,0
3,A458,-1,-1,0,12947.8136406902,7947.8136406902,0
3,A458,-1,-1,1,15167.2055385527,10167.2055385527,0
3,A458,-1,0,-1,15125.8764403206,10125.8764403206,0
3,A458,-1,0,0,9549.36562618202,4549.36562618202,0
3,A458,-1,0,1,12393.0879782711,7393.08797827113,0
3,A458,-1,1,-1,18770.6324847169,13770.6324847169,0
3,A458,-1,1,0,14653.8353222278,9653.83532222777,0
3,A458,-1,1,1,16647.3161628423,11647.3161628423,0
3,A458,0,-1,-1,14815.0114113654,9815.01141136542,0
3,A458,0,-1,0,9048.91202816943,4048.91202816943,0
3,A458,0,-1,1,12011.7049026444,7011.70490264438,0
3,A458,0,0,-1,11959.4761134153,6959.4761134153,0
3,A458,0,0,0,2329.6597781678,-2670.3402218322,0
3,A458,0,0,1,8235.62750837328,3235.62750837328,0
3,A458,0,1,-1,16327.0810219039,11327.0810219039,0
3,A458,0,1,0,11356.5760892303,6356.57608923026,0
3,A458,0,1,1,13833.6570090898,8833.65700908976,0
3,A458,1,-1,-1,18268.0457065991,13268.0457065991,0
3,A458,1,-1,0,14004.2757653888,9004.27576538878,0
3,A458,1,-1,1,16078.4945031467,11078.4945031467,0
3,A458,1,0,-1,16039.5136998245,11039.5136998245,0
3,A458,1,0,0,10939.1153893502,5939.11538935023,0
3,A458,1,0,1,13493.0534452429,8493.05344524288,0
3,A458,1,1,-1,19514.3666439708,14514.3666439708,0
3,A458,1,1,0,15595.1515314851,10595.1515314851,0
3,A458,1,1,1,17481.6188342111,12481.6188342111,0
3,A459,-1,-1,-1,13723.8805631544,8723.88056315441,0
3,A459,-1,-1,0,10138.7133363591,5138.71333635906,0
3,A459,-1,-1,1,14739.1356097297,9739.13560972972,0
3,A459,-1,0,-1,12501.8019976487,7501.80199764865,0
3,A459,-1,0,0,8410.92525192974,3410.92525192974,0
3,A459,-1,0,1,13608.5368059423,8608.53680594233,0
3,A459,-1,1,-1,18006.8100635592,13006.8100635592,0
3,A459,-1,1,0,15449.7190612074,10449.7190612074,0
3,A459,-1,1,1,18792.084223826,13792.084223826,0
3,A459,0,-1,-1,11625.0097854702,6625.00978547023,0
3,A459,0,-1,0,7041.97862233451,2041.97862233451,0
3,A459,0,-1,1,12807.7349021033,7807.73490210325,0
3,A459,0,0,-1,10153.3742169272,5153.37421692725,0
3,A459,0,0,0,4188.03275943499,-811.967240565013,0
3,A459,0,0,1,11488.6130058958,6488.61300589581,0
3,A459,0,1,-1,16463.3278369122,11463.3278369122,0
3,A459,0,1,0,13619.4630536885,8619.46305368846,0
3,A459,0,1,1,17318.7292916057,12318.7292916057,0
3,A459,1,-1,-1,16790.9739834481,11790.9739834481,0
3,A459,1,-1,0,14013.7581582517,9013.75815825175,0
3,A459,1,-1,1,17630.4857597034,12630.4857597034,0
3,A459,1,0,-1,15807.8133462384,10807.8133462384,0
3,A459,1,0,0,12819.343711542,7819.34371154201,0
3,A459,1,0,1,16696.8315437328,11696.8315437328,0
3,A459,1,1,-1,20441.0645091247,15441.0645091247,0
3,A459,1,1,0,18228.7061710736,13228.7061710736,0
3,A459,1,1,1,21136.090912855,16136.090912855,0
3,A460,-1,-1,-1,15605.9643606359,10605.9643606359,0
3,A460,-1,-1,0,10152.8988794928,5152.89887949278,0
3,A460,-1,-1,1,12752.1209094399,7752.12090943986,0
3,A460,-1,0,-1,15035.80346782,10035.80346782,0
3,A460,-1,0,0,9252.60060494754,4252.60060494754,0
3,A460,-1,0,1,12047.6491477152,7047.64914771522,0
3,A460,-1,1,-1,20213.9716092701,15213.9716092701,0
3,A460,-1,1,0,16374.9772595917,11374.9772595917,0
3,A460,-1,1,1,18101.7985925132,13101.7985925132,0
3,A460,0,-1,-1,13525.3652694026,8525.36526940262,0
3,A460,0,-1,0,6516.95770298765,1516.95770298765,0
3,A460,0,-1,1,10099.8004799252,5099.80047992522,0
3,A460,0,0,-1,12863.3109255834,7863.31092558337,0
3,A460,0,0,0,5000,-3.63797880709171e-12,1
3,A460,0,0,1,9194.30432560113,4194.30432560113,0
3,A460,0,1,-1,18654.5980998172,13654.5980998172,0
3,A460,0,1,0,14405.875964254,9405.87596425396,0
3,A460,0,1,1,16342.1080136327,11342.1080136327,0
3,A460,1,-1,-1,17953.4088049063,12953.4088049063,0
3,A460,1,-1,0,13485.5522596538,8485.55225965383,0
3,A460,1,-1,1,15536.9029017891,10536.9029017891,0
3,A460,1,0,-1,17460.0730242905,12460.0730242905,0
3,A460,1,0,0,12821.4422763324,7821.44227633242,0
3,A460,1,0,1,14964.1108682438,9964.11086824379,0
3,A460,1,1,-1,22076.7618166937,17076.7618166937,0
3,A460,1,1,0,18625.7521819333,13625.7521819333,0
3,A460,1,1,1,20160.7012867748,15160.7012867748,0
3,A461,-1,-1,-1,16096.4608609151,11096.4608609151,0
3,A461,-1,-1,0,12617.8528589427,7617.85285894269,0
3,A461,-1,-1,1,16103.5514496922,11103.5514496922,0
3,A461,-1,0,-1,12607.7678726535,7607.7678726535,0
3,A461,-1,0,0,7685.69900878699,2685.69900878699,0
3,A461,-1,0,1,12616.8192416562,7616.81924165615,0
3,A461,-1,1,-1,16087.7459333014,11087.7459333014,0
3,A461,-1,1,0,12606.733428506,7606.73342850598,0
3,A461,-1,1,1,16094.840361444,11094.840361444,0
3,A461,0,-1,-1,14331.1610987096,9331.16109870963,0
3,A461,0,-1,0,10271.140976548,5271.14097654803,0
3,A461,0,-1,1,14339.1246414514,9339.12464145143,0
3,A461,0,0,-1,10258.7492863852,5258.74928638522,0
3,A461,0,0,0,2314.3239712419,-2685.6760287581,0
3,A461,0,0,1,10269.8711757656,5269.87117576557,0
3,A461,0,1,-1,14321.3719805279,9321.37198052792,0
3,A461,0,1,0,10257.4779516022,5257.47795160223,0
3,A461,0,1,1,14329.340963581,9329.34096358103,0
3,A461,1,-1,-1,18752.8212444785,13752.8212444785,0
3,A461,1,-1,0,15867.6546203375,10867.6546203375,0
3,A461,1,-1,1,18758.9077953189,13758.9077953189,0
3,A461,1,0,-1,15859.6362855869,10859.6362855869,0
3,A461,1,0,0,12314.3096288042,7314.30962880423,0
3,A461,1,0,1,15866.8327071604,10866.8327071604,0
3,A461,1,1,-1,18745.3413304438,13745.3413304438,0
3,A461,1,1,0,15858.8139568444,10858.8139568444,0
3,A461,1,1,1,18751.4303091993,13751.4303091993,0
3,A462,-1,-1,-1,18251.3674169963,13251.3674169963,0
3,A462,-1,-1,0,14750.4803132729,9750.48031327295,0
3,A462,-1,-1,1,17379.3246806173,12379.3246806173,0
3,A462,-1,0,-1,13488.4159988727,8488.4159988727,0
3,A462,-1,0,0,8148.7191042952,3148.7191042952,0
3,A462,-1,0,1,12282.7472465555,7282.74724655547,0
3,A462,-1,1,-1,15190.8630343078,10190.8630343078,0
3,A462,-1,1,0,10734.364285283,5734.36428528296,0
3,A462,-1,1,1,14131.2007094662,9131.20070946623,0
3,A462,0,-1,-1,16708.1733165828,11708.1733165828,0
3,A462,0,-1,0,12791.6891949043,7791.68919490426,0
3,A462,0,-1,1,15750.9228091909,10750.9228091909,0
3,A462,0,0,-1,11313.178560662,6313.17856066202,0
3,A462,0,0,0,3528.7768458041,-1471.2231541959,0
3,A462,0,0,1,9844.61898244638,4844.61898244638,0
3,A462,0,1,-1,13297.1035460312,8297.1035460312,0
3,A462,0,1,0,7827.97672428425,2827.97672428425,0
3,A462,0,1,1,12072.3434542758,7072.34345427583,0
3,A462,1,-1,-1,20620.7104282017,15620.7104282017,0
3,A462,1,-1,0,17597.6690344434,12597.6690344434,0
3,A462,1,-1,1,19853.0151948733,14853.0151948733,0
3,A462,1,0,-1,16554.1128464258,11554.1128464258,0
3,A462,1,0,0,12589.7938431994,7589.79384319937,0
3,A462,1,0,1,15587.4040781755,10587.4040781755,0
3,A462,1,1,-1,17968.4057640252,12968.4057640252,0
3,A462,1,1,0,14398.8840742161,9398.88407421608,0
3,A462,1,1,1,17081.9237635804,12081.9237635804,0
3,A463,-1,-1,-1,16832.3167653254,11832.3167653254,0
3,A463,-1,-1,0,12969.9024872611,7969.90248726112,0
3,A463,-1,-1,1,15909.4265569149,10909.4265569149,0
3,A463,-1,0,-1,13250.3708081756,8250.37080817564,0
3,A463,-1,0,0,7775.84782483305,2775.84782483305,0
3,A463,-1,0,1,12056.3382598436,7056.33825984361,0
3,A463,-1,1,-1,16365.1387229089,11365.1387229089,0
3,A463,-1,1,0,12357.5583454362,7357.55834543619,0
3,A463,-1,1,1,15414.3028094581,10414.3028094581,0
3,A463,0,-1,-1,15124.151007874,10124.151007874,0
3,A463,0,-1,0,10659.8042453783,5659.80424537828,0
3,A463,0,-1,1,14089.815803998,9089.81580399803,0
3,A463,0,0,-1,10999.3355515175,5999.33555151745,0
3,A463,0,0,0,2424.22470404117,-2575.77529595883,0
3,A463,0,0,1,9527.2424266674,4527.2424266674,0
3,A463,0,1,-1,14602.4251903844,9602.42519038445,0
3,A463,0,1,0,9905.67030955413,4905.67030955413,0
3,A463,0,1,1,13528.2588355778,8528.25883557784,0
3,A463,1,-1,-1,19343.0349151755,14343.0349151755,0
3,A463,1,-1,0,16094.8588863186,11094.8588863186,0
3,A463,1,-1,1,18545.5106538298,13545.5106538298,0
3,A463,1,0,-1,16321.7167784396,11321.7167784396,0
3,A463,1,0,0,12299.9968063576,7299.99680635756,0
3,A463,1,0,1,15368.1945679125,10368.1945679125,0
3,A463,1,1,-1,18937.8952753863,13937.8952753863,0
3,A463,1,1,0,15605.6195103656,10605.6195103656,0
3,A463,1,1,1,18122.5506798329,13122.5506798329,0
3,A464,-1,-1,-1,16673.609967348,11673.609967348,0
3,A464,-1,-1,0,13752.9805152082,8752.98051520822,0
3,A464,-1,-1,1,17328.5797675444,12328.5797675444,0
3,A464,-1,0,-1,12284.2887867976,7284.28878679761,0
3,A464,-1,0,0,7876.48111188573,2876.48111188573,0
3,A464,-1,0,1,13159.5652821187,8159.5652821187,0
3,A464,-1,1,-1,14959.887454511,9959.88745451105,0
3,A464,-1,1,0,11616.0852424596,6616.08524245962,0
3,A464,-1,1,1,15686.5751542056,10686.5751542056,0
3,A464,0,-1,-1,14940.8556406935,9940.85564069352,0
3,A464,0,-1,0,11591.5646478159,6591.56464781587,0
3,A464,0,-1,1,15668.426043893,10668.426043893,0
3,A464,0,0,-1,9804.2668736749,4804.2668736749,0
3,A464,0,0,0,2694.22579578813,-2305.77420421187,0
3,A464,0,0,1,10880.90328728,5880.90328728003,0
3,A464,0,1,-1,13000.6973114689,8000.6973114689,0
3,A464,0,1,0,8952.83945421149,3952.83945421149,0
3,A464,0,1,1,13830.7099601335,8830.70996013354,0
3,A464,1,-1,-1,19195.027095809,14195.027095809,0
3,A464,1,-1,0,16720.773574129,11720.773574129,0
3,A464,1,-1,1,19766.6252209562,14766.6252209562,0
3,A464,1,0,-1,15535.2356552141,10535.2356552141,0
3,A464,1,0,0,12348.2286410435,7348.22864104353,0
3,A464,1,0,1,16236.1927273588,11236.1927273588,0
3,A464,1,1,-1,17726.7602374837,12726.7602374837,0
3,A464,1,1,0,15012.43591912,10012.43591912,0
3,A464,1,1,1,18344.1662643505,13344.1662643505,0
3,A465,-1,-1,-1,16565.4813574073,11565.4813574073,0
3,A465,-1,-1,0,12856.1788366453,7856.17883664531,0
3,A465,-1,-1,1,16004.6085849359,11004.6085849359,0
3,A465,-1,0,-1,13618.4545785257,8618.45457852573,0
3,A465,-1,0,0,8736.61643799052,3736.61643799052,0
3,A465,-1,0,1,12930.3761918114,7930.37619181143,0
3,A465,-1,1,-1,17219.4493992151,12219.4493992151,0
3,A465,-1,1,0,13688.5207122364,8688.52071223642,0
3,A465,-1,1,1,16680.5803546077,11680.5803546077,0
3,A465,0,-1,-1,14151.7412977462,9151.74129774619,0
3,A465,0,-1,0,9546.61947683747,4546.61947683747,0
3,A465,0,-1,1,13490.8897079744,8490.88970797442,0
3,A465,0,0,-1,10550.7778984819,5550.77789848191,0
3,A465,0,0,0,1478.20023687318,-3521.79976312682,0
3,A465,0,0,1,9646.30694190733,4646.30694190733,0
3,A465,0,1,-1,14911.9430916247,9911.9430916247,0
3,A465,0,1,0,10641.0623738916,5641.06237389159,0
3,A465,0,1,1,14286.3000851252,9286.30008512522,0
3,A465,1,-1,-1,18059.0251927966,13059.0251927966,0
3,A465,1,-1,0,14730.7349643953,9730.7349643953,0
3,A465,1,-1,1,17545.9600554788,12545.9600554788,0
3,A465,1,0,-1,15400.5039988573,10400.5039988573,0
3,A465,1,0,0,11315.5505874004,6315.55058740041,0
3,A465,1,0,1,14795.5346903454,9795.53469034544,0
3,A465,1,1,-1,18660.7249570744,13660.7249570744,0
3,A465,1,1,0,15462.4971334121,10462.4971334121,0
3,A465,1,1,1,18164.662927728,13164.662927728,0
3,A466,-1,-1,-1,16411.2511527115,11411.2511527115,0
3,A466,-1,-1,0,12685.3181790936,7685.31817909364,0
3,A466,-1,-1,1,15890.4194473372,10890.4194473372,0
3,A466,-1,0,-1,12991.9146000896,7991.91460008958,0
3,A466,-1,0,0,7770.32675525873,2770.32675525873,0
3,A466,-1,0,1,12327.4535404097,7327.45354040966,0
3,A466,-1,1,-1,16378.3553983502,11378.3553983502,0
3,A466,-1,1,0,12642.7314478374,7642.73144783737,0
3,A466,-1,1,1,15856.4432130792,10856.4432130792,0
3,A466,0,-1,-1,14633.9124248385,9633.91242483849,0
3,A466,0,-1,0,10282.9726132725,5282.97261327246,0
3,A466,0,-1,1,14047.336355081,9047.336355081,0
3,A466,0,0,-1,10658.896445528,5658.89644552796,0
3,A466,0,0,0,2280.39609365513,-2719.60390634487,0
3,A466,0,0,1,9838.1064870953,4838.1064870953,0
3,A466,0,1,-1,14597.0118180104,9597.01181801038,0
3,A466,0,1,0,10230.3903602259,5230.39036022593,0
3,A466,0,1,1,14008.8907423134,9008.89074231335,0
3,A466,1,-1,-1,18946.599201923,13946.599201923,0
3,A466,1,-1,0,15829.1425612943,10829.1425612943,0
3,A466,1,-1,1,18497.294048948,13497.294048948,0
3,A466,1,0,-1,16075.891947166,11075.891947166,0
3,A466,1,0,0,12248.3645767272,7248.36457672719,0
3,A466,1,0,1,15543.8273186463,10543.8273186463,0
3,A466,1,1,-1,18918.1125505586,13918.1125505586,0
3,A466,1,1,0,15795.0345166787,10795.0345166787,0
3,A466,1,1,1,18468.1143674859,13468.1143674859,0
3,A467,-1,-1,-1,20146.1802905519,15146.1802905519,0
3,A467,-1,-1,0,16891.1089731575,11891.1089731575,0
3,A467,-1,-1,1,19098.4435069128,14098.4435069128,0
3,A467,-1,0,-1,14929.8431731922,9929.84317319222,0
3,A467,-1,0,0,10116.3827141807,5116.38271418071,0
3,A467,-1,0,1,13482.6622468797,8482.66224687967,0
3,A467,-1,1,-1,15489.733827694,10489.733827694,0
3,A467,-1,1,0,10925.7876648079,5925.78766480787,0
3,A467,-1,1,1,14100.1353943899,9100.13539438993,0
3,A467,0,-1,-1,17957.8279066116,12957.8279066116,0
3,A467,0,-1,0,14210.0163675887,9210.01636758875,0
3,A467,0,-1,1,16773.9544297342,11773.9544297342,0
3,A467,0,0,-1,11811.6561074294,6811.65610742938,0
3,A467,0,0,0,4353.87207481267,-646.127925187327,0
3,A467,0,0,1,9919.53547740486,4919.53547740486,0
3,A467,0,1,-1,12511.8686404896,7511.86864048961,0
3,A467,0,1,0,5998.98649111058,998.986491110578,0
3,A467,0,1,1,10743.7805712974,5743.78057129739,0
3,A467,1,-1,-1,20954.6793329686,15954.6793329686,0
3,A467,1,-1,0,17847.6768233627,12847.6768233627,0
3,A467,1,-1,1,19949.4498679753,14949.4498679753,0
3,A467,1,0,-1,16004.0689458723,11004.0689458723,0
3,A467,1,0,0,11643.5048360832,6643.50483608321,0
3,A467,1,0,1,14663.2938629611,9663.29386296111,0
3,A467,1,1,-1,16527.6090134335,11527.6090134335,0
3,A467,1,1,0,12353.2522739798,7353.25227397978,0
3,A467,1,1,1,15232.9847301258,10232.9847301258,0
3,A468,-1,-1,-1,20663.3251359493,15663.3251359493,0
3,A468,-1,-1,0,15224.709741114,10224.709741114,0
3,A468,-1,-1,1,15382.150946093,10382.150946093,0
3,A468,-1,0,-1,17382.721205027,12382.721205027,0
3,A468,-1,0,0,10343.0062128432,5343.0062128432,0
3,A468,-1,0,1,10573.3891702769,5573.38917027694,0
3,A468,-1,1,-1,19425.3696826968,14425.3696826968,0
3,A468,-1,1,0,13496.8058568186,8496.80585681862,0
3,A468,-1,1,1,13674.1562578417,8674.15625784165,0
3,A468,0,-1,-1,18574.0471668143,13574.0471668143,0
3,A468,0,-1,0,12239.8533153898,7239.85331538984,0
3,A468,0,-1,1,12435.1433529926,7435.14335299261,0
3,A468,0,0,-1,14838.5046070277,9838.50460702774,0
3,A468,0,0,0,5000,1.81898940354586e-12,1
3,A468,0,0,1,5460.65756362882,460.657563628817,0
3,A468,0,1,-1,17186.2506030409,12186.2506030409,0
3,A468,0,1,0,10009.2952208305,5009.29522083051,0
3,A468,0,1,1,10247.1836055063,5247.1836055063,0
3,A468,1,-1,-1,21517.8402874482,16517.8402874482,0
3,A468,1,-1,0,16365.7029077075,11365.7029077075,0
3,A468,1,-1,1,16512.2685507038,11512.2685507038,0
3,A468,1,0,-1,18390.3083566826,13390.3083566826,0
3,A468,1,0,0,11959.1898756181,6959.18987561812,0
3,A468,1,0,1,12158.9885890358,7158.98858903583,0
3,A468,1,1,-1,20331.9805299831,15331.9805299831,0
3,A468,1,1,0,14771.8723694333,9771.87236943331,0
3,A468,1,1,1,14934.0883326048,9934.08833260484,0
3,A469,-1,-1,-1,16739.6448092281,11739.6448092281,0
3,A469,-1,-1,0,13024.9749887282,8024.97498872815,0
3,A469,-1,-1,1,16096.0938918382,11096.0938918382,0
3,A469,-1,0,-1,13116.0075180098,8116.00751800982,0
3,A469,-1,0,0,7839.89274992764,2839.89274992764,0
3,A469,-1,0,1,12284.0621721093,7284.06217210926,0
3,A469,-1,1,-1,16243.2631600262,11243.2631600262,0
3,A469,-1,1,0,12380.5437361912,7380.54373619115,0
3,A469,-1,1,1,15579.2210434803,10579.2210434803,0
3,A469,0,-1,-1,14966.2474439816,9966.24744398165,0
3,A469,0,-1,0,10650.015383668,5650.01538366799,0
3,A469,0,-1,1,14242.790905937,9242.79090593704,0
3,A469,0,0,-1,10761.1573461158,5761.15734611576,0
3,A469,0,0,0,2288.39955989747,-2711.60044010253,0
3,A469,0,0,1,9729.90429879024,4729.90429879024,0
3,A469,0,1,-1,14408.9018423069,9408.9018423069,0
3,A469,0,1,0,9851.4322521709,4851.4322521709,0
3,A469,0,1,1,13655.9504442932,8655.95044429317,0
3,A469,1,-1,-1,19177.1065797179,14177.1065797179,0
3,A469,1,-1,0,16037.3215309707,11037.3215309707,0
3,A469,1,-1,1,18618.0006178326,13618.0006178326,0
3,A469,1,0,-1,16111.3426393716,11111.3426393716,0
3,A469,1,0,0,12206.9499368642,7206.94993686424,0
3,A469,1,0,1,15441.6285371391,10441.6285371391,0
3,A469,1,1,-1,18745.3809381566,13745.3809381566,0
3,A469,1,1,0,15518.4912808715,10518.4912808715,0
3,A469,1,1,1,18172.9974619588,13172.9974619588,0
3,A470,-1,-1,-1,16782.7549469776,11782.7549469776,0
3,A470,-1,-1,0,12960.890446823,7960.89044682299,0
3,A470,-1,-1,1,15947.052979745,10947.052979745,0
3,A470,-1,0,-1,13256.3221790435,8256.32217904352,0
3,A470,-1,0,0,7877.42948421925,2877.42948421925,0
3,A470,-1,0,1,12181.0390707481,7181.03907074813,0
3,A470,-1,1,-1,16425.5682342773,11425.5682342773,0
3,A470,-1,1,0,12494.9233444286,7494.92334442857,0
3,A470,-1,1,1,15570.7073361293,10570.7073361293,0
3,A470,0,-1,-1,14993.9680314496,9993.96803144956,0
3,A470,0,-1,0,10542.4330632154,5542.43306321539,0
3,A470,0,-1,1,14052.2849550037,9052.28495500368,0
3,A470,0,0,-1,10903.5907586644,5903.59075866436,0
3,A470,0,0,0,2283.00437946937,-2716.99562053063,0
3,A470,0,0,1,9567.44096197735,4567.44096197735,0
3,A470,0,1,-1,14593.0636103846,9593.06361038456,0
3,A470,0,1,0,9964.00135994448,4964.00135994448,0
3,A470,0,1,1,13623.6977603447,8623.6977603447,0
3,A470,1,-1,-1,19182.7341910886,14182.7341910886,0
3,A470,1,-1,0,15946.8212697768,10946.8212697768,0
3,A470,1,-1,1,18456.0268252528,13456.0268252528,0
3,A470,1,0,-1,16187.8505413863,11187.8505413863,0
3,A470,1,0,0,12180.7357213966,7180.73572139655,0
3,A470,1,0,1,15319.7304244804,10319.7304244804,0
3,A470,1,1,-1,18871.0285690674,13871.0285690674,0
3,A470,1,1,0,15570.4700256224,10570.4700256224,0
3,A470,1,1,1,18131.8326261592,13131.8326261592,0
3,A471,-1,-1,-1,15283.2466445856,10283.2466445856,0
3,A471,-1,-1,0,12591.0110344277,7591.01103442771,0
3,A471,-1,-1,1,16837.146128098,11837.146128098,0
3,A471,-1,0,-1,11812.5490255069,6812.54902550689,0
3,A471,-1,0,0,8030.70640416195,3030.70640416195,0
3,A471,-1,0,1,13764.0174447612,8764.01744476124,0
3,A471,-1,1,-1,15668.2800894282,10668.2800894282,0
3,A471,-1,1,0,13055.6858046835,8055.68580468354,0
3,A471,-1,1,1,17187.4041873827,12187.4041873827,0
3,A471,0,-1,-1,13229.7422098012,8229.74220980118,0
3,A471,0,-1,0,9999.10044992244,4999.10044992244,0
3,A471,0,-1,1,14997.9312132535,9997.93121325349,0
3,A471,0,0,-1,8999.15359456447,3999.15359456447,0
3,A471,0,0,0,2437.3543625018,-2562.6456374982,0
3,A471,0,0,1,11441.0063874753,6441.0063874753,0
3,A471,0,1,-1,13672.726571512,8672.72657151199,0
3,A471,0,1,0,10578.2504588034,5578.25045880338,0
3,A471,0,1,1,15390.1044063716,10390.1044063716,0
3,A471,1,-1,-1,17789.7310231592,12789.7310231592,0
3,A471,1,-1,0,15538.032718018,10538.032718018,0
3,A471,1,-1,1,19141.2223124868,14141.2223124868,0
3,A471,1,0,-1,14914.1951293766,9914.19512937663,0
3,A471,1,0,0,12140.3932072633,7140.39320726332,0
3,A471,1,0,1,16502.8809029457,11502.8809029457,0
3,A471,1,1,-1,18121.5866534332,13121.5866534332,0
3,A471,1,1,0,15916.9040239531,10916.9040239531,0
3,A471,1,1,1,19450.0325083938,14450.0325083938,0
3,A472,-1,-1,-1,18407.1327126173,13407.1327126173,0
3,A472,-1,-1,0,15455.1348121604,10455.1348121604,0
3,A472,-1,-1,1,18409.2327223108,13409.2327223108,0
3,A472,-1,0,-1,13186.7042877773,8186.70428777729,0
3,A472,-1,0,0,8598.12929278399,3598.12929278399,0
3,A472,-1,0,1,13189.6355028324,8189.63550283238,0
3,A472,-1,1,-1,14455.3037064831,9455.30370648307,0
3,A472,-1,1,0,10440.0413126007,5440.0413126007,0
3,A472,-1,1,1,14457.9777275716,9457.97772757156,0
3,A472,0,-1,-1,16720.9649043734,11720.9649043734,0
3,A472,0,-1,0,13402.5864927421,8402.58649274212,0
3,A472,0,-1,1,16723.2766543396,11723.2766543396,0
3,A472,0,0,-1,10707.8150248623,5707.81502486229,0
3,A472,0,0,0,3833.53100532821,-1166.46899467179,0
3,A472,0,0,1,10711.4246172467,5711.42461724671,0
3,A472,0,1,-1,12236.1733348317,7236.17333483168,0
3,A472,0,1,0,7054.26078637527,2054.26078637527,0
3,A472,0,1,1,12239.3321960121,7239.33219601208,0
3,A472,1,-1,-1,20502.6534859923,15502.6534859923,0
3,A472,1,-1,0,17899.6496426275,12899.6496426275,0
3,A472,1,-1,1,20504.5388802324,15504.5388802324,0
3,A472,1,0,-1,15982.0347653248,10982.0347653248,0
3,A472,1,0,0,12468.524074733,7468.52407473296,0
3,A472,1,0,1,15984.4533833454,10984.4533833454,0
3,A472,1,1,-1,17043.8279301754,12043.8279301754,0
3,A472,1,1,0,13803.2868504416,8803.28685044162,0
3,A472,1,1,1,17046.0958943014,12046.0958943014,0
3,A473,-1,-1,-1,18145.0395701048,13145.0395701048,0
3,A473,-1,-1,0,15073.2986103042,10073.2986103042,0
3,A473,-1,-1,1,18032.365374241,13032.365374241,0
3,A473,-1,0,-1,13907.7255376546,8907.72553765459,0
3,A473,-1,0,0,9559.63909493757,4559.63909493757,0
3,A473,-1,0,1,13760.3985996114,8760.39859961142,0
3,A473,-1,1,-1,16050.1463625972,11050.1463625972,0
3,A473,-1,1,0,12472.7329906288,7472.73299062881,0
3,A473,-1,1,1,15922.6548744312,10922.6548744312,0
3,A473,0,-1,-1,15538.5231200894,10538.5231200894,0
3,A473,0,-1,0,11807.0983204292,6807.09832042922,0
3,A473,0,-1,1,15406.798523477,10406.798523477,0
3,A473,0,0,-1,10277.5517212814,5277.55172128143,0
3,A473,0,0,0,1894.71353463894,-3105.28646536106,0
3,A473,0,0,1,10077.2917677853,5077.29176778528,0
3,A473,0,1,-1,13031.1334124732,8031.13341247324,0
3,A473,0,1,0,8232.39382005048,3232.39382005048,0
3,A473,0,1,1,12873.778699478,7873.77869947804,0
3,A473,1,-1,-1,18805.5561073433,13805.5561073433,0
3,A473,1,-1,0,15862.244812799,10862.244812799,0
3,A473,1,-1,1,18696.8628517165,13696.8628517165,0
3,A473,1,0,-1,14759.1093612216,9759.10936122164,0
3,A473,1,0,0,10760.723912973,5760.72391297301,0
3,A473,1,0,1,14620.3641926581,9620.36419265807,0
3,A473,1,1,-1,16793.2628683815,11793.2628683815,0
3,A473,1,1,0,13415.4965529156,8415.49655291561,0
3,A473,1,1,1,16671.4551781187,11671.4551781187,0
3,A474,-1,-1,-1,16987.2755541577,11987.2755541577,0
3,A474,-1,-1,0,13366.3936934487,8366.39369344874,0
3,A474,-1,-1,1,16393.7009239417,11393.7009239417,0
3,A474,-1,0,-1,14202.066938776,9202.06693877597,0
3,A474,-1,0,0,9580.79615422718,4580.79615422718,0
3,A474,-1,0,1,13486.460045699,8486.46004569899,0
3,A474,-1,1,-1,17743.4461115664,12743.4461115664,0
3,A474,-1,1,0,14315.125899881,9315.12589988095,0
3,A474,-1,1,1,17176.0233798404,12176.0233798404,0
3,A474,0,-1,-1,14059.1235231624,9059.1235231624,0
3,A474,0,-1,0,9367.59861730418,4367.59861730418,0
3,A474,0,-1,1,13335.8484345879,8335.84843458788,0
3,A474,0,0,-1,10525.6889950315,5525.68899503147,0
3,A474,0,0,0,939.722531126788,-4060.27746887321,0
3,A474,0,0,1,9538.13545987307,4538.13545987307,0
3,A474,0,1,-1,14964.000247284,9964.00024728397,0
3,A474,0,1,0,10677.7456898025,5677.74568980248,0
3,A474,0,1,1,14286.6092069279,9286.60920692788,0
3,A474,1,-1,-1,17514.2906715114,12514.2906715114,0
3,A474,1,-1,0,14030.086505135,9030.08650513503,0
3,A474,1,-1,1,16939.1935155412,11939.1935155412,0
3,A474,1,0,-1,14828.4035656837,9828.40356568365,0
3,A474,1,0,0,10486.8728380848,5486.87283808478,0
3,A474,1,0,1,14144.520194674,9144.52019467402,0
3,A474,1,1,-1,18248.6363021287,13248.6363021287,0
3,A474,1,1,0,14936.7224149995,9936.7224149995,0
3,A474,1,1,1,17697.4186286625,12697.4186286625,0
3,A475,-1,-1,-1,17959.6175584949,12959.6175584949,0
3,A475,-1,-1,0,14387.4957105476,9387.49571054764,0
3,A475,-1,-1,1,17071.9712627058,12071.9712627058,0
3,A475,-1,0,-1,14625.4264105251,9625.4264105251,0
3,A475,-1,0,0,9917.42243041572,4917.42243041572,0
3,A475,-1,0,1,13520.6300754418,8520.63007544177,0
3,A475,-1,1,-1,17471.6436700149,12471.6436700149,0
3,A475,-1,1,0,13773.5435711221,8773.5435711221,0
3,A475,-1,1,1,16557.8583300869,11557.8583300869,0
3,A475,0,-1,-1,14999.9593376387,9999.95933763869,0
3,A475,0,-1,0,10461.8808110417,5461.88081104166,0
3,A475,0,-1,1,13924.9100563727,8924.91005637269,0
3,A475,0,0,-1,10786.7518268059,5786.75182680589,0
3,A475,0,0,0,897.878024415251,-4102.12197558475,0
3,A475,0,0,1,9233.54508952848,4233.54508952848,0
3,A475,0,1,-1,14412.1216278307,9412.12162783073,0
3,A475,0,1,0,9600.07394705968,4600.07394705968,0
3,A475,0,1,1,13289.6045751046,8289.60457510462,0
3,A475,1,-1,-1,18095.5712099461,13095.5712099461,0
3,A475,1,-1,0,14556.8495007628,9556.84950076275,0
3,A475,1,-1,1,17214.9364611515,12214.9364611515,0
3,A475,1,0,-1,14792.0563903913,9792.05639039127,0
3,A475,1,0,0,10161.5501883395,5161.55018833952,0
3,A475,1,0,1,13700.7033470465,8700.70334704648,0
3,A475,1,1,-1,17611.3647142634,12611.3647142634,0
3,A475,1,1,0,13950.3525787856,8950.35257878556,0
3,A475,1,1,1,16705.2239448041,11705.2239448041,0
3,A476,-1,-1,-1,17995.2897204321,12995.2897204321,0
3,A476,-1,-1,0,16660.1702968025,11660.1702968025,0
3,A476,-1,-1,1,20767.5731975267,15767.5731975267,0
3,A476,-1,0,-1,12263.0267285571,7263.02672855714,0
3,A476,-1,0,0,10203.5604933512,5203.56049335124,0
3,A476,-1,0,1,16057.5050657831,11057.5050657831,0
3,A476,-1,1,-1,13301.6238470469,8301.62384704687,0
3,A476,-1,1,0,11430.836328305,6430.836328305,0
3,A476,-1,1,1,16864.0102395803,11864.0102395803,0
3,A476,0,-1,-1,15529.7798705807,10529.7798705807,0
3,A476,0,-1,0,13960.8339659515,8960.83396595154,0
3,A476,0,-1,1,18671.7890739221,13671.7890739221,0
3,A476,0,0,-1,8229.54647910282,3229.54647910282,0
3,A476,0,0,0,4632.08996543516,-367.910034564844,0
3,A476,0,0,1,13235.8256124828,8235.82561248283,0
3,A476,0,1,-1,9709.62448680342,4709.62448680342,0
3,A476,0,1,0,6928.75384689802,1928.75384689802,0
3,A476,0,1,1,14203.4661990331,9203.46619903309,0
3,A476,1,-1,-1,18934.5629348845,13934.5629348845,0
3,A476,1,-1,0,17670.5544828472,12670.5544828472,0
3,A476,1,-1,1,21586.5541003525,16586.5541003525,0
3,A476,1,0,-1,13604.0084518542,8604.0084518542,0
3,A476,1,0,0,11781.3355844867,6781.33558448667,0
3,A476,1,0,1,17103.5285935524,12103.5285935524,0
3,A476,1,1,-1,14547.1790523503,9547.1790523503,0
3,A476,1,1,0,12858.8973313154,7858.89733131542,0
3,A476,1,1,1,17862.8682683796,12862.8682683796,0
3,A477,-1,-1,-1,16139.8666745857,11139.8666745857,0
3,A477,-1,-1,0,12752.9224373056,7752.92243730564,0
3,A477,-1,-1,1,16272.0240016559,11272.0240016559,0
3,A477,-1,0,-1,12859.040594546,7859.04059454598,0
3,A477,-1,0,0,8215.63505948956,3215.63505948956,0
3,A477,-1,0,1,13024.5304655963,8024.53046559631,0
3,A477,-1,1,-1,16438.2040914134,11438.2040914134,0
3,A477,-1,1,0,13128.4533807107,8128.4533807107,0
3,A477,-1,1,1,16567.981850184,11567.981850184,0
3,A477,0,-1,-1,14009.5838154304,9009.58381543045,0
3,A477,0,-1,0,9920.1901745936,4920.1901745936,0
3,A477,0,-1,1,14161.635058094,9161.63505809396,0
3,A477,0,0,-1,10056.24519492,5056.24519491998,0
3,A477,0,0,0,1808.25933949856,-3191.74066050144,0
3,A477,0,0,1,10267.0120413593,5267.01204135928,0
3,A477,0,1,-1,14352.2714634002,9352.2714634002,0
3,A477,0,1,0,10398.5302123744,5398.53021237445,0
3,A477,0,1,1,14500.7298090888,9500.72980908881,0
3,A477,1,-1,-1,18222.0081519502,13222.0081519502,0
3,A477,1,-1,0,15303.0492225658,10303.0492225658,0
3,A477,1,-1,1,18339.1671001386,13339.1671001386,0
3,A477,1,0,-1,15391.5954283018,10391.5954283018,0
3,A477,1,0,0,11791.6472236517,6791.64722365173,0
3,A477,1,0,1,15530.1216564966,10530.1216564966,0
3,A477,1,1,-1,18486.7746934748,13486.7746934748,0
3,A477,1,1,0,15617.3804777189,10617.3804777189,0
3,A477,1,1,1,18602.2661900201,13602.2661900201,0
3,A478,-1,-1,-1,15352.1305520068,10352.1305520068,0
3,A478,-1,-1,0,12312.2997451115,7312.29974511152,0
3,A478,-1,-1,1,16355.3519540573,11355.3519540573,0
3,A478,-1,0,-1,12396.2686054425,7396.2686054425,0
3,A478,-1,0,0,8341.00041157493,3341.00041157493,0
3,A478,-1,0,1,13618.9977749285,8618.99777492848,0
3,A478,-1,1,-1,16481.7183021279,11481.7183021279,0
3,A478,-1,1,0,13694.9571272901,8694.95712729006,0
3,A478,-1,1,1,17420.0075558516,12420.0075558516,0
3,A478,0,-1,-1,13061.5478631348,8061.54786313483,0
3,A478,0,-1,0,9301.01312269668,4301.01312269668,0
3,A478,0,-1,1,14227.2153858789,9227.21538587891,0
3,A478,0,0,-1,9411.88585955981,4411.88585955981,0
3,A478,0,0,0,2118.58631190606,-2881.41368809394,0
3,A478,0,0,1,10972.3844486333,5972.38444863328,0
3,A478,0,1,-1,14372.3052530136,9372.30525301358,0
3,A478,0,1,0,11066.5247848372,6066.52478483717,0
3,A478,0,1,1,15439.3258706794,10439.3258706794,0
3,A478,1,-1,-1,17479.1347805338,12479.1347805338,0
3,A478,1,-1,0,14880.3550093295,9880.35500932953,0
3,A478,1,-1,1,18366.5396232195,13366.5396232195,0
3,A478,1,0,-1,14949.9068735723,9949.90687357231,0
3,A478,1,0,0,11806.9694696013,6806.96946960135,0
3,A478,1,0,1,15978.4023163679,10978.4023163679,0
3,A478,1,1,-1,18479.1579456669,13479.1579456669,0
3,A478,1,1,0,16043.194535644,11043.194535644,0
3,A478,1,1,1,19320.6858945569,14320.6858945569,0
3,A479,-1,-1,-1,16090.8958856813,11090.8958856813,0
3,A479,-1,-1,0,12386.4101194505,7386.4101194505,0
3,A479,-1,-1,1,15745.7734294196,10745.7734294196,0
3,A479,-1,0,-1,13255.1902801688,8255.19028016878,0
3,A479,-1,0,0,8378.91965630838,3378.91965630838,0
3,A479,-1,0,1,12834.037550602,7834.03755060196,0
3,A479,-1,1,-1,17102.1404602794,12102.1404602794,0
3,A479,-1,1,0,13674.4079786482,8674.40797864815,0
3,A479,-1,1,1,16777.8323632675,11777.8323632675,0
3,A479,0,-1,-1,13866.2039092392,8866.2039092392,0
3,A479,0,-1,0,9315.46220517214,4315.46220517214,0
3,A479,0,-1,1,13464.1769647974,8464.1769647974,0
3,A479,0,0,-1,10442.9282201998,5442.92822019982,0
3,A479,0,0,0,1887.05459794778,-3112.94540205222,0
3,A479,0,0,1,9902.88848261082,4902.88848261082,0
3,A479,0,1,-1,15027.9036718995,10027.9036718995,0
3,A479,0,1,0,10970.1464901468,5970.14649014684,0
3,A479,0,1,1,14657.7740212718,9657.77402127183,0
3,A479,1,-1,-1,18045.118212452,13045.118212452,0
3,A479,1,-1,0,14836.8634335144,9836.86343351436,0
3,A479,1,-1,1,17738.0591325022,12738.0591325022,0
3,A479,1,0,-1,15569.5032117602,10569.5032117602,0
3,A479,1,0,0,11701.0963377113,6701.09633771129,0
3,A479,1,0,1,15212.5566801833,10212.5566801833,0
3,A479,1,1,-1,18952.3763475891,13952.3763475891,0
3,A479,1,1,0,15927.9249892773,10927.9249892773,0
3,A479,1,1,1,18660.2524020292,13660.2524020292,0
3,A480,-1,-1,-1,16602.0653457097,11602.0653457097,0
3,A480,-1,-1,0,13965.0675469832,8965.06754698315,0
3,A480,-1,-1,1,17731.8258913286,12731.8258913286,0
3,A480,-1,0,-1,12352.3604282017,7352.36042820167,0
3,A480,-1,0,0,8483.82849878463,3483.82849878463,0
3,A480,-1,0,1,13833.65041648,8833.65041648003,0
3,A480,-1,1,-1,15150.3479350539,10150.3479350539,0
3,A480,-1,1,0,12203.5888328712,7203.58883287119,0
3,A480,-1,1,1,16380.5408412044,11380.5408412044,0
3,A480,0,-1,-1,14444.6240931684,9444.62409316841,0
3,A480,0,-1,0,11315.5513803583,6315.55138035832,0
3,A480,0,-1,1,15730.1061944959,10730.1061944959,0
3,A480,0,0,-1,9251.99435786304,4251.99435786304,0
3,A480,0,0,0,2234.71193815159,-2765.28806184841,0
3,A480,0,0,1,11152.9581410093,6152.95814100927,0
3,A480,0,1,-1,12749.5738753465,7749.57387534649,0
3,A480,0,1,0,9052.41248792306,4052.41248792306,0
3,A480,0,1,1,14189.4576957716,9189.45769577165,0
3,A480,1,-1,-1,18484.2028944358,13484.2028944358,0
3,A480,1,-1,0,16157.3603813016,11157.3603813016,0
3,A480,1,-1,1,19505.2514041692,14505.2514041692,0
3,A480,1,0,-1,14785.736067158,9785.73606715798,0
3,A480,1,0,0,11747.8733776052,6747.87337760517,0
3,A480,1,0,1,16043.9105814272,11043.9105814272,0
3,A480,1,1,-1,17192.1559279994,12192.1559279994,0
3,A480,1,1,0,14661.6766879246,9661.67668792463,0
3,A480,1,1,1,18285.4942823491,13285.4942823491,0
3,A481,-1,-1,-1,15779.5159520747,10779.5159520747,0
3,A481,-1,-1,0,13006.3267994336,8006.32679943355,0
3,A481,-1,-1,1,17009.8780108956,12009.8780108956,0
3,A481,-1,0,-1,12281.2054733733,7281.20547337335,0
3,A481,-1,0,0,8426.11541643598,3426.11541643598,0
3,A481,-1,0,1,13826.454142078,8826.45414207796,0
3,A481,-1,1,-1,15895.3732915164,10895.3732915164,0
3,A481,-1,1,0,13146.6461581856,8146.64615818562,0
3,A481,-1,1,1,17117.4098023159,12117.4098023159,0
3,A481,0,-1,-1,13479.3341510731,8479.33415107312,0
3,A481,0,-1,0,10092.7628669344,5092.76286693444,0
3,A481,0,-1,1,14900.848144319,9900.84814431901,0
3,A481,0,0,-1,9139.32893344597,4139.32893344597,0
3,A481,0,0,0,1923.21254301424,-3076.78745698576,0
3,A481,0,0,1,11129.6971934322,6129.69719343217,0
3,A481,0,1,-1,13614.7793794523,8614.77937945229,0
3,A481,0,1,0,10272.9562776761,5272.95627767606,0
3,A481,0,1,1,15023.4830786648,10023.4830786648,0
3,A481,1,-1,-1,17731.0962613932,12731.0962613932,0
3,A481,1,-1,0,15315.4558457356,10315.4558457356,0
3,A481,1,-1,1,18834.3994036062,13834.3994036062,0
3,A481,1,0,-1,14704.6475247872,9704.64752478718,0
3,A481,1,0,0,11678.9585135026,6678.95851350259,0
3,A481,1,0,1,16017.7865228626,11017.7865228626,0
3,A481,1,1,-1,17834.2799974001,12834.2799974001,0
3,A481,1,1,0,15434.7969263464,10434.7969263464,0
3,A481,1,1,1,18931.5707031782,13931.5707031782,0
3,A482,-1,-1,-1,15842.0266773791,10842.0266773791,0
3,A482,-1,-1,0,12305.2465009117,7305.24650091167,0
3,A482,-1,-1,1,15870.3614845285,10870.3614845285,0
3,A482,-1,0,-1,13068.6148178369,8068.61481783693,0
3,A482,-1,0,0,8440.25920564019,3440.25920564019,0
3,A482,-1,0,1,13102.9484338374,8102.94843383736,0
3,A482,-1,1,-1,17047.2161148729,12047.2161148729,0
3,A482,-1,1,0,13822.3319113885,8822.3319113885,0
3,A482,-1,1,1,17073.5509390986,12073.5509390986,0
3,A482,0,-1,-1,13540.0406457844,8540.04064578439,0
3,A482,0,-1,0,9153.24985406278,4153.24985406278,0
3,A482,0,-1,1,13573.1818337598,8573.18183375981,0
3,A482,0,0,-1,10156.3568615763,5156.35686157631,0
3,A482,0,0,0,1897.59503084703,-3102.40496915297,0
3,A482,0,0,1,10200.4974928923,5200.49749289231,0
3,A482,0,1,-1,14932.1957096029,9932.1957096029,0
3,A482,0,1,0,11109.4442215302,6109.44422153018,0
3,A482,0,1,1,14962.2536107599,9962.25361075989,0
3,A482,1,-1,-1,17767.8246314003,12767.8246314003,0
3,A482,1,-1,0,14701.866355453,9701.86635545303,0
3,A482,1,-1,1,17793.0929445953,12793.0929445953,0
3,A482,1,0,-1,15346.4809041809,10346.4809041809,0
3,A482,1,0,0,11660.3498379678,6660.34983796785,0
3,A482,1,0,1,15375.7289435397,10375.7289435397,0
3,A482,1,1,-1,18850.2880655067,13850.2880655067,0
3,A482,1,1,0,15993.2061311668,10993.2061311668,0
3,A482,1,1,1,18874.1072518781,13874.1072518781,0
3,A483,-1,-1,-1,15712.7934795194,10712.7934795194,0
3,A483,-1,-1,0,15296.7056793024,10296.7056793024,0
3,A483,-1,-1,1,20520.3930359137,15520.3930359137,0
3,A483,-1,0,-1,10921.4204872522,5921.42048725221,0
3,A483,-1,0,0,10313.8136093565,5313.8136093565,0
3,A483,-1,0,1,17131.0267315687,12131.0267315687,0
3,A483,-1,1,-1,13844.2396681334,8844.23966813341,0
3,A483,-1,1,0,13370.1270636406,8370.12706364056,0
3,A483,-1,1,1,19127.4050358921,14127.4050358921,0
3,A483,0,-1,-1,12726.1808238011,7726.18082380113,0
3,A483,0,-1,0,12208.7265539555,7208.72655395552,0
3,A483,0,-1,1,18334.4029021518,13334.4029021518,0
3,A483,0,0,-1,5860.13864080279,860.138640802795,0
3,A483,0,0,0,4630.17824695822,-369.821753041782,0
3,A483,0,0,1,14440.7713196969,9440.77131969689,0
3,A483,0,1,-1,10330.864988895,5330.864988895,0
3,A483,0,1,0,9686.283968992,4686.283968992,0
3,A483,0,1,1,16760.7106900968,11760.7106900968,0
3,A483,1,-1,-1,16643.9021203004,11643.9021203004,0
3,A483,1,-1,0,16251.6707910084,11251.6707910084,0
3,A483,1,-1,1,21241.801458645,16241.801458645,0
3,A483,1,0,-1,12223.134799203,7223.13479920302,0
3,A483,1,0,0,11683.4220170575,6683.42201705746,0
3,A483,1,0,1,17988.8764445653,12988.8764445653,0
3,A483,1,1,-1,14892.634785317,9892.63478531701,0
3,A483,1,1,0,14452.9545961374,9452.9545961374,0
3,A483,1,1,1,19899.3774341607,14899.3774341607,0
3,A484,-1,-1,-1,21477.2992224584,16477.2992224584,0
3,A484,-1,-1,0,16780.1510095065,11780.1510095065,0
3,A484,-1,-1,1,17374.4799609276,12374.4799609276,0
3,A484,-1,0,-1,17349.1113998303,12349.1113998303,0
3,A484,-1,0,0,11013.2080873174,6013.20808731738,0
3,A484,-1,0,1,11899.152843181,6899.15284318105,0
3,A484,-1,1,-1,18458.3030324142,13458.3030324142,0
3,A484,-1,1,0,12688.8942326455,7688.89423264546,0
3,A484,-1,1,1,13465.0333404004,8465.03334040038,0
3,A484,0,-1,-1,19104.5447346033,14104.5447346033,0
3,A484,0,-1,0,13611.8593706844,8611.85937068444,0
3,A484,0,-1,1,14338.1240592387,9338.12405923873,0
3,A484,0,0,-1,14307.3727144144,9307.37271441439,0
3,A484,0,0,0,5000,-9.09494701772928e-13,1
3,A484,0,0,1,6730.45956906589,1730.45956906589,0
3,A484,0,1,-1,15633.8798275374,10633.8798275374,0
3,A484,0,1,0,8044.70536891876,3044.70536891876,0
3,A484,0,1,1,9220.43222867241,4220.43222867241,0
3,A484,1,-1,-1,21649.3158585186,16649.3158585186,0
3,A484,1,-1,0,16999.7636204959,11999.7636204959,0
3,A484,1,-1,1,17586.6724869592,12586.6724869592,0
3,A484,1,0,-1,17561.6104504859,12561.6104504859,0
3,A484,1,0,0,11345.0098116065,6345.00981160647,0
3,A484,1,0,1,12206.8969700034,7206.89697000338,0
3,A484,1,1,-1,18658.1737071806,13658.1737071806,0
3,A484,1,1,0,12977.9247993721,7977.9247993721,0
3,A484,1,1,1,13737.7442875091,8737.74428750906,0
3,A485,-1,-1,-1,16491.8006999179,11491.8006999179,0
3,A485,-1,-1,0,13103.6161730042,8103.61617300418,0
3,A485,-1,-1,1,16475.1334833142,11475.1334833142,0
3,A485,-1,0,-1,13097.6280045626,8097.6280045626,0
3,A485,-1,0,0,8442.34125284614,3442.34125284614,0
3,A485,-1,0,1,13076.635359033,8076.63535903304,0
3,A485,-1,1,-1,16465.6074399335,11465.6074399335,0
3,A485,-1,1,0,13070.6348296324,8070.63482963237,0
3,A485,-1,1,1,16448.9136824656,11448.9136824656,0
3,A485,0,-1,-1,14252.488922346,9252.48892234602,0
3,A485,0,-1,0,10141.9281680162,5141.92816801625,0
3,A485,0,-1,1,14233.199691173,9233.19969117299,0
3,A485,0,0,-1,10134.190125594,5134.190125594,0
3,A485,0,0,0,1557.90756635058,-3442.09243364942,0
3,A485,0,0,1,10107.0442004029,5107.04420040289,0
3,A485,0,1,-1,14222.172074679,9222.17207467896,0
3,A485,0,1,0,10099.279430008,5099.27943000804,0
3,A485,0,1,1,14202.8416695036,9202.84166950363,0
3,A485,1,-1,-1,18283.5278498812,13283.5278498812,0
3,A485,1,-1,0,15297.4722461257,10297.4722461257,0
3,A485,1,-1,1,18268.4953842562,13268.4953842562,0
3,A485,1,0,-1,15292.3431709294,10292.3431709294,0
3,A485,1,0,0,11557.7258204665,6557.72582046645,0
3,A485,1,0,1,15274.3671759154,10274.3671759154,0
3,A485,1,1,-1,18259.9049471119,13259.9049471119,0
3,A485,1,1,0,15269.2303395151,10269.2303395151,0
3,A485,1,1,1,18244.8530179,13244.8530179,0
3,A486,-1,-1,-1,16384.4833706982,11384.4833706982,0
3,A486,-1,-1,0,11616.7382943363,6616.73829433632,0
3,A486,-1,-1,1,14193.1646179953,9193.16461799527,0
3,A486,-1,0,-1,14589.6198560165,9589.61985601652,0
3,A486,-1,0,0,8908.10422129671,3908.10422129671,0
3,A486,-1,0,1,12076.9049881125,7076.90498811252,0
3,A486,-1,1,-1,18901.3946512276,13901.3946512276,0
3,A486,-1,1,0,14958.6106652947,9958.6106652947,0
3,A486,-1,1,1,17036.9406382214,12036.9406382214,0
3,A486,0,-1,-1,14113.6733482327,9113.67334823266,0
3,A486,0,-1,0,8105.127306528,3105.127306528,0
3,A486,0,-1,1,11497.4084875436,6497.40848754356,0
3,A486,0,0,-1,11983.3838125547,6983.38381255467,0
3,A486,0,0,0,3177.86105319443,-1822.13894680557,0
3,A486,0,0,1,8751.92059766442,3751.92059766442,0
3,A486,0,1,-1,16970.7748738053,11970.7748738053,0
3,A486,0,1,0,12429.9844365065,7429.98443650652,0
3,A486,0,1,1,14866.1301745346,9866.13017453456,0
3,A486,1,-1,-1,18164.2576351619,13164.2576351619,0
3,A486,1,-1,0,14015.6187416379,9015.6187416379,0
3,A486,1,-1,1,16215.2669415389,11215.2669415389,0
3,A486,1,0,-1,16563.3923957299,11563.3923957299,0
3,A486,1,0,0,11867.7411890105,6867.74118901048,0
3,A486,1,0,1,14399.3261718647,9399.32617186473,0
3,A486,1,1,-1,20463.4229754777,15463.4229754777,0
3,A486,1,1,0,16889.3159467078,11889.3159467078,0
3,A486,1,1,1,18754.9008640977,13754.9008640977,0
3,A487,-1,-1,-1,20834.5746554337,15834.5746554337,0
3,A487,-1,-1,0,15352.3502074984,10352.3502074984,0
3,A487,-1,-1,1,15404.8632812665,10404.8632812665,0
3,A487,-1,0,-1,17811.7858301353,12811.7858301353,0
3,A487,-1,0,0,10902.9752948196,5902.97529481961,0
3,A487,-1,0,1,10976.7948919657,5976.79489196567,0
3,A487,-1,1,-1,20010.9951737633,15010.9951737633,0
3,A487,-1,1,0,14214.6081080421,9214.60810804212,0
3,A487,-1,1,1,14271.308261195,9271.30826119504,0
3,A487,0,-1,-1,18444.6369114004,13444.6369114004,0
3,A487,0,-1,0,11908.8113014788,6908.81130147883,0
3,A487,0,-1,1,11976.432792575,6976.43279257504,0
3,A487,0,0,-1,14946.0645047171,9946.06450471705,0
3,A487,0,0,0,5000,1.81898940354586e-12,1
3,A487,0,0,1,5158.9878678707,158.987867870698,0
3,A487,0,1,-1,17508.9993307708,12508.9993307708,0
3,A487,0,1,0,10400.9717519937,5400.97175199367,0
3,A487,0,1,1,10478.328550232,5478.32855023201,0
3,A487,1,-1,-1,21126.5179457938,16126.5179457938,0
3,A487,1,-1,0,15746.2667427801,10746.2667427801,0
3,A487,1,-1,1,15797.4704353457,10797.4704353457,0
3,A487,1,0,-1,18152.4095893553,13152.4095893553,0
3,A487,1,0,0,11450.9881547643,6450.98815476435,0
3,A487,1,0,1,11521.2970424944,6521.29704249441,0
3,A487,1,1,-1,20314.7775593406,15314.7775593406,0
3,A487,1,1,0,14639.1715307364,9639.17153073642,0
3,A487,1,1,1,14694.2335263586,9694.23352635858,0
3,A488,-1,-1,-1,16416.6218463577,11416.6218463577,0
3,A488,-1,-1,0,12792.0788347606,7792.0788347606,0
3,A488,-1,-1,1,16055.1888491899,11055.1888491899,0
3,A488,-1,0,-1,13353.0941844312,8353.09418443117,0
3,A488,-1,0,0,8510.98891825802,3510.98891825802,0
3,A488,-1,0,1,12906.1512634531,7906.15126345311,0
3,A488,-1,1,-1,16944.1664224083,11944.1664224083,0
3,A488,-1,1,0,13462.4137441505,8462.41374415048,0
3,A488,-1,1,1,16594.2276676895,11594.2276676895,0
3,A488,0,-1,-1,14128.503654524,9128.50365452398,0
3,A488,0,-1,0,9682.27367844551,4682.27367844551,0
3,A488,0,-1,1,13706.8680468129,8706.86804681289,0
3,A488,0,0,-1,10412.2171974982,5412.21719749825,0
3,A488,0,0,0,1595.64251519556,-3404.35748480444,0
3,A488,0,0,1,9832.49119525266,4832.49119525266,0
3,A488,0,1,-1,14738.1789383851,9738.17893838513,0
3,A488,0,1,0,10552.0484498642,5552.04844986415,0
3,A488,0,1,1,14334.4875930987,9334.48759309874,0
3,A488,1,-1,-1,18158.2972270388,13158.2972270388,0
3,A488,1,-1,0,14961.8035762373,9961.80357623731,0
3,A488,1,-1,1,17832.2004901899,12832.2004901899,0
3,A488,1,0,-1,15444.2031078805,10444.2031078805,0
3,A488,1,0,0,11517.6046861267,6517.60468612673,0
3,A488,1,0,1,15059.4497168492,10059.4497168492,0
3,A488,1,1,-1,18636.6054068183,13636.6054068183,0
3,A488,1,1,0,15538.8181390307,10538.8181390307,0
3,A488,1,1,1,18319.025007524,13319.025007524,0
3,A489,-1,-1,-1,16272.8240237066,11272.8240237066,0
3,A489,-1,-1,0,13374.2095743038,8374.20957430384,0
3,A489,-1,-1,1,17115.3195052935,12115.3195052935,0
3,A489,-1,0,-1,12606.7282900173,7606.72829001729,0
3,A489,-1,0,0,8543.66889627644,3543.66889627644,0
3,A489,-1,0,1,13676.9498880445,8676.94988804451,0
3,A489,-1,1,-1,15907.6835098679,10907.6835098679,0
3,A489,-1,1,0,12927.4543000934,7927.45430009336,0
3,A489,-1,1,1,16768.5346620354,11768.5346620354,0
3,A489,0,-1,-1,13950.3627899754,8950.36278997536,0
3,A489,0,-1,0,10424.8406224176,5424.8406224176,0
3,A489,0,-1,1,14924.5429422039,9924.54294220387,0
3,A489,0,0,-1,9420.05405736771,4420.05405736771,0
3,A489,0,0,0,1673.94697484988,-3326.05302515012,0
3,A489,0,0,1,10810.4939066394,5810.49390663943,0
3,A489,0,1,-1,13522.6556162438,8522.65561624382,0
3,A489,0,1,0,9845.14575546801,4845.14575546801,0
3,A489,0,1,1,14525.5490421977,9525.54904219765,0
3,A489,1,-1,-1,18011.675164663,13011.675164663,0
3,A489,1,-1,0,15442.9635196168,10442.9635196168,0
3,A489,1,-1,1,18776.3096027706,13776.3096027706,0
3,A489,1,0,-1,14783.2756420604,9783.27564206044,0
3,A489,1,0,0,11515.6380083787,6515.63800837872,0
3,A489,1,0,1,15705.877841461,10705.877841461,0
3,A489,1,1,-1,17682.4781968178,12682.4781968178,0
3,A489,1,1,0,15057.712814761,10057.712814761,0
3,A489,1,1,1,18460.7528352095,13460.7528352095,0
3,A490,-1,-1,-1,16468.1642972155,11468.1642972155,0
3,A490,-1,-1,0,13152.9173287983,8152.91732879827,0
3,A490,-1,-1,1,16577.0333050375,11577.0333050375,0
3,A490,-1,0,-1,13064.4183346657,8064.41833466566,0
3,A490,-1,0,0,8513.3909437584,3513.3909437584,0
3,A490,-1,0,1,13201.3872111755,8201.38721117545,0
3,A490,-1,1,-1,16436.4721739859,11436.4721739859,0
3,A490,-1,1,0,13113.2153366111,8113.21533661112,0
3,A490,-1,1,1,16545.5497159343,11545.5497159343,0
3,A490,0,-1,-1,14175.4335679047,9175.43356790473,0
3,A490,0,-1,0,10136.1588274947,5136.15882749473,0
3,A490,0,-1,1,14301.7661396877,9301.76613968774,0
3,A490,0,0,-1,10021.0532351218,5021.05323512183,0
3,A490,0,0,0,1490.06942095495,-3509.93057904505,0
3,A490,0,0,1,10198.9757239335,5198.97572393347,0
3,A490,0,1,-1,14138.6031503898,9138.60315038976,0
3,A490,0,1,0,10084.5871498208,5084.58714982079,0
3,A490,0,1,1,14265.2618945623,9265.26189456226,0
3,A490,1,-1,-1,18184.7573081435,13184.7573081435,0
3,A490,1,-1,0,15247.4324820344,10247.4324820344,0
3,A490,1,-1,1,18283.4076756035,13283.4076756035,0
3,A490,1,0,-1,15171.1564970883,10171.1564970883,0
3,A490,1,0,0,11487.5057517837,6487.50575178366,0
3,A490,1,0,1,15289.2637931125,10289.2637931125,0
3,A490,1,1,-1,18156.0618131303,13156.0618131303,0
3,A490,1,1,0,15213.1975435912,10213.1975435912,0
3,A490,1,1,1,18254.8672533779,13254.8672533779,0
3,A491,-1,-1,-1,16825.3588117258,11825.3588117258,0
3,A491,-1,-1,0,13124.3945764313,8124.39457643126,0
3,A491,-1,-1,1,16168.0786382427,11168.0786382427,0
3,A491,-1,0,-1,13560.6507293192,8560.65072931923,0
3,A491,-1,0,0,8546.82877195551,3546.82877195551,0
3,A491,-1,0,1,12735.9850781817,7735.9850781817,0
3,A491,-1,1,-1,16872.7531026165,11872.7531026165,0
3,A491,-1,1,0,13185.0988284652,8185.09882846522,0
3,A491,-1,1,1,16217.3939019479,11217.3939019479,0
3,A491,0,-1,-1,14577.4565203543,9577.45652035431,0
3,A491,0,-1,0,10082.6223006399,5082.62230063989,0
3,A491,0,-1,1,13813.6275580277,8813.62755802766,0
3,A491,0,0,-1,10644.2842719503,5644.28427195031,0
3,A491,0,0,0,1567.74408518393,-3432.25591481607,0
3,A491,0,0,1,9571.56493846067,4571.56493846067,0
3,A491,0,1,-1,14632.1337036455,9632.13370364545,0
3,A491,0,1,0,10161.5141871621,5161.51418716215,0
3,A491,0,1,1,13871.3158867657,8871.31588676568,0
3,A491,1,-1,-1,18490.8566070456,13490.8566070456,0
3,A491,1,-1,0,15200.9477308773,10200.9477308773,0
3,A491,1,-1,1,17894.8552878028,12894.8552878028,0
3,A491,1,0,-1,15579.1632356039,10579.1632356039,0
3,A491,1,0,0,11483.351469677,6483.35146967695,0
3,A491,1,0,1,14866.889211623,9866.88921162299,0
3,A491,1,1,-1,18533.9924511925,13533.9924511925,0
3,A491,1,1,0,15253.390116148,10253.390116148,0
3,A491,1,1,1,17939.4242909281,12939.4242909281,0
3,A492,-1,-1,-1,16810.6139747059,11810.6139747059,0
3,A492,-1,-1,0,14285.6426514819,9285.64265148189,0
3,A492,-1,-1,1,18043.3486283755,13043.3486283755,0
3,A492,-1,0,-1,13392.6146177892,8392.61461778924,0
3,A492,-1,0,0,10042.1596312687,5042.15963126868,0
3,A492,-1,0,1,14910.6610792125,9910.66107921251,0
3,A492,-1,1,-1,16617.0848946097,11617.0848946097,0
3,A492,-1,1,0,14057.3949988583,9057.3949988583,0
3,A492,-1,1,1,17863.1799496391,12863.1799496391,0
3,A492,0,-1,-1,13525.2353553233,8525.23535532332,0
3,A492,0,-1,0,10218.3577533843,5218.35775338426,0
3,A492,0,-1,1,15029.8928451073,10029.8928451073,0
3,A492,0,0,-1,8927.33865779336,3927.33865779336,0
3,A492,0,0,0,1086.37897171852,-3913.62102828148,0
3,A492,0,0,1,11075.3357975933,6075.33579759334,0
3,A492,0,1,-1,13283.9286208928,8283.92862089283,0
3,A492,0,1,0,9896.74711024971,4896.74711024971,0
3,A492,0,1,1,14813.1174005844,9813.1174005844,0
3,A492,1,-1,-1,16830.5448701816,11830.5448701816,0
3,A492,1,-1,0,14309.0909699554,9309.09096995536,0
3,A492,1,-1,1,18061.9192818958,13061.9192818958,0
3,A492,1,0,-1,13417.623661485,8417.62366148498,0
3,A492,1,0,0,10075.4884983559,5075.4884983559,0
3,A492,1,0,1,14933.1280125686,9933.12801256865,0
3,A492,1,1,-1,16637.2476334064,11637.2476334064,0
3,A492,1,1,0,14081.2234047524,9081.22340475237,0
3,A492,1,1,1,17881.9377119429,12881.9377119429,0
3,A493,-1,-1,-1,18753.2735653757,13753.2735653757,0
3,A493,-1,-1,0,15758.9636282561,10758.9636282561,0
3,A493,-1,-1,1,18574.2994445437,13574.2994445437,0
3,A493,-1,0,-1,13891.8317235159,8891.8317235159,0
3,A493,-1,0,0,9467.98045273448,4467.98045273448,0
3,A493,-1,0,1,13649.2607518591,8649.26075185912,0
3,A493,-1,1,-1,15306.2310139089,10306.2310139089,0
3,A493,-1,1,0,11442.9180312552,6442.91803125523,0
3,A493,-1,1,1,15086.4190015028,10086.4190015028,0
3,A493,0,-1,-1,16482.8826239955,11482.8826239955,0
3,A493,0,-1,0,12974.7865036497,7974.78650364972,0
3,A493,0,-1,1,16278.9664915857,11278.9664915857,0
3,A493,0,0,-1,10629.3526996273,5629.35269962734,0
3,A493,0,0,0,3105.28646536107,-1894.71353463893,0
3,A493,0,0,1,10310.3088824164,5310.30888241639,0
3,A493,0,1,-1,12420.9845837493,7420.98458374934,0
3,A493,0,1,0,7137.2630082279,2137.2630082279,0
3,A493,0,1,1,12149.0817952427,7149.08179524272,0
3,A493,1,-1,-1,19791.047717971,14791.047717971,0
3,A493,1,-1,0,16980.7312856038,11980.7312856038,0
3,A493,1,-1,1,19621.5417389349,14621.5417389349,0
3,A493,1,0,-1,15263.7901253806,10263.7901253806,0
3,A493,1,0,0,11386.085991707,6386.08599170703,0
3,A493,1,0,1,15043.3579838222,10043.3579838222,0
3,A493,1,1,-1,16561.431345398,11561.431345398,0
3,A493,1,1,0,13074.4282256323,8074.42822563231,0
3,A493,1,1,1,16358.4943881181,11358.4943881181,0
3,A494,-1,-1,-1,15759.7736784648,10759.7736784648,0
3,A494,-1,-1,0,15025.3532415299,10025.3532415299,0
3,A494,-1,-1,1,20078.6457130224,15078.6457130224,0
3,A494,-1,0,-1,11692.644649976,6692.64464997605,0
3,A494,-1,0,0,10682.1679703576,5682.16797035765,0
3,A494,-1,0,1,17073.3560316435,12073.3560316435,0
3,A494,-1,1,-1,15002.1802223809,10002.1802223809,0
3,A494,-1,1,0,14228.7098874465,9228.7098874465,0
3,A494,-1,1,1,19489.6628677214,14489.6628677214,0
3,A494,0,-1,-1,12230.2159998302,7230.21599983021,0
3,A494,0,-1,0,11268.050276726,6268.05027672597,0
3,A494,0,-1,1,17445.9087087817,12445.9087087817,0
3,A494,0,0,-1,6158.38094929874,1158.38094929874,0
3,A494,0,0,0,3913.62102828149,-1086.37897171851,0
3,A494,0,0,1,13881.902001863,8881.90200186302,0
3,A494,0,1,-1,11237.1316816556,6237.13168165562,0
3,A494,0,1,0,10181.5471352437,5181.54713524373,0
3,A494,0,1,1,16764.6853744265,11764.6853744265,0
3,A494,1,-1,-1,15836.2211530584,10836.2211530584,0
3,A494,1,-1,0,15105.5179998865,10105.5179998865,0
3,A494,1,-1,1,20138.7052136233,15138.7052136233,0
3,A494,1,0,-1,11795.4810382094,6795.48103820941,0
3,A494,1,0,0,10794.6350822563,5794.63508225634,0
3,A494,1,0,1,17143.9470424812,12143.9470424812,0
3,A494,1,1,-1,15082.4681480499,10082.4681480499,0
3,A494,1,1,0,14313.3371047168,9313.33710471678,0
3,A494,1,1,1,19551.5317228493,14551.5317228493,0
3,A495,-1,-1,-1,17700.7215646696,12700.7215646696,0
3,A495,-1,-1,0,14500.5007775142,9500.5007775142,0
3,A495,-1,-1,1,17527.507001494,12527.507001494,0
3,A495,-1,0,-1,14177.5451047682,9177.54510476821,0
3,A495,-1,0,0,9897.05835521181,4897.05835521181,0
3,A495,-1,0,1,13960.685619811,8960.68561981104,0
3,A495,-1,1,-1,16990.880685989,11990.880685989,0
3,A495,-1,1,0,13624.9405640629,8624.94056406286,0
3,A495,-1,1,1,16810.3534841768,11810.3534841768,0
3,A495,0,-1,-1,14689.4949238971,9689.49492389709,0
3,A495,0,-1,0,10617.4497883404,5617.44978834038,0
3,A495,0,-1,1,14480.3045167103,9480.30451671027,0
3,A495,0,0,-1,10171.9468346515,5171.94683465147,0
3,A495,0,0,0,646.127925187326,-4353.87207481267,0
3,A495,0,0,1,9867.44446067155,4867.44446067155,0
3,A495,0,1,-1,13825.9084220442,8825.90842204424,0
3,A495,0,1,0,9386.41159248222,4386.41159248222,0
3,A495,0,1,1,13603.4444708763,8603.44447087632,0
3,A495,1,-1,-1,17839.4780845303,12839.4780845303,0
3,A495,1,-1,0,14669.5588623915,9669.55886239147,0
3,A495,1,-1,1,17667.6239519042,12667.6239519042,0
3,A495,1,0,-1,14350.4083431871,9350.40834318714,0
3,A495,1,0,0,10143.1355361617,5143.13553616168,0
3,A495,1,0,1,14136.2009533565,9136.20095335648,0
3,A495,1,1,-1,17135.3862198666,12135.3862198666,0
3,A495,1,1,0,13804.7252704545,8804.72527045445,0
3,A495,1,1,1,16956.3975738202,11956.3975738202,0
3,A496,-1,-1,-1,17114.6543778394,12114.6543778394,0
3,A496,-1,-1,0,13535.2556199351,8535.25561993512,0
3,A496,-1,-1,1,16537.6810623821,11537.6810623821,0
3,A496,-1,0,-1,13585.9303634774,8585.93036347744,0
3,A496,-1,0,0,8652.70212507896,3652.70212507896,0
3,A496,-1,0,1,12851.4981340478,7851.49813404778,0
3,A496,-1,1,-1,16620.578004679,11620.578004679,0
3,A496,-1,1,0,12904.8581330329,7904.85813303295,0
3,A496,-1,1,1,16025.8264578709,11025.8264578709,0
3,A496,0,-1,-1,14843.5502784233,9843.55027842328,0
3,A496,0,-1,0,10517.7343136327,5517.73431363273,0
3,A496,0,-1,1,14174.4306875534,9174.43068755338,0
3,A496,0,0,-1,10582.8679589439,5582.86795894385,0
3,A496,0,0,0,1512.89274587724,-3487.10725412276,0
3,A496,0,0,1,9621.88103671083,4621.88103671083,0
3,A496,0,1,-1,14271.0617546418,9271.06175464184,0
3,A496,0,1,0,9693.03635755528,4693.03635755528,0
3,A496,0,1,1,13573.7505521862,8573.75055218624,0
3,A496,1,-1,-1,18648.0716231803,13648.0716231803,0
3,A496,1,-1,0,15428.6203364834,10428.6203364834,0
3,A496,1,-1,1,18119.9910516379,13119.9910516379,0
3,A496,1,0,-1,15473.0955090319,10473.0955090319,0
3,A496,1,0,0,11388.9610964174,6388.96109641744,0
3,A496,1,0,1,14832.4032132287,9832.40321322872,0
3,A496,1,1,-1,18195.6806412946,13195.6806412946,0
3,A496,1,1,0,14878.6606999444,9878.66069994442,0
3,A496,1,1,1,17654.073027156,12654.073027156,0
3,A497,-1,-1,-1,16249.7447718122,11249.7447718122,0
3,A497,-1,-1,0,12547.7592586558,7547.75925865579,0
3,A497,-1,-1,1,15837.8761100511,10837.8761100511,0
3,A497,-1,0,-1,13546.4621695816,8546.46216958161,0
3,A497,-1,0,0,8769.19007526073,3769.19007526073,0
3,A497,-1,0,1,13049.5498711717,8049.54987117168,0
3,A497,-1,1,-1,17405.719447204,12405.719447204,0
3,A497,-1,1,0,14012.5346293567,9012.53462935669,0
3,A497,-1,1,1,17021.8443184946,12021.8443184946,0
3,A497,0,-1,-1,13779.6158276146,8779.61582761457,0
3,A497,0,-1,0,9125.23257899717,4125.23257899717,0
3,A497,0,-1,1,13291.42305718,8291.42305718003,0
3,A497,0,0,-1,10456.1103915134,5456.11039151343,0
3,A497,0,0,0,1649.93993334928,-3350.06006665072,0
3,A497,0,0,1,9803.79309491006,4803.79309491006,0
3,A497,0,1,-1,15125.5636814759,10125.5636814759,0
3,A497,0,1,0,11053.2680211117,6053.26802111167,0
3,A497,0,1,1,14682.1929973242,9682.19299732419,0
3,A497,1,-1,-1,17767.9886189815,12767.9886189815,0
3,A497,1,-1,0,14460.064897102,9460.06489710198,0
3,A497,1,-1,1,17392.1112603544,12392.1112603544,0
3,A497,1,0,-1,15334.7269857381,10334.7269857381,0
3,A497,1,0,0,11337.8088267209,6337.80882672088,0
3,A497,1,0,1,14897.5825641416,9897.58256414159,0
3,A497,1,1,-1,18830.9926421842,13830.9926421842,0
3,A497,1,1,0,15747.9630795268,10747.9630795268,0
3,A497,1,1,1,18476.7529186891,13476.7529186891,0
3,A498,-1,-1,-1,16439.5934483609,11439.5934483609,0
3,A498,-1,-1,0,13286.2629238164,8286.26292381639,0
3,A498,-1,-1,1,16816.341225551,11816.341225551,0
3,A498,-1,0,-1,13110.7120627329,8110.71206273294,0
3,A498,-1,0,0,8840.54978636952,3840.54978636952,0
3,A498,-1,0,1,13580.1277703365,8580.12777033653,0
3,A498,-1,1,-1,16538.4796410187,11538.4796410187,0
3,A498,-1,1,0,13408.4249100996,8408.42491009956,0
3,A498,-1,1,1,16913.02481235,11913.02481235,0
3,A498,0,-1,-1,13912.863616679,8912.863616679,0
3,A498,0,-1,0,9991.61267011974,4991.61267011974,0
3,A498,0,-1,1,14356.0744454424,9356.07444544241,0
3,A498,0,0,-1,9756.96223528668,4756.96223528668,0
3,A498,0,0,0,1209.48823648581,-3790.51176351419,0
3,A498,0,0,1,10379.1816405526,5379.18164055263,0
3,A498,0,1,-1,14029.5705602599,9029.57056025987,0
3,A498,0,1,0,10153.4920021979,5153.49200219795,0
3,A498,0,1,1,14469.2069434397,9469.20694343975,0
3,A498,1,-1,-1,17800.9919747533,12800.9919747533,0
3,A498,1,-1,0,14937.8668162029,9937.86681620294,0
3,A498,1,-1,1,18149.5017769636,13149.5017769636,0
3,A498,1,0,-1,14781.9434896001,9781.94348960007,0
3,A498,1,0,0,11170.067281047,6170.06728104701,0
3,A498,1,0,1,15199.8339726625,10199.8339726625,0
3,A498,1,1,-1,17892.3556686712,12892.3556686712,0
3,A498,1,1,0,15046.6255721214,10046.6255721214,0
3,A498,1,1,1,18239.1197934825,13239.1197934825,0
3,A499,-1,-1,-1,16762.9430634432,11762.9430634432,0
3,A499,-1,-1,0,13330.070580893,8330.07058089304,0
3,A499,-1,-1,1,16564.5797783989,11564.5797783989,0
3,A499,-1,0,-1,13487.4176687956,8487.4176687956,0
3,A499,-1,0,0,8865.94365625525,3865.94365625525,0
3,A499,-1,0,1,13240.0709386032,8240.07093860322,0
3,A499,-1,1,-1,16817.3901244171,11817.3901244171,0
3,A499,-1,1,0,13398.4749930802,8398.4749930802,0
3,A499,-1,1,1,16619.6767021368,11619.6767021368,0
3,A499,0,-1,-1,14272.7206969619,9272.72069696194,0
3,A499,0,-1,0,10020.2334122933,5020.23341229327,0
3,A499,0,-1,1,14039.216473158,9039.21647315801,0
3,A499,0,0,-1,10228.6231389072,5228.62313890722,0
3,A499,0,0,0,1148.58733283153,-3851.41266716847,0
3,A499,0,0,1,9900.19062465435,4900.19062465435,0
3,A499,0,1,-1,14336.6281440962,9336.62814409619,0
3,A499,0,1,0,10111.0547464369,5111.05474643688,0
3,A499,0,1,1,14104.1819907713,9104.18199077126,0
3,A499,1,-1,-1,18067.2314436588,13067.2314436588,0
3,A499,1,-1,0,14937.1809114734,9937.18091147345,0
3,A499,1,-1,1,17883.3412740863,12883.3412740863,0
3,A499,1,0,-1,15077.7659904588,10077.7659904588,0
3,A499,1,0,0,11137.0350096599,6137.03500965986,0
3,A499,1,0,1,14856.9199482848,9856.91994828478,0
3,A499,1,1,-1,18117.7593119938,13117.7593119938,0
3,A499,1,1,0,14998.257366464,9998.25736646401,0
3,A499,1,1,1,17934.3872372056,12934.3872372056,0
3,A500,-1,-1,-1,16961.7827235937,11961.7827235937,0
3,A500,-1,-1,0,14153.0750991317,9153.07509913168,0
3,A500,-1,-1,1,17689.4600358779,12689.4600358779,0
3,A500,-1,0,-1,12942.7386665298,7942.73866652976,0
3,A500,-1,0,0,8951.0862910233,3951.0862910233,0
3,A500,-1,0,1,13882.7017323216,8882.70173232163,0
3,A500,-1,1,-1,15726.630129108,10726.630129108,0
3,A500,-1,1,0,12646.5155998413,7646.5155998413,0
3,A500,-1,1,1,16508.8406139344,11508.8406139344,0
3,A500,0,-1,-1,14500.6749769927,9500.67497699268,0
3,A500,0,-1,0,11084.9914924479,6084.99149244791,0
3,A500,0,-1,1,15345.5041620308,10345.5041620308,0
3,A500,0,0,-1,9491.15302879824,4491.15302879824,0
3,A500,0,0,0,1639.95347962273,-3360.04652037727,0
3,A500,0,0,1,10737.6398251472,5737.63982514721,0
3,A500,0,1,-1,13034.3544851193,8034.35448511931,0
3,A500,0,1,0,9083.05336563706,4083.05336563706,0
3,A500,0,1,1,13968.1537807354,8968.15378073536,0
3,A500,1,-1,-1,18243.8229659894,13243.8229659894,0
3,A500,1,-1,0,15666.6696529168,10666.6696529168,0
3,A500,1,-1,1,18922.2620109987,13922.2620109987,0
3,A500,1,0,-1,14582.5062126525,9582.50621265245,0
3,A500,1,0,0,11191.8250987633,6191.8250987633,0
3,A500,1,0,1,15422.8535180935,10422.8535180935,0
3,A500,1,1,-1,17101.5174317875,12101.5174317875,0
3,A500,1,1,0,14320.2430171067,9320.24301710666,0
3,A500,1,1,1,17823.4907262369,12823.4907262369,0
3,A501,-1,-1,-1,17602.2929006314,12602.2929006314,0
3,A501,-1,-1,0,14172.1173982983,9172.11739829829,0
3,A501,-1,-1,1,17083.8259105705,12083.8259105705,0
3,A501,-1,0,-1,13747.5637525706,8747.56375257062,0
3,A501,-1,0,0,8944.47904142684,3944.47904142684,0
3,A501,-1,0,1,13077.1518884677,8077.15188846771,0
3,A501,-1,1,-1,16375.2955058029,11375.2955058029,0
3,A501,-1,1,0,12615.8035453117,7615.80354531168,0
3,A501,-1,1,1,15816.6587901943,10816.6587901943,0
3,A501,0,-1,-1,15244.5880678885,10244.5880678885,0
3,A501,0,-1,0,11108.8100870948,6108.81008709485,0
3,A501,0,-1,1,14642.8773723838,9642.87737238385,0
3,A501,0,0,-1,10561.8302926616,5561.83029266161,0
3,A501,0,0,0,1600.14228195965,-3399.85771804035,0
3,A501,0,0,1,9673.08903680958,4673.08903680958,0
3,A501,0,1,-1,13809.672440082,8809.67244008196,0
3,A501,0,1,0,9039.64872624428,4039.64872624428,0
3,A501,0,1,1,13142.4292003199,8142.42920031987,0
3,A501,1,-1,-1,18840.2286440372,13840.2286440372,0
3,A501,1,-1,0,15683.188819597,10683.188819597,0
3,A501,1,-1,1,18356.7591840897,13356.7591840897,0
3,A501,1,0,-1,15300.6212008198,10300.6212008198,0
3,A501,1,0,0,11185.5802407611,6185.58024076114,0
3,A501,1,0,1,14701.204083817,9701.20408381697,0
3,A501,1,1,-1,17699.2599535221,12699.2599535221,0
3,A501,1,1,0,14292.3755581037,9292.37555810373,0
3,A501,1,1,1,17183.7189014896,12183.7189014896,0
3,A502,-1,-1,-1,16597.0498541674,11597.0498541674,0
3,A502,-1,-1,0,13192.9483285883,8192.94832858833,0
3,A502,-1,-1,1,16511.9867774864,11511.9867774864,0
3,A502,-1,0,-1,13434.5090382042,8434.50903820422,0
3,A502,-1,0,0,8892.57301553801,3892.57301553801,0
3,A502,-1,0,1,13329.2789218231,8329.27892182314,0
3,A502,-1,1,-1,16897.0412301522,11897.0412301522,0
3,A502,-1,1,0,13568.412732245,8568.41273224499,0
3,A502,-1,1,1,16813.4959425942,11813.4959425942,0
3,A502,0,-1,-1,14060.1263737998,9060.1263737998,0
3,A502,0,-1,0,9812.18504647689,4812.18504647689,0
3,A502,0,-1,1,13959.6130721947,8959.61307219468,0
3,A502,0,0,-1,10134.649618171,5134.64961817102,0
3,A502,0,0,0,1141.4659969434,-3858.5340030566,0
3,A502,0,0,1,9994.73693306942,4994.73693306942,0
3,A502,0,1,-1,14413.0181474585,9413.01814745847,0
3,A502,0,1,0,10311.494259226,5311.49425922603,0
3,A502,0,1,1,14314.9829059323,9314.98290593235,0
3,A502,1,-1,-1,17886.0907811831,12886.0907811831,0
3,A502,1,-1,0,14781.8830049425,9781.8830049425,0
3,A502,1,-1,1,17807.1863838983,12807.1863838983,0
3,A502,1,0,-1,14997.8736049014,9997.87360490137,0
3,A502,1,0,0,11114.3166415071,6114.31664150708,0
3,A502,1,0,1,14903.685991954,9903.68599195398,0
3,A502,1,1,-1,18164.8061345138,13164.8061345138,0
3,A502,1,1,0,15117.9364876148,10117.9364876148,0
3,A502,1,1,1,18087.1176637583,13087.1176637583,0
3,A503,-1,-1,-1,16225.1637475882,11225.1637475882,0
3,A503,-1,-1,0,13042.5913548878,8042.59135488781,0
3,A503,-1,-1,1,16642.1885539475,11642.1885539475,0
3,A503,-1,0,-1,13498.9688381143,8498.96883811435,0
3,A503,-1,0,0,9437.97702407287,4437.97702407287,0
3,A503,-1,0,1,13997.4519438887,8997.45194388867,0
3,A503,-1,1,-1,17354.779766644,12354.779766644,0
3,A503,-1,1,0,14423.648337479,9423.648337479,0
3,A503,-1,1,1,17745.2777374096,12745.2777374096,0
3,A503,0,-1,-1,13250.5375549897,8250.53755498971,0
3,A503,0,-1,0,9079.09665719767,4079.09665719767,0
3,A503,0,-1,1,13758.0248119155,8758.02481191552,0
3,A503,0,0,-1,9723.32075746377,4723.32075746377,0
3,A503,0,0,0,1181.61633666392,-3818.38366333608,0
3,A503,0,0,1,10404.3004465277,5404.30044652769,0
3,A503,0,1,-1,14611.9535863231,9611.95358632305,0
3,A503,0,1,0,10970.9816435634,5970.98164356336,0
3,A503,0,1,1,15073.6753593127,10073.6753593127,0
3,A503,1,-1,-1,16967.544087355,11967.544087355,0
3,A503,1,-1,0,13955.3145063406,8955.31450634064,0
3,A503,1,-1,1,17366.7513826112,12366.7513826112,0
3,A503,1,0,-1,14382.7595896152,9382.75958961525,0
3,A503,1,0,0,10663.8184543443,5663.81845434433,0
3,A503,1,0,1,14851.6084866845,9851.60848668453,0
3,A503,1,1,-1,18050.7616035724,13050.7616035724,0
3,A503,1,1,0,15253.9583414781,10253.9583414781,0
3,A503,1,1,1,18426.5161031079,13426.5161031079,0
3,A504,-1,-1,-1,16445.6729296563,11445.6729296563,0
3,A504,-1,-1,0,12898.5608945296,7898.5608945296,0
3,A504,-1,-1,1,16195.2335021928,11195.2335021928,0
3,A504,-1,0,-1,13586.2778484555,8586.2778484555,0
3,A504,-1,0,0,8972.16032046301,3972.16032046301,0
3,A504,-1,0,1,13282.0320680515,8282.03206805153,0
3,A504,-1,1,-1,17283.3368723067,12283.3368723067,0
3,A504,-1,1,0,13950.8583421341,8950.85834213413,0
3,A504,-1,1,1,17045.209400971,12045.209400971,0
3,A504,0,-1,-1,13842.7087923499,8842.70879234988,0
3,A504,0,-1,0,9355.92335103592,4355.92335103592,0
3,A504,0,-1,1,13544.2244809778,8544.22448097777,0
3,A504,0,0,-1,10283.3542376018,5283.35423760182,0
3,A504,0,0,0,1288.44457259974,-3711.55542740026,0
3,A504,0,0,1,9877.89473811703,4877.89473811703,0
3,A504,0,1,-1,14828.1543707302,9828.15437073023,0
3,A504,0,1,0,10760.4310825758,5760.43108257584,0
3,A504,0,1,1,14549.9000726301,9549.90007263014,0
3,A504,1,-1,-1,17685.6160568517,12685.6160568517,0
3,A504,1,-1,0,14446.2358540566,9446.23585405658,0
3,A504,1,-1,1,17452.9781238529,12452.9781238529,0
3,A504,1,0,-1,15063.4591968968,10063.4591968968,0
3,A504,1,0,0,11082.4418797137,6082.44187971372,0
3,A504,1,0,1,14789.6326207885,9789.63262078848,0
3,A504,1,1,-1,18467.1218830325,13467.1218830325,0
3,A504,1,1,0,15393.0927913605,10393.0927913605,0
3,A504,1,1,1,18244.4517792148,13244.4517792148,0
3,A505,-1,-1,-1,17335.7301307095,12335.7301307095,0
3,A505,-1,-1,0,13412.1939958437,8412.19399584373,0
3,A505,-1,-1,1,16101.1290411419,11101.1290411419,0
3,A505,-1,0,-1,14215.8015720514,9215.80157205136,0
3,A505,-1,0,0,9024.878002128,4024.878002128,0
3,A505,-1,0,1,12681.0027825346,7681.00278253458,0
3,A505,-1,1,-1,17425.5699908808,12425.5699908808,0
3,A505,-1,1,0,13528.1150987283,8528.11509872833,0
3,A505,-1,1,1,16197.8179623614,11197.8179623614,0
3,A505,0,-1,-1,14873.4941145883,9873.49411458835,0
3,A505,0,-1,0,10028.9698271582,5028.96982715822,0
3,A505,0,-1,1,13414.1583564309,8414.15835643093,0
3,A505,0,0,-1,11080.7175917375,6080.71759173753,0
3,A505,0,0,0,1463.45856285631,-3536.54143714369,0
3,A505,0,0,1,9027.79705036358,4027.79705036358,0
3,A505,0,1,-1,14978.1099448158,9978.10994481577,0
3,A505,0,1,0,10183.4761322618,5183.47613226176,0
3,A505,0,1,1,13530.062629334,8530.06262933401,0
3,A505,1,-1,-1,18490.9198037469,13490.9198037469,0
3,A505,1,-1,0,14875.265503713,9875.26550371299,0
3,A505,1,-1,1,17338.7696340689,12338.7696340689,0
3,A505,1,0,-1,15603.7043794012,10603.7043794012,0
3,A505,1,0,0,11083.095189391,6083.09518939096,0
3,A505,1,0,1,14219.5079941064,9219.50799410644,0
3,A505,1,1,-1,18575.1733647601,13575.1733647601,0
3,A505,1,1,0,14979.8689629866,9979.86896298657,0
3,A505,1,1,1,17428.5938263993,12428.5938263993,0
3,A506,-1,-1,-1,16741.3053389613,11741.3053389613,0
3,A506,-1,-1,0,13406.6610577458,8406.66105774582,0
3,A506,-1,-1,1,16709.4529228883,11709.4529228883,0
3,A506,-1,0,-1,13451.188276661,8451.18827666099,0
3,A506,-1,0,0,8966.70074883317,3966.70074883317,0
3,A506,-1,0,1,13411.5240962416,8411.52409624158,0
3,A506,-1,1,-1,16780.8708849103,11780.8708849103,0
3,A506,-1,1,0,13456.0352229389,8456.03522293891,0
3,A506,-1,1,1,16749.0937123749,11749.0937123749,0
3,A506,0,-1,-1,14175.3062382875,9175.3062382875,0
3,A506,0,-1,0,10020.3075408979,5020.30754089792,0
3,A506,0,-1,1,14137.6737647719,9137.67376477187,0
3,A506,0,0,-1,10079.8049857663,5079.80498576633,0
3,A506,0,0,0,1034.27501952959,-3965.72498047041,0
3,A506,0,0,1,10026.8131069132,5026.81310691319,0
3,A506,0,1,-1,14222.0121696238,9222.01216962378,0
3,A506,0,1,0,10086.2721764718,5086.27217647185,0
3,A506,0,1,1,14184.50361073,9184.50361073003,0
3,A506,1,-1,-1,17933.4132123846,12933.4132123846,0
3,A506,1,-1,0,14868.5764520708,9868.57645207077,0
3,A506,1,-1,1,17903.6817994517,12903.6817994517,0
3,A506,1,0,-1,14908.7380769795,9908.73807697946,0
3,A506,1,0,0,11033.4821028051,6033.4821028051,0
3,A506,1,0,1,14872.9614931884,9872.96149318836,0
3,A506,1,1,-1,17970.3542716838,12970.3542716838,0
3,A506,1,1,0,14913.1113090048,9913.11130900483,0
3,A506,1,1,1,17940.6840778079,12940.6840778079,0
3,A507,-1,-1,-1,16963.9402679294,11963.9402679294,0
3,A507,-1,-1,0,13592.064756275,8592.064756275,0
3,A507,-1,-1,1,16784.3134880062,11784.3134880062,0
3,A507,-1,0,-1,13566.1647655894,8566.16476558943,0
3,A507,-1,0,0,9000.54339315219,4000.54339315219,0
3,A507,-1,0,1,13340.8671493614,8340.86714936143,0
3,A507,-1,1,-1,16742.3529851799,11742.3529851799,0
3,A507,-1,1,0,13314.4785254721,8314.47852547212,0
3,A507,-1,1,1,16560.3228631012,11560.3228631012,0
3,A507,0,-1,-1,14416.2640204033,9416.26402040327,0
3,A507,0,-1,0,10237.0710279293,5237.0710279293,0
3,A507,0,-1,1,14204.4562780757,9204.45627807572,0
3,A507,0,0,-1,10202.6577586047,5202.6577586047,0
3,A507,0,0,0,1031.10633016776,-3968.89366983224,0
3,A507,0,0,1,9901.11787572532,4901.11787572532,0
3,A507,0,1,-1,14154.8501359944,9154.85013599435,0
3,A507,0,1,0,9865.53279338499,4865.53279338499,0
3,A507,0,1,1,13939.070708704,8939.07070870401,0
3,A507,1,-1,-1,18107.5141087359,13107.5141087359,0
3,A507,1,-1,0,14995.0332484782,9995.03324847817,0
3,A507,1,-1,1,17939.3416001776,12939.3416001776,0
3,A507,1,0,-1,14971.5605142321,9971.56051423208,0
3,A507,1,0,0,11005.2977768077,6005.2977768077,0
3,A507,1,0,1,14767.7193256475,9767.71932564754,0
3,A507,1,1,-1,17900.0888619179,12900.0888619179,0
3,A507,1,1,0,14743.8847048344,9743.88470483445,0
3,A507,1,1,1,17729.9489879228,12729.9489879228,0
3,A508,-1,-1,-1,15771.3048308074,10771.3048308074,0
3,A508,-1,-1,0,12994.1773803846,7994.17738038462,0
3,A508,-1,-1,1,16998.9186573602,11998.9186573602,0
3,A508,-1,0,-1,12747.883723232,7747.88372323197,0
3,A508,-1,0,0,9089.72657166835,4089.72657166835,0
3,A508,-1,0,1,14238.5996107182,9238.59961071821,0
3,A508,-1,1,-1,16621.7635278522,11621.7635278522,0
3,A508,-1,1,0,14014.1932519317,9014.19325193171,0
3,A508,-1,1,1,17790.7898146524,12790.7898146524,0
3,A508,0,-1,-1,12983.8965312805,7983.89653128049,0
3,A508,0,-1,0,9417.86381626155,4417.86381626155,0
3,A508,0,-1,1,14450.2854154615,9450.28541546151,0
3,A508,0,0,-1,9075.02355312602,4075.02355312602,0
3,A508,0,0,0,1571.82766753958,-3428.17233246042,0
3,A508,0,0,1,11071.8215277837,6071.82152778367,0
3,A508,0,1,-1,14004.6612184867,9004.66121848674,0
3,A508,0,1,0,10781.7032778331,5781.70327783312,0
3,A508,0,1,1,15373.9947735743,10373.9947735743,0
3,A508,1,-1,-1,16983.1999989327,11983.1999989327,0
3,A508,1,-1,0,14441.0412342877,9441.0412342877,0
3,A508,1,-1,1,18128.9343773165,13128.9343773165,0
3,A508,1,0,-1,14219.8300115909,9219.8300115909,0
3,A508,1,0,0,11059.7538528302,6059.75385283018,0
3,A508,1,0,1,15570.2519251245,10570.2519251245,0
3,A508,1,1,-1,17775.771401358,12775.771401358,0
3,A508,1,1,0,15365.3063308216,10365.3063308216,0
3,A508,1,1,1,18873.4530059191,13873.4530059191,0
3,A509,-1,-1,-1,16974.7816123115,11974.7816123115,0
3,A509,-1,-1,0,13777.6913632224,8777.69136322243,0
3,A509,-1,-1,1,17073.5569760598,12073.5569760598,0
3,A509,-1,0,-1,13412.0016218979,8412.00162189789,0
3,A509,-1,0,0,9031.24332638303,4031.24332638303,0
3,A509,-1,0,1,13536.7989028014,8536.79890280137,0
3,A509,-1,1,-1,16480.9090837222,11480.9090837222,0
3,A509,-1,1,0,13164.4191949536,8164.41919495358,0
3,A509,-1,1,1,16582.6264884369,11582.6264884369,0
3,A509,0,-1,-1,14412.3283883991,9412.32838839911,0
3,A509,0,-1,0,10459.2914716821,5459.29147168207,0
3,A509,0,-1,1,14528.5355973735,9528.53559737345,0
3,A509,0,0,-1,9972.65191888191,4972.65191888191,0
3,A509,0,0,0,1065.53029507632,-3934.46970492368,0
3,A509,0,0,1,10139.8680131583,5139.86801315835,0
3,A509,0,1,-1,13827.2326593322,8827.23265933221,0
3,A509,0,1,0,9637.11219867495,4637.11219867495,0
3,A509,0,1,1,13948.315312051,8948.31531205099,0
3,A509,1,-1,-1,18091.08090647,13091.08090647,0
3,A509,1,-1,0,15131.7142742978,10131.7142742978,0
3,A509,1,-1,1,18183.7934819315,13183.7934819315,0
3,A509,1,0,-1,14799.5197585789,9799.51975857887,0
3,A509,1,0,0,10986.6898381229,5986.68983812289,0
3,A509,1,0,1,14912.7100861533,9912.71008615333,0
3,A509,1,1,-1,17628.5099144735,12628.5099144735,0
3,A509,1,1,0,14575.5250443762,9575.52504437617,0
3,A509,1,1,1,17723.64236927,12723.64236927,0
3,A510,-1,-1,-1,16367.7104541243,11367.7104541243,0
3,A510,-1,-1,0,12319.9207250483,7319.92072504829,0
3,A510,-1,-1,1,15351.1871799186,10351.1871799186,0
3,A510,-1,0,-1,14194.4864819674,9194.48648196735,0
3,A510,-1,0,0,9239.15297244165,4239.15297244165,0
3,A510,-1,0,1,13009.2447440119,8009.24474401188,0
3,A510,-1,1,-1,18304.779361234,13304.779361234,0
3,A510,-1,1,0,14796.737769687,9796.73776968695,0
3,A510,-1,1,1,17401.7800752194,12401.7800752194,0
3,A510,0,-1,-1,13671.5966868727,8671.59668687268,0
3,A510,0,-1,0,8413.74215970108,3413.74215970108,0
3,A510,0,-1,1,12436.6216590903,7436.62165909033,0
3,A510,0,0,-1,10976.9784979844,5976.97849798436,0
3,A510,0,0,0,2091.06626069915,-2908.93373930085,0
3,A510,0,0,1,9394.20349300874,4394.20349300874,0
3,A510,0,1,-1,15939.7477370852,10939.7477370852,0
3,A510,0,1,0,11745.3845864381,6745.38458643808,0
3,A510,0,1,1,14894.0444555789,9894.04445557891,0
3,A510,1,-1,-1,17490.6594051501,12490.6594051501,0
3,A510,1,-1,0,13776.8526009531,8776.8526009531,0
3,A510,1,-1,1,16543.281680181,11543.281680181,0
3,A510,1,0,-1,15475.9383367752,10475.9383367752,0
3,A510,1,0,0,11107.7976469276,6107.79764692765,0
3,A510,1,0,1,14396.5853495374,9396.58534953739,0
3,A510,1,1,-1,19315.438601812,14315.438601812,0
3,A510,1,1,0,16030.1175772916,11030.1175772916,0
3,A510,1,1,1,18461.938432982,13461.938432982,0
3,A511,-1,-1,-1,16853.8124413382,11853.8124413382,0
3,A511,-1,-1,0,14040.0531371289,9040.0531371289,0
3,A511,-1,-1,1,17612.3590236799,12612.3590236799,0
3,A511,-1,0,-1,13056.698440425,8056.69844042499,0
3,A511,-1,0,0,9140.54005241445,4140.54005241445,0
3,A511,-1,0,1,14022.1813829158,9022.18138291575,0
3,A511,-1,1,-1,16028.2174467589,11028.2174467589,0
3,A511,-1,1,0,13037.4787749082,8037.47877490822,0
3,A511,-1,1,1,16824.0289791649,11824.0289791649,0
3,A511,0,-1,-1,14220.1994414703,9220.19944147027,0
3,A511,0,-1,0,10737.1397700127,5737.13977001267,0
3,A511,0,-1,1,15111.5276767898,10111.5276767898,0
3,A511,0,0,-1,9414.90586843973,4414.90586843973,0
3,A511,0,0,0,1308.64464129011,-3691.35535870989,0
3,A511,0,0,1,10713.7598014317,5713.7598014317,0
3,A511,0,1,-1,13231.2823591657,8231.28235916574,0
3,A511,0,1,0,9388.2336546108,4388.2336546108,0
3,A511,0,1,1,14184.8873608204,9184.88736082043,0
3,A511,1,-1,-1,17899.0823927534,12899.0823927534,0
3,A511,1,-1,0,15279.0460693125,10279.0460693125,0
3,A511,1,-1,1,18615.083858897,13615.083858897,0
3,A511,1,0,-1,14380.6651744266,9380.66517442658,0
3,A511,1,0,0,10948.7729515486,5948.77295154859,0
3,A511,1,0,1,15262.6251814738,10262.6251814738,0
3,A511,1,1,-1,17123.9572300142,12123.9572300142,0
3,A511,1,1,0,14363.2172406098,9363.21724060983,0
3,A511,1,1,1,17871.0410381306,12871.0410381306,0
3,A512,-1,-1,-1,16521.7531734048,11521.7531734048,0
3,A512,-1,-1,0,13281.3015608359,8281.30156083593,0
3,A512,-1,-1,1,16727.7498300523,11727.7498300523,0
3,A512,-1,0,-1,13409.8345079998,8409.83450799983,0
3,A512,-1,0,0,9124.05089633407,4124.05089633407,0
3,A512,-1,0,1,13662.8308920899,8662.8308920899,0
3,A512,-1,1,-1,16931.5975365875,11931.5975365875,0
3,A512,-1,1,0,13787.8075983068,8787.80759830678,0
3,A512,-1,1,1,17132.6670893611,12132.6670893611,0
3,A512,0,-1,-1,13807.5444885209,8807.54448852088,0
3,A512,0,-1,0,9699.11996159625,4699.11996159625,0
3,A512,0,-1,1,14053.3829114696,9053.38291146961,0
3,A512,0,0,-1,9874.39205275519,4874.39205275519,0
3,A512,0,0,0,963.4633560579,-4036.5366439421,0
3,A512,0,0,1,10215.3269583219,5215.32695832188,0
3,A512,0,1,-1,14295.4171684686,9295.41716846859,0
3,A512,0,1,0,10381.8878460277,5381.88784602771,0
3,A512,0,1,1,14533.0051425866,9533.00514258663,0
3,A512,1,-1,-1,17559.277937377,12559.277937377,0
3,A512,1,-1,0,14551.7313371642,9551.7313371642,0
3,A512,1,-1,1,17753.239933487,12753.239933487,0
3,A512,1,0,-1,14669.1368284261,9669.13682842609,0
3,A512,1,0,0,10890.7400353712,5890.74003537125,0
3,A512,1,0,1,14900.7671529015,9900.76715290154,0
3,A512,1,1,-1,17945.4425662929,12945.4425662929,0
3,A512,1,1,0,15015.4437872169,10015.4437872169,0
3,A512,1,1,1,18135.2748905006,13135.2748905006,0
3,A513,-1,-1,-1,16323.5172743182,11323.5172743182,0
3,A513,-1,-1,0,13671.4757377056,8671.47573770556,0
3,A513,-1,-1,1,17531.7221483909,12531.7221483909,0
3,A513,-1,0,-1,12897.8196923171,7897.8196923171,0
3,A513,-1,0,0,9316.96224405949,4316.96224405949,0
3,A513,-1,0,1,14396.4515801269,9396.45158012686,0
3,A513,-1,1,-1,16317.1777408375,11317.1777408375,0
3,A513,-1,1,0,13663.9058130459,8663.90581304586,0
3,A513,-1,1,1,17525.8196587063,12525.8196587063,0
3,A513,0,-1,-1,13462.6809218019,8462.68092180193,0
3,A513,0,-1,0,10084.4340567013,5084.43405670129,0
3,A513,0,-1,1,14904.6248824204,9904.62488242036,0
3,A513,0,0,-1,9007.79186109493,4007.79186109493,0
3,A513,0,0,0,1261.8822665032,-3738.1177334968,0
3,A513,0,0,1,11047.3697999217,6047.36979992172,0
3,A513,0,1,-1,13454.9935274368,8454.99352743681,0
3,A513,0,1,0,10074.1691203331,5074.16912033313,0
3,A513,0,1,1,14897.6815681763,9897.68156817633,0
3,A513,1,-1,-1,17205.5322207578,12205.5322207578,0
3,A513,1,-1,0,14713.3399213517,9713.33992135171,0
3,A513,1,-1,1,18355.7730505405,13355.7730505405,0
3,A513,1,0,-1,13997.3881710158,8997.38817101581,0
3,A513,1,0,0,10787.9056471495,5787.90564714952,0
3,A513,1,0,1,15389.3125542861,10389.3125542861,0
3,A513,1,1,-1,17199.5177903525,12199.5177903525,0
3,A513,1,1,0,14706.3062956801,9706.30629568006,0
3,A513,1,1,1,18350.1356263126,13350.1356263126,0
3,A514,-1,-1,-1,16957.2417609032,11957.2417609032,0
3,A514,-1,-1,0,13526.9290972324,8526.92909723241,0
3,A514,-1,-1,1,16685.5498400678,11685.5498400678,0
3,A514,-1,0,-1,13702.4966200948,8702.49662009478,0
3,A514,-1,0,0,9120.75524765033,4120.75524765033,0
3,A514,-1,0,1,13364.8022413866,8364.80224138664,0
3,A514,-1,1,-1,16969.6428692444,11969.6428692444,0
3,A514,-1,1,0,13542.471774884,8542.47177488399,0
3,A514,-1,1,1,16698.1527252975,11698.1527252975,0
3,A514,0,-1,-1,14324.4659582397,9324.46595823972,0
3,A514,0,-1,0,10030.9564674861,5030.95646748607,0
3,A514,0,-1,1,14001.7802552544,9001.78025525443,0
3,A514,0,0,-1,10266.4838418398,5266.48384183976,0
3,A514,0,0,0,911.292016089822,-4088.70798391018,0
3,A514,0,0,1,9811.22906686116,4811.22906686116,0
3,A514,0,1,-1,14339.1441850881,9339.14418508808,0
3,A514,0,1,0,10051.9062184532,5051.90621845316,0
3,A514,0,1,1,14016.7963989069,9016.79639890691,0
3,A514,1,-1,-1,17967.5430106572,12967.5430106572,0
3,A514,1,-1,0,14773.7051718128,9773.70517181282,0
3,A514,1,-1,1,17711.3558816789,12711.3558816789,0
3,A514,1,0,-1,14934.6231062523,9934.62310625229,0
3,A514,1,0,0,10884.5179034093,5884.51790340928,0
3,A514,1,0,1,14625.4057261147,9625.40572611472,0
3,A514,1,1,-1,17979.2472815686,12979.2472815686,0
3,A514,1,1,0,14787.9374990438,9787.93749904379,0
3,A514,1,1,1,17723.2293372133,12723.2293372133,0
3,A515,-1,-1,-1,16094.9202719635,11094.9202719635,0
3,A515,-1,-1,0,13293.5624140465,8293.56241404649,0
3,A515,-1,-1,1,17157.830420873,12157.830420873,0
3,A515,-1,0,-1,12954.6962754056,7954.69627540559,0
3,A515,-1,0,0,9246.43167299116,4246.43167299116,0
3,A515,-1,0,1,14253.7308020946,9253.7308020946,0
3,A515,-1,1,-1,16631.3514969515,11631.3514969515,0
3,A515,-1,1,0,13938.227854015,8938.22785401496,0
3,A515,-1,1,1,17662.0083457608,12662.0083457608,0
3,A515,0,-1,-1,13235.3151920311,8235.31519203109,0
3,A515,0,-1,0,9635.6583235239,4635.6583235239,0
3,A515,0,-1,1,14509.2472038691,9509.24720386905,0
3,A515,0,0,-1,9162.49230611155,4162.49230611155,0
3,A515,0,0,0,1274.20891334185,-3725.79108665815,0
3,A515,0,0,1,10922.268603643,5922.26860364303,0
3,A515,0,1,-1,13882.6857015023,8882.68570150235,0
3,A515,0,1,0,10507.2025478709,5507.20254787087,0
3,A515,0,1,1,15102.1074184125,10102.1074184125,0
3,A515,1,-1,-1,17067.5328593196,12067.5328593196,0
3,A515,1,-1,0,14455.8991764346,9455.89917643455,0
3,A515,1,-1,1,18073.3329547853,13073.3329547853,0
3,A515,1,0,-1,14144.9063245784,9144.90632457844,0
3,A515,1,0,0,10851.3002919644,5851.30029196435,0
3,A515,1,0,1,15343.5022443271,10343.5022443271,0
3,A515,1,1,-1,17574.3014643042,12574.3014643042,0
3,A515,1,1,0,15050.8609406083,10050.8609406083,0
3,A515,1,1,1,18552.6482785832,13552.6482785832,0
3,A516,-1,-1,-1,16778.6242303162,11778.6242303162,0
3,A516,-1,-1,0,13501.1570120366,8501.15701203659,0
3,A516,-1,-1,1,16823.8001136835,11823.8001136835,0
3,A516,-1,0,-1,13563.4088038959,8563.40880389594,0
3,A516,-1,0,0,9204.62209887589,4204.62209887589,0
3,A516,-1,0,1,13619.2539290751,8619.25392907507,0
3,A516,-1,1,-1,16923.6487112281,11923.6487112281,0
3,A516,-1,1,0,13680.968361288,8680.96836128802,0
3,A516,-1,1,1,16968.4384933934,11968.4384933934,0
3,A516,0,-1,-1,14051.6040201721,9051.60402017211,0
3,A516,0,-1,0,9909.9235688894,4909.9235688894,0
3,A516,0,-1,1,14105.5164649417,9105.51646494172,0
3,A516,0,0,-1,9994.56866798996,4994.56866798996,0
3,A516,0,0,0,806.481531517574,-4193.51846848243,0
3,A516,0,0,1,10070.2245288867,5070.2245288867,0
3,A516,0,1,-1,14224.4588712055,9224.45887120547,0
3,A516,0,1,0,10153.5333643086,5153.53336430862,0
3,A516,0,1,1,14277.7186336488,9277.71863364875,0
3,A516,1,-1,-1,17702.3422183982,12702.3422183982,0
3,A516,1,-1,0,14633.2474050975,9633.24740509755,0
3,A516,1,-1,1,17745.1666439148,12745.1666439148,0
3,A516,1,0,-1,14690.7027516294,9690.70275162938,0
3,A516,1,0,0,10797.0253745299,5797.02537452995,0
3,A516,1,0,1,14742.2782004599,9742.27820045992,0
3,A516,1,1,-1,17839.859154606,12839.859154606,0
3,A516,1,1,0,14799.3102629039,9799.31026290391,0
3,A516,1,1,1,17882.3542594147,12882.3542594147,0
3,A517,-1,-1,-1,17150.4745197546,12150.4745197546,0
3,A517,-1,-1,0,13921.7977384719,8921.79773847193,0
3,A517,-1,-1,1,17131.6703298041,12131.6703298041,0
3,A517,-1,0,-1,13612.4130214382,8612.41302143825,0
3,A517,-1,0,0,9218.21372525018,4218.21372525018,0
3,A517,-1,0,1,13588.713710376,8588.71371037598,0
3,A517,-1,1,-1,16626.9901148611,11626.9901148611,0
3,A517,-1,1,0,13271.5664598366,8271.56645983659,0
3,A517,-1,1,1,16607.593212625,11607.593212625,0
3,A517,0,-1,-1,14490.9242566955,9490.92425669552,0
3,A517,0,-1,0,10472.0848846567,5472.08488465674,0
3,A517,0,-1,1,14468.6639967077,9468.66399670769,0
3,A517,0,0,-1,10057.1316898386,5057.13168983858,0
3,A517,0,0,0,907.509694121695,-4092.4903058783,0
3,A517,0,0,1,10025.0311651932,5025.03116519316,0
3,A517,0,1,-1,13867.4045819766,8867.40458197655,0
3,A517,0,1,0,9590.75522878119,4590.75522878119,0
3,A517,0,1,1,13844.1417890949,8844.14178909487,0
3,A517,1,-1,-1,18050.9001264153,13050.9001264153,0
3,A517,1,-1,0,15017.0793229572,10017.0793229572,0
3,A517,1,-1,1,18033.0348918356,13033.0348918356,0
3,A517,1,0,-1,14730.7164587229,9730.71645872289,0
3,A517,1,0,0,10801.4667247304,5801.46672473044,0
3,A517,1,0,1,14708.8191036408,9708.81910364079,0
3,A517,1,1,-1,17554.2877782255,12554.2877782255,0
3,A517,1,1,0,14416.3343266909,9416.33432669094,0
3,A517,1,1,1,17535.9166124014,12535.9166124014,0
3,A518,-1,-1,-1,16770.2395333821,11770.2395333821,0
3,A518,-1,-1,0,13623.7039266333,8623.70392663328,0
3,A518,-1,-1,1,17028.4962152891,12028.4962152891,0
3,A518,-1,0,-1,13655.001574133,8655.00157413297,0
3,A518,-1,0,0,9530.13340216835,4530.13340216835,0
3,A518,-1,0,1,13970.9633646601,8970.96336466014,0
3,A518,-1,1,-1,17078.5597159753,12078.5597159753,0
3,A518,-1,1,0,14001.4848014661,9001.48480146612,0
3,A518,-1,1,1,17332.2229191537,12332.2229191537,0
3,A518,0,-1,-1,13811.5784886032,8811.57848860317,0
3,A518,0,-1,0,9753.15718218449,4753.15718218449,0
3,A518,0,-1,1,14124.0380095052,9124.03800950521,0
3,A518,0,0,-1,9796.82776869164,4796.82776869164,0
3,A518,0,0,0,584.986327155286,-4415.01367284471,0
3,A518,0,0,1,10232.6234992063,5232.62349920633,0
3,A518,0,1,-1,14184.3564644988,9184.35646449882,0
3,A518,0,1,0,10274.2563227477,5274.25632274767,0
3,A518,0,1,1,14488.779025821,9488.77902582103,0
3,A518,1,-1,-1,17328.5448519684,12328.5448519684,0
3,A518,1,-1,0,14305.3431052957,9305.34310529568,0
3,A518,1,-1,1,17578.6010829583,12578.6010829583,0
3,A518,1,0,-1,14335.1526210655,9335.15262106551,0
3,A518,1,0,0,10481.4586457607,5481.45864576073,0
3,A518,1,0,1,14636.4391166822,9636.43911668215,0
3,A518,1,1,-1,17627.1022760919,12627.1022760919,0
3,A518,1,1,0,14665.5756561191,9665.57565611914,0
3,A518,1,1,1,17872.9819559833,12872.9819559833,0
3,A519,-1,-1,-1,17250.9549109432,12250.9549109432,0
3,A519,-1,-1,0,13668.2984005944,8668.29840059435,0
3,A519,-1,-1,1,16614.7319266964,11614.7319266964,0
3,A519,-1,0,-1,14032.2179994819,9032.21799948188,0
3,A519,-1,0,0,9280.62917119726,4280.62917119726,0
3,A519,-1,0,1,13242.2435274983,8242.24352749835,0
3,A519,-1,1,-1,17210.7768165929,12210.7768165929,0
3,A519,-1,1,0,13617.5539087923,8617.55390879232,0
3,A519,-1,1,1,16573.0115032591,11573.0115032591,0
3,A519,0,-1,-1,14570.4171675781,9570.41716757813,0
3,A519,0,-1,0,10075.9114855952,5075.91148559523,0
3,A519,0,-1,1,13811.2609161454,8811.26091614536,0
3,A519,0,0,-1,10564.3150787376,5564.31507873762,0
3,A519,0,0,0,911.969797272547,-4088.03020272745,0
3,A519,0,0,1,9489.92227257061,4489.92227257061,0
3,A519,0,1,-1,14522.8251290316,9522.82512903155,0
3,A519,0,1,0,10006.9668509856,5006.9668509856,0
3,A519,0,1,1,13761.0436154028,8761.04361540283,0
3,A519,1,-1,-1,18083.1044772493,13083.1044772493,0
3,A519,1,-1,0,14704.611635926,9704.61163592598,0
3,A519,1,-1,1,17477.2005536271,12477.2005536271,0
3,A519,1,0,-1,15043.4824485789,10043.4824485789,0
3,A519,1,0,0,10748.6417750801,5748.6417750801,0
3,A519,1,0,1,14309.445685885,9309.44568588495,0
3,A519,1,1,-1,18044.7793232915,13044.7793232915,0
3,A519,1,1,0,14657.4553267129,9657.4553267129,0
3,A519,1,1,1,17437.543762895,12437.543762895,0
3,A520,-1,-1,-1,18035.4603556343,13035.4603556343,0
3,A520,-1,-1,0,14179.9916855148,9179.99168551482,0
3,A520,-1,-1,1,16639.3058197414,11639.3058197414,0
3,A520,-1,0,-1,14569.3327756599,9569.33277565989,0
3,A520,-1,0,0,9384.01787559728,4384.01787559728,0
3,A520,-1,0,1,12800.5517635429,7800.5517635429,0
3,A520,-1,1,-1,17298.9330542718,12298.9330542718,0
3,A520,-1,1,0,13230.5486952654,8230.54869526541,0
3,A520,-1,1,1,15837.9844910709,10837.9844910709,0
3,A520,0,-1,-1,15479.6770791863,10479.6770791863,0
3,A520,0,-1,0,10743.1250778112,5743.12507781124,0
3,A520,0,-1,1,13827.8367939135,8827.83679391352,0
3,A520,0,0,-1,11252.0233631176,6252.02336311762,0
3,A520,0,0,0,1549.95603994324,-3450.04396005676,0
3,A520,0,0,1,8842.88966839281,3842.88966839281,0
3,A520,0,1,-1,14614.9121465852,9614.91214658523,0
3,A520,0,1,0,9454.62802092268,4454.62802092268,0
3,A520,0,1,1,12852.4054159378,7852.40541593783,0
3,A520,1,-1,-1,18813.9037605732,13813.9037605732,0
3,A520,1,-1,0,15157.7474802071,10157.7474802071,0
3,A520,1,-1,1,17480.0355444529,12480.0355444529,0
3,A520,1,0,-1,15522.5836122848,10522.5836122848,0
3,A520,1,0,0,10804.8570542133,5804.85705421334,0
3,A520,1,0,1,13875.8520431574,8875.85204315741,0
3,A520,1,1,-1,18109.0648374959,13109.0648374959,0
3,A520,1,1,0,14273.4916278479,9273.49162784788,0
3,A520,1,1,1,16719.0579044351,11719.0579044351,0
3,A521,-1,-1,-1,16627.4007525002,11627.4007525002,0
3,A521,-1,-1,0,14036.3563546311,9036.35635463111,0
3,A521,-1,-1,1,17820.4417353819,12820.4417353819,0
3,A521,-1,0,-1,12924.7472177758,7924.74721777583,0
3,A521,-1,0,0,9359.37682612222,4359.37682612222,0
3,A521,-1,0,1,14427.2928334911,9427.29283349108,0
3,A521,-1,1,-1,16050.7858219641,11050.7858219641,0
3,A521,-1,1,0,13348.2796431793,8348.27964317926,0
3,A521,-1,1,1,17283.6747644262,12283.6747644262,0
3,A521,0,-1,-1,13807.71232633,8807.71232633003,0
3,A521,0,-1,0,10545.2246830798,5545.22468307982,0
3,A521,0,-1,1,15223.3573020732,10223.3573020732,0
3,A521,0,0,-1,9012.85496087931,4012.85496087931,0
3,A521,0,0,0,1334.31573317426,-3665.68426682574,0
3,A521,0,0,1,11060.2550786926,6060.25507869262,0
3,A521,0,1,-1,13107.6385899599,8107.63858995995,0
3,A521,0,1,0,9610.36072865929,4610.36072865929,0
3,A521,0,1,1,14591.3631051011,9591.36310510113,0
3,A521,1,-1,-1,17459.5356063421,12459.5356063421,0
3,A521,1,-1,0,15012.802120826,10012.802120826,0
3,A521,1,-1,1,18599.2761001343,13599.2761001343,0
3,A521,1,0,-1,13979.0564219582,8979.05642195816,0
3,A521,1,0,0,10768.6054054478,5768.60540544778,0
3,A521,1,0,1,15378.9370994288,10378.9370994288,0
3,A521,1,1,-1,16911.3173143741,11911.3173143741,0
3,A521,1,1,0,14371.5516642219,9371.55166422191,0
3,A521,1,1,1,18085.6390865059,13085.6390865059,0
3,A522,-1,-1,-1,16196.5957311385,11196.5957311385,0
3,A522,-1,-1,0,13141.1942396144,8141.19423961435,0
3,A522,-1,-1,1,16824.1570014254,11824.1570014254,0
3,A522,-1,0,-1,13301.3535974288,8301.35359742876,0
3,A522,-1,0,0,9342.76620114035,4342.76620114035,0
3,A522,-1,0,1,14058.7536095669,9058.75360956688,0
3,A522,-1,1,-1,17074.0241820646,12074.0241820646,0
3,A522,-1,1,0,14208.5739796458,9208.57397964579,0
3,A522,-1,1,1,17670.4512477867,12670.4512477867,0
3,A522,0,-1,-1,13279.0712748229,8279.07127482289,0
3,A522,0,-1,0,9311.01534136669,4311.01534136669,0
3,A522,0,-1,1,14037.6735769324,9037.67357693237,0
3,A522,0,0,-1,9535.72378835102,4535.72378835102,0
3,A522,0,0,0,1136.35422869052,-3863.64577130948,0
3,A522,0,0,1,10566.5781451898,5566.57814518978,0
3,A522,0,1,-1,14336.1892570383,9336.1892570383,0
3,A522,0,1,0,10765.1100867088,5765.11008670881,0
3,A522,0,1,1,15041.5713256395,10041.5713256395,0
3,A522,1,-1,-1,17039.3002956612,12039.3002956612,0
3,A522,1,-1,0,14166.8284146826,9166.8284146826,0
3,A522,1,-1,1,17636.901658069,12636.901658069,0
3,A522,1,0,-1,14315.5177626105,9315.51776261047,0
3,A522,1,0,0,10737.5659055931,5737.56590559309,0
3,A522,1,0,1,15021.8705340678,10021.8705340678,0
3,A522,1,1,-1,17875.4116891755,12875.4116891755,0
3,A522,1,1,0,15162.1771465332,10162.1771465332,0
3,A522,1,1,1,18445.9450445943,13445.9450445943,0
3,A523,-1,-1,-1,16968.1635958626,11968.1635958626,0
3,A523,-1,-1,0,13691.7197211392,8691.71972113918,0
3,A523,-1,-1,1,16941.3046141231,11941.3046141231,0
3,A523,-1,0,-1,13687.5759036253,8687.5759036253,0
3,A523,-1,0,0,9321.71374929418,4321.71374929418,0
3,A523,-1,0,1,13654.2652797599,8654.2652797599,0
3,A523,-1,1,-1,16934.6063555978,11934.6063555978,0
3,A523,-1,1,0,13650.1100920589,8650.11009205892,0
3,A523,-1,1,1,16907.6940660637,11907.6940660637,0
3,A523,0,-1,-1,14194.5667358149,9194.56673581489,0
3,A523,0,-1,0,10051.3848759153,5051.38487591531,0
3,A523,0,-1,1,14162.4486240924,9162.44862409235,0
3,A523,0,0,-1,10045.739550628,5045.73955062798,0
3,A523,0,0,0,679.335134766083,-4320.66486523392,0
3,A523,0,0,1,10000.3054619149,5000.30546191485,0
3,A523,0,1,-1,14154.4353974505,9154.43539745051,0
3,A523,0,1,0,9994.63128518888,4994.63128518888,0
3,A523,0,1,1,14122.2260155102,9122.22601551018,0
3,A523,1,-1,-1,17749.728837902,12749.728837902,0
3,A523,1,-1,0,14649.14628657,9649.14628656996,0
3,A523,1,-1,1,17724.0542774954,12724.0542774954,0
3,A523,1,0,-1,14645.2733713167,9645.27337131672,0
3,A523,1,0,0,10678.419603428,5678.41960342798,0
3,A523,1,0,1,14614.1458297484,9614.14582974836,0
3,A523,1,1,-1,17717.6519443787,12717.6519443787,0
3,A523,1,1,0,14610.2636365133,9610.26363651333,0
3,A523,1,1,1,17691.9308339904,12691.9308339904,0
3,A524,-1,-1,-1,18680.9317368998,13680.9317368998,0
3,A524,-1,-1,0,15756.8078042859,10756.8078042859,0
3,A524,-1,-1,1,18643.411002381,13643.411002381,0
3,A524,-1,0,-1,13962.6802243741,8962.68022437406,0
3,A524,-1,0,0,9708.56429502434,4708.56429502434,0
3,A524,-1,0,1,13912.4405584756,8912.44055847559,0
3,A524,-1,1,-1,15522.102548867,10522.102548867,0
3,A524,-1,1,0,11842.1049294472,6842.10492944724,0
3,A524,-1,1,1,15476.9257536028,10476.9257536028,0
3,A524,0,-1,-1,16201.0239760771,11201.0239760771,0
3,A524,0,-1,0,12718.9999408727,7718.9999408727,0
3,A524,0,-1,1,16157.7455456637,11157.7455456637,0
3,A524,0,0,-1,10414.0485097219,5414.04850972194,0
3,A524,0,0,0,2784.27512744999,-2215.72487255001,0
3,A524,0,0,1,10346.5921736498,5346.59217364982,0
3,A524,0,1,-1,12427.0525408183,7427.0525408183,0
3,A524,0,1,0,7330.17165383961,2330.17165383961,0
3,A524,0,1,1,12370.5779209077,7370.57792090768,0
3,A524,1,-1,-1,19389.9238056301,14389.9238056301,0
3,A524,1,-1,0,16591.2304188277,11591.2304188277,0
3,A524,1,-1,1,19353.7776269422,14353.7776269422,0
3,A524,1,0,-1,14897.9318590721,9897.93185907215,0
3,A524,1,0,0,11011.2740089443,6011.27400894428,0
3,A524,1,0,1,14850.8564373422,9850.85643734215,0
3,A524,1,1,-1,16368.4941936323,11368.4941936323,0
3,A524,1,1,0,12931.6427336,7931.64273359997,0
3,A524,1,1,1,16325.6597236364,11325.6597236364,0
3,A525,-1,-1,-1,16856.1620733334,11856.1620733334,0
3,A525,-1,-1,0,13596.0582548015,8596.05825480145,0
3,A525,-1,-1,1,16898.976309038,11898.976309038,0
3,A525,-1,0,-1,13669.6915669205,8669.69156692045,0
3,A525,-1,0,0,9358.58257217452,4358.58257217452,0
3,A525,-1,0,1,13722.4512382329,8722.45123823295,0
3,A525,-1,1,-1,17017.3656958705,12017.3656958705,0
3,A525,-1,1,0,13795.4099414429,8795.40994144293,0
3,A525,-1,1,1,17059.7753700902,12059.7753700902,0
3,A525,0,-1,-1,14034.9512869523,9034.95128695226,0
3,A525,0,-1,0,9884.45536449,4884.45536449,0
3,A525,0,-1,1,14086.3429632416,9086.34296324165,0
3,A525,0,0,-1,9985.49574730151,4985.49574730151,0
3,A525,0,0,0,657.818778121276,-4342.18122187872,0
3,A525,0,0,1,10057.6003982223,5057.6003982223,0
3,A525,0,1,-1,14228.1549405266,9228.15494052656,0
3,A525,0,1,0,10156.9184912109,5156.91849121094,0
3,A525,0,1,1,14278.8512655107,9278.85126551065,0
3,A525,1,-1,-1,17601.9747588662,12601.9747588662,0
3,A525,1,-1,0,14510.4140408617,9510.41404086167,0
3,A525,1,-1,1,17642.9792229858,12642.9792229858,0
3,A525,1,0,-1,14579.4301364634,9579.43013646339,0
3,A525,1,0,0,10643.4197196902,5643.41971969016,0
3,A525,1,0,1,14628.9091717381,9628.90917173805,0
3,A525,1,1,-1,17756.4087246343,12756.4087246343,0
3,A525,1,1,0,14697.3688468972,9697.36884689716,0
3,A525,1,1,1,17797.0573760725,12797.0573760725,0
3,A526,-1,-1,-1,16851.4626379977,11851.4626379977,0
3,A526,-1,-1,0,13674.839859343,8674.83985934297,0
3,A526,-1,-1,1,17030.2876463529,12030.2876463529,0
3,A526,-1,0,-1,13620.0149972817,8620.01499728171,0
3,A526,-1,0,0,9409.26461871609,4409.26461871609,0
3,A526,-1,0,1,13840.6543488329,8840.65434883288,0
3,A526,-1,1,-1,16942.1906497515,11942.1906497515,0
3,A526,-1,1,0,13786.4888986054,8786.48889860539,0
3,A526,-1,1,1,17120.067998995,12120.067998995,0
3,A526,0,-1,-1,13993.4674685031,8993.46746850306,0
3,A526,0,-1,0,9942.16193445356,4942.16193445356,0
3,A526,0,-1,1,14208.3086984251,9208.30869842506,0
3,A526,0,0,-1,9866.61782367193,4866.61782367193,0
3,A526,0,0,0,616.116399103731,-4383.88360089627,0
3,A526,0,0,1,10169.0241201449,5169.02412014489,0
3,A526,0,1,-1,14102.5941856365,9102.59418563648,0
3,A526,0,1,0,10095.1778044565,5095.17780445653,0
3,A526,0,1,1,14315.7978136895,9315.79781368945,0
3,A526,1,-1,-1,17540.3098759479,12540.3098759479,0
3,A526,1,-1,0,14515.2307140851,9515.2307140851,0
3,A526,1,-1,1,17712.1815376301,12712.1815376301,0
3,A526,1,0,-1,14463.591740319,9463.59174031895,0
3,A526,1,0,0,10593.6272432754,5593.62724327539,0
3,A526,1,0,1,14671.5503716652,9671.55037166524,0
3,A526,1,1,-1,17627.4927745545,12627.4927745545,0
3,A526,1,1,0,14620.4635239726,9620.46352397262,0
3,A526,1,1,1,17798.5225733671,12798.5225733671,0
3,A527,-1,-1,-1,17257.9649173534,12257.9649173534,0
3,A527,-1,-1,0,14101.1604267961,9101.16042679614,0
3,A527,-1,-1,1,17316.1224780804,12316.1224780804,0
3,A527,-1,0,-1,13717.0826120208,8717.08261202079,0
3,A527,-1,0,0,9442.65469445128,4442.65469445128,0
3,A527,-1,0,1,13790.1812885938,8790.18128859379,0
3,A527,-1,1,-1,16687.7007907442,11687.7007907442,0
3,A527,-1,1,0,13397.191122584,8397.19112258401,0
3,A527,-1,1,1,16747.8387342571,11747.8387342571,0
3,A527,0,-1,-1,14464.9622647445,9464.96226474451,0
3,A527,0,-1,0,10499.5478766527,5499.5478766527,0
3,A527,0,-1,1,14534.300048773,9534.30004877296,0
3,A527,0,0,-1,9977.78209908814,4977.78209908814,0
3,A527,0,0,0,749.338315130985,-4250.66168486902,0
3,A527,0,0,1,10078.0395020144,5078.03950201441,0
3,A527,0,1,-1,13779.5913550905,8779.5913550905,0
3,A527,0,1,0,9533.2318867698,4533.2318867698,0
3,A527,0,1,1,13852.3601779828,8852.36017798282,0
3,A527,1,-1,-1,17906.2255529289,12906.2255529289,0
3,A527,1,-1,0,14887.5211451068,9887.52114510682,0
3,A527,1,-1,1,17962.2843240954,12962.2843240954,0
3,A527,1,0,-1,14524.2526778063,9524.25267780633,0
3,A527,1,0,0,10581.0816149581,5581.08161495808,0
3,A527,1,0,1,14593.3087555922,9593.30875559219,0
3,A527,1,1,-1,17357.2727738307,12357.2727738307,0
3,A527,1,1,0,14222.5275685725,9222.52756857251,0
3,A527,1,1,1,17415.0987000489,12415.0987000489,0
3,A528,-1,-1,-1,16797.5369631736,11797.5369631736,0
3,A528,-1,-1,0,13636.0853686347,8636.08536863474,0
3,A528,-1,-1,1,17021.4100571076,12021.4100571076,0
3,A528,-1,0,-1,13620.1598549129,8620.15985491292,0
3,A528,-1,0,0,9449.56774804494,4449.56774804494,0
3,A528,-1,0,1,13895.3195996494,8895.3195996494,0
3,A528,-1,1,-1,16995.8895300475,11995.8895300475,0
3,A528,-1,1,0,13879.6915336432,8879.69153364324,0
3,A528,-1,1,1,17217.1836611159,12217.1836611159,0
3,A528,0,-1,-1,13900.8465833257,8900.84658332569,0
3,A528,0,-1,0,9849.82801294861,4849.82801294861,0
3,A528,0,-1,1,14170.5570827747,9170.55708277472,0
3,A528,0,0,-1,9827.76893182549,4827.76893182549,0
3,A528,0,0,0,608.784304055118,-4391.21569594488,0
3,A528,0,0,1,10205.6942184436,5205.69421844362,0
3,A528,0,1,-1,14139.8921007747,9139.89210077471,0
3,A528,0,1,0,10184.4059607353,5184.4059607353,0
3,A528,0,1,1,14405.127591402,9405.12759140197,0
3,A528,1,-1,-1,17444.478307967,12444.478307967,0
3,A528,1,-1,0,14425.5121083669,9425.51210836689,0
3,A528,1,-1,1,17660.1522003676,12660.1522003676,0
3,A528,1,0,-1,14410.4590447816,9410.45904478157,0
3,A528,1,0,0,10556.8416694027,5556.84166940268,0
3,A528,1,0,1,14670.8037334137,9670.80373341373,0
3,A528,1,1,-1,17635.5560254142,12635.5560254142,0
3,A528,1,1,0,14656.0026090689,9656.00260906887,0
3,A528,1,1,1,17848.9212175006,12848.9212175006,0
3,A529,-1,-1,-1,16246.1118910775,11246.1118910775,0
3,A529,-1,-1,0,14016.7950754998,9016.79507549975,0
3,A529,-1,-1,1,18138.4932339955,13138.4932339955,0
3,A529,-1,0,-1,12644.3218444469,7644.32184444687,0
3,A529,-1,0,0,9613.18196629511,4613.18196629511,0
3,A529,-1,0,1,14998.2552361349,9998.25523613486,0
3,A529,-1,1,-1,15994.4239732009,10994.4239732009,0
3,A529,-1,1,0,13724.2847116215,8724.28471162154,0
3,A529,-1,1,1,17913.4135065541,12913.4135065541,0
3,A529,0,-1,-1,13209.4149074603,8209.41490746028,0
3,A529,0,-1,0,10345.1938023692,5345.19380236925,0
3,A529,0,-1,1,15477.6428250469,10477.6428250469,0
3,A529,0,0,-1,8392.33969319529,3392.33969319529,0
3,A529,0,0,0,1722.13766497526,-3277.86233502474,0
3,A529,0,0,1,11640.4532020137,6640.45320201373,0
3,A529,0,1,-1,12898.6080200357,7898.60802003567,0
3,A529,0,1,0,9945.27432832669,4945.27432832669,0
3,A529,0,1,1,15213.2466645624,10213.2466645624,0
3,A529,1,-1,-1,16883.1612210942,11883.1612210942,0
3,A529,1,-1,0,14750.4415333441,9750.44153334415,0
3,A529,1,-1,1,18711.2243864411,13711.2243864411,0
3,A529,1,0,-1,13453.0240520861,8453.02405208606,0
3,A529,1,0,0,10654.4942985179,5654.49429851795,0
3,A529,1,0,1,15686.0651971199,10686.0651971199,0
3,A529,1,1,-1,16641.1111249986,11641.1111249986,0
3,A529,1,1,0,14472.7665664067,9472.76656640667,0
3,A529,1,1,1,18493.1166842381,13493.1166842381,0
3,A530,-1,-1,-1,17500.733129051,12500.733129051,0
3,A530,-1,-1,0,13915.9931421995,8915.99314219951,0
3,A530,-1,-1,1,16764.0708127002,11764.0708127002,0
3,A530,-1,0,-1,14247.6772609609,9247.67726096094,0
3,A530,-1,0,0,9506.60362127218,4506.60362127218,0
3,A530,-1,0,1,13332.468544552,8332.46854455196,0
3,A530,-1,1,-1,17312.3353309351,12312.3353309351,0
3,A530,-1,1,0,13678.3098257872,8678.30982578721,0
3,A530,-1,1,1,16567.2980527818,11567.2980527818,0
3,A530,0,-1,-1,14717.0402565254,9717.04025652542,0
3,A530,0,-1,0,10196.591537944,5196.59153794403,0
3,A530,0,-1,1,13832.9203016266,8832.92030162661,0
3,A530,0,0,-1,10644.8072406423,5644.80724064233,0
3,A530,0,0,0,831.340044694939,-4168.65995530506,0
3,A530,0,0,1,9384.57944446076,4384.57944446076,0
3,A530,0,1,-1,14492.5004215516,9492.50042155159,0
3,A530,0,1,0,9869.7402979083,4869.7402979083,0
3,A530,0,1,1,13593.7845586738,8593.78455867375,0
3,A530,1,-1,-1,18080.5665776855,13080.5665776855,0
3,A530,1,-1,0,14638.5140246406,9638.51402464061,0
3,A530,1,-1,1,17368.5145573558,12368.5145573558,0
3,A530,1,0,-1,14954.1811894988,9954.18118949879,0
3,A530,1,0,0,10535.9736203087,5535.97362030873,0
3,A530,1,0,1,14084.9545688768,9084.9545688768,0
3,A530,1,1,-1,17898.2731660516,12898.2731660516,0
3,A530,1,1,0,14412.7508618613,9412.75086186128,0
3,A530,1,1,1,17178.666784287,12178.666784287,0
3,A531,-1,-1,-1,16390.5019597019,11390.5019597019,0
3,A531,-1,-1,0,12767.5768767499,7767.57687674987,0
3,A531,-1,-1,1,16042.8639624116,11042.8639624116,0
3,A531,-1,0,-1,14081.576062863,9081.57606286295,0
3,A531,-1,0,0,9625.65578165566,4625.65578165566,0
3,A531,-1,0,1,13675.3688813007,8675.36888130068,0
3,A531,-1,1,-1,18108.9208496088,13108.9208496088,0
3,A531,-1,1,0,14909.5767595906,9909.5767595906,0
3,A531,-1,1,1,17794.8853315454,12794.8853315454,0
3,A531,0,-1,-1,13360.9419491418,8360.94194914182,0
3,A531,0,-1,0,8536.81641954796,3536.81641954796,0
3,A531,0,-1,1,12932.1189058016,7932.11890580155,0
3,A531,0,0,-1,10399.8557534007,5399.85575340065,0
3,A531,0,0,0,1587.28211237536,-3412.71788762464,0
3,A531,0,0,1,9842.86184587557,4842.86184587557,0
3,A531,0,1,-1,15420.7402421137,10420.7402421137,0
3,A531,0,1,0,11496.1599861636,6496.15998616364,0
3,A531,0,1,1,15050.7195588848,10050.7195588848,0
3,A531,1,-1,-1,16981.7839182367,11981.7839182367,0
3,A531,1,-1,0,13518.2635666867,8518.26356668672,0
3,A531,1,-1,1,16646.4985709048,11646.4985709048,0
3,A531,1,0,-1,14765.6091973507,9765.60919735066,0
3,A531,1,0,0,10601.2112412503,5601.21124125034,0
3,A531,1,0,1,14378.7393256272,9378.73932562722,0
3,A531,1,1,-1,18645.7889318765,13645.7889318765,0
3,A531,1,1,0,15557.2462121294,10557.2462121294,0
3,A531,1,1,1,18340.9480266845,13340.9480266845,0
3,A532,-1,-1,-1,16471.8517106526,11471.8517106526,0
3,A532,-1,-1,0,13290.0400818021,8290.04008180211,0
3,A532,-1,-1,1,16790.7245815683,11790.7245815683,0
3,A532,-1,0,-1,13638.1293804653,8638.12938046535,0
3,A532,-1,0,0,9555.19961049945,4555.19961049945,0
3,A532,-1,0,1,14021.5942814883,9021.59428148831,0
3,A532,-1,1,-1,17339.9898275315,12339.9898275315,0
3,A532,-1,1,0,14351.9515682388,9351.95156823876,0
3,A532,-1,1,1,17643.1794304555,12643.1794304555,0
3,A532,0,-1,-1,13448.2763553969,8448.27635539686,0
3,A532,0,-1,0,9282.20897897171,4282.20897897171,0
3,A532,0,-1,1,13837.003654241,8837.00365424104,0
3,A532,0,0,-1,9774.08876324072,4774.08876324072,0
3,A532,0,0,0,914.372872457019,-4085.62712754298,0
3,A532,0,0,1,10302.395078236,5302.39507823604,0
3,A532,0,1,-1,14498.6028765633,9498.60287656334,0
3,A532,0,1,0,10747.6858890864,5747.68588908643,0
3,A532,0,1,1,14859.8794937457,9859.87949374571,0
3,A532,1,-1,-1,17040.8443184169,12040.8443184169,0
3,A532,1,-1,0,13989.0543526966,8989.05435269659,0
3,A532,1,-1,1,17349.2624708048,12349.2624708048,0
3,A532,1,0,-1,14320.162335152,9320.16233515196,0
3,A532,1,0,0,10505.7277664749,5505.7277664749,0
3,A532,1,0,1,14685.8293092851,9685.82930928514,0
3,A532,1,1,-1,17881.3792400275,12881.3792400275,0
3,A532,1,1,0,15001.5662556902,10001.5662556902,0
3,A532,1,1,1,18175.5400668602,13175.5400668602,0
3,A533,-1,-1,-1,16182.7105269541,11182.7105269541,0
3,A533,-1,-1,0,13418.4739307002,8418.47393070022,0
3,A533,-1,-1,1,17269.3591444087,12269.3591444087,0
3,A533,-1,0,-1,13182.464458549,8182.464458549,0
3,A533,-1,0,0,9589.196620708,4589.196620708,0
3,A533,-1,0,1,14495.7929917714,9495.79299177137,0
3,A533,-1,1,-1,16901.9116789381,11901.9116789381,0
3,A533,-1,1,0,14277.6027761076,9277.60277610755,0
3,A533,-1,1,1,17945.0623755395,12945.0623755395,0
3,A533,0,-1,-1,13089.324490393,8089.32449039301,0
3,A533,0,-1,0,9460.74723499642,4460.74723499642,0
3,A533,0,-1,1,14411.1436351937,9411.14363519365,0
3,A533,0,0,-1,9122.91975282686,4122.91975282686,0
3,A533,0,0,0,1184.47771030474,-3815.52228969526,0
3,A533,0,0,1,10935.1867874261,5935.18678742613,0
3,A533,0,1,-1,13968.7119670439,8968.71196704388,0
3,A533,0,1,0,10644.2583888181,5644.25838881813,0
3,A533,0,1,1,15214.3208615309,10214.3208615309,0
3,A533,1,-1,-1,16756.5125020218,11756.5125020218,0
3,A533,1,-1,0,14105.1775550719,9105.17755507187,0
3,A533,1,-1,1,17808.1822904471,12808.1822904471,0
3,A533,1,0,-1,13880.84869279,8880.84869278999,0
3,A533,1,0,0,10528.6885727435,5528.68857274351,0
3,A533,1,0,1,15133.6910795585,10133.6910795585,0
3,A533,1,1,-1,17452.0832462444,12452.0832462444,0
3,A533,1,1,0,14924.829388088,9924.82938808803,0
3,A533,1,1,1,18464.1776121556,13464.1776121556,0
3,A534,-1,-1,-1,17264.6245473208,12264.6245473208,0
3,A534,-1,-1,0,13897.0613937019,8897.0613937019,0
3,A534,-1,-1,1,16976.1411987733,11976.1411987733,0
3,A534,-1,0,-1,14004.8783503779,9004.87835037792,0
3,A534,-1,0,0,9549.74723378856,4549.74723378856,0
3,A534,-1,0,1,13647.6637872429,8647.66378724287,0
3,A534,-1,1,-1,17152.4334850136,12152.4334850136,0
3,A534,-1,1,0,13757.4354106492,8757.4354106492,0
3,A534,-1,1,1,16862.0308296051,11862.0308296051,0
3,A534,0,-1,-1,14392.5656596798,9392.56565967975,0
3,A534,0,-1,0,10109.7478152801,5109.74781528011,0
3,A534,0,-1,1,14045.2146836184,9045.21468361836,0
3,A534,0,0,-1,10257.4511023512,5257.45110235117,0
3,A534,0,0,0,525.697382049068,-4474.30261795093,0
3,A534,0,0,1,9764.08789175217,4764.08789175217,0
3,A534,0,1,-1,14257.7929556456,9257.79295564561,0
3,A534,0,1,0,9916.94078768375,4916.94078768375,0
3,A534,0,1,1,13907.0762278343,8907.07622783429,0
3,A534,1,-1,-1,17782.7059745258,12782.7059745258,0
3,A534,1,-1,0,14535.6694512775,9535.6694512775,0
3,A534,1,-1,1,17502.7638108148,12502.7638108148,0
3,A534,1,0,-1,14638.7837140032,9638.78371400323,0
3,A534,1,0,0,10457.2961728037,5457.29617280367,0
3,A534,1,0,1,14297.4157758003,9297.41577580026,0
3,A534,1,1,-1,17673.8039333444,12673.8039333444,0
3,A534,1,1,0,14402.2359408068,9402.23594080678,0
3,A534,1,1,1,17392.1089783567,12392.1089783567,0
3,A535,-1,-1,-1,17375.7927745381,12375.7927745381,0
3,A535,-1,-1,0,13874.7452312264,8874.74523122636,0
3,A535,-1,-1,1,16825.5441492746,11825.5441492746,0
3,A535,-1,0,-1,14253.9160821011,9253.91608210106,0
3,A535,-1,0,0,9683.20733865225,4683.20733865225,0
3,A535,-1,0,1,13577.7349013404,8577.73490134044,0
3,A535,-1,1,-1,17447.924598859,12447.924598859,0
3,A535,-1,1,0,13964.9723771735,8964.9723771735,0
3,A535,-1,1,1,16900.0246799515,11900.0246799515,0
3,A535,0,-1,-1,14439.0731789231,9439.07317892313,0
3,A535,0,-1,0,9953.75381220808,4953.75381220808,0
3,A535,0,-1,1,13771.9859004356,8771.98590043557,0
3,A535,0,0,-1,10475.8189846039,5475.8189846039,0
3,A535,0,0,0,577.203678034865,-4422.79632196514,0
3,A535,0,0,1,9535.38382938445,4535.38382938445,0
3,A535,0,1,-1,14525.7954181545,9525.79541815448,0
3,A535,0,1,0,10079.1424842507,5079.14248425069,0
3,A535,0,1,1,13862.8818759151,8862.88187591514,0
3,A535,1,-1,-1,17749.8026464777,12749.8026464777,0
3,A535,1,-1,0,14340.3582478491,9340.35824784915,0
3,A535,1,-1,1,17211.5151966468,12211.5151966468,0
3,A535,1,0,-1,14707.5301502596,9707.53015025962,0
3,A535,1,0,0,10339.3338184114,5339.33381841138,0
3,A535,1,0,1,14053.1919682432,9053.19196824318,0
3,A535,1,1,-1,17820.420653079,12820.420653079,0
3,A535,1,1,0,14427.6738575709,9427.67385757092,0
3,A535,1,1,1,17284.3326058076,12284.3326058076,0
