Group,MediumID,CandidateIndex,Hypothesis,OriginalStartX,OriginalStartY,OriginalStartZ,OriginalEndX,OriginalEndY,OriginalEndZ,Valid,MatchedPieceIndex
1,A1,1,A_EXTEND_AFTER_P2,-5000,-123.595139885209,-413.21077078022,-73.3472592556782,667.713772233193,-93.9569881582313,0,0
1,A1,2,B_EXTEND_BEFORE_P1,-7514.74698018023,-527.508669386136,-576.16978737989,-2588.09423943591,263.800242732266,-256.916004757901,1,2
1,A2,1,A_EXTEND_AFTER_P2,-5000,260.638630130799,-45.5355334223004,-28.3076176040818,605.246320769048,358.841016811975,0,0
1,A2,2,B_EXTEND_BEFORE_P1,-7669.26746487694,75.6211298477729,-262.64252357348,-2697.57508248102,420.228820486022,141.734026660795,1,2
1,A3,1,A_EXTEND_AFTER_P2,-5000,273.505296679324,-144.677940130256,-6.12383393915889,487.37690477121,-20.3406034140737,0,0
1,A3,2,B_EXTEND_BEFORE_P1,-8933.0358623267,105.066056981,-242.602515764392,-3939.15969626586,318.937665072886,-118.26517904821,1,2
1,A4,1,DIRECT,-4192.3186063671,261.813019412782,-199.977019550071,806.624526775099,321.530792400596,-283.651025070759,1,1
1,A5,1,DIRECT,-2777.97743793496,-159.004834417892,-249.729794262883,2215.33209763938,97.7058633389306,-280.705584803122,1,1
1,A6,1,A_EXTEND_AFTER_P2,-2262.03951829238,-250.253829283375,441.667836947413,2732.81245393412,-346.408361525827,647.113891848098,0,0
1,A6,2,B_EXTEND_BEFORE_P1,-5838.70645986303,-181.400390049126,294.553945099315,-843.854487636523,-277.554922291578,500,0,0
1,A7,1,A_EXTEND_AFTER_P2,-843.854487636523,-277.554922291578,-500,4150.99748458998,-373.709454534033,-294.553945099315,0,0
1,A7,2,B_EXTEND_BEFORE_P1,-2262.03951829238,-250.253829283374,-558.332163052587,2732.81245393412,-346.408361525829,-352.886108151902,0,0
1,A8,1,A_EXTEND_AFTER_P2,577.038075568308,-500,-306.636481677966,5576.64289084053,-468.709098793001,-252.115195849156,1,1
1,A8,2,B_EXTEND_BEFORE_P1,0.395184727774335,-503.60902039175,-312.924841065218,5000,-472.318119184751,-258.403555236408,0,0
1,A9,1,A_EXTEND_AFTER_P2,1066.9641376733,105.066056981001,-242.602515764394,6060.84030373414,318.937665072886,-118.26517904821,1,1
1,A9,2,B_EXTEND_BEFORE_P1,6.12383393915911,59.6336885874392,-269.01527684644,5000,273.505296679324,-144.677940130256,0,0
1,A10,1,A_EXTEND_AFTER_P2,2330.73253512306,75.6211298477722,-262.64252357348,7302.42491751898,420.228820486022,141.734026660795,1,1
1,A10,2,B_EXTEND_BEFORE_P1,28.3076176040827,-83.9690605074512,-449.912083656575,5000,260.638630130799,-45.5355334223004,0,0
1,A11,1,A_EXTEND_AFTER_P2,2656.52072494725,-500,434.928592307143,7583.17346569157,291.308912118405,754.182374929131,0,0
1,A11,2,B_EXTEND_BEFORE_P1,-1265.96465270057,-1130.02159890772,180.746217378012,3660.68808804375,-338.712686789317,500,0,0
1,A12,1,A_EXTEND_AFTER_P2,3660.68808804375,-338.712686789317,-500,8587.34082878807,452.596225329087,-180.746217378014,1,1
1,A12,2,B_EXTEND_BEFORE_P1,73.3472592556773,-914.904052003613,-732.464553402206,5000,-123.595139885209,-413.21077078022,0,0
2,A1,1,A_EXTEND_AFTER_P2,-5000,-460.898289390296,-273.23245049489,-60.4880016845,-275.255230675564,-1026.06568119626,0,0
2,A1,2,B_EXTEND_BEFORE_P1,-8451.63794343944,-590.62216203489,252.833230701372,-3512.12594512394,-404.979103320158,-500,1,2
2,A2,1,A_EXTEND_AFTER_P2,-5000,-192.583780408597,50.2861991895686,-67.2513395831588,302.324463834864,-600.141723747105,0,0
2,A2,2,B_EXTEND_BEFORE_P1,-5759.45994359387,-268.781254298442,150.427922936673,-826.711283177028,226.126989945019,-500,1,2
2,A3,1,A_EXTEND_AFTER_P2,-5000,-143.414420351492,218.690227529327,-71.8431268776681,656.904773308797,488.429031108029,0,0
2,A3,2,B_EXTEND_BEFORE_P1,-8109.99496107919,-648.469093654031,48.4670910637463,-3181.83808795686,151.850100006258,318.205894642448,1,2
2,A4,1,A_EXTEND_AFTER_P2,-5000,-31.8043625940113,-200.10393428969,-15.6732976599415,195.792423682177,123.449812739508,0,0
2,A4,2,B_EXTEND_BEFORE_P1,-6913.85908644009,-119.195940929907,-324.340629772121,-1929.53238410003,108.400845346282,-0.786882742922217,1,2
2,A5,1,A_EXTEND_AFTER_P2,-5000,-24.3939133305471,-161.974770248318,-68.8735934320805,-812.566522036821,-412.526763522577,0,0
2,A5,2,B_EXTEND_BEFORE_P1,-6955.54249614789,288.172608706274,-62.6130768044481,-2024.41608957997,-500,-313.165070078707,1,2
2,A6,1,A_EXTEND_AFTER_P2,-5000,-14.0725596141766,281.931898702774,-1.21956370474209,-120.411977214601,311.698960636785,0,0
2,A6,2,B_EXTEND_BEFORE_P1,-7322.16963646283,35.3271229399665,268.103692349086,-2323.38920016757,-71.012294660458,297.870754283097,1,2
2,A7,1,A_EXTEND_AFTER_P2,-5000,-10.9123393011085,138.872240038616,-19.6616193139489,-441.142817129317,244.377452294494,0,0
2,A7,2,B_EXTEND_BEFORE_P1,-8429.97102577644,285.388425939954,66.2105465060162,-3449.63264509039,-144.842051888255,171.715758761894,1,2
2,A8,1,A_EXTEND_AFTER_P2,-5000,85.6463529482064,-446.561220389142,-20.3886943194311,-230.103769703251,-768.699551520103,0,0
2,A8,2,B_EXTEND_BEFORE_P1,-9153.5551509294,349.017421057368,-177.861668869039,-4173.94384524883,33.2672984059111,-500,1,2
2,A9,1,A_EXTEND_AFTER_P2,-5000,270.675162840378,-248.900081210053,-60.3885819193865,-157.299885492213,-894.714602858761,0,0
2,A9,2,B_EXTEND_BEFORE_P1,-8019.03517775782,532.248719292468,145.814521648708,-3079.42375967721,104.273670959877,-500,1,2
2,A10,1,A_EXTEND_AFTER_P2,-5000,300.316348054142,115.435676374726,-7.55007460507704,277.231978604343,389.13414971964,0,0
2,A10,2,B_EXTEND_BEFORE_P1,-8120.60302705075,314.745567026609,-55.6435126372188,-3128.15310165583,291.66119757681,218.054960707695,1,2
2,A11,1,A_EXTEND_AFTER_P2,-5000,307.50626190705,-131.057049605648,-20.2472778334761,-9.06760522294366,-450.186823718716,0,0
2,A11,2,B_EXTEND_BEFORE_P1,-6938.54445731346,430.74380997312,-6.82452456142585,-1958.79173514694,114.169942843126,-325.954298674494,1,2
2,A12,1,DIRECT,-4850.28126750738,82.5010658474648,-222.18011252894,147.723911234192,170.890609581654,-332.323300384175,1,1
2,A13,1,A_EXTEND_AFTER_P2,-4467.83177333225,246.977030225627,3.06238206404549,469.148871894183,673.329127262814,669.73021390505,0,0
2,A13,2,B_EXTEND_BEFORE_P1,-6474.91125645688,73.6479029628134,-267.964673438193,-1537.93061123045,500,398.703158402811,0,0
2,A14,1,DIRECT,-4320.97782889831,-411.653921511031,368.315645023836,669.713064161411,-154.034754426643,205.10787964038,1,1
2,A15,1,A_EXTEND_AFTER_P2,-4173.94384524883,33.2672984059111,500,805.667460431739,-282.482824245545,177.861668869041,0,0
2,A15,2,B_EXTEND_BEFORE_P1,-5451.81488068765,114.295296657957,582.667344394382,-472.203575007085,-201.454825993499,260.529013263423,0,0
2,A16,1,DIRECT,-3571.27624542796,181.81815690851,361.831173792362,1420.41208784988,34.5184054987683,114.141112117339,1,1
2,A17,1,A_EXTEND_AFTER_P2,-3512.12594512394,-404.979103320158,500,1427.38605319156,-219.336044605424,-252.83323070138,0,0
2,A17,2,B_EXTEND_BEFORE_P1,-7362.79020205991,-549.699693326797,1086.88145992641,-2423.27820374441,-364.056634612063,334.048229225033,0,0
2,A18,1,DIRECT,-3511.51171165783,-474.333842855282,-463.533330394968,1481.8651122767,-242.86501776371,-351.238730327768,1,1
2,A19,1,A_EXTEND_AFTER_P2,-3146.96746839665,225.856272683375,291.56159429546,1781.789933439,591.720219973437,-465.73230236791,0,0
2,A19,2,B_EXTEND_BEFORE_P1,-4382.58173550471,134.136052709938,481.411300179264,546.17566633094,500,-275.882596484106,0,0
2,A20,1,A_EXTEND_AFTER_P2,-3079.42375967721,104.273670959877,500,1860.1876584034,-323.701377372713,-145.814521648709,0,0
2,A20,2,B_EXTEND_BEFORE_P1,-6022.41864018153,359.25898652865,884.772944691675,-1082.80722210092,-68.7160618039392,238.958423042966,0,0
2,A21,1,DIRECT,-2678.97911623744,295.087071499692,-78.7997608836554,2315.72959335963,490.579233198023,-199.910127862549,1,1
2,A22,1,A_EXTEND_AFTER_P2,-2599.08594733317,251.652420635587,359.197054551838,2330.14014502606,334.338315281425,1193.39917228562,0,0
2,A22,2,B_EXTEND_BEFORE_P1,-6696.31996267683,182.922876933545,-334.202117733779,-1767.0938703176,265.608771579383,500,0,0
2,A23,1,A_EXTEND_AFTER_P2,-2129.21351112502,-106.724183165754,-366.358988906297,2837.48166982183,-673.075563798358,-260.599387853466,0,0
2,A23,2,B_EXTEND_BEFORE_P1,-3647.02312200085,66.3513806326038,-398.678858169902,1319.672058946,-500,-292.919257117071,0,0
2,A24,1,DIRECT,-1977.25732408147,66.8052381259813,-477.030271691909,2995.23503720289,342.918909852125,-31.9674028131336,1,1
2,A25,1,DIRECT,-1838.56689459812,294.257902005536,-367.771364687737,3100.77004810686,216.528673349028,404.82732379311,1,1
2,A26,1,DIRECT,-1779.52317608205,-232.026520024825,339.790039270438,3220.45837798502,-243.703331153308,346.726253723034,1,1
2,A27,1,A_EXTEND_AFTER_P2,-1767.0938703176,265.608771579383,-500,3162.13222204163,348.294666225221,334.202117733784,0,0
2,A27,2,B_EXTEND_BEFORE_P1,-2599.08594733316,251.652420635587,-640.802945448162,2330.14014502607,334.338315281425,193.399172285622,0,0
2,A28,1,A_EXTEND_AFTER_P2,-1537.93061123045,-500,398.703158402811,3399.05003399598,-73.6479029628188,1065.37099024381,0,0
2,A28,2,B_EXTEND_BEFORE_P1,-5724.76174795748,-861.570029003478,-166.667831840996,-787.781102731041,-435.217931966297,500,0,0
2,A29,1,DIRECT,-1028.3713146442,-236.936150294581,-334.043480856211,3965.06458500721,-14.6318438933278,-206.847917144566,1,1
2,A30,1,A_EXTEND_AFTER_P2,-787.781102731041,-435.217931966297,-500,4149.19954249539,-8.86583492911262,166.667831841004,0,0
2,A30,2,B_EXTEND_BEFORE_P1,-4467.83177333225,-753.022969774372,-996.937617935956,469.148871894181,-326.670872737188,-330.269786094952,0,0
2,A31,1,DIRECT,-568.823774163553,-394.401820150427,-168.577848702974,4417.58197113286,-166.578870825741,120.998474631548,1,1
2,A32,1,A_EXTEND_AFTER_P2,-432.469545625651,360.992158632394,471.374228106842,4516.84438459055,1013.70215383262,191.62204789453,0,0
2,A32,2,B_EXTEND_BEFORE_P1,-4327.72661942904,-152.709995200226,691.547503483683,621.587310787169,500,411.795323271371,0,0
2,A33,1,DIRECT,-134.813541478156,-364.233142148315,427.977499036112,4824.09874614606,143.9163178571,39.4249930014681,1,1
2,A34,1,A_EXTEND_AFTER_P2,74.4923033113464,-195.552670819329,257.81445243288,5074.48681683039,-202.353389003721,260.749586441446,1,1
2,A34,2,B_EXTEND_BEFORE_P1,0.00548648095755766,-195.451357938216,257.770726627046,5000,-202.252076122608,260.705860635612,0,0
2,A35,1,A_EXTEND_AFTER_P2,546.17566633094,-500,-275.882596484106,5474.93306816659,-134.136052709938,-1033.17649314748,0,0
2,A35,2,B_EXTEND_BEFORE_P1,-3146.96746839665,-774.143727316625,291.561594295463,1781.789933439,-408.279780026563,-465.73230236791,0,0
2,A36,1,A_EXTEND_AFTER_P2,621.587310787169,-500,411.795323271371,5570.90124100337,152.709995200228,132.04314305906,0,0
2,A36,2,B_EXTEND_BEFORE_P1,-432.469545625654,-639.007841367607,471.374228106842,4516.84438459055,13.7021538326212,191.622047894531,0,0
2,A37,1,A_EXTEND_AFTER_P2,1319.672058946,500,-292.919257117071,6286.36723989285,-66.3513806326056,-187.159656064241,0,0
2,A37,2,B_EXTEND_BEFORE_P1,-2129.21351112502,893.275816834248,-366.358988906296,2837.48166982183,326.924436201642,-260.599387853466,0,0
2,A38,1,A_EXTEND_AFTER_P2,1570.02897422356,285.388425939953,66.2105465060182,6550.36735490961,-144.842051888255,171.715758761893,1,1
2,A38,2,B_EXTEND_BEFORE_P1,19.6616193139489,419.318138527099,33.3670277827411,5000,-10.9123393011085,138.872240038616,0,0
2,A39,1,A_EXTEND_AFTER_P2,1879.39697294925,314.745567026607,-55.6435126372199,6871.84689834417,291.661197576811,218.054960707696,1,1
2,A39,2,B_EXTEND_BEFORE_P1,7.55007460507773,323.400717503938,-158.26279697019,5000,300.316348054142,115.435676374726,0,0
2,A40,1,A_EXTEND_AFTER_P2,1890.0050389208,351.530906345968,48.4670910637461,6818.16191204313,1151.85010000625,318.205894642446,0,0
2,A40,2,B_EXTEND_BEFORE_P1,-2123.91787588422,-300.319193660286,-171.23183341685,2804.23899723811,500,98.5069701618498,0,0
2,A41,1,A_EXTEND_AFTER_P2,2637.2097979401,450.300306673203,86.8814599264067,7576.7217962556,635.943365387938,-665.951770774966,0,0
2,A41,2,B_EXTEND_BEFORE_P1,-979.913778206888,314.356941285265,638.168880344757,3959.59822010861,500,-114.664350356616,0,0
2,A42,1,A_EXTEND_AFTER_P2,2677.83036353717,35.3271229399666,268.103692349086,7676.61079983243,-71.0122946604581,297.870754283097,1,1
2,A42,2,B_EXTEND_BEFORE_P1,1.21956370474118,92.2668579862481,252.164836768763,5000,-14.0725596141766,281.931898702774,0,0
2,A43,1,A_EXTEND_AFTER_P2,2804.23899723811,-500,98.5069701618498,7732.39587036044,300.31919366029,368.245773740552,1,1
2,A43,2,B_EXTEND_BEFORE_P1,71.8431268776685,-943.733614011782,-51.0485760493749,5000,-143.414420351492,218.690227529327,0,0
2,A44,1,A_EXTEND_AFTER_P2,3061.45554268653,430.743809973119,-6.82452456142613,8041.20826485305,114.169942843128,-325.954298674493,1,1
2,A44,2,B_EXTEND_BEFORE_P1,20.2472778334759,624.080129037041,188.072724507418,5000,307.50626190705,-131.057049605648,0,0
2,A45,1,A_EXTEND_AFTER_P2,3086.14091355992,-119.195940929906,-324.34062977212,8070.46761589998,108.400845346282,-0.786882742921591,1,1
2,A45,2,B_EXTEND_BEFORE_P1,15.6732976599415,-259.401148870199,-523.657681318888,5000,-31.8043625940113,-200.10393428969,0,0
2,A46,1,A_EXTEND_AFTER_P2,3092.13444207282,280.552107085691,-65.0355561569352,8023.26084864074,-507.620501620581,-315.587549431193,1,1
2,A46,2,B_EXTEND_BEFORE_P1,68.8735934320803,763.778695375725,88.5772230259397,5000,-24.3939133305471,-161.974770248318,0,0
2,A47,1,A_EXTEND_AFTER_P2,3959.59822010861,-500,-114.664350356616,8899.11021842411,-314.356941285264,-867.497581057993,1,1
2,A47,2,B_EXTEND_BEFORE_P1,60.4880016845013,-646.541348105032,479.600780206487,5000,-460.898289390296,-273.23245049489,0,0
2,A48,1,A_EXTEND_AFTER_P2,3977.58135981847,359.25898652865,-115.227055308326,8917.19277789908,-68.7160618039371,-761.041576957033,1,1
2,A48,2,B_EXTEND_BEFORE_P1,60.3885819193865,698.650211172965,396.914440438654,5000,270.675162840378,-248.900081210053,0,0
2,A49,1,A_EXTEND_AFTER_P2,4430.2932292045,-249.743104160598,125.407235577456,9363.04188962134,245.165140082868,-525.020687359217,1,1
2,A49,2,B_EXTEND_BEFORE_P1,67.2513395831593,-687.492024652063,700.714122126242,5000,-192.583780408597,50.2861991895686,0,0
3,A1,1,A_EXTEND_AFTER_P2,-5000,-4872.85737033347,2556.81333101074,-217.368881987114,-4690.07864735648,4003.54465625455,0,0
3,A1,2,B_EXTEND_BEFORE_P1,-5119.7502408185,-4877.43388806041,2520.58924842467,-337.119122805609,-4694.65516508342,3967.32057366848,1,2
3,A2,1,A_EXTEND_AFTER_P2,-5000,-4866.08250706701,-1349.01698940725,-1465.00274467709,-4599.33850577125,-4875.01217412209,0,0
3,A2,2,B_EXTEND_BEFORE_P1,-6034.66440059518,-4944.15626562438,-316.987420275034,-2499.66714527227,-4677.41226432862,-3842.98260498987,1,2
3,A3,1,A_EXTEND_AFTER_P2,-5000,-4706.61459072279,-4108.45905076322,-577.587787101104,-5531.16975895707,-6290.74661058223,1,1
3,A3,2,B_EXTEND_BEFORE_P1,-7848.87139106123,-4175.44483176572,-2702.65237853492,-3426.45917816233,-5000,-4884.93993835393,1,2
3,A4,1,A_EXTEND_AFTER_P2,-5000,-4560.01742740096,964.359666454309,-282.598955772585,-3181.31709694155,44.9507331100662,0,0
3,A4,2,B_EXTEND_BEFORE_P1,-8322.87206415158,-5531.15487574788,1611.97860567497,-3605.47101992416,-4152.45454528847,692.569672330724,1,3
3,A5,1,A_EXTEND_AFTER_P2,-5000,-4547.39384234608,-410.884225856586,-2154.96454173173,-4003.41379696324,-4486.40369598816,0,0
3,A5,2,B_EXTEND_BEFORE_P1,-5328.43298613041,-4610.19129894059,59.5967397559424,-2483.39752786214,-4066.21125355775,-4015.92273037563,1,2
3,A6,1,A_EXTEND_AFTER_P2,-5000,-4519.66210305138,3025.31565018178,-0.674168884889923,-4588.92663922028,2981.22870909355,0,0
3,A6,2,B_EXTEND_BEFORE_P1,-6557.69750778923,-4498.08055405592,3039.0523260015,-1558.37167667412,-4567.34509022482,2994.96538491327,1,2
3,A7,1,A_EXTEND_AFTER_P2,-5000,-4435.68841088378,396.827175517224,-43.6112131323889,-4182.30853743125,-211.456338267412,0,0
3,A7,2,B_EXTEND_BEFORE_P1,-7480.57516863928,-4562.50005729551,701.261118186282,-2524.18638177167,-4309.12018384298,92.9776044016462,1,2
3,A8,1,A_EXTEND_AFTER_P2,-5000,-4427.31798471068,-2547.29172280084,-34.7548326670299,-4760.88662050836,-3032.13437097514,0,0
3,A8,2,B_EXTEND_BEFORE_P1,-7485.47437372652,-4260.34208156522,-2304.59192919242,-2520.22920639355,-4593.9107173629,-2789.43457736672,1,2
3,A9,1,A_EXTEND_AFTER_P2,-5000,-4266.16628897089,-3773.88172280203,-2393.2302563349,-253.395716189006,-2323.90798727165,0,0
3,A9,2,B_EXTEND_BEFORE_P1,-6092.752250677,-5948.31105281666,-4381.70758343812,-3485.9825070119,-1935.54048003478,-2931.73384790774,1,3
3,A10,1,A_EXTEND_AFTER_P2,-5000,-4209.37005304343,1282.30863091672,-116.566213973521,-3171.74852905336,1556.92842344381,0,0
3,A10,2,B_EXTEND_BEFORE_P1,-5642.48288923202,-4345.88343765613,1246.1786196431,-759.049103205538,-3308.26191366606,1520.79841217019,1,2
3,A11,1,A_EXTEND_AFTER_P2,-5000,-4113.79464480424,-1483.19311457291,-3788.19740354866,-8964.31848294757,-1546.06570667072,1,1
3,A11,2,B_EXTEND_BEFORE_P1,-5990.40260208983,-149.476161856671,-1431.80753494455,-4778.60000563849,-5000,-1494.68012704236,1,2
3,A12,1,A_EXTEND_AFTER_P2,-5000,-4073.06844973178,4316.19087821228,-273.967265903737,-4722.51813421721,2818.58288425245,0,0
3,A12,2,B_EXTEND_BEFORE_P1,-7778.54547893462,-3691.2417493783,5196.66973964978,-3052.51274483836,-4340.69143386373,3699.06174568995,1,3
3,A13,1,A_EXTEND_AFTER_P2,-5000,-3998.61005755231,1241.72274558076,-193.055386412714,-4446.6033898664,2542.71677174164,0,0
3,A13,2,B_EXTEND_BEFORE_P1,-5453.62257371063,-3956.33374593534,1118.95031819287,-646.677960123347,-4404.32707824943,2419.94434435375,1,2
3,A14,1,A_EXTEND_AFTER_P2,-5000,-3934.96314704756,923.476102249517,-9.88324776567924,-4022.44378546644,1225.27394348139,0,0
3,A14,2,B_EXTEND_BEFORE_P1,-6487.12407589988,-3908.89270220084,833.536155343552,-1497.00732366556,-3996.37334061972,1135.33399657542,1,2
3,A15,1,A_EXTEND_AFTER_P2,-5000,-3809.67060242485,-2329.36103653559,-465.396108948339,-4360.88387479716,-296.252215144135,0,0
3,A15,2,B_EXTEND_BEFORE_P1,-8804.62101200746,-3347.19192764942,-4035.17894862001,-4270.0171209558,-3898.40520002173,-2002.07012722856,1,2
3,A16,1,A_EXTEND_AFTER_P2,-5000,-3505.79987614971,2439.60639803962,-149.660922819598,-3407.63560081455,1229.41029350751,0,0
3,A16,2,B_EXTEND_BEFORE_P1,-7427.26396874057,-3554.92440223894,3045.22702639136,-2576.92489156017,-3456.76012690378,1835.03092185925,1,2
3,A17,1,A_EXTEND_AFTER_P2,-5000,-3160.9915908559,3668.52224946907,-426.627767797113,-1532.81070027851,2471.31992184263,0,0
3,A17,2,B_EXTEND_BEFORE_P1,-8675.72172827145,-4469.59705159465,4630.74058319827,-4102.34949606856,-2841.41616101726,3433.53825557183,1,2
3,A18,1,A_EXTEND_AFTER_P2,-5000,-2897.59141411251,288.901642274303,-1737.49255060331,-6523.142750151,-811.744827933376,0,0
3,A18,2,B_EXTEND_BEFORE_P1,-7302.53214933889,-338.839092535155,1065.68879817128,-4040.0246999422,-3964.39042857365,-34.9576720364012,1,2
3,A19,1,A_EXTEND_AFTER_P2,-5000,-2779.71438908079,-3244.96239808851,-2581.35428663402,713.650446186849,-5880.59420866673,0,0
3,A19,2,B_EXTEND_BEFORE_P1,-6991.79517712893,-5656.5587290294,-1074.47554257817,-4573.14946376295,-2163.19389376176,-3710.10735315639,1,3
3,A20,1,A_EXTEND_AFTER_P2,-5000,-2778.66251188592,2206.82508489744,-706.566096511012,-4883.48341940406,3668.38393203492,0,0
3,A20,2,B_EXTEND_BEFORE_P1,-7713.05490052306,-1448.60950391369,1283.25446944978,-3419.62099703407,-3553.43041143183,2744.81331658726,1,2
3,A21,1,A_EXTEND_AFTER_P2,-5000,-2691.57323766101,-1126.55329185837,-54.201901966961,-2019.70767161226,-830.448859857131,0,0
3,A21,2,B_EXTEND_BEFORE_P1,-6788.65712040849,-2934.55467460004,-1233.640012785,-1842.85902237545,-2262.68910855129,-937.535580783762,1,2
3,A22,1,A_EXTEND_AFTER_P2,-5000,-2602.2578268195,2880.14555663,-1306.16916591968,-5180.63998891546,5049.83659347899,0,0
3,A22,2,B_EXTEND_BEFORE_P1,-6650.92957248635,-1449.86954706891,1910.41866420061,-2957.09873840603,-4028.25170916487,4080.1097010496,1,2
3,A23,1,A_EXTEND_AFTER_P2,-5000,-2564.86128944441,-1330.47391306341,-2686.61628675086,-4663.69060724504,-5234.72432639683,0,0
3,A23,2,B_EXTEND_BEFORE_P1,-5717.12861181137,-1914.2426538574,-120.190611144001,-3403.74489856223,-4013.07197165803,-4024.44102447742,1,2
3,A24,1,A_EXTEND_AFTER_P2,-5000,-2456.20339955356,-2657.38387812609,-3005.38762076414,54.871544747317,1178.76315772947,0,0
3,A24,2,B_EXTEND_BEFORE_P1,-5472.51478078056,-3051.06585963938,-3566.15000961059,-3477.9024015447,-539.990915338504,269.997026244971,1,2
3,A25,1,A_EXTEND_AFTER_P2,-5000,-2432.17457103533,-3042.63852110194,-2342.74588280851,-4197.37993184354,807.432983538313,0,0
3,A25,2,B_EXTEND_BEFORE_P1,-5709.12319512214,-1961.10631399334,-4070.08071759942,-3051.86907793065,-3726.31167480155,-220.009212959164,1,2
3,A26,1,A_EXTEND_AFTER_P2,-5000,-2429.63780368038,1192.46496680503,-682.551493382934,-3347.77208444389,-1156.29381927687,0,0
3,A26,2,B_EXTEND_BEFORE_P1,-5453.93427541205,-2333.10564612701,1439.41223578663,-1136.48576879498,-3251.23992689051,-909.346550295275,1,2
3,A27,1,A_EXTEND_AFTER_P2,-5000,-2285.37593637789,-1294.23920020719,-803.998870149498,-4800.52503674083,-260.99212363895,0,0
3,A27,2,B_EXTEND_BEFORE_P1,-7260.99489663987,-930.100019087664,-1850.99938562975,-3064.99376678937,-3445.2491194506,-817.752309061515,1,2
3,A28,1,A_EXTEND_AFTER_P2,-5000,-1980.646304769,3104.21465993047,-412.395093075738,-201.82058038417,3992.8429625583,0,0
3,A28,2,B_EXTEND_BEFORE_P1,-5883.99784397859,-2323.41298522059,2932.9824985829,-1296.39293705433,-544.587260835758,3821.61080121073,1,2
3,A29,1,A_EXTEND_AFTER_P2,-5000,-1885.81724045037,4304.47317215295,-894.191133524146,855.237354878194,3511.40743881401,0,0
3,A29,2,B_EXTEND_BEFORE_P1,-6058.02143002854,-2592.15662376051,4508.83742012003,-1952.21256355269,148.897971568059,3715.77168678109,1,2
3,A30,1,A_EXTEND_AFTER_P2,-5000,-1832.60798588856,-4442.89166913915,-152.525747801049,-2976.05291332682,-4001.83943619622,0,0
3,A30,2,B_EXTEND_BEFORE_P1,-9041.20796233372,-879.348926666654,-4810.58496730685,-4193.73371013477,-2022.79385410491,-4369.53273436392,1,2
3,A31,1,A_EXTEND_AFTER_P2,-5000,-1823.22140012199,290.683235674212,-3468.11163319852,-2412.2098349564,5013.64953401783,0,0
3,A31,2,B_EXTEND_BEFORE_P1,-5527.62453100125,-1620.35756654936,-1336.03639488305,-3995.73616419977,-2209.34600138377,3386.92990346057,1,2
3,A32,1,A_EXTEND_AFTER_P2,-5000,-1770.83504212766,2589.6427585874,-407.920619472946,-3709.1711265287,2984.1806995349,0,0
3,A32,2,B_EXTEND_BEFORE_P1,-5978.59993946937,-1357.76387813388,2505.56433286008,-1386.52055894232,-3296.09996253492,2900.10227380758,1,2
3,A33,1,A_EXTEND_AFTER_P2,-5000,-1730.49364760457,-1584.90290947253,-310.213615627805,-1603.15318004754,-3313.97435804819,0,0
3,A33,2,B_EXTEND_BEFORE_P1,-6470.47697297513,-1770.42110056799,-1042.75460219955,-1780.69058860293,-1643.08063301096,-2771.82605077521,1,2
3,A34,1,A_EXTEND_AFTER_P2,-5000,-1690.28799022273,1083.3790173988,-4.22950698889667,-1529.99174664023,954.606755428508,0,0
3,A34,2,B_EXTEND_BEFORE_P1,-6033.40012484487,-1723.44607031509,1110.01620415164,-1037.62963183377,-1563.14982673259,981.243942181346,1,2
3,A35,1,A_EXTEND_AFTER_P2,-5000,-1568.74135130602,-712.470563064057,-736.327968215699,1042.31154565329,-653.279561545873,0,0
3,A35,2,B_EXTEND_BEFORE_P1,-6618.14457213507,-2559.68555181577,-734.93467313441,-2354.47254035077,51.3673451435429,-675.743671616226,1,2
3,A36,1,A_EXTEND_AFTER_P2,-5000,-1525.23346506892,2224.38202222794,-1897.8957756951,-2511.39813459402,-1570.93464784455,0,0
3,A36,2,B_EXTEND_BEFORE_P1,-5515.7806928964,-1361.26582898101,2855.42176825384,-2413.6764685915,-2347.43049850611,-939.89490181865,1,2
3,A37,1,A_EXTEND_AFTER_P2,-5000,-1332.26025692466,4449.60978106156,-748.622812481157,-721.076408112897,7009.34537529703,1,1
3,A37,2,B_EXTEND_BEFORE_P1,-8337.25292159939,-1812.02834032819,2440.26440576453,-4085.87573408055,-1200.84449151643,5000,1,2
3,A38,1,A_EXTEND_AFTER_P2,-5000,-1194.62051862425,2791.97432075776,-1436.44318482256,-4659.37643032017,2247.42928371248,0,0
3,A38,2,B_EXTEND_BEFORE_P1,-8163.2137965135,1880.89202961122,3275.34317478256,-4599.65698133606,-1583.8638820847,2730.79813773728,1,2
3,A39,1,A_EXTEND_AFTER_P2,-5000,-1126.71993264818,4747.84309165573,-451.472865597249,249.59119342411,6302.40688637485,1,1
3,A39,2,B_EXTEND_BEFORE_P1,-8810.7365441245,-2279.78749699008,3445.43620528088,-4262.20940972175,-903.476370917789,5000,1,2
3,A40,1,A_EXTEND_AFTER_P2,-5000,-1113.88857078746,3782.59616936743,-578.464191352969,-650.665280152452,6070.70571129616,0,0
3,A40,2,B_EXTEND_BEFORE_P1,-7460.30859986854,-1371.64340868336,2509.40607726431,-3038.77279122151,-908.420118048348,4797.51561919305,1,2
3,A41,1,A_EXTEND_AFTER_P2,-5000,-1099.7597181318,-3498.00726232382,-63.3263580142034,-342.201353822163,-3262.72301468451,0,0
3,A41,2,B_EXTEND_BEFORE_P1,-5796.26722387823,-1221.95108410428,-3535.95774239944,-859.593581892434,-464.39271979464,-3300.67349476013,1,2
3,A42,1,A_EXTEND_AFTER_P2,-5000,-1032.75823239689,-3930.21641597039,-261.227916325987,561.629260027575,-3885.85806847779,0,0
3,A42,2,B_EXTEND_BEFORE_P1,-8580.06616719511,-2237.29236449687,-3963.72843475645,-3841.2940835211,-642.904872072403,-3919.37008726385,1,2
3,A43,1,A_EXTEND_AFTER_P2,-5000,-1028.65263600888,0.015221859663427,-110.616725481593,-1809.55413260021,-695.775010524412,0,0
3,A43,2,B_EXTEND_BEFORE_P1,-8353.4218941714,-493.065215503684,477.228413794833,-3464.03861965299,-1273.96671209501,-218.561818589242,1,2
3,A44,1,A_EXTEND_AFTER_P2,-5000,-961.751027590173,3156.62516012837,-950.864020340923,-4.93600357198034,383.720035887117,0,0
3,A44,2,B_EXTEND_BEFORE_P1,-8237.87098457833,-1726.8632933773,5373.96463449328,-4188.73500491925,-770.048269359104,2601.05951025203,1,3
3,A45,1,A_EXTEND_AFTER_P2,-5000,-731.749344336892,-1448.85070583919,-86.135629553658,-790.874974184097,-2371.04434534943,0,0
3,A45,2,B_EXTEND_BEFORE_P1,-7241.11142302339,-704.783373269199,-1028.25735121264,-2327.24705257705,-763.909003116404,-1950.45099072288,1,2
3,A46,1,A_EXTEND_AFTER_P2,-5000,-730.487962622236,1855.54491806651,-331.337225530252,-2515.95912359966,1730.32258939321,0,0
3,A46,2,B_EXTEND_BEFORE_P1,-8609.92690992662,650.083027888508,1952.36995680638,-3941.26413545687,-1135.38813308892,1827.14762813308,1,2
3,A47,1,A_EXTEND_AFTER_P2,-5000,-561.292731474646,2432.06024610751,-125.518467945148,-1674.26221595537,2459.05506544188,0,0
3,A47,2,B_EXTEND_BEFORE_P1,-8391.37254664874,213.044832449732,2413.27886626428,-3516.89101459389,-899.92465203099,2440.27368559865,1,2
3,A48,1,A_EXTEND_AFTER_P2,-5000,-514.068744165381,4019.84708744789,-749.387451573915,-275.550619361459,6641.94587797862,1,1
3,A48,2,B_EXTEND_BEFORE_P1,-7661.71350140464,-663.427667352909,2377.90120946927,-3411.10095297855,-424.909542548987,5000,1,2
3,A49,1,A_EXTEND_AFTER_P2,-5000,-476.615832602555,-1280.5382244246,-664.693571898507,-2807.38241046227,-2159.54068971919,0,0
3,A49,2,B_EXTEND_BEFORE_P1,-5008.42542479918,-472.086118532311,-1278.82993245206,-673.118996697684,-2802.85269639203,-2157.83239774665,1,2
3,A50,1,A_EXTEND_AFTER_P2,-5000,-424.768298245947,2438.90343590154,-182.354700563316,-87.7377271099961,3733.77955466171,0,0
3,A50,2,B_EXTEND_BEFORE_P1,-6165.37706344597,-506.295200470953,2125.67594923217,-1347.73176400929,-169.264629335002,3420.55206799234,1,2
3,A51,1,A_EXTEND_AFTER_P2,-5000,-283.275356566054,933.891906571597,-2341.34583907638,-4517.84165043262,936.412908885938,0,0
3,A51,2,B_EXTEND_BEFORE_P1,-7038.40663166911,2963.392879765,931.959038464291,-4379.75247074549,-1271.17341410157,934.480040778632,1,2
3,A52,1,A_EXTEND_AFTER_P2,-5000,-281.724644649797,3536.49433861641,-130.661387113166,154.608800140918,4584.90007973308,0,0
3,A52,2,B_EXTEND_BEFORE_P1,-5332.97631947522,-311.562106379373,3464.80199746974,-463.63770658839,124.771338411342,4513.20773858641,1,2
3,A53,1,A_EXTEND_AFTER_P2,-5000,-164.470951784556,-3645.76776975669,-1559.73448235052,-3241.9346151075,-1723.8441060804,0,0
3,A53,2,B_EXTEND_BEFORE_P1,-6128.37508129907,844.908496831237,-4276.14084971973,-2688.10956364959,-2232.55516649171,-2354.21718604344,1,2
3,A54,1,A_EXTEND_AFTER_P2,-5000,-26.7677428770708,-3530.30197874937,-24.4206386983428,-100.271187900536,-3042.23716444837,0,0
3,A54,2,B_EXTEND_BEFORE_P1,-7636.49077427042,12.1807173140578,-3788.92078205069,-2660.91141296876,-61.3227277094073,-3300.85596774969,1,2
3,A55,1,A_EXTEND_AFTER_P2,-5000,127.505239762082,-1252.26830164535,-581.118786250414,2350.96223166593,-1980.09233527222,0,0
3,A55,2,B_EXTEND_BEFORE_P1,-6667.73402243825,-711.651708220178,-977.579563814855,-2248.85280868866,1511.80528368367,-1705.40359744172,1,2
3,A56,1,A_EXTEND_AFTER_P2,-5000,215.344816075578,-4722.96002279038,-781.725961924337,-345.956109142615,-7348.05152806139,1,1
3,A56,2,B_EXTEND_BEFORE_P1,-8773.09696861889,717.408646046635,-2374.90849472899,-4554.82293054323,156.107720828442,-5000,1,2
3,A57,1,A_EXTEND_AFTER_P2,-5000,219.832056652714,1547.39993402217,-132.336432925471,1320.164709865,1238.98552117787,0,0
3,A57,2,B_EXTEND_BEFORE_P1,-6111.25448927516,-31.3664051409532,1617.80884706798,-1243.59092220063,1068.96624807133,1309.39443422368,1,2
3,A58,1,A_EXTEND_AFTER_P2,-5000,346.991808315544,-355.331480048224,-8.34426268612606,232.178850694516,-620.267292847859,0,0
3,A58,2,B_EXTEND_BEFORE_P1,-8159.6892267564,419.667746797315,-187.62864204453,-3168.03348944253,304.854789176287,-452.564454844165,1,2
3,A59,1,A_EXTEND_AFTER_P2,-5000,365.573051258324,-447.706374220298,-56.0363813928393,564.551221696831,-1167.17244400937,0,0
3,A59,2,B_EXTEND_BEFORE_P1,-6135.71479726242,319.864290043192,-282.432451387935,-1191.75117865526,518.842460481699,-1001.89852117701,1,2
3,A60,1,A_EXTEND_AFTER_P2,-5000,598.350872167653,-242.484499556541,-3446.05202811411,5267.05936640684,-1130.40718565631,0,0
3,A60,2,B_EXTEND_BEFORE_P1,-5493.31076386729,-883.760623992503,39.3922598071502,-3939.3627919814,3784.94787024668,-848.530426292623,1,2
3,A61,1,A_EXTEND_AFTER_P2,-5000,749.662862224878,3843.64876445069,-137.892595220104,-155.78278811597,3108.74757472289,0,0
3,A61,2,B_EXTEND_BEFORE_P1,-6002.66994460483,936.385010562742,3995.20101820592,-1140.56253982493,30.9393602218937,3260.29982847812,1,2
3,A62,1,A_EXTEND_AFTER_P2,-5000,1000.775202406,1139.47708819548,-0.0381574324565008,985.625906326277,1151.80882355042,0,0
3,A62,2,B_EXTEND_BEFORE_P1,-7314.30630950978,1007.78727821895,1133.76916204769,-2314.34446694224,992.637982139226,1146.10089740263,1,2
3,A63,1,A_EXTEND_AFTER_P2,-5000,1003.09122308877,-3286.42572353727,-61.9326765499502,636.633494126679,-3980.11141746415,0,0
3,A63,2,B_EXTEND_BEFORE_P1,-5006.38243805304,1003.56486866728,-3285.52913673929,-68.3151146029868,637.107139705193,-3979.21483066616,1,2
3,A64,1,A_EXTEND_AFTER_P2,-5000,1026.01054918311,-4860.53209466251,-932.056059274787,3256.03445757811,-2995.37111954435,0,0
3,A64,2,B_EXTEND_BEFORE_P1,-5780.11990132241,598.3532223583,-5218.21873367755,-1712.1759605972,2828.3771307533,-3353.05775855939,1,3
3,A65,1,A_EXTEND_AFTER_P2,-5000,1046.11706766861,1788.56189644159,-1087.1897992085,3993.56257306073,787.322002447277,0,0
3,A65,2,B_EXTEND_BEFORE_P1,-6291.18036038046,73.4954595251478,2118.95903323431,-2378.37015958896,3020.94096491727,1117.71913924,1,2
3,A66,1,A_EXTEND_AFTER_P2,-5000,1194.16708449381,2524.20597801391,-1571.78894051311,-2205.01870443801,3825.32276905757,0,0
3,A66,2,B_EXTEND_BEFORE_P1,-7706.96101336831,3878.20935848707,1496.82686801208,-4278.74995388142,479.023569555252,2797.94365905574,1,2
3,A67,1,A_EXTEND_AFTER_P2,-5000,1267.55444478739,-4446.96716704255,-1164.3721562885,3174.42669486819,-1867.85932392764,0,0
3,A67,2,B_EXTEND_BEFORE_P1,-5157.53510171841,1189.23628512208,-4552.89507062527,-1321.90725800691,3096.10853520288,-1973.78722751036,1,2
3,A68,1,A_EXTEND_AFTER_P2,-5000,1627.86460746779,450.994674718855,-634.176234372871,-807.643256469587,362.201137878852,0,0
3,A68,2,B_EXTEND_BEFORE_P1,-5792.4054780267,2069.91400679435,467.110873810386,-1426.58171239957,-365.593857143029,378.317336970383,1,2
3,A69,1,A_EXTEND_AFTER_P2,-5000,1846.30617244491,-923.970593359659,-47.5590533514505,1853.51720582329,-236.019526090749,0,0
3,A69,2,B_EXTEND_BEFORE_P1,-9255.47616518555,1840.10995910312,-1515.10522800037,-4303.035218537,1847.3209924815,-827.154160731464,1,2
3,A70,1,A_EXTEND_AFTER_P2,-5000,2079.61755137113,2353.86167246439,-1919.08995225241,5290.82887029168,4633.36055224574,0,0
3,A70,2,B_EXTEND_BEFORE_P1,-5700.20103219462,1349.80283907628,1835.79803419742,-2619.29098444703,4561.01415799683,4115.29691397877,1,2
3,A71,1,A_EXTEND_AFTER_P2,-5000,2103.41205632157,-2260.48027008985,-879.785508515678,4225.05831063963,-383.661228279813,0,0
3,A71,2,B_EXTEND_BEFORE_P1,-6745.80600475513,1204.43391370057,-3055.72089647053,-2625.59151327081,3326.08016801863,-1178.90185466049,1,2
3,A72,1,A_EXTEND_AFTER_P2,-5000,2297.16565005442,-2351.88553803245,-548.272927211332,1419.71797452008,-251.359021632379,0,0
3,A72,2,B_EXTEND_BEFORE_P1,-6490.39101327038,2590.92582646437,-3055.11953957642,-2038.66394048171,1713.47815093003,-954.593023176349,1,2
3,A73,1,A_EXTEND_AFTER_P2,-5000,2315.81765375918,4091.04323119117,-610.616363737617,135.355242437497,5080.4344412417,1,1
3,A73,2,B_EXTEND_BEFORE_P1,-5356.84329574769,2493.08249492775,4010.60878994947,-967.459659485311,312.620083606072,5000,1,2
3,A74,1,A_EXTEND_AFTER_P2,-5000,2352.95881316785,-4333.08370987709,-373.887935902347,1234.8787158768,-5865.72328474516,0,0
3,A74,2,B_EXTEND_BEFORE_P1,-8987.05074681052,3316.58486137682,-3012.16634408452,-4360.93868271287,2198.50476408577,-4544.80591895259,1,2
3,A75,1,A_EXTEND_AFTER_P2,-5000,2627.09113694637,1730.26194557632,-1835.8584093464,4349.27674859055,5197.57859009292,0,0
3,A75,2,B_EXTEND_BEFORE_P1,-5806.35548357729,2188.20628558915,846.644790812001,-2642.21389292369,3910.39189723333,4313.9614353286,1,2
3,A76,1,A_EXTEND_AFTER_P2,-5000,2685.05139773563,-3256.3901885425,-969.819630587469,2495.26897388695,-6209.63058200863,1,1
3,A76,2,B_EXTEND_BEFORE_P1,-6650.73911241291,2762.78520644385,-2046.75960653387,-2620.55874300038,2573.00278259517,-5000,1,2
3,A77,1,A_EXTEND_AFTER_P2,-5000,2818.62465634076,378.700572215921,-7.19589373990971,2609.28700054325,211.115064556121,0,0
3,A77,2,B_EXTEND_BEFORE_P1,-5678.35745007737,2847.06674126332,401.469916902103,-685.553343817277,2637.72908546581,233.884409242303,1,2
3,A78,1,A_EXTEND_AFTER_P2,-5000,3028.59273721468,3838.84536454666,-141.279363164499,2058.29045000256,4510.66918417481,0,0
3,A78,2,B_EXTEND_BEFORE_P1,-8965.2921707139,3820.47445882235,3290.55746507902,-4106.5715338784,2850.17217161023,3962.38128470717,1,2
3,A79,1,A_EXTEND_AFTER_P2,-5000,3254.23450499493,1899.31110932199,-1475.82120441713,-2.53935562335687,494.466691759115,0,0
3,A79,2,B_EXTEND_BEFORE_P1,-6127.83749999956,4296.49481642619,2348.90129974546,-2603.65870441669,1039.7209558079,944.056882182582,1,2
3,A80,1,A_EXTEND_AFTER_P2,-5000,3411.9230946411,3287.08706342088,-1645.52641331108,6470.1025240847,1190.65067432284,0,0
3,A80,2,B_EXTEND_BEFORE_P1,-7837.01188118525,825.498980122529,5060.12679389344,-4482.53829449633,3883.67840956613,2963.6904047954,1,3
3,A81,1,A_EXTEND_AFTER_P2,-5000,3498.43532509654,-3572.39428580983,-2727.16307276404,7513.31299873312,-5499.81991807871,1,1
3,A81,2,B_EXTEND_BEFORE_P1,-6422.79567587639,985.122326363416,-2365.82604402203,-4149.95874864043,5000,-4293.25167629091,1,2
3,A82,1,A_EXTEND_AFTER_P2,-5000,3565.49103718811,-2132.46832683517,-2206.56705137232,7621.70068141803,-1269.97445231927,0,0
3,A82,2,B_EXTEND_BEFORE_P1,-7339.79774002756,167.983263353901,-2854.89884709209,-4546.36479139988,4224.19290758382,-1992.40497257619,1,2
3,A83,1,A_EXTEND_AFTER_P2,-5000,3661.40876230168,200.799658762158,-316.744365217136,2861.71379991076,-1357.27756217432,0,0
3,A83,2,B_EXTEND_BEFORE_P1,-7270.65280103613,4049.13681900675,956.225516721767,-2587.39716625327,3249.44185661583,-601.851704214715,1,2
3,A84,1,A_EXTEND_AFTER_P2,-5000,3806.1067662756,-3937.37836358058,-160.092336058304,3863.81754456461,-5191.15795768303,0,0
3,A84,2,B_EXTEND_BEFORE_P1,-5882.11384255241,3795.58849197618,-3708.8664967722,-1042.20617861071,3853.29927026519,-4962.64609087465,1,2
3,A85,1,A_EXTEND_AFTER_P2,-5000,4268.99144661317,2473.37106164901,-1843.24282511566,6459.83011793458,5672.60691651481,1,1
3,A85,2,B_EXTEND_BEFORE_P1,-7103.45437992598,2809.1613286786,341.61169641362,-3946.69720504164,5000,3540.84755127942,1,2
3,A86,1,A_EXTEND_AFTER_P2,-5000,4321.31901781948,-3598.00449626768,-1530.17370523927,1728.25073645837,-1100.74552443757,0,0
3,A86,2,B_EXTEND_BEFORE_P1,-5974.69020335337,5049.72385303712,-4299.49605472247,-2504.86390859264,2456.65557167601,-1802.23708289236,1,3
3,A87,1,A_EXTEND_AFTER_P2,-5000,4516.05011482006,127.577383940598,-1197.38507903192,1286.86861290165,462.997404957348,0,0
3,A87,2,B_EXTEND_BEFORE_P1,-8269.94221695632,7292.8858288737,-160.856788314693,-4467.32729598824,4063.70432695529,174.563232702057,1,3
3,A88,1,A_EXTEND_AFTER_P2,-5000,4583.30546841803,-4734.57668717026,-469.012844779854,3206.16048336372,-6338.82950059146,1,1
3,A88,2,B_EXTEND_BEFORE_P1,-8781.33622048822,5732.60208623123,-3395.7471865788,-4250.34906526807,4355.45710117692,-5000,1,3
3,A89,1,A_EXTEND_AFTER_P2,-5000,4590.6972436687,-422.156804273222,-217.962044035246,3696.39809350272,-1576.4280105869,0,0
3,A89,2,B_EXTEND_BEFORE_P1,-7805.24690143064,5115.31246903009,254.963652473301,-3023.20894546589,4221.01331886411,-899.307553840379,1,3
3,A90,1,A_EXTEND_AFTER_P2,-5000,4726.03596082898,3929.70319677292,-172.529630768563,5492.71749010511,4982.19037810071,0,0
3,A90,2,B_EXTEND_BEFORE_P1,-8287.81738886369,4203.87659559688,3212.89182525609,-3460.34701963225,4970.55812487301,4265.37900658388,1,2
3,A91,1,A_EXTEND_AFTER_P2,-5000,4917.7334003533,2912.43041845257,-193.546718828795,5539.78123440597,4141.68358524488,1,1
3,A91,2,B_EXTEND_BEFORE_P1,-9170.7938573186,4377.95216594733,1845.74751169653,-4364.3405761474,5000,3075.00067848884,1,2
3,A92,1,A_EXTEND_AFTER_P2,-4995.91838936805,1956.76737973369,1769.17430952256,-3869.57462378038,-422.734885853253,6019.9764326269,1,1
3,A92,2,B_EXTEND_BEFORE_P1,-5266.18363876448,2527.72696853444,749.197876895656,-4139.83987317681,148.224702947496,5000,0,0
3,A93,1,DIRECT,-4902.46883794863,-94.4166207700482,672.934600297983,97.3763590855169,-82.0764201731013,710.294005322419,1,1
3,A94,1,DIRECT,-4897.9224016491,-4362.03473939685,1312.21633831054,-3012.14751113252,238.568230852889,1839.76289779741,1,1
3,A95,1,DIRECT,-4845.08073283386,1462.43827903822,-85.8584979188063,-257.976588278578,-503.036407640955,222.985836701638,1,1
3,A96,1,A_EXTEND_AFTER_P2,-4833.38316603981,1700.44016001606,-4028.8396946924,-3365.18508309815,-1875.98677250877,-7199.57537991712,1,1
3,A96,2,B_EXTEND_BEFORE_P1,-5851.88886209284,4181.44816882351,-1829.26431477528,-4383.69077915118,605.021236298684,-5000,0,0
3,A97,1,DIRECT,-4801.86959698975,-3582.07213390288,-1984.64462751909,-2690.87373362849,-3968.24918667436,2531.38944551273,1,1
3,A98,1,DIRECT,-4779.75109652657,-2344.06989304822,-3220.67869193697,183.472108314943,-1901.26852208205,-3633.40422397159,1,1
3,A99,1,A_EXTEND_AFTER_P2,-4778.60000563849,5000,-1494.68012704236,-3566.79740918712,149.476161856677,-1557.55271914016,0,0
3,A99,2,B_EXTEND_BEFORE_P1,-5674.79836573578,8587.2439307249,-1448.18219569767,-4462.99576928441,3736.72009258158,-1511.05478779547,1,3
3,A100,1,DIRECT,-4745.53953435397,3309.54611875961,-4101.31881632114,-3133.25193614438,-375.504264302602,-1131.31336599743,1,1
3,A101,1,DIRECT,-4741.19356786378,-378.567447110398,1578.804023168,169.012165270613,561.698729085063,1654.82491632829,1,1
3,A102,1,A_EXTEND_AFTER_P2,-4737.93168805124,-5000,3732.66449817433,-1192.65561419578,-1474.23523241936,3732.06131080533,0,0
3,A102,2,B_EXTEND_BEFORE_P1,-7439.32554554398,-7686.52682828981,3733.12410882794,-3894.04947168852,-4160.76206070917,3732.52092145894,1,3
3,A103,1,DIRECT,-4677.06527617311,1542.78684951119,-2987.78613940108,-232.43418966324,1953.7437089671,-734.706255221154,1,1
3,A104,1,A_EXTEND_AFTER_P2,-4668.25542612177,2564.41390693882,1131.01493516207,-4123.31609818373,5682.77975282283,-2739.23513170577,1,1
3,A104,2,B_EXTEND_BEFORE_P1,-4787.57226000901,1881.63415411599,1978.42300548406,-4242.63293207097,5000,-1891.82706138378,0,0
3,A105,1,A_EXTEND_AFTER_P2,-4645.06298240691,-4013.03042006628,-4280.17502219044,198.922395809063,-4096.39787008145,-5516.64399628879,1,1
3,A105,2,B_EXTEND_BEFORE_P1,-6669.06521472406,-3978.19631307411,-3763.53102590165,-1825.07983650809,-4061.56376308928,-5000,0,0
3,A106,1,DIRECT,-4642.45937836692,-4593.49833680742,3474.40935702149,-1330.03038400753,-3673.72855897134,-156.270705047679,1,1
3,A107,1,DIRECT,-4628.93500514492,-4623.92424534162,-3379.01806989156,347.663690561501,-4719.99669224236,-3852.55318668825,1,1
3,A108,1,DIRECT,-4571.84128933919,-731.76490888297,4020.15092057908,-918.340568478979,-4145.25624114645,4017.08379880479,1,1
3,A109,1,A_EXTEND_AFTER_P2,-4565.75792650676,973.668456715803,-249.852342702499,-3561.55100321278,5155.14598159528,2300.99343157243,1,1
3,A109,2,B_EXTEND_BEFORE_P1,-4603.01716511613,818.522475120526,-344.49675229058,-3598.81024182215,5000,2206.34902198435,0,0
3,A110,1,A_EXTEND_AFTER_P2,-4554.82293054323,156.107720828442,5000,-336.54889246759,-405.193204389751,2374.90849472895,0,0
3,A110,2,B_EXTEND_BEFORE_P1,-7861.84817003047,596.154126038027,7058.00850905724,-3643.57413195483,34.8532008198337,4432.91700378619,1,3
3,A111,1,DIRECT,-4537.55944532078,2428.70864022709,-631.52951422848,-418.27972558606,-214.860659395111,-1652.84041139802,1,1
3,A112,1,A_EXTEND_AFTER_P2,-4531.87720662466,656.546568365086,-4461.362601052,-2710.87881632283,-2007.92723570655,-8280.33421785333,1,1
3,A112,2,B_EXTEND_BEFORE_P1,-6096.0373863136,2945.21625986458,-1181.02838319867,-4275.03899601177,280.742455792943,-5000,0,0
3,A113,1,DIRECT,-4518.7611476125,2882.08375528358,694.061209470425,-105.926251516752,2788.08677966835,3043.11479514591,1,1
3,A114,1,DIRECT,-4464.31365797202,-3357.94869264603,1667.83281348784,-3780.03862899474,1578.01319683164,2077.76928459312,1,1
3,A115,1,DIRECT,-4463.68735379139,-4886.22789661029,-2725.99859426592,-1902.45867861374,-608.74850625676,-3104.51905414699,1,1
3,A116,1,DIRECT,-4437.424910375,-1542.88317408878,3661.64513403437,393.788811329587,-1730.25327255817,2387.17802131123,1,1
3,A117,1,DIRECT,-4422.28950725118,715.442990850514,4148.53114128022,-528.062227498771,345.954062170818,1034.29418414043,1,1
3,A118,1,A_EXTEND_AFTER_P2,-4410.28259747553,-1045.28868406092,-5000,-1548.71281182717,2668.87520297709,-3263.21993848182,0,0
3,A118,2,B_EXTEND_BEFORE_P1,-4505.40874964374,-1168.75732035559,-5057.73516523807,-1643.83896399538,2545.40656668242,-3320.95510371989,1,2
3,A119,1,DIRECT,-4403.60727755624,-4592.70038720672,-3723.58682101653,-1184.96159580262,-871.28701203014,-2833.97878014365,1,1
3,A120,1,DIRECT,-4397.29493631101,1830.1361867125,-2506.42937971872,-327.237248089884,2386.60773512022,344.003890920108,1,1
3,A121,1,A_EXTEND_AFTER_P2,-4383.69077915118,605.021236298684,5000,-2915.49269620951,-2971.40569622615,1829.26431477529,0,0
3,A121,2,B_EXTEND_BEFORE_P1,-4833.38316603981,1700.44016001606,5971.1603053076,-3365.18508309814,-1875.98677250877,2800.42462008289,1,2
3,A122,1,DIRECT,-4367.72812969583,2076.92333379447,1425.12626491372,423.899947702362,3460.13217657474,1068.7084410836,1,1
3,A123,1,A_EXTEND_AFTER_P2,-4366.88748213927,-3819.61253713339,-2675.94087134222,-4232.39723628018,-6630.90055085406,-6808.56377667477,1,1
3,A123,2,B_EXTEND_BEFORE_P1,-4444.90873609318,-2188.71198627933,-278.499933279501,-4310.41849023409,-5000,-4411.12283861205,0,0
3,A124,1,A_EXTEND_AFTER_P2,-4364.3405761474,-5000,3075.00067848884,442.112705023787,-4377.95216594733,4304.25384528123,0,0
3,A124,2,B_EXTEND_BEFORE_P1,-5592.2669376111,-5158.91737396406,2760.95781151036,-785.813656439914,-4536.86953991139,3990.21097830275,1,3
3,A125,1,DIRECT,-4326.70685705914,-3313.35506887951,-3148.29031733543,611.160511270979,-2743.99181004891,-3689.85410145916,1,1
3,A126,1,DIRECT,-4325.93534522974,-1636.01576929022,687.287707327499,283.385320464921,194.607517827582,52.4795619306548,1,1
3,A127,1,A_EXTEND_AFTER_P2,-4314.49442587369,3019.10780590509,406.19185737708,-3722.00288186128,7496.12412024161,2552.18316477757,1,1
3,A127,2,B_EXTEND_BEFORE_P1,-4644.83327885322,522.983685663482,-790.288183823088,-4052.34173484081,5000,1355.7031235774,0,0
3,A128,1,DIRECT,-4313.76832575146,-563.93752595661,-133.083517332063,-2857.92470190704,-2445.58479963247,4264.63439999503,1,1
3,A129,1,A_EXTEND_AFTER_P2,-4310.41849023409,5000,-4411.12283861205,-4175.92824437492,2188.71198627931,-8543.74574394458,1,1
3,A129,2,B_EXTEND_BEFORE_P1,-4425.74457908447,7410.69416732168,-867.377094667468,-4291.2543332253,4599.40615360099,-5000,1,2
3,A130,1,A_EXTEND_AFTER_P2,-4291.2543332253,4599.40615360099,5000,-4156.76408736619,1788.11813988033,867.377094667444,0,0
3,A130,2,B_EXTEND_BEFORE_P1,-4366.88748213927,6180.3874628666,7324.05912865779,-4232.39723628016,3369.09944914594,3191.43622332523,1,3
3,A131,1,DIRECT,-4283.65344231607,782.214621001764,4731.05726019267,-441.016747520069,-925.388000762852,2025.83332899032,1,1
3,A132,1,A_EXTEND_AFTER_P2,-4275.03899601177,280.742455792943,5000,-2454.04060570996,-2383.73134827868,1181.02838319865,0,0
3,A132,2,B_EXTEND_BEFORE_P1,-4531.87720662466,656.54656836509,5538.63739894801,-2710.87881632285,-2007.92723570653,1719.66578214666,1,2
3,A133,1,A_EXTEND_AFTER_P2,-4262.20940972175,-903.476370917789,-5000,286.317724680995,472.834755154489,-3445.43620528085,0,0
3,A133,2,B_EXTEND_BEFORE_P1,-5553.81438519865,-1294.29525485803,-5441.43571591975,-1005.2872507959,82.0158712142527,-3886.8719212006,1,3
3,A134,1,A_EXTEND_AFTER_P2,-4250.34906526807,4355.45710117692,5000,280.638089952073,2978.31211612262,3395.74718657879,0,0
3,A134,2,B_EXTEND_BEFORE_P1,-6378.35628420904,5002.24208849422,5753.44763757134,-1847.3691289889,3625.09710343992,4149.19482415013,1,4
3,A135,1,A_EXTEND_AFTER_P2,-4242.63293207097,-5000,-1891.82706138378,-3697.69360413296,-1881.63415411599,-5762.07712825163,0,0
3,A135,2,B_EXTEND_BEFORE_P1,-4668.25542612175,-7435.58609306118,1131.01493516208,-4123.31609818374,-4317.22024717717,-2739.23513170577,1,2
3,A136,1,DIRECT,-4224.87904616298,1018.43605070981,1905.69831751946,751.900062945494,1373.51986922207,2230.63705170217,1,1
3,A137,1,DIRECT,-4223.07600315043,-1771.37115843877,1892.94507460088,433.368702860982,-644.452482854297,3323.88078191874,1,1
3,A138,1,A_EXTEND_AFTER_P2,-4210.6959543032,-1730.15353464306,-1888.43185450096,-2867.5144942155,1445.95168125994,-5508.95933303091,1,1
3,A138,2,B_EXTEND_BEFORE_P1,-4399.51505431547,-2176.63775604672,-1379.47252147005,-3056.33359422777,999.467459856282,-5000,0,0
3,A139,1,A_EXTEND_AFTER_P2,-4149.95874864043,-5000,-4293.25167629091,-1877.12182140446,-985.122326363415,-6220.67730855978,0,0
3,A139,2,B_EXTEND_BEFORE_P1,-5950.53052292286,-8180.63972373862,-2766.319343881,-3677.69359568689,-4165.76205010203,-4693.74497614987,1,3
3,A140,1,A_EXTEND_AFTER_P2,-4139.83987317681,148.224702947496,-5000,-3013.49610758913,-2231.27756263945,-749.197876895659,0,0
3,A140,2,B_EXTEND_BEFORE_P1,-4995.91838936806,1956.76737973369,-8230.82569047744,-3869.57462378038,-422.734885853251,-3980.0235673731,1,2
3,A141,1,DIRECT,-4102.31621428781,4431.47429291086,-2415.60705080457,894.504935331985,4605.85934665772,-2378.61716378044,1,1
3,A142,1,A_EXTEND_AFTER_P2,-4085.87573408055,-1200.84449151643,-5000,165.501453438289,-589.660642704714,-2440.26440576451,0,0
3,A142,2,B_EXTEND_BEFORE_P1,-7072.42254692794,-1630.19458096303,-6798.18676243065,-2821.0453594091,-1019.01073215131,-4238.45116819516,1,3
3,A143,1,A_EXTEND_AFTER_P2,-4052.34173484081,-5000,1355.7031235774,-3459.8501908284,-522.983685663487,3501.6944309779,0,0
3,A143,2,B_EXTEND_BEFORE_P1,-4314.49442587369,-6980.89219409491,406.191857377074,-3722.00288186128,-2503.8758797584,2552.18316477757,1,2
3,A144,1,DIRECT,-4012.39270998318,-1834.8453603863,3726.07429706474,344.762915275798,-943.423431913583,1441.21942142996,1,1
3,A145,1,A_EXTEND_AFTER_P2,-3949.01857827991,-2074.5740788911,-4102.45285721345,-1518.95391061229,-4457.7951544819,-7765.10804379781,1,1
3,A145,2,B_EXTEND_BEFORE_P1,-5783.58694936996,-275.37010511763,-1337.34481341564,-3353.52228170234,-2658.59118070843,-5000,0,0
3,A146,1,A_EXTEND_AFTER_P2,-3946.69720504164,-5000,3540.84755127942,-789.940030157299,-2809.16132867861,6740.08340614523,0,0
3,A146,2,B_EXTEND_BEFORE_P1,-5992.37565343746,-6419.73272112655,1467.64157531646,-2835.61847855312,-4228.89404980516,4666.87743018227,1,3
3,A147,1,A_EXTEND_AFTER_P2,-3941.62191782659,-2541.21008300394,4386.14290663014,754.381618800537,-4105.07590102375,5094.57391047932,1,1
3,A147,2,B_EXTEND_BEFORE_P1,-4568.52759483745,-2332.43759129836,4291.56899615082,127.47594178968,-3896.30340931817,5000,0,0
3,A148,1,A_EXTEND_AFTER_P2,-3936.74189396395,-815.010304383299,5000,181.296114523399,1751.6589192615,3794.1923631656,0,0
3,A148,2,B_EXTEND_BEFORE_P1,-4098.16451854473,-915.620954808949,5047.26635185887,19.8734899426172,1651.04826883585,3841.45871502447,1,2
3,A149,1,DIRECT,-3935.66950286621,-221.024131726583,1238.27483308518,-924.248509871287,-1698.47073322929,4946.17115615808,1,1
3,A150,1,A_EXTEND_AFTER_P2,-3927.63123837517,3971.44880669682,3989.56636951461,-125.956377071754,6401.21487848517,1834.68700274722,1,1
3,A150,2,B_EXTEND_BEFORE_P1,-6120.00829091203,2570.23392821165,5232.25761667356,-2318.33342960861,5000,3077.37824990617,0,0
3,A151,1,DIRECT,-3902.89572773884,-3088.9993237149,1630.40870061951,476.949011720593,-766.260515050205,980.91313870055,1,1
3,A152,1,A_EXTEND_AFTER_P2,-3868.12247744941,1284.55208881491,2507.95188151583,-2780.31758623079,5910.75009836115,953.933704301926,1,1
3,A152,2,B_EXTEND_BEFORE_P1,-4082.27639166379,373.801990453757,2813.88824758404,-2994.47150044517,5000,1259.87007037014,0,0
3,A153,1,A_EXTEND_AFTER_P2,-3831.21985516059,3507.15877538373,965.904437966886,-3040.34197400664,7606.20234788619,3717.6954852355,1,1
3,A153,2,B_EXTEND_BEFORE_P1,-4334.0658860205,900.956427497537,-783.704748037774,-3543.18800486655,5000,1968.08629923084,0,0
3,A154,1,DIRECT,-3786.81574078267,4843.24926450574,1101.85560042605,-1801.77961053379,1129.35410692689,-1593.81023942112,1,1
3,A155,1,DIRECT,-3779.58706323983,2768.76779575297,-2930.32195471563,-2949.65479393071,601.473047834658,1498.4528085801,1,1
3,A156,1,A_EXTEND_AFTER_P2,-3767.53791624575,756.658513759222,2570.50459685003,-428.855427418373,-1323.86186994544,5656.70520144248,1,1
3,A156,2,B_EXTEND_BEFORE_P1,-4477.96813037871,1199.36744060372,1913.79939540755,-1139.28564155133,-881.152943100944,5000,0,0
3,A157,1,DIRECT,-3736.69743835885,-973.397803807633,2686.98807733915,-1053.83607794081,-4905.37937369601,4217.27427764092,1,1
3,A158,1,A_EXTEND_AFTER_P2,-3655.86794161053,-2561.94305782553,5000,638.689719752427,-3016.75361000597,2480.09487185449,0,0
3,A158,2,B_EXTEND_BEFORE_P1,-3969.63994957215,-2528.71336772644,5184.11108996032,324.917711790812,-2983.52391990687,2664.20596181481,1,2
3,A159,1,A_EXTEND_AFTER_P2,-3634.45936732771,1213.13905013493,4050.24673685265,-847.366423340802,5361.55867611411,4201.00325700726,1,1
3,A159,2,B_EXTEND_BEFORE_P1,-3877.37057831617,851.580374020818,4037.10743737067,-1090.27763432926,5000,4187.86395752528,0,0
3,A160,1,DIRECT,-3628.8074308068,-4587.61306219392,4681.3589361279,346.901667158697,-3755.04279473817,1765.78627915242,1,1
3,A161,1,A_EXTEND_AFTER_P2,-3558.93159825572,-5000,3336.89271681722,-3253.05940238955,-50.0039107069075,2701.29778623714,0,0
3,A161,2,B_EXTEND_BEFORE_P1,-3559.09130558383,-5002.58457833135,3337.22458473296,-3253.21910971766,-52.5884890382549,2701.62965415288,1,2
3,A162,1,A_EXTEND_AFTER_P2,-3543.18800486655,-5000,1968.08629923084,-2752.3101237126,-900.956427497547,4719.87734649947,0,0
3,A162,2,B_EXTEND_BEFORE_P1,-3831.21985516059,-6492.84122461626,965.904437966884,-3040.34197400664,-2393.79765211381,3717.69548523551,1,2
3,A163,1,A_EXTEND_AFTER_P2,-3496.54007033917,-4290.83309731229,1172.81001896321,811.858336284925,-5907.40012159195,-782.800940765374,1,1
3,A163,2,B_EXTEND_BEFORE_P1,-5914.90019974941,-3383.43297572034,2270.51991653767,-1606.50179312531,-5000,314.908956809084,0,0
3,A164,1,DIRECT,-3496.37091092846,-696.631470477054,1531.62191440463,247.096691063384,2229.7953930502,3088.05248634269,1,1
3,A165,1,A_EXTEND_AFTER_P2,-3482.77574037465,2116.61032978454,4198.39286257169,623.763177438714,3750.61767381569,6536.41726709285,1,1
3,A165,2,B_EXTEND_BEFORE_P1,-6181.36061789624,1042.833215623,2661.97559547884,-2074.82170008288,2676.84055965415,5000,0,0
3,A166,1,A_EXTEND_AFTER_P2,-3457.83167560648,-4229.12624197928,1555.86418738945,1441.91732220165,-5196.73598831367,1792.91088590469,1,1
3,A166,2,B_EXTEND_BEFORE_P1,-4454.0566156967,-4032.39025366561,1507.66746687732,445.692382111427,-5000,1744.71416539256,0,0
3,A167,1,A_EXTEND_AFTER_P2,-3453.7495830052,-2903.72992487522,4589.29175869421,-1039.80189382136,-518.714363966994,8261.42429008651,1,1
3,A167,2,B_EXTEND_BEFORE_P1,-5597.71022745322,-5021.99434373353,1327.8674686077,-3183.76253826938,-2636.9787828253,5000,0,0
3,A168,1,A_EXTEND_AFTER_P2,-3418.29014619929,5000,1434.77003819485,-2843.15192681753,622.336779968162,3781.10350993046,0,0
3,A168,2,B_EXTEND_BEFORE_P1,-3472.10504475694,5409.61197528972,1215.22681622013,-2896.96682537518,1031.94875525788,3561.56028795574,1,2
3,A169,1,A_EXTEND_AFTER_P2,-3411.10095297855,-424.909542548987,-5000,839.511595447546,-186.391417745062,-2377.90120946929,0,0
3,A169,2,B_EXTEND_BEFORE_P1,-6634.96627372537,-605.812954037211,-6988.72356914633,-2384.35372529927,-367.294829233286,-4366.62477861562,1,3
3,A170,1,DIRECT,-3381.94352263597,-2014.29877013302,-4270.86180286394,1445.20194002736,-742.106703383865,-3987.67630254788,1,1
3,A171,1,DIRECT,-3381.48967918435,2792.75267863163,3344.15385990426,1447.60182498836,1898.6392594994,2405.83811451012,1,1
3,A172,1,DIRECT,-3365.54201309952,3426.34108505962,-2178.65524259573,1568.31768688051,4133.78797753554,-2574.315899269,1,1
3,A173,1,A_EXTEND_AFTER_P2,-3353.52228170234,-2658.59118070843,5000,-923.457614034733,-5041.81225629924,1337.34481341564,0,0
3,A173,2,B_EXTEND_BEFORE_P1,-3949.01857827991,-2074.5740788911,5897.54714278655,-1518.9539106123,-4457.79515448191,2234.89195620219,1,2
3,A174,1,A_EXTEND_AFTER_P2,-3353.12058222035,3082.95543817606,2986.00711651426,-1340.60998055355,1795.4580035895,7378.29028522183,1,1
3,A174,2,B_EXTEND_BEFORE_P1,-4442.83502662364,3780.09688450641,607.716831292434,-2430.32442495684,2492.59944991985,5000,0,0
3,A175,1,DIRECT,-3330.97683930299,-192.554020631002,767.786431203294,-964.278987507449,-3933.94320669486,-1556.16456585125,1,1
3,A176,1,DIRECT,-3286.85924593133,-2974.02552709837,3459.42089366925,-1003.25046987847,-2627.96721279353,-975.144992754681,1,1
3,A177,1,A_EXTEND_AFTER_P2,-3252.76362536888,386.447498381996,875.664562809716,-1827.05136089992,-76.5395901988716,5645.67373415836,1,1
3,A177,2,B_EXTEND_BEFORE_P1,-3445.74961943454,449.117944415247,229.990828651355,-2020.03735496558,-13.8691441656208,5000,0,0
3,A178,1,A_EXTEND_AFTER_P2,-3193.28962195469,4956.52572546604,5000,1229.1225909442,4131.97055723177,2817.71244018096,0,0
3,A178,2,B_EXTEND_BEFORE_P1,-5329.70114868821,5354.85792089218,6054.23557845786,-907.288935789322,4530.30275265791,3871.94801863882,1,4
3,A179,1,A_EXTEND_AFTER_P2,-3183.76253826938,-2636.9787828253,-5000,-769.81484908551,-251.963221917116,-1327.86746860769,0,0
3,A179,2,B_EXTEND_BEFORE_P1,-3453.7495830052,-2903.72992487521,-5410.70824130579,-1039.80189382133,-518.714363967028,-1738.57570991348,1,2
3,A180,1,DIRECT,-3132.55886825909,-2477.77804858886,-18.8121899238568,-733.401974794709,-529.811963343794,3911.76974298091,1,1
3,A181,1,DIRECT,-3127.03672616569,2903.73641347257,467.769085676664,-3029.66894210302,-1619.45701440739,2596.44020367734,1,1
3,A182,1,A_EXTEND_AFTER_P2,-3118.66362985694,3167.45706181989,926.242622903726,-661.620361661811,7149.22916334794,-836.831201333331,1,1
3,A182,2,B_EXTEND_BEFORE_P1,-4444.89449213712,1018.22789847195,1877.89168356481,-1987.85122394199,5000,114.817859327749,0,0
3,A183,1,DIRECT,-3115.7239937972,-814.320182024368,-801.001503680503,-1631.39949981614,3935.44525802039,-1287.32347637384,1,1
3,A184,1,DIRECT,-3093.68097161333,504.855793962775,190.215289626727,1309.4637032721,159.848374049618,2533.99148462336,1,1
3,A185,1,A_EXTEND_AFTER_P2,-3089.67308499266,-3525.67520974636,-3568.40727676765,-2274.31421009608,-2192.58424977129,-8317.93971665688,1,1
3,A185,2,B_EXTEND_BEFORE_P1,-3659.26843539543,-4456.9490768053,-250.467560110772,-2843.90956049885,-3123.85811683023,-5000,0,0
3,A186,1,DIRECT,-3084.82362850467,594.686233675939,1354.51266409409,288.152295570044,-2163.34240434362,3807.32970730712,1,1
3,A187,1,A_EXTEND_AFTER_P2,-3056.33359422777,999.467459856282,5000,-1713.15213414001,4175.57267575928,1379.47252147007,0,0
3,A187,2,B_EXTEND_BEFORE_P1,-4210.69595430325,-1730.15353464306,8111.56814549902,-2867.51449421549,1445.95168125994,4491.04066696909,1,2
3,A188,1,A_EXTEND_AFTER_P2,-3048.36888233805,-2547.3639288818,2298.33794672485,923.460774613492,-2269.61120961485,5322.80857860409,1,1
3,A188,2,B_EXTEND_BEFORE_P1,-3472.29122845171,-2577.00910366542,1975.52936812076,499.538428499835,-2299.25638439847,5000,0,0
3,A189,1,A_EXTEND_AFTER_P2,-2994.47150044517,-5000,1259.87007037014,-1906.66660922656,-373.80199045375,-294.148106843749,0,0
3,A189,2,B_EXTEND_BEFORE_P1,-3868.1224774494,-8715.44791118509,2507.95188151582,-2780.31758623079,-4089.24990163884,953.933704301927,1,2
3,A190,1,DIRECT,-2986.51011041048,-3997.31782735063,2302.07283132353,1942.1340348178,-4063.26347848573,3141.19026100985,1,1
3,A191,1,DIRECT,-2986.31280160509,-4387.10103169164,-366.71570439906,1962.46839744592,-4564.87028875375,-1058.06419478782,1,1
3,A192,1,A_EXTEND_AFTER_P2,-2969.40250126496,1406.65104185053,2094.97168441098,731.489436439067,40.0430323388269,5166.74339040995,1,1
3,A192,2,B_EXTEND_BEFORE_P1,-3170.29609893319,1480.83391566968,1928.22829400103,530.595838770839,114.225906157981,5000,0,0
3,A193,1,DIRECT,-2968.73708555886,-835.022338979809,-4918.29134699381,166.542246581075,-3757.3536433087,-2343.41207658218,1,1
3,A194,1,DIRECT,-2895.93436936923,1368.51452280352,-2002.05617326184,2103.42009067578,1354.80752479818,-1922.89114920624,1,1
3,A195,1,A_EXTEND_AFTER_P2,-2843.90956049885,-3123.85811683023,5000,-2028.55068560227,-1790.76715685513,250.467560110779,0,0
3,A195,2,B_EXTEND_BEFORE_P1,-3089.67308499266,-3525.67520974637,6431.59272323235,-2274.31421009608,-2192.58424977127,1682.06028334313,1,2
3,A196,1,A_EXTEND_AFTER_P2,-2842.11048487333,-5000,471.198127263159,-1012.49494633992,-429.147024570316,1342.86897004885,0,0
3,A196,2,B_EXTEND_BEFORE_P1,-3010.14056035205,-5419.78260147442,391.144742045802,-1180.52502181864,-848.929626044734,1262.81558483149,1,2
3,A197,1,A_EXTEND_AFTER_P2,-2834.85811065107,-2402.68161026534,3706.40903851621,-2758.70458362982,-7050.1734624791,5548.96707666016,1,1
3,A197,2,B_EXTEND_BEFORE_P1,-2868.45213192919,-352.508147786235,2893.59134824293,-2792.29860490794,-5000,4736.14938638688,0,0
3,A198,1,A_EXTEND_AFTER_P2,-2793.92468518926,-3116.18560171035,-513.773974660901,1464.97649824839,-5656.81961616368,-1151.6920840732,1,1
3,A198,2,B_EXTEND_BEFORE_P1,-3894.96081423065,-2459.36598554667,-348.855641132958,363.940369207,-5000,-986.77375054526,0,0
3,A199,1,A_EXTEND_AFTER_P2,-2792.29860490794,5000,4736.14938638688,-2716.1450778867,352.508147786229,6578.70742453082,1,1
3,A199,2,B_EXTEND_BEFORE_P1,-2857.54709967652,8981.98034506808,3157.44196185606,-2781.39357265528,4334.48849285431,5000,1,2
3,A200,1,A_EXTEND_AFTER_P2,-2781.39357265528,4334.48849285431,-5000,-2705.24004563405,-313.003359359453,-3157.44196185604,0,0
3,A200,2,B_EXTEND_BEFORE_P1,-2834.85811065106,7597.31838973466,-6293.5909614838,-2758.70458362983,2949.8265375209,-4451.03292333984,1,3
3,A201,1,A_EXTEND_AFTER_P2,-2746.01690991268,3619.88483228078,3319.02036967736,-962.579873953304,7769.86004361041,5463.09548126232,1,1
3,A201,2,B_EXTEND_BEFORE_P1,-3936.35437812521,850.024788670374,1887.97857312264,-2152.91734216583,5000,4032.0536847076,0,0
3,A202,1,DIRECT,-2735.73864867041,4334.7976314327,-1158.0041120667,-2304.00169128125,318.681575067157,-4104.93726730237,1,1
3,A203,1,DIRECT,-2732.62655978701,3173.87799493308,-1253.96384006569,6.86960683836378,-247.520179918855,-3660.03850269874,1,1
3,A204,1,A_EXTEND_AFTER_P2,-2713.51983737423,2768.20364613302,-4216.7934866811,-1801.5631203054,5313.54354303317,-10.8952763767437,1,1
3,A204,2,B_EXTEND_BEFORE_P1,-2825.85773790802,2454.66010309985,-4734.89019671252,-1913.90102083919,5000,-528.991986408167,0,0
3,A205,1,DIRECT,-2705.11635183855,2724.75473679113,209.559653063315,358.693964527135,3894.63999047646,3983.7396750735,1,1
3,A206,1,DIRECT,-2677.92026474569,-2636.29494613645,-4264.98243282158,272.65986457879,-1223.98345351364,-483.520658819213,1,1
3,A207,1,A_EXTEND_AFTER_P2,-2639.76796077274,-2885.06730731208,2684.63195984258,1683.19389069427,-2699.01166730076,5190.10279974092,1,1
3,A207,2,B_EXTEND_BEFORE_P1,-2967.77303592676,-2899.18429383234,2494.52916010166,1355.18881554025,-2713.12865382102,5000,0,0
3,A208,1,A_EXTEND_AFTER_P2,-2629.90751246813,-2843.64608887052,-2734.93360670101,-1875.78605505326,-6538.604172853,-6018.0092356013,1,1
3,A208,2,B_EXTEND_BEFORE_P1,-2943.92850941701,-1305.04191601752,-1367.83992184558,-2189.80705200214,-5000,-4650.91555074587,0,0
3,A209,1,A_EXTEND_AFTER_P2,-2620.55874300038,2573.00278259517,5000,1409.62162641215,2383.22035874647,2046.75960653386,0,0
3,A209,2,B_EXTEND_BEFORE_P1,-5735.08055489299,2719.66656545628,7282.26302004279,-1704.90018548046,2529.88414160758,4329.02262657665,1,3
3,A210,1,A_EXTEND_AFTER_P2,-2558.61843911067,-2372.71621498393,3461.18778183696,-1138.79801143588,1644.09630013757,6078.30970706717,1,1
3,A210,2,B_EXTEND_BEFORE_P1,-3143.61455056211,-4027.72811365327,2382.87807476979,-1723.79412288732,-10.9155985317666,5000,0,0
3,A211,1,DIRECT,-2558.22695403246,2942.37905225634,-2002.4004020602,2339.82657173754,2979.80168390297,-998.572127237908,1,1
3,A212,1,A_EXTEND_AFTER_P2,-2556.99566448664,4442.37920643136,-3160.32796331038,1716.83020877822,5196.550729559,-677.257743055793,1,1
3,A212,2,B_EXTEND_BEFORE_P1,-3670.83193069125,4245.82847687236,-3807.46094085011,602.993942573618,5000,-1324.39072059552,0,0
3,A213,1,A_EXTEND_AFTER_P2,-2520.59504579702,2704.46472649792,2786.33384317137,332.497919081817,6800.71238381113,2502.40486663859,1,1
3,A213,2,B_EXTEND_BEFORE_P1,-3774.81604604571,903.752342686792,2911.14915389913,-921.723081166874,5000,2627.22017736635,0,0
3,A214,1,DIRECT,-2514.9777610282,-1076.90801464736,-2360.48997091467,2219.74083863324,-2656.87033186128,-2066.96167891529,1,1
3,A215,1,A_EXTEND_AFTER_P2,-2470.45984035823,-3863.37174097604,-4506.98479799321,-59.3396500873428,-5736.78947975126,-8466.37937344416,1,1
3,A215,2,B_EXTEND_BEFORE_P1,-4581.35258801975,-2223.22790489595,-1040.60542454905,-2170.23239774886,-4096.64564367117,-5000,0,0
3,A216,1,DIRECT,-2446.27314653107,1373.72966518059,-2438.82758059225,2551.99180759701,1375.05774147409,-2570.53059706634,1,1
3,A217,1,A_EXTEND_AFTER_P2,-2438.33403198682,1949.28385329019,-4240.40876203936,-1947.18525291026,5648.46672818343,-912.523707698062,1,1
3,A217,2,B_EXTEND_BEFORE_P1,-2524.43240900427,1300.81712510676,-4823.78698526968,-2033.28362992771,5000,-1495.90193092838,0,0
3,A218,1,A_EXTEND_AFTER_P2,-2430.32442495684,2492.59944991985,-5000,-417.813823290044,1205.10201533327,-607.71683129244,0,0
3,A218,2,B_EXTEND_BEFORE_P1,-3353.12058222035,3082.95543817607,-7013.99288348573,-1340.60998055355,1795.45800358949,-2621.70971477817,1,2
3,A219,1,A_EXTEND_AFTER_P2,-2429.25437488962,-1243.579648126,2720.59759159582,-1642.52178296891,3023.48675097003,5205.18934367812,1,1
3,A219,2,B_EXTEND_BEFORE_P1,-2494.22647505501,-1595.97418261147,2515.4082479177,-1707.4938831343,2671.09221648456,5000,0,0
3,A220,1,DIRECT,-2414.47353666484,-849.026396101761,-3329.22657332843,1356.42189347572,-3862.29170084743,-2025.16374579248,1,1
3,A221,1,DIRECT,-2406.55684813261,1553.72190916102,2981.06732438274,2590.26838778432,1411.12145989842,3087.85062632555,1,1
3,A222,1,DIRECT,-2404.00490826933,117.226869004377,-4832.9411747539,676.714848596792,2426.64187272604,-1642.9931939492,1,1
3,A223,1,DIRECT,-2395.64019653782,-119.973703180315,2506.29549538455,1357.798453951,-2985.68846615203,4149.27364323153,1,1
3,A224,1,A_EXTEND_AFTER_P2,-2392.33093833262,-2788.67312895647,-153.262345847898,469.851244695019,-6422.35721004225,1745.22472285258,1,1
3,A224,2,B_EXTEND_BEFORE_P1,-3512.69401163187,-1366.31591891422,-896.399809116642,-650.511828604231,-5000,1002.08725958384,0,0
3,A225,1,DIRECT,-2357.32332415099,-3978.94082377783,-3712.33910970985,2596.33596851486,-3342.34894670237,-3475.67395759219,1,1
3,A226,1,A_EXTEND_AFTER_P2,-2345.28127734759,-3451.81618422104,2481.30622919476,-1598.90617389862,-6749.8631998342,6164.48557423848,1,1
3,A226,2,B_EXTEND_BEFORE_P1,-2741.28967886972,-1701.95298438684,527.101221270337,-1994.91457542075,-5000,4210.28056631406,0,0
3,A227,1,A_EXTEND_AFTER_P2,-2318.33342960861,-5000,3077.37824990617,1483.3414316948,-2570.23392821163,922.498883138783,0,0
3,A227,2,B_EXTEND_BEFORE_P1,-3927.63123837517,-6028.55119330319,3989.56636951461,-125.956377071757,-3598.78512151482,1834.68700274722,1,2
3,A228,1,DIRECT,-2274.23620732417,1886.7944044507,3789.67674392776,2714.709817092,2185.72391823163,3644.56054478786,1,1
3,A229,1,DIRECT,-2273.23100033529,-997.119451403975,3158.27000080394,2708.44274581757,-1382.38882162524,3343.99614129194,1,1
3,A230,1,A_EXTEND_AFTER_P2,-2254.24596254165,2436.54255627196,2425.05814136151,1225.57553846407,3698.52167673884,5786.34524909925,1,1
3,A230,2,B_EXTEND_BEFORE_P1,-3068.32135013058,2141.31300460493,1638.71289226226,411.500150875135,3403.29212507181,5000,0,0
3,A231,1,A_EXTEND_AFTER_P2,-2253.4458059737,1535.25248123995,-3228.86436047797,-2010.1093423263,1144.07517434065,-8207.59589371277,1,1
3,A231,2,B_EXTEND_BEFORE_P1,-2410.21767374277,1787.27224068028,-21.2684667651956,-2166.88121009537,1396.09493378098,-5000,0,0
3,A232,1,A_EXTEND_AFTER_P2,-2189.80705200214,5000,-4650.91555074587,-1435.68559458727,1305.04191601753,-7933.99117964616,1,1
3,A232,2,B_EXTEND_BEFORE_P1,-2863.74391929821,8302.07879834866,-1716.92437109971,-2109.62246188334,4607.12071436619,-5000,1,2
3,A233,1,DIRECT,-2188.50524220757,2097.4606904741,-4434.40067871513,883.230792207638,4540.63601007918,-1336.76737366629,1,1
3,A234,1,A_EXTEND_AFTER_P2,-2170.23239774886,-4096.64564367117,5000,240.887792522055,-5970.06338244637,1040.60542454905,1,1
3,A234,2,B_EXTEND_BEFORE_P1,-3418.72031309661,-3126.5822612248,7050.19073685767,-1007.60012282569,-5000,3090.79616140672,1,2
3,A235,1,A_EXTEND_AFTER_P2,-2166.88121009537,1396.09493378098,5000,-1923.54474644799,1004.91762688168,21.268466765194,0,0
3,A235,2,B_EXTEND_BEFORE_P1,-2253.44580597369,1535.25248123995,6771.13563952204,-2010.10934232631,1144.07517434065,1792.40410628723,1,2
3,A236,1,A_EXTEND_AFTER_P2,-2152.91734216583,-5000,4032.0536847076,-369.480306206424,-850.024788670379,6176.12879629255,1,1
3,A236,2,B_EXTEND_BEFORE_P1,-3131.21872863915,-7276.46192223972,2855.92488841505,-1347.78169267974,-3126.4867109101,5000,1,2
3,A237,1,A_EXTEND_AFTER_P2,-2109.62246188334,4607.12071436619,5000,-1355.50100446847,912.16263038371,1716.92437109972,0,0
3,A237,2,B_EXTEND_BEFORE_P1,-2629.90751246813,7156.35391112948,7265.06639329898,-1875.78605505326,3461.395827147,3981.9907643987,1,3
3,A238,1,DIRECT,-2108.23336608646,-3665.72367124177,389.165966663762,2878.66509324681,-4025.37325495226,350.488670528782,1,1
3,A239,1,A_EXTEND_AFTER_P2,-2074.82170008288,2676.84055965415,-5000,2031.71721773049,4310.84790368528,-2661.97559547884,0,0
3,A239,2,B_EXTEND_BEFORE_P1,-3482.77574037465,2116.61032978455,-5801.60713742831,623.763177438724,3750.61767381568,-3463.58273290715,1,2
3,A240,1,DIRECT,-2071.1049254666,4244.89005528479,-2447.3561755707,2802.62036856449,4053.76307960668,-3547.47991292472,1,1
3,A241,1,A_EXTEND_AFTER_P2,-2033.28362992771,-5000,-1495.90193092838,-1542.13485085111,-1300.81712510676,1831.98312341291,0,0
3,A241,2,B_EXTEND_BEFORE_P1,-2438.33403198685,-8050.71614670981,-4240.40876203935,-1947.18525291025,-4351.53327181657,-912.523707698063,1,2
3,A242,1,DIRECT,-2033.25644272164,-4865.30820637923,2322.528469226,-1547.66880763091,-4682.87130466361,-2650.49087776426,1,1
3,A243,1,A_EXTEND_AFTER_P2,-2020.03735496558,-13.8691441656208,-5000,-594.325090496635,-476.856232746489,-229.990828651349,0,0
3,A243,2,B_EXTEND_BEFORE_P1,-3252.76362536887,386.447498381997,-9124.33543719029,-1827.05136089992,-76.5395901988716,-4354.32626584164,1,2
3,A244,1,A_EXTEND_AFTER_P2,-1994.91457542075,5000,4210.28056631406,-1248.53947197181,1701.95298438686,7893.4599113578,1,1
3,A244,2,B_EXTEND_BEFORE_P1,-2581.25757920934,7590.90474057177,1316.82065495626,-1834.8824757604,4292.85772495863,5000,1,2
3,A245,1,DIRECT,-1993.0511691762,-583.626826635024,-4381.51774328181,2970.46485508624,-232.395679875713,-4871.56402521457,1,1
3,A246,1,A_EXTEND_AFTER_P2,-1987.85122394199,-5000,114.817859327749,469.192044253138,-1018.22789847195,-1648.25596490931,0,0
3,A246,2,B_EXTEND_BEFORE_P1,-3118.66362985694,-6832.54293818011,926.242622903728,-661.620361661812,-2850.77083665206,-836.831201333332,1,2
3,A247,1,DIRECT,-1979.2166521355,-3031.76700765613,1464.07268224517,1593.33253453891,-116.438784863866,-469.254414286326,1,1
3,A248,1,DIRECT,-1976.3601228957,-636.977474317082,-2204.53441950196,2104.54289273436,-3328.89966613609,-1155.82783984592,1,1
3,A249,1,A_EXTEND_AFTER_P2,-1967.20584138617,735.587853598221,-1791.44236131533,-172.246150349493,5050.79004879869,-14.6053620127613,1,1
3,A249,2,B_EXTEND_BEFORE_P1,-1988.33256643299,684.797804799529,-1812.35578178084,-193.372875396314,5000,-35.5187824782665,0,0
3,A250,1,DIRECT,-1959.7032688218,-3760.91767555766,4797.89980168489,3039.74010150104,-3753.46937823196,4872.13260980926,1,1
3,A251,1,A_EXTEND_AFTER_P2,-1921.17214367799,4023.54136107669,-4239.69943339324,2966.29088949712,4472.16281423261,-5194.39513942475,1,1
3,A251,2,B_EXTEND_BEFORE_P1,-2916.35736527784,3932.19306089663,-4045.30429396849,1971.10566789727,4380.81451405255,-5000,0,0
3,A252,1,A_EXTEND_AFTER_P2,-1913.90102083919,-5000,-528.991986408167,-1001.94430377037,-2454.66010309984,3676.90622389618,0,0
3,A252,2,B_EXTEND_BEFORE_P1,-2713.51983737422,-7231.79635386699,-4216.79348668109,-1801.5631203054,-4686.45645696683,-10.8952763767429,1,2
3,A253,1,DIRECT,-1913.65157229474,658.792262492777,-2053.58803643263,2896.3161635127,1004.33478139584,-732.67518990504,1,1
3,A254,1,A_EXTEND_AFTER_P2,-1903.57591142826,4616.10307835296,-3945.18109835403,69.9962521548625,7053.57928044985,-51.1186079282325,1,1
3,A254,2,B_EXTEND_BEFORE_P1,-3566.31497740162,2562.52379790311,-7225.93766132518,-1592.7428138185,5000,-3331.87517089938,0,0
3,A255,1,DIRECT,-1838.89283938742,45.9084458449079,-3327.47236662416,875.431190135028,3155.76205410684,-505.902662020478,1,1
3,A256,1,A_EXTEND_AFTER_P2,-1834.8824757604,4292.85772495863,-5000,-1088.50737231144,994.810709345484,-1316.82065495627,0,0
3,A256,2,B_EXTEND_BEFORE_P1,-2345.28127734759,6548.18381577896,-7518.69377080524,-1598.90617389863,3250.13680016581,-3835.51442576151,1,3
3,A257,1,DIRECT,-1827.4342002489,-1648.39626907614,-1547.27202047728,1900.74434373872,-1068.43932429652,1733.63253259223,1,1
3,A258,1,A_EXTEND_AFTER_P2,-1825.07983650809,-4061.56376308928,5000,3018.90554170788,-4144.93121310447,3763.53102590165,0,0
3,A258,2,B_EXTEND_BEFORE_P1,-4645.06298240691,-4013.03042006627,5719.82497780956,198.922395809066,-4096.39787008146,4483.35600371121,1,2
3,A259,1,DIRECT,-1824.9495825332,-4478.62663682293,2381.53247841767,-1760.73036069822,-23.933804265962,111.821558694086,1,1
3,A260,1,DIRECT,-1804.43496642929,-125.481945182031,-2904.76845004073,2961.94331755027,-1166.95184877341,-3998.83357329502,1,1
3,A261,1,DIRECT,-1768.36631086668,3611.11350022682,1302.35594993159,2600.5213962355,4559.00000040452,-936.914329760507,1,1
3,A262,1,DIRECT,-1760.28009020591,-100.847387880996,-2161.86617951344,2430.10000398021,2622.9702440665,-2015.127724633,1,1
3,A263,1,A_EXTEND_AFTER_P2,-1723.79412288732,-10.9155985317666,-5000,-303.973695212535,4005.89691658973,-2382.87807476979,0,0
3,A263,2,B_EXTEND_BEFORE_P1,-2558.61843911066,-2372.71621498393,-6538.81221816304,-1138.79801143588,1644.09630013757,-3921.69029293283,1,2
3,A264,1,DIRECT,-1714.324078827,2687.77286668013,-322.869727028028,-62.3824690924421,322.61173875842,-4406.63046401982,1,1
3,A265,1,DIRECT,-1696.85726928882,4633.57939662882,4469.7931162593,3269.10056783173,4054.68853600402,4405.38712720526,1,1
3,A266,1,DIRECT,-1688.02675109733,3264.63107973665,-3397.74222253306,3024.24235084434,4009.94075078403,-1901.40221934895,1,1
3,A267,1,A_EXTEND_AFTER_P2,-1687.9610282177,5000,1177.15310769089,3225.712852299,4078.78286843208,1092.48911042101,0,0
3,A267,2,B_EXTEND_BEFORE_P1,-1729.88519084865,5007.85995525576,1177.87547292652,3183.78868966805,4086.64282368784,1093.21147565664,1,2
3,A268,1,A_EXTEND_AFTER_P2,-1678.84298934076,-3136.82305666654,1160.98133744767,2838.34532808452,-5059.93634632272,214.067941162474,1,1
3,A268,2,B_EXTEND_BEFORE_P1,-1819.62708399311,-3076.88671034382,1190.49313457509,2697.56123343217,-5000,243.579738289891,0,0
3,A269,1,A_EXTEND_AFTER_P2,-1668.94292631907,-2095.64445248237,2000.7498810709,-126.126354104637,-5300.78109173443,5514.55353924882,1,1
3,A269,2,B_EXTEND_BEFORE_P1,-1894.86953032754,-1626.29142028751,1486.19634182208,-352.052958113104,-4831.42805953957,5000,0,0
3,A270,1,DIRECT,-1638.21381065445,-2001.95466930316,1739.68347518704,2612.1045022839,-4424.66491892332,707.564642355113,1,1
3,A271,1,A_EXTEND_AFTER_P2,-1630.79438494195,-1627.7545400243,-2431.43756672781,-763.662178220514,-5918.12008810745,-4848.22162822102,1,1
3,A271,2,B_EXTEND_BEFORE_P1,-1816.35701104303,-709.634451916852,-1914.25599545909,-949.22480432159,-5000,-4331.0400569523,0,0
3,A272,1,A_EXTEND_AFTER_P2,-1606.50179312531,5000,314.908956809084,2701.89661349878,3383.43297572033,-1640.7020029195,0,0
3,A272,2,B_EXTEND_BEFORE_P1,-3496.54007033917,5709.16690268772,1172.81001896321,811.85833628492,4092.59987840804,-782.800940765375,1,2
3,A273,1,A_EXTEND_AFTER_P2,-1592.7428138185,-5000,-3331.87517089938,380.82934976465,-2562.52379790308,562.187319526386,0,0
3,A273,2,B_EXTEND_BEFORE_P1,-1903.57591142827,-5383.89692164705,-3945.18109835403,69.996252154885,-2946.42071955013,-51.1186079282602,1,2
3,A274,1,DIRECT,-1574.65981391307,298.460551002785,2855.46447150688,232.462995940462,202.716371570795,-1805.55904293842,1,1
3,A275,1,DIRECT,-1561.9368141303,4624.04884276696,3593.21278741863,3426.54560476326,4962.26087065698,3618.8210005628,1,1
3,A276,1,DIRECT,-1548.58886727104,-98.2144255899202,-4227.9844913351,-768.385068247016,4808.10762137702,-4793.03847409661,1,1
3,A277,1,A_EXTEND_AFTER_P2,-1538.64137353927,-650.382714172144,2840.70790805912,1758.47884087487,-793.248857021624,6596.84788906741,1,1
3,A277,2,B_EXTEND_BEFORE_P1,-2940.34617714336,-589.646027099274,1243.86001899171,356.774037270775,-732.512169948754,5000,0,0
3,A278,1,DIRECT,-1489.57061795279,4386.19018971233,1992.54195980958,1540.97012933524,550.103182441659,943.609525533649,1,1
3,A279,1,A_EXTEND_AFTER_P2,-1465.67232088247,-2716.32934866515,2555.56071368742,993.322869022494,-5488.62398563444,-801.182514779062,1,1
3,A279,2,B_EXTEND_BEFORE_P1,-1899.07648158192,-2227.70536303071,3147.19525107475,559.91870832304,-5000,-209.547977391733,0,0
3,A280,1,DIRECT,-1462.5326550549,-2061.1894796973,4271.08530302224,3482.02142277178,-1913.35280985366,4998.77293552472,1,1
3,A281,1,A_EXTEND_AFTER_P2,-1410.4247519827,-1801.71988954496,2327.68588257511,-439.686213597374,-6706.52358066054,2303.86484749095,1,1
3,A281,2,B_EXTEND_BEFORE_P1,-1748.17286806147,-95.196308884417,2335.97391215731,-777.434329676149,-5000,2312.15287707315,0,0
3,A282,1,DIRECT,-1370.47673295522,544.724842807719,-2522.27527979119,3254.3599382504,1055.73116491742,-692.040785679673,1,1
3,A283,1,A_EXTEND_AFTER_P2,-1347.78169267974,-3126.4867109101,-5000,435.655343279657,1023.48850041952,-2855.92488841505,0,0
3,A283,2,B_EXTEND_BEFORE_P1,-2746.01690991268,-6380.11516771922,-6680.97963032264,-962.579873953287,-2230.1399563896,-4536.90451873769,1,3
3,A284,1,DIRECT,-1289.85348481225,-922.684354973808,2795.09947323115,2697.27621127285,-1616.50014374302,-141.125388364235,1,1
3,A285,1,DIRECT,-1287.5492143397,510.037087201225,-3113.48050250706,1991.96950774375,3481.76950960515,-786.773954371387,1,1
3,A286,1,DIRECT,-1195.86508286475,1713.51827928881,-2864.80604719042,3280.3796441118,-513.312515087985,-2931.57248658817,1,1
3,A287,1,DIRECT,-1191.06447425374,4854.01252903279,3310.70161072481,3250.65348246953,2564.3602456412,3141.48573061371,1,1
3,A288,1,DIRECT,-1172.37821295477,3442.62672615013,-67.954334003678,3798.65040662973,3948.14092733008,-250.518995636845,1,1
3,A289,1,DIRECT,-1164.21722372438,4444.28286971334,3053.98346259342,726.959080512002,2620.85584286194,-1200.2574878045,1,1
3,A290,1,A_EXTEND_AFTER_P2,-1139.28564155133,-881.152943100944,-5000,2199.39684727606,-2961.6733268056,-1913.79939540756,0,0
3,A290,2,B_EXTEND_BEFORE_P1,-3767.53791624576,756.65851375922,-7429.49540314996,-428.855427418372,-1323.86186994544,-4343.29479855752,1,2
3,A291,1,DIRECT,-1122.31996570061,-2622.92397988768,-1872.3566919596,2775.91924704288,-149.022610723488,-3791.61255188984,1,1
3,A292,1,A_EXTEND_AFTER_P2,-1115.62918680786,-2644.33441256991,-4686.32069539784,810.181279259431,1320.71336413672,-7046.33132614073,1,1
3,A292,2,B_EXTEND_BEFORE_P1,-2785.47178564508,-6082.37039826602,-2639.98936925711,-859.66131957779,-2117.32262155939,-5000,0,0
3,A293,1,DIRECT,-1061.35395684506,-3390.18109115154,-2144.22934907679,3325.6147854483,-4782.55634713434,-4097.63570738216,1,1
3,A294,1,DIRECT,-1042.35387041865,-3835.56683670731,1322.40942771576,297.191363687103,-3081.76415771512,-3435.46825954447,1,1
3,A295,1,A_EXTEND_AFTER_P2,-1029.0689812948,-5000,-2318.12850182297,2670.77860181108,-2403.82183216236,-4456.11512073076,0,0
3,A295,2,B_EXTEND_BEFORE_P1,-1141.59646748062,-5078.96038859851,-2253.1035908447,2558.25111562526,-2482.78222076087,-4391.09020975249,1,2
3,A296,1,DIRECT,-1021.46911361414,4270.80141946141,-2415.39333624588,3776.25490871123,3333.24044315314,-3465.54743032255,1,1
3,A297,1,A_EXTEND_AFTER_P2,-1007.60012282569,5000,3090.79616140672,1403.52006744521,3126.5822612248,-868.598414044235,0,0
3,A297,2,B_EXTEND_BEFORE_P1,-2470.45984035822,6136.62825902396,5493.0152020068,-59.3396500873241,4263.21052024876,1533.62062655584,1,3
3,A298,1,DIRECT,-1001.0229248571,-1870.25182089103,120.667151387046,3968.80440840674,-1600.3748282402,-356.80817402925,1,1
3,A299,1,DIRECT,-950.257296144078,1499.49936863303,2966.68000651468,2461.7418969606,-459.051505773072,-119.148890008285,1,1
3,A300,1,A_EXTEND_AFTER_P2,-949.22480432159,5000,-4331.0400569523,-82.0925976001647,709.634451916852,-6747.82411844551,0,0
3,A300,2,B_EXTEND_BEFORE_P1,-1630.79438494194,8372.2454599757,-2431.43756672781,-763.662178220516,4081.87991189255,-4848.22162822102,1,2
3,A301,1,A_EXTEND_AFTER_P2,-943.883047879913,-1796.63283259212,-2999.87574297452,1410.40281713073,-6174.45446627116,-3540.2606146196,1,1
3,A301,2,B_EXTEND_BEFORE_P1,-1575.47605929211,-622.178366320961,-2854.90468679296,778.809805718535,-5000,-3395.28955843804,0,0
3,A302,1,A_EXTEND_AFTER_P2,-939.621197616654,-3684.98516091987,-605.647591962363,-751.984807019841,-8206.73045515241,-2731.35031788846,1,1
3,A302,2,B_EXTEND_BEFORE_P1,-1072.68913688982,-478.254705767456,901.857856989437,-885.05274629301,-5000,-1223.84486893666,0,0
3,A303,1,DIRECT,-924.116992474872,-1871.61122667849,-1439.10685171816,3252.41366437023,163.48285637705,408.860611616995,1,1
3,A304,1,A_EXTEND_AFTER_P2,-921.723081166874,-5000,2627.22017736635,1931.36988371196,-903.752342686791,2343.29120083359,0,0
3,A304,2,B_EXTEND_BEFORE_P1,-2520.59504579702,-7295.53527350208,2786.33384317136,332.497919081818,-3199.28761618887,2502.4048666386,1,2
3,A305,1,DIRECT,-910.643496863629,-450.056741007482,-1105.08540016829,4080.52349906419,-697.387397598801,-940.526702218454,1,1
3,A306,1,DIRECT,-908.524734493589,3603.37968043794,1710.26256478597,3956.85337702761,3624.65202077418,2862.4966206388,1,1
3,A307,1,A_EXTEND_AFTER_P2,-885.05274629301,5000,-1223.84486893666,-697.416355696199,478.254705767462,-3349.54759486277,0,0
3,A307,2,B_EXTEND_BEFORE_P1,-939.621197616653,6315.01483908013,-605.647591962359,-751.984807019842,1793.26954484759,-2731.35031788847,1,2
3,A308,1,A_EXTEND_AFTER_P2,-859.66131957779,-2117.32262155939,5000,1066.14914648951,1847.72515514725,2639.98936925712,0,0
3,A308,2,B_EXTEND_BEFORE_P1,-1115.62918680786,-2644.33441256991,5313.67930460216,810.181279259444,1320.71336413673,2953.66867385928,1,2
3,A309,1,DIRECT,-816.786552340955,1153.60241984912,3248.23555409033,3846.87436003794,1929.17934483832,4875.73281300462,1,1
3,A310,1,A_EXTEND_AFTER_P2,-777.434329676149,5000,2312.15287707315,193.304208709174,95.1963088844172,2288.331841989,0,0
3,A310,2,B_EXTEND_BEFORE_P1,-1410.4247519827,8198.28011045503,2327.6858825751,-439.686213597374,3293.47641933945,2303.86484749095,1,2
3,A311,1,A_EXTEND_AFTER_P2,-775.312506684465,1207.43249816536,3820.471398528,2748.22555484773,4263.22290114178,5622.36610744169,1,1
3,A311,2,B_EXTEND_BEFORE_P1,-1992.32627387649,151.976611175908,3198.10529108632,1531.21178765571,3207.76701415233,5000,0,0
3,A312,1,DIRECT,-720.662959498911,1395.74107118604,-3368.76689505706,4131.43149099703,2501.62059165755,-3852.71929939884,1,1
3,A313,1,DIRECT,-704.26011590517,1397.35574361483,-2062.10024317056,4274.26865519084,1541.76761242385,-2501.86891817634,1,1
3,A314,1,A_EXTEND_AFTER_P2,-658.666884309651,-2631.64145942732,2307.07644646147,-220.920713262763,-5102.02476535376,-2017.91888434916,1,1
3,A314,2,B_EXTEND_BEFORE_P1,-676.745435228622,-2529.61669407356,2485.69513803193,-238.999264181734,-5000,-1839.3001927787,0,0
3,A315,1,A_EXTEND_AFTER_P2,-650.511828604231,5000,1002.08725958384,2211.6703544234,1366.31591891423,2900.57432828434,0,0
3,A315,2,B_EXTEND_BEFORE_P1,-2392.33093833262,7211.32687104353,-153.262345847913,469.851244695014,3577.64278995776,1745.22472285259,1,2
3,A316,1,DIRECT,-628.303131437458,3941.83493952219,-2970.13746682894,3448.15566079556,3483.4251532117,-111.406247731752,1,1
3,A317,1,A_EXTEND_AFTER_P2,-611.897627660977,-1832.7227813926,3058.5871537184,533.822001779337,1339.12726701702,6750.02234902104,1,1
3,A317,2,B_EXTEND_BEFORE_P1,-1155.05627765816,-3336.42206873854,1308.56480469736,-9.33664821784089,-164.572020328917,5000,0,0
3,A318,1,DIRECT,-600.293524099337,2058.66606159803,544.869717003619,3535.89127867356,-549.669822608702,-498.470684049675,1,1
3,A319,1,DIRECT,-541.389696544848,-4477.10912074193,229.79011253271,4409.93296649692,-4134.97285589825,-376.301186470811,1,1
3,A320,1,DIRECT,-533.710007971979,-580.055111920089,-1355.23468988366,2552.91086491322,-2685.61035636179,1967.3258738493,1,1
3,A321,1,A_EXTEND_AFTER_P2,-514.141679471809,3603.84491387508,-1790.11529514643,2115.63177548291,4951.58707436648,-5823.46162845944,1,1
3,A321,2,B_EXTEND_BEFORE_P1,-1051.04512210716,3328.68531623396,-966.65366668699,1578.72833284756,4676.42747672536,-5000,0,0
3,A322,1,DIRECT,-503.316277716019,-2536.20202748796,434.485855444772,4367.71549417358,-3230.90696665853,-454.577991944181,1,1
3,A323,1,DIRECT,-465.372955518574,308.12634250627,-2814.46533546512,4220.95132692436,-730.463145720607,-1414.57369868376,1,1
3,A324,1,DIRECT,-436.455355049266,-1018.12076494026,319.488721381171,3381.58948285985,-2131.10870961898,-2710.98837813888,1,1
3,A325,1,A_EXTEND_AFTER_P2,-425.685083763202,-2747.83684877655,-2647.37640701039,3243.73882156064,-5000.45899689338,-105.522425985623,1,1
3,A325,2,B_EXTEND_BEFORE_P1,-426.432769820739,-2747.37785188317,-2647.89433811646,3242.9911355031,-5000,-106.040357091689,0,0
3,A326,1,DIRECT,-418.74576243275,632.329806281322,-4816.96976636464,3867.1642306188,-1594.10859772961,-3523.15851096216,1,1
3,A327,1,DIRECT,-414.147359128009,-213.361934866363,-3902.442133719,4392.53058126761,734.006471408728,-4901.61192915214,1,1
3,A328,1,DIRECT,-403.88275820486,-1325.2405856818,-4191.238712224,631.091769525115,-1223.82665823466,699.420030958747,1,1
3,A329,1,DIRECT,-397.875958023511,2315.67886379874,-4449.70523441582,828.086612497854,2054.78407850822,390.640795228022,1,1
3,A330,1,A_EXTEND_AFTER_P2,-392.074020409426,-1116.11102244978,-1281.25884910726,2128.60978117055,-5354.46310701638,-2107.40942842213,1,1
3,A330,2,B_EXTEND_BEFORE_P1,-602.884588829973,-761.647915433401,-1212.16598108583,1917.79921275,-5000,-2038.3165604007,0,0
3,A331,1,DIRECT,-381.467276296109,172.279256578303,-1186.26355630822,3962.00297077972,-2303.12253986502,-1267.8243246482,1,1
3,A332,1,A_EXTEND_AFTER_P2,-371.3647187537,-1299.16849353423,-4433.05606033993,-219.791386921234,3264.50792062441,-6470.18224983566,1,1
3,A332,2,B_EXTEND_BEFORE_P1,-480.754320221493,-4592.74750336009,-2962.87381050427,-329.180988389027,-29.0710892014554,-5000,0,0
3,A333,1,DIRECT,-368.865902150036,-3149.50771607562,-931.872482803781,3294.3013204958,-3316.50174300868,2467.14485959121,1,1
3,A334,1,A_EXTEND_AFTER_P2,-330.447858179871,2793.11421678497,-3911.93531027542,4042.54040666104,4661.45590507463,-5456.69191614012,1,1
3,A334,2,B_EXTEND_BEFORE_P1,-1623.27831596616,2240.75759154701,-3455.2433941353,2749.70994887475,4109.09927983667,-5000,0,0
3,A335,1,A_EXTEND_AFTER_P2,-329.180988389027,-29.0710892014554,5000,-177.607656556561,4534.60532495718,2962.87381050428,0,0
3,A335,2,B_EXTEND_BEFORE_P1,-371.3647187537,-1299.16849353424,5566.94393966007,-219.791386921234,3264.5079206244,3529.81775016435,1,2
3,A336,1,DIRECT,-282.135790835826,-1268.68413518342,1519.21346714945,4085.23625867751,983.672379599244,595.659726728388,1,1
3,A337,1,DIRECT,-270.578233818549,261.710661713484,2529.95981221472,920.427495625266,-1402.39506345766,-2032.0855062674,1,1
3,A338,1,DIRECT,-203.022377696583,-4050.4016749952,4380.48543607846,4788.13732617284,-3885.56832088296,4133.19051934494,1,1
3,A339,1,DIRECT,-185.834471623048,-1015.99448022286,3503.63552234271,2622.38106001486,226.556192561225,-442.247566831559,1,1
3,A340,1,DIRECT,-155.293961348396,2767.08119774224,421.095504509658,4270.51116369474,4550.77926535305,-1072.44733007642,1,1
3,A341,1,DIRECT,-86.1455555047714,2126.88721944666,-4115.80358825911,878.232853230145,3262.75545695612,657.012942028117,1,1
3,A342,1,A_EXTEND_AFTER_P2,-81.7282437599506,-3707.73601417115,-1895.37735052434,1809.28949784527,-8234.24916593864,-928.562689997193,1,1
3,A342,2,B_EXTEND_BEFORE_P1,-1432.88361401966,-473.48684823251,-2586.17828373409,458.134127585559,-5000,-1619.36362320694,0,0
3,A343,1,DIRECT,-63.0604605725512,-2575.97595484392,2693.87582587505,4526.91315842301,-3415.55032132768,897.419018693707,1,1
3,A344,1,DIRECT,-38.4408876811713,-4330.4626423527,-3595.37063258734,4911.22760106878,-4967.03507292936,-3286.24704548102,1,1
3,A345,1,A_EXTEND_AFTER_P2,-9.33664821784089,-164.572020328917,-5000,1136.38298122247,3007.27802808071,-1308.56480469736,0,0
3,A345,2,B_EXTEND_BEFORE_P1,-611.897627660978,-1832.72278139261,-6941.41284628161,533.822001779335,1339.12726701702,-3249.97765097897,1,2
3,A346,1,A_EXTEND_AFTER_P2,-2.83675374090944,1276.58331143327,-4501.5357393613,1685.48554287637,-2338.92868318993,-7514.44809113669,1,1
3,A346,2,B_EXTEND_BEFORE_P1,-1411.8385036429,4293.935352227,-1987.08764822461,276.483792974385,678.423357603801,-5000,0,0
3,A347,1,DIRECT,92.0145236920653,2387.73542071801,1936.39342771548,3128.88296811596,-405.599433226992,4760.34640979547,1,1
3,A348,1,DIRECT,106.998054848587,-132.056937913214,-3311.95882972781,1456.99076751935,1058.32567570105,1352.85723405656,1,1
3,A349,1,A_EXTEND_AFTER_P2,127.47594178968,-3896.30340931817,-5000,4823.4794784168,-5460.169227338,-4291.56899615083,0,0
3,A349,2,B_EXTEND_BEFORE_P1,-3941.62191782658,-2541.21008300392,-5613.85709336985,754.381618800539,-4105.07590102375,-4905.42608952068,1,2
3,A350,1,A_EXTEND_AFTER_P2,156.891365494355,4807.07204571865,4591.63849545779,4201.02333156296,5641.17265547393,1772.1930156111,1,1
3,A350,2,B_EXTEND_BEFORE_P1,-2951.83053381223,4165.89939024472,6758.94460234057,1092.30143225638,5000,3939.49912249388,0,0
3,A351,1,A_EXTEND_AFTER_P2,211.148240821421,1136.46844059657,-2525.87633098532,5060.21998750696,2334.9346924017,-2749.88936359783,1,1
3,A351,2,B_EXTEND_BEFORE_P1,150.928253314465,1121.58484503819,-2523.09434244606,5000,2320.05109684332,-2747.10737505857,0,0
3,A352,1,A_EXTEND_AFTER_P2,231.672702700437,3630.53732214301,-763.977686007768,3687.49791492892,7061.98169464455,-1896.4359064086,1,1
3,A352,2,B_EXTEND_BEFORE_P1,-1844.95962874881,1568.55562749846,-83.4747062336991,1610.86558347968,5000,-1215.93292663453,0,0
3,A353,1,DIRECT,254.41793273461,-4059.37458782871,2455.57122246777,1528.4648257635,769.288514533416,2208.95987185719,1,1
3,A354,1,A_EXTEND_AFTER_P2,276.483792974385,678.423357603801,5000,1964.80608959168,-2937.08863701939,1987.0876482246,0,0
3,A354,2,B_EXTEND_BEFORE_P1,-2.83675374091081,1276.58331143327,5498.4642606387,1685.48554287638,-2338.92868318992,2485.5519088633,1,2
3,A355,1,A_EXTEND_AFTER_P2,356.774037270775,-732.512169948754,-5000,3653.89425168492,-875.378312798232,-1243.86001899171,0,0
3,A355,2,B_EXTEND_BEFORE_P1,-1538.64137353927,-650.382714172145,-7159.29209194088,1758.47884087487,-793.248857021623,-3403.15211093259,1,2
3,A356,1,A_EXTEND_AFTER_P2,363.940369207,5000,-986.77375054526,4622.84155264464,2459.36598554666,-1624.69185995755,0,0
3,A356,2,B_EXTEND_BEFORE_P1,-2793.92468518925,6883.81439828965,-513.773974660912,1464.97649824839,4343.18038383631,-1151.6920840732,1,2
3,A357,1,DIRECT,383.107705224529,-3933.65443276843,3435.6812403306,3773.68094695761,-310.867463698459,2819.70423655496,1,1
3,A358,1,DIRECT,406.992942192289,-3542.14741296542,4705.67555745157,3186.65675752132,-1440.87990592643,1119.85013816348,1,1
3,A359,1,A_EXTEND_AFTER_P2,411.500150875135,3403.29212507181,-5000,3891.32165188085,4665.27124553868,-1638.71289226225,0,0
3,A359,2,B_EXTEND_BEFORE_P1,-2254.24596254164,2436.54255627197,-7574.94185863849,1225.57553846407,3698.52167673884,-4213.65475090074,1,2
3,A360,1,A_EXTEND_AFTER_P2,423.332418198398,4343.36116556851,-201.674718098,1135.97832618508,8014.75651885563,3116.9081074002,1,1
3,A360,2,B_EXTEND_BEFORE_P1,-161.854871646339,1328.60464671288,-2926.72016916212,550.791036340347,5000,391.862656336074,0,0
3,A361,1,A_EXTEND_AFTER_P2,445.692382111427,5000,1744.71416539256,5345.44137991955,4032.39025366561,1981.76086390777,0,0
3,A361,2,B_EXTEND_BEFORE_P1,-3457.83167560648,5770.87375802072,1555.86418738947,1441.91732220165,4803.26401168633,1792.91088590468,1,2
3,A362,1,A_EXTEND_AFTER_P2,458.134127585559,5000,-1619.36362320694,2349.15186919078,473.486848232503,-652.548962679825,0,0
3,A362,2,B_EXTEND_BEFORE_P1,-81.7282437599533,6292.26398582886,-1895.37735052433,1809.28949784527,1765.75083406136,-928.562689997217,1,2
3,A363,1,A_EXTEND_AFTER_P2,492.402131071251,4580.44511070799,3968.11088999173,5491.2411722427,4472.77018582978,3971.89916302633,1,1
3,A363,2,B_EXTEND_BEFORE_P1,1.16095882855115,4591.02643886892,3967.73861241468,5000,4483.35151399071,3971.52688544928,0,0
3,A364,1,DIRECT,494.068620001137,942.193442097078,2484.59737919321,3857.25553069977,4186.36553741314,705.743472972127,1,1
3,A365,1,A_EXTEND_AFTER_P2,496.859678960925,712.458250662728,-4286.60260672017,4129.08378437841,-94.2130848114811,-7626.69682762898,1,1
3,A365,2,B_EXTEND_BEFORE_P1,-2359.57217712655,1346.83587527142,-1659.90577909119,1272.65192829093,540.164539797207,-5000,0,0
3,A366,1,A_EXTEND_AFTER_P2,499.538428499835,-2299.25638439847,-5000,4471.36808545139,-2021.50366513152,-1975.52936812077,0,0
3,A366,2,B_EXTEND_BEFORE_P1,-3048.36888233806,-2547.3639288818,-7701.66205327514,923.460774613493,-2269.61120961485,-4677.19142139591,1,2
3,A367,1,A_EXTEND_AFTER_P2,532.308645355847,1283.98753616482,3280.54272597601,5492.74213959461,701.842661514543,3045.58125221352,1,1
3,A367,2,B_EXTEND_BEFORE_P1,39.5665057612381,1341.81460136434,3303.88250453337,5000,759.66972671406,3068.92103077088,0,0
3,A368,1,A_EXTEND_AFTER_P2,550.791036340347,-5000,391.862656336074,1263.43694432703,-1328.60464671288,3710.44548183427,0,0
3,A368,2,B_EXTEND_BEFORE_P1,423.332418198398,-5656.63883443149,-201.674718098001,1135.97832618508,-1985.24348114437,3116.90810740019,1,2
3,A369,1,A_EXTEND_AFTER_P2,559.91870832304,5000,-209.547977391733,3018.91389822802,2227.70536303073,-3566.29120585822,0,0
3,A369,2,B_EXTEND_BEFORE_P1,-1465.67232088248,7283.67065133484,2555.56071368743,993.322869022494,4511.37601436557,-801.18251477906,1,2
3,A370,1,DIRECT,565.209734297242,633.01202140712,3085.50967980725,3522.52757176336,970.653529289325,-931.985736538582,1,1
3,A371,1,A_EXTEND_AFTER_P2,602.993942573618,-5000,-1324.39072059552,4876.81981583848,-4245.82847687236,1158.67949965906,0,0
3,A371,2,B_EXTEND_BEFORE_P1,-2556.99566448664,-5557.62079356864,-3160.32796331037,1716.83020877823,-4803.449270441,-677.257743055791,1,2
3,A372,1,DIRECT,622.398518405673,2145.01866127435,2978.00711759627,1861.07804864094,1944.07693344368,-1861.96141984202,1,1
3,A373,1,DIRECT,668.604709862218,-1843.80610746591,1098.49883344741,3594.72932523208,-130.067116783526,-2575.85735602872,1,1
3,A374,1,A_EXTEND_AFTER_P2,744.523834814451,1840.10995910313,-1515.10522800037,5696.964781463,1847.3209924815,-827.154160731464,1,1
3,A374,2,B_EXTEND_BEFORE_P1,47.5590533514491,1839.09513906654,-1611.92166062856,5000,1846.30617244491,-923.970593359659,0,0
3,A375,1,A_EXTEND_AFTER_P2,757.860120215932,-4541.93098739454,-1391.3961700317,5073.80920286162,-7054.66655860611,-1633.76668221892,1,1
3,A375,2,B_EXTEND_BEFORE_P1,-2771.29605139149,-2487.26442878844,-1193.20954351644,1544.6530312542,-5000,-1435.58005570366,0,0
3,A376,1,A_EXTEND_AFTER_P2,778.809805718535,5000,-3395.28955843804,3133.09567072917,622.178366320956,-3935.67443008312,0,0
3,A376,2,B_EXTEND_BEFORE_P1,-943.883047879906,8203.36716740788,-2999.87574297452,1410.40281713073,3825.54553372884,-3540.2606146196,1,2
3,A377,1,DIRECT,795.178926303391,-2265.60079922479,-2290.95730866955,4375.56717019288,665.520410398012,-4185.51490281054,1,1
3,A378,1,A_EXTEND_AFTER_P2,806.518284429546,2527.15196887878,4996.79605034444,3391.81054572472,5249.5785207435,1694.57594965622,1,1
3,A378,2,B_EXTEND_BEFORE_P1,569.51155312886,2277.57344813528,5299.52715886037,3154.80381442403,5000,1997.30705817215,0,0
3,A379,1,DIRECT,865.062607610237,4615.61376860144,1397.25611195393,3959.30677832254,2720.58144630926,4837.38772418635,1,1
3,A380,1,DIRECT,944.769247035697,3429.39133366972,-1769.06720844637,3992.39449337547,-471.284012373614,-1064.28908545856,1,1
3,A381,1,A_EXTEND_AFTER_P2,958.792037666284,-879.348926666641,-4810.58496730686,5806.26628986523,-2022.79385410491,-4369.53273436392,1,1
3,A381,2,B_EXTEND_BEFORE_P1,152.525747801054,-689.163058450288,-4883.94390208209,5000,-1832.60798588856,-4442.89166913915,0,0
3,A382,1,A_EXTEND_AFTER_P2,985.100630922984,-5000,-3648.34148671792,2415.3921283303,-297.208295756049,-4563.7738539295,0,0
3,A382,2,B_EXTEND_BEFORE_P1,978.797473355521,-5020.72475238267,-3644.30726399944,2409.08897076284,-317.933048138722,-4559.73963121102,1,2
3,A383,1,A_EXTEND_AFTER_P2,1001.72112666501,-3492.79544373779,3262.43978050237,1394.08758069983,-8469.91586095031,3535.05841213711,1,1
3,A383,2,B_EXTEND_BEFORE_P1,728.17367994224,-22.8795827874778,3072.37732779809,1120.54013397706,-5000,3344.99595943283,0,0
3,A384,1,DIRECT,1002.39598117343,-4014.10029880713,1094.16799460625,3499.80247603267,-619.434814750036,3784.74545135904,1,1
3,A385,1,DIRECT,1005.10802619205,196.204502359582,-1972.62336370054,3062.99599368352,-1826.00529473745,2110.97365973096,1,1
3,A386,1,A_EXTEND_AFTER_P2,1012.94925318949,3316.58486137686,-3012.16634408452,5639.06131728713,2198.50476408576,-4544.80591895259,1,1
3,A386,2,B_EXTEND_BEFORE_P1,373.887935902358,3471.03891045895,-2800.44413500902,5000,2352.95881316785,-4333.08370987709,0,0
3,A387,1,DIRECT,1023.47987152438,-4386.14471858764,3623.31623564462,2842.29276522477,-3797.61979296937,-996.809094867012,1,1
3,A388,1,A_EXTEND_AFTER_P2,1034.7078292861,3820.47445882237,3290.55746507901,5893.42846612159,2850.17217161023,3962.38128470717,1,1
3,A388,2,B_EXTEND_BEFORE_P1,141.279363164506,3998.89502442682,3167.0215449185,5000,3028.59273721468,3838.84536454666,0,0
3,A389,1,A_EXTEND_AFTER_P2,1051.01118043376,3708.3829333319,632.90013712865,5077.05766543905,773.514833941854,1054.20636751124,1,1
3,A389,2,B_EXTEND_BEFORE_P1,973.953514994707,3764.55567871694,624.836426322249,5000,829.687579326896,1046.14265670484,0,0
3,A390,1,A_EXTEND_AFTER_P2,1071.59727602405,-5000,3930.03764552231,3466.54102258203,-936.37812406768,2271.35693475633,0,0
3,A390,2,B_EXTEND_BEFORE_P1,1029.38407740025,-5071.62526369451,3959.27349642597,3424.32782395823,-1008.00338776219,2300.59278565999,1,2
3,A391,1,A_EXTEND_AFTER_P2,1092.30143225638,-5000,3939.49912249388,5136.43339832501,-4165.89939024471,1120.05364264722,0,0
3,A391,2,B_EXTEND_BEFORE_P1,156.891365494354,-5192.92795428135,4591.63849545778,4201.02333156298,-4358.82734452606,1772.19301561112,1,2
3,A392,1,A_EXTEND_AFTER_P2,1120.54013397706,5000,3344.99595943283,1512.90658801187,22.8795827874774,3617.61459106757,0,0
3,A392,2,B_EXTEND_BEFORE_P1,1001.72112666501,6507.20455626221,3262.43978050237,1394.08758069982,1530.08413904969,3535.05841213711,1,2
3,A393,1,A_EXTEND_AFTER_P2,1195.37898799255,-3347.19192764941,-4035.17894862004,5729.9828790442,-3898.40520002173,-2002.07012722856,1,1
3,A393,2,B_EXTEND_BEFORE_P1,465.396108948354,-3258.45733005253,-4362.46985792707,5000,-3809.67060242485,-2329.36103653559,0,0
3,A394,1,DIRECT,1264.70298217998,-1415.80394084898,4551.81403118693,3397.58477766525,3061.02806532083,3912.4468166528,1,1
3,A395,1,A_EXTEND_AFTER_P2,1272.65192829093,540.164539797207,5000,4904.87603370841,-266.506795677001,1659.90577909118,0,0
3,A395,2,B_EXTEND_BEFORE_P1,496.859678960922,712.458250662729,5713.39739327984,4129.0837843784,-94.2130848114791,2373.30317237102,1,2
3,A396,1,A_EXTEND_AFTER_P2,1279.67638853253,1669.55766104041,378.06144762305,2158.00633558242,1591.17742255464,5299.68648843328,1,1
3,A396,2,B_EXTEND_BEFORE_P1,1226.19331834037,1674.33037294747,78.374959189775,2104.52326539026,1595.9501344617,5000,0,0
3,A397,1,DIRECT,1292.77038055592,2549.40480193222,-3104.88593942965,2666.86445734986,1273.81108064308,1530.27599154186,1,1
3,A398,1,A_EXTEND_AFTER_P2,1324.27827172855,-4469.59705159468,4630.74058319824,5897.65050393144,-2841.41616101725,3433.53825557184,1,1
3,A398,2,B_EXTEND_BEFORE_P1,426.627767797111,-4789.17248143333,4865.72457709547,5000,-3160.9915908559,3668.52224946907,0,0
3,A399,1,A_EXTEND_AFTER_P2,1325.22768636215,-2584.48341698145,-4372.3883568322,4868.58396922642,-1794.90668184373,-7810.5848073009,1,1
3,A399,2,B_EXTEND_BEFORE_P1,-1571.32097772448,-3229.93006552121,-1561.8035495313,1972.03530513979,-2440.35333038349,-5000,0,0
3,A400,1,A_EXTEND_AFTER_P2,1351.85435908598,4559.32913990164,2603.46126235044,4691.30334014605,8200.82669977644,3369.9963393839,1,1
3,A400,2,B_EXTEND_BEFORE_P1,-1583.47575863784,1358.5024401252,1929.68738208777,1755.97322242223,5000,2696.22245912123,0,0
3,A401,1,A_EXTEND_AFTER_P2,1388.23379378314,-2412.71707588015,-4610.4379747046,1703.26033903741,-7186.21989755403,-6064.54563483732,1,1
3,A401,2,B_EXTEND_BEFORE_P1,1157.60428621442,1081.94272890538,-3545.89233986728,1472.63083146869,-3691.5600927685,-5000,0,0
3,A402,1,A_EXTEND_AFTER_P2,1390.07309007338,650.083027888496,1952.36995680637,6058.73586454313,-1135.38813308892,1827.14762813308,1,1
3,A402,2,B_EXTEND_BEFORE_P1,331.337225530248,1054.98319835518,1980.7672467398,5000,-730.487962622236,1855.54491806651,0,0
3,A403,1,A_EXTEND_AFTER_P2,1419.93383280489,-2237.29236449688,-3963.72843475643,6158.7059164789,-642.904872072399,-3919.37008726386,1,1
3,A403,2,B_EXTEND_BEFORE_P1,261.227916325992,-2627.14572482137,-3974.57476346296,5000,-1032.75823239689,-3930.21641597039,0,0
3,A404,1,DIRECT,1458.74307874793,-3341.53860868994,-785.100297677509,4570.36314986726,-2238.73326115861,2970.11486239836,1,1
3,A405,1,DIRECT,1458.90090187067,4790.72702281352,1077.24372965009,4937.82698629505,2307.04390686284,3671.15804563146,1,1
3,A406,1,A_EXTEND_AFTER_P2,1468.51011214792,-1375.25243452281,-3332.68098216493,3704.70262669963,521.179258242848,-7382.74145980436,1,1
3,A406,2,B_EXTEND_BEFORE_P1,152.907877083991,-2490.96575411092,-949.939522360574,2389.1003916357,-594.534061345262,-5000,0,0
3,A407,1,A_EXTEND_AFTER_P2,1472.63083146869,-3691.5600927685,5000,1787.65737672292,-8465.06291444238,3545.89233986728,1,1
3,A407,2,B_EXTEND_BEFORE_P1,1243.95456588254,-226.497178326117,6055.52981007051,1558.98111113677,-5000,4601.42214993779,1,2
3,A408,1,A_EXTEND_AFTER_P2,1531.21178765571,3207.76701415233,-5000,5054.74984918793,6263.55741712874,-3198.10529108633,0,0
3,A408,2,B_EXTEND_BEFORE_P1,-775.312506684476,1207.43249816537,-6179.52860147199,2748.22555484774,4263.22290114178,-4377.63389255832,1,2
3,A409,1,DIRECT,1540.90076270817,-4926.41172089898,-254.469495786169,4418.33125602811,-4548.88207826306,-4326.06195145309,1,1
3,A410,1,A_EXTEND_AFTER_P2,1544.6530312542,5000,-1435.58005570366,5860.60211389989,2487.26442878842,-1677.95056789084,1,1
3,A410,2,B_EXTEND_BEFORE_P1,684.050917354314,5501.04055975807,-1387.25127073861,5000,2988.30498854649,-1629.62178292579,1,2
3,A411,1,A_EXTEND_AFTER_P2,1549.12759581782,-1814.93600226961,-2644.84019768204,5337.04602499116,-3955.8395060977,-181.467273980566,1,1
3,A411,2,B_EXTEND_BEFORE_P1,1212.08157082666,-1624.44007968123,-2864.02919753219,5000,-3765.34358350932,-400.656273830713,0,0
3,A412,1,A_EXTEND_AFTER_P2,1558.98111113677,5000,4601.42214993779,1874.00765639102,226.49717832611,3147.31448980509,0,0
3,A412,2,B_EXTEND_BEFORE_P1,1388.23379378314,7587.28292411985,5389.56202529539,1703.26033903739,2813.78010244596,3935.45436516269,1,3
3,A413,1,A_EXTEND_AFTER_P2,1574.93897247575,350.248784313318,-991.22432516025,5265.78402696534,2604.11752410441,-3500.75386026086,1,1
3,A413,2,B_EXTEND_BEFORE_P1,1309.15494551041,187.943864689482,-810.50883703209,5000,2441.81260448057,-3320.0383721327,0,0
3,A414,1,A_EXTEND_AFTER_P2,1578.72833284756,4676.42747672536,5000,4208.50178780228,6024.16963721676,966.653666686992,0,0
3,A414,2,B_EXTEND_BEFORE_P1,-514.141679471808,3603.84491387508,8209.88470485357,2115.63177548291,4951.58707436648,4176.53837154056,1,2
3,A415,1,A_EXTEND_AFTER_P2,1592.19789573657,4805.87854954328,-5000,3428.50575612153,2055.21122297279,-1250.0929744291,0,0
3,A415,2,B_EXTEND_BEFORE_P1,1414.8263483411,5071.56935804512,-5362.20877014337,3251.13420872606,2320.90203147463,-1612.30174457247,1,3
3,A416,1,A_EXTEND_AFTER_P2,1608.62745335126,213.044832449734,2413.27886626429,6483.10898540611,-899.924652030992,2440.27368559865,1,1
3,A416,2,B_EXTEND_BEFORE_P1,125.518467945148,551.67675300608,2405.06542677315,5000,-561.292731474646,2432.06024610751,0,0
3,A417,1,A_EXTEND_AFTER_P2,1610.76934659088,-3979.80019859528,2246.94024709132,3956.01334515131,-8001.7345324084,4070.08993971437,1,1
3,A417,2,B_EXTEND_BEFORE_P1,-139.582427732619,-978.065666186882,886.24886431882,2205.66157082781,-5000,2709.39855694187,0,0
3,A418,1,A_EXTEND_AFTER_P2,1610.86558347968,-5000,-1215.93292663453,5066.69079570815,-1568.55562749844,-2348.39114703538,0,0
3,A418,2,B_EXTEND_BEFORE_P1,231.672702700443,-6369.462677857,-763.97768600776,3687.49791492891,-2938.01830535544,-1896.43590640861,1,2
3,A419,1,A_EXTEND_AFTER_P2,1646.5781058286,-493.065215503701,477.228413794834,6535.96138034701,-1273.966712095,-218.561818589242,1,1
3,A419,2,B_EXTEND_BEFORE_P1,110.616725481589,-247.751139417579,695.80545424374,5000,-1028.65263600888,0.015221859663427,0,0
3,A420,1,A_EXTEND_AFTER_P2,1677.12793584843,4468.84512425212,1611.97860567496,6394.52898007585,5847.54545471153,692.569672330721,1,1
3,A420,2,B_EXTEND_BEFORE_P1,-1222.85817770686,3621.29966954059,2177.17819637748,3494.54286652056,5000,1257.76926303324,0,0
3,A421,1,A_EXTEND_AFTER_P2,1684.62979850263,-1948.62767798309,-5000,2265.06800671389,1274.72653468131,-1222.02711680627,0,0
3,A421,2,B_EXTEND_BEFORE_P1,1642.24313785464,-2184.01401063254,-5275.88751441902,2222.6813460659,1039.34020203186,-1497.91463122529,1,2
3,A422,1,A_EXTEND_AFTER_P2,1712.18261113632,4203.87659559688,3212.89182525608,6539.65298036775,4970.55812487301,4265.37900658389,1,1
3,A422,2,B_EXTEND_BEFORE_P1,172.529630768568,3959.35443155285,2877.21601544511,5000,4726.03596082898,3929.70319677292,0,0
3,A423,1,A_EXTEND_AFTER_P2,1714.24096612677,-4509.69307651047,4366.8980464371,3858.8603322988,-8848.27322465799,3110.98002668419,1,1
3,A423,2,B_EXTEND_BEFORE_P1,-188.012997637554,-661.419851852478,5480.88361838608,1956.60636853448,-5000,4224.96559863317,0,0
3,A424,1,A_EXTEND_AFTER_P2,1730.0577830437,-2707.11417112629,-160.856788314695,5532.67270401177,-5936.29567304472,174.563232702058,1,1
3,A424,2,B_EXTEND_BEFORE_P1,627.496067437904,-1770.81849808157,-258.111251758134,4430.11098840597,-5000,77.3087692586194,0,0
3,A425,1,A_EXTEND_AFTER_P2,1755.97322242223,-5000,2696.22245912123,5095.42220348227,-1358.50244012518,3462.75753615477,0,0
3,A425,2,B_EXTEND_BEFORE_P1,1351.85435908598,-5440.67086009837,2603.46126235043,4691.30334014602,-1799.17330022355,3369.99633938397,1,2
3,A426,1,A_EXTEND_AFTER_P2,1762.12901542166,-1726.8632933773,-4626.03536550674,5811.26499508076,-770.048269359143,-7398.94048974796,1,1
3,A426,2,B_EXTEND_BEFORE_P1,-1740.92493517376,-2554.63856857516,-2227.09487575878,2308.21104448534,-1597.823544557,-5000,0,0
3,A427,1,A_EXTEND_AFTER_P2,1828.82464848207,-2792.90530448755,-2844.97552689135,3356.6154178603,-266.301848361812,-6880.08771126692,1,1
3,A427,2,B_EXTEND_BEFORE_P1,1116.97810750677,-3970.13059391073,-964.887815624435,2644.768876885,-1443.52713778499,-5000,0,0
3,A428,1,A_EXTEND_AFTER_P2,1836.78620348649,1880.8920296112,3275.3431747825,5400.34301866395,-1583.8638820847,2730.79813773729,1,1
3,A428,2,B_EXTEND_BEFORE_P1,1436.44318482254,2270.13539307165,3336.51935780297,5000,-1194.62051862425,2791.97432075776,0,0
3,A429,1,A_EXTEND_AFTER_P2,1840.31077324359,419.667746797315,-187.628642044528,6831.96651055746,304.854789176287,-452.564454844166,1,1
3,A429,2,B_EXTEND_BEFORE_P1,8.3442626861256,461.804765936572,-90.3956672485862,5000,346.991808315544,-355.331480048224,0,0
3,A430,1,DIRECT,1906.75071034775,2762.6565602304,-704.023328117305,3839.79242642769,347.126966157744,3223.89806927011,1,1
3,A431,1,A_EXTEND_AFTER_P2,1926.06627797377,-1140.09737839039,1970.71161337905,4855.53160722755,-1160.59520774185,6022.60163208537,1,1
3,A431,2,B_EXTEND_BEFORE_P1,1186.73820810951,-1134.92420891831,948.109981293681,4116.20353736329,-1155.42203826977,5000,0,0
3,A432,1,A_EXTEND_AFTER_P2,1956.60636853448,5000,4224.96559863317,4101.22573470651,661.41985185246,2969.04757888031,0,0
3,A432,2,B_EXTEND_BEFORE_P1,1714.24096612677,5490.30692348953,4366.89804643709,3858.8603322988,1151.72677534199,3110.98002668423,1,2
3,A433,1,A_EXTEND_AFTER_P2,1971.10566789727,4380.81451405255,5000,6858.56870107238,4829.43596720847,4045.3042939685,0,0
3,A433,2,B_EXTEND_BEFORE_P1,-1921.17214367799,4023.54136107669,5760.30056660675,2966.29088949712,4472.16281423261,4805.60486057525,1,2
3,A434,1,A_EXTEND_AFTER_P2,1972.03530513979,-2440.35333038349,5000,5515.39158800408,-1650.77659524578,1561.80354953132,0,0
3,A434,2,B_EXTEND_BEFORE_P1,1325.22768636215,-2584.48341698145,5627.61164316779,4868.58396922644,-1794.90668184374,2189.41519269911,1,2
3,A435,1,A_EXTEND_AFTER_P2,2138.15182996952,596.154126038026,-2941.99149094277,6356.42586804517,34.8532008198345,-5567.08299621381,1,1
3,A435,2,B_EXTEND_BEFORE_P1,781.725961924352,776.645741293769,-2097.86851751934,5000,215.344816075578,-4722.96002279038,0,0
3,A436,1,A_EXTEND_AFTER_P2,2157.93527938752,-370.819460230364,-4072.21494380238,2775.67517943145,-5301.14045540643,-4629.28971474414,1,1
3,A436,2,B_EXTEND_BEFORE_P1,2120.20417120938,-69.6790048239356,-4038.18921801678,2737.94407125331,-5000,-4595.26398895854,0,0
3,A437,1,DIRECT,2185.9855598441,1984.51628984381,781.369893030972,2651.80374283138,-684.01134952795,4983.98499059908,1,1
3,A438,1,A_EXTEND_AFTER_P2,2194.75309856935,-4884.68753096991,254.963652473301,6976.79105453411,-5778.9866811359,-899.307553840377,1,1
3,A438,2,B_EXTEND_BEFORE_P1,-1970.6806667333,-4105.70084983401,1260.40114614657,2811.35728923145,-5000,106.129939832887,0,0
3,A439,1,A_EXTEND_AFTER_P2,2205.66157082781,5000,2709.39855694187,4550.90556938823,978.065666186864,4532.54824956489,0,0
3,A439,2,B_EXTEND_BEFORE_P1,1610.76934659088,6020.19980140473,2246.94024709133,3956.0133451513,1998.26546759159,4070.08993971435,1,2
3,A440,1,A_EXTEND_AFTER_P2,2221.45452106537,-3691.24174937831,-4803.33026035023,6947.48725516164,-4340.69143386373,-6300.93825431003,1,1
3,A440,2,B_EXTEND_BEFORE_P1,-1883.94341998775,-3127.07947046132,-3502.3920060402,2842.08931410852,-3776.52915494674,-5000,0,0
3,A441,1,A_EXTEND_AFTER_P2,2259.19601857106,913.209022363478,5000,5613.66960525996,3971.3884518071,2903.56361090197,1,1
3,A441,2,B_EXTEND_BEFORE_P1,1645.5264133111,353.743665197482,5383.52345251891,5000,3411.9230946411,3287.08706342088,1,2
3,A442,1,A_EXTEND_AFTER_P2,2265.94857369379,4187.52171902625,-4180.4968656364,3730.38502585634,7750.93756172736,-993.41459346891,1,1
3,A442,2,B_EXTEND_BEFORE_P1,1135.4116336203,1436.58415729889,-6640.90696702246,2599.84808578285,5000,-3453.82469485497,0,0
3,A443,1,A_EXTEND_AFTER_P2,2286.94509947694,-1448.6095039137,1283.25446944978,6580.37900296593,-3553.43041143183,2744.81331658726,1,1
3,A443,2,B_EXTEND_BEFORE_P1,706.566096511007,-673.841604367795,745.266237759958,5000,-2778.66251188592,2206.82508489744,0,0
3,A444,1,A_EXTEND_AFTER_P2,2293.03898663167,3878.20935848705,1496.82686801208,5721.25004611858,479.023569555257,2797.94365905574,1,1
3,A444,2,B_EXTEND_BEFORE_P1,1571.78894051309,4593.3528734256,1223.08918697025,5000,1194.16708449381,2524.20597801391,0,0
3,A445,1,A_EXTEND_AFTER_P2,2308.21104448534,-1597.823544557,5000,6357.34702414443,-641.008520538795,2227.09487575878,1,1
3,A445,2,B_EXTEND_BEFORE_P1,950.864020340908,-1918.56605160838,5929.53028436959,5000,-961.751027590173,3156.62516012837,1,2
3,A446,1,DIRECT,2349.51422773966,-4782.75116116942,-981.078798114355,3998.01639248422,-273.129505281531,-2375.98135154935,1,1
3,A447,1,A_EXTEND_AFTER_P2,2363.50922572959,12.1807173140578,-3788.92078205071,7339.08858703125,-61.3227277094075,-3300.85596774968,1,1
3,A447,2,B_EXTEND_BEFORE_P1,24.4206386983456,46.7357021463945,-4018.3667930504,5000,-26.7677428770708,-3530.30197874937,0,0
3,A448,1,A_EXTEND_AFTER_P2,2389.1003916357,-594.534061345262,5000,4625.29290618739,1301.89763142039,949.939522360567,0,0
3,A448,2,B_EXTEND_BEFORE_P1,1468.51011214793,-1375.25243452281,6667.31901783507,3704.70262669962,521.179258242847,2617.25854019564,1,2
3,A449,1,A_EXTEND_AFTER_P2,2402.44476182982,-5000,-4654.9069888606,5505.55597293899,-3668.32030888598,-967.451224819079,0,0
3,A449,2,B_EXTEND_BEFORE_P1,1862.23816723654,-5231.82609390548,-5296.8394835372,4965.34937834571,-3900.14640279146,-1609.38371949568,1,3
3,A450,1,A_EXTEND_AFTER_P2,2514.52562627348,-4260.34208156521,-2304.59192919242,7479.77079360645,-4593.91071736291,-2789.43457736672,1,1
3,A450,2,B_EXTEND_BEFORE_P1,34.7548326670317,-4093.74934891298,-2062.44907462654,5000,-4427.31798471068,-2547.29172280084,0,0
3,A451,1,A_EXTEND_AFTER_P2,2517.46943394691,2406.25814863304,-1448.34301043423,3199.88876507242,-0.740609172570885,-5777.39150131862,1,1
3,A451,2,B_EXTEND_BEFORE_P1,2394.92356977616,2838.49640651874,-670.951509115606,3077.34290090167,431.497648713124,-5000,0,0
3,A452,1,A_EXTEND_AFTER_P2,2519.42483136072,-4562.5000572955,701.261118186283,7475.81361822833,-4309.12018384299,92.9776044016452,1,1
3,A452,2,B_EXTEND_BEFORE_P1,43.6112131323871,-4689.06828433629,1005.11068930186,5000,-4435.68841088378,396.827175517224,0,0
3,A453,1,DIRECT,2528.21606695881,1586.81745681389,2610.70769417941,4792.02545696911,1625.81941817716,-1847.27905913323,1,1
3,A454,1,A_EXTEND_AFTER_P2,2539.69140013146,-1371.64340868335,2509.40607726431,6961.22720877849,-908.420118048353,4797.51561919305,1,1
3,A454,2,B_EXTEND_BEFORE_P1,578.464191352972,-1577.11186142246,1494.48662743869,5000,-1113.88857078746,3782.59616936743,0,0
3,A455,1,A_EXTEND_AFTER_P2,2560.67445445603,2313.47317171019,3733.12410882793,6105.95052831149,5839.23793929084,3732.52092145894,1,1
3,A455,2,B_EXTEND_BEFORE_P1,1454.72392614454,1213.60920451077,3733.31227340962,5000,4739.37397209142,3732.70908604063,0,0
3,A456,1,A_EXTEND_AFTER_P2,2572.73603125943,-3554.92440223894,3045.22702639135,7423.07510843984,-3456.76012690378,1835.03092185926,1,1
3,A456,2,B_EXTEND_BEFORE_P1,149.660922819594,-3603.96415148487,3649.80250257171,5000,-3505.79987614971,2439.60639803962,0,0
3,A457,1,A_EXTEND_AFTER_P2,2599.84808578285,-5000,-3453.82469485497,4064.2845379454,-1436.58415729887,-266.742422687499,0,0
3,A457,2,B_EXTEND_BEFORE_P1,2265.94857369379,-5812.47828097376,-4180.4968656364,3730.38502585634,-2249.06243827263,-993.414593468929,1,2
3,A458,1,A_EXTEND_AFTER_P2,2644.768876885,-1443.52713778499,5000,4172.55964626325,1083.07631834075,964.887815624443,0,0
3,A458,2,B_EXTEND_BEFORE_P1,1828.82464848206,-2792.90530448755,7155.02447310865,3356.61541786031,-266.301848361813,3119.91228873309,1,2
3,A459,1,A_EXTEND_AFTER_P2,2660.20225997244,167.983263353894,-2854.89884709205,5453.63520860012,4224.19290758382,-1992.4049725762,1,1
3,A459,2,B_EXTEND_BEFORE_P1,2206.56705137232,-490.71860704182,-2994.96220135102,5000,3565.49103718811,-2132.46832683517,0,0
3,A460,1,DIRECT,2667.11551655743,-4578.02059768206,4020.77382847998,4636.58461882365,-451.557482808567,1997.53543006836,1,1
3,A461,1,A_EXTEND_AFTER_P2,2685.69369049022,1007.78727821895,1133.7691620477,7685.65553305776,992.637982139224,1146.10089740262,1,1
3,A461,2,B_EXTEND_BEFORE_P1,0.0381574324565008,1015.92449848573,1127.14535284056,5000,1000.775202406,1139.47708819548,0,0
3,A462,1,A_EXTEND_AFTER_P2,2697.46785066112,-338.839092535151,1065.68879817128,5959.9753000578,-3964.39042857365,-34.957672036402,1,1
3,A462,2,B_EXTEND_BEFORE_P1,1737.49255060332,727.959921925991,1389.54811248199,5000,-2897.59141411251,288.901642274303,0,0
3,A463,1,A_EXTEND_AFTER_P2,2729.34719896387,4049.13681900675,956.225516721766,7412.60283374673,3249.44185661583,-601.851704214716,1,1
3,A463,2,B_EXTEND_BEFORE_P1,316.744365217137,4461.1037246926,1758.87687969864,5000,3661.40876230168,200.799658762158,0,0
3,A464,1,A_EXTEND_AFTER_P2,2739.00510336012,-930.100019087671,-1850.99938562975,6935.00623321063,-3445.24911945059,-817.75230906152,1,1
3,A464,2,B_EXTEND_BEFORE_P1,803.998870149486,229.773163985031,-2327.48627677542,5000,-2285.37593637789,-1294.23920020719,0,0
3,A465,1,A_EXTEND_AFTER_P2,2749.70994887475,4109.09927983667,5000,7122.69821371565,5977.44096812636,3455.2433941353,0,0
3,A465,2,B_EXTEND_BEFORE_P1,-330.447858179859,2793.11421678495,6088.06468972458,4042.54040666104,4661.45590507464,4543.30808385988,1,2
3,A466,1,A_EXTEND_AFTER_P2,2758.88857697661,-704.7833732692,-1028.25735121264,7672.75294742295,-763.909003116403,-1950.45099072288,1,1
3,A466,2,B_EXTEND_BEFORE_P1,86.1356295536571,-672.623714489689,-526.657066328953,5000,-731.749344336892,-1448.85070583919,0,0
3,A467,1,A_EXTEND_AFTER_P2,2788.07639586735,-851.58184383468,-2831.56760893294,3742.11239753227,-5615.63793561111,-4012.0695623134,1,1
3,A467,2,B_EXTEND_BEFORE_P1,2664.7905354054,-235.943908223569,-2679.01655336948,3618.82653707032,-5000,-3859.51850674994,0,0
3,A468,1,DIRECT,2791.90602670714,2133.65164203677,1194.55740686684,3693.01715076149,892.951182923789,-3564.50354177233,1,1
3,A469,1,A_EXTEND_AFTER_P2,2811.35728923145,5000,106.129939832887,7593.39524519621,4105.70084983403,-1048.14126648079,1,1
3,A469,2,B_EXTEND_BEFORE_P1,217.962044035245,5484.99639383467,732.114402040456,5000,4590.6972436687,-422.156804273222,1,2
3,A470,1,A_EXTEND_AFTER_P2,2842.08931410852,-3776.52915494674,5000,7568.12204820479,-4425.97883943215,3502.39200604019,1,1
3,A470,2,B_EXTEND_BEFORE_P1,273.967265903731,-3423.61876524637,5813.79887217209,5000,-4073.06844973178,4316.19087821228,1,2
3,A471,1,A_EXTEND_AFTER_P2,2927.57745307206,-1630.19458096303,3201.81323756936,7178.9546405909,-1019.01073215133,5761.54883180484,1,1
3,A471,2,B_EXTEND_BEFORE_P1,748.622812481157,-1943.44410573636,1889.87418682608,5000,-1332.26025692466,4449.60978106156,0,0
3,A472,1,A_EXTEND_AFTER_P2,2961.59336833087,2963.39287976499,931.959038464292,5620.24752925451,-1271.17341410156,934.480040778632,1,1
3,A472,2,B_EXTEND_BEFORE_P1,2341.34583907636,3951.2909373005,931.370904257257,5000,-283.275356566054,933.891906571597,0,0
3,A473,1,A_EXTEND_AFTER_P2,2974.91581199981,-3209.11843150307,-2619.21472521137,4585.08530857369,-7935.1140391668,-2888.13796453095,1,1
3,A473,2,B_EXTEND_BEFORE_P1,1974.90830307019,-274.004392336269,-2452.19798615534,3585.07779964407,-5000,-2721.12122547492,0,0
3,A474,1,A_EXTEND_AFTER_P2,3008.20482287106,4343.44127097059,-1074.47554257819,5426.85053623706,7836.80610623826,-3710.10735315636,1,1
3,A474,2,B_EXTEND_BEFORE_P1,1044.13028383771,1506.63516473233,1065.80374876902,3462.77599720371,5000,-1569.82806180915,0,0
3,A475,1,A_EXTEND_AFTER_P2,3077.34290090167,431.497648713124,5000,3759.76223202718,-1975.5011090925,670.951509115611,0,0
3,A475,2,B_EXTEND_BEFORE_P1,2517.46943394691,2406.25814863305,8551.65698956577,3199.88876507242,-0.740609172570657,4222.60849868138,1,2
3,A476,1,A_EXTEND_AFTER_P2,3130.05601284577,5000,-3802.87634223128,4066.11353956835,1035.88077276901,-902.953057217767,0,0
3,A476,2,B_EXTEND_BEFORE_P1,3061.17902144353,5291.68784838194,-4016.25851743622,3997.23654816611,1327.56862115095,-1116.33523242271,1,2
3,A477,1,A_EXTEND_AFTER_P2,3211.34287959151,-2934.55467460003,-1233.640012785,8157.14097762455,-2262.6891085513,-937.535580783764,1,1
3,A477,2,B_EXTEND_BEFORE_P1,54.2019019669597,-3363.43880370974,-1422.65772385961,5000,-2691.57323766101,-1126.55329185837,0,0
3,A478,1,A_EXTEND_AFTER_P2,3254.19399524487,1204.43391370058,-3055.72089647054,7374.40848672919,3326.08016801862,-1178.90185466047,1,1
3,A478,2,B_EXTEND_BEFORE_P1,879.785508515682,-18.2341979964676,-4137.29931189992,5000,2103.41205632157,-2260.48027008985,0,0
3,A479,1,A_EXTEND_AFTER_P2,3332.26597756176,-711.651708220177,-977.579563814859,7751.14719131134,1511.80528368368,-1705.40359744172,1,1
3,A479,2,B_EXTEND_BEFORE_P1,581.118786250416,-2095.95175214177,-524.444268018494,5000,127.505239762082,-1252.26830164535,0,0
3,A480,1,A_EXTEND_AFTER_P2,3349.07042751365,-1449.86954706891,1910.41866420061,7042.90126159397,-4028.25170916487,4080.1097010496,1,1
3,A480,2,B_EXTEND_BEFORE_P1,1306.16916591968,-23.8756647235427,710.454519781008,5000,-2602.2578268195,2880.14555663,0,0
3,A481,1,A_EXTEND_AFTER_P2,3365.03372627464,-605.81295403721,3011.27643085366,7615.64627470073,-367.294829233285,5633.37522138438,1,1
3,A481,2,B_EXTEND_BEFORE_P1,749.387451573906,-752.586868969306,1397.74829691717,5000,-514.068744165381,4019.84708744789,0,0
3,A482,1,A_EXTEND_AFTER_P2,3381.85542786493,-2559.68555181577,-734.934673134409,7645.52745964923,51.3673451435477,-675.743671616228,1,1
3,A482,2,B_EXTEND_BEFORE_P1,736.327968215704,-4179.79424826534,-771.661564582238,5000,-1568.74135130602,-712.470563064057,0,0
3,A483,1,A_EXTEND_AFTER_P2,3389.22068789153,2270.03689230683,645.133714541248,4202.56947419117,779.033090844388,5347.83202677109,1,1
3,A483,2,B_EXTEND_BEFORE_P1,3329.06187309478,2380.31802023659,297.301687770153,4142.41065939442,889.314218774148,5000,0,0
3,A484,1,DIRECT,3396.69722447229,2466.46467800159,3432.60710269445,3582.15960574464,-547.671098362899,-552.438596764017,1,1
3,A485,1,A_EXTEND_AFTER_P2,3442.30249221077,-4498.08055405593,3039.05232600151,8441.62832332588,-4567.3450902248,2994.96538491325,1,1
3,A485,2,B_EXTEND_BEFORE_P1,0.674168884889241,-4450.39756688251,3069.40259127004,5000,-4519.66210305138,3025.31565018178,0,0
3,A486,1,A_EXTEND_AFTER_P2,3462.77599720371,-5000,-1569.82806180915,5881.4217105697,-1506.63516473235,-4205.45987238735,1,1
3,A486,2,B_EXTEND_BEFORE_P1,2581.35428663401,-6273.07922434844,-609.330587510306,5000,-2779.71438908079,-3244.96239808851,1,2
3,A487,1,DIRECT,3465.18583464852,2343.86674548717,4333.74941344652,3771.44232067619,1502.87741477568,-585.492795511629,1,1
3,A488,1,A_EXTEND_AFTER_P2,3494.54286652056,-5000,1257.76926303324,8211.94391074798,-3621.29966954059,338.36032968901,1,1
3,A488,2,B_EXTEND_BEFORE_P1,282.598955772582,-5938.71775786037,1883.76859979854,5000,-4560.01742740096,964.359666454309,1,2
3,A489,1,A_EXTEND_AFTER_P2,3509.60898672962,2590.92582646438,-3055.11953957641,7961.3360595183,1713.47815093002,-954.593023176367,1,1
3,A489,2,B_EXTEND_BEFORE_P1,548.272927211322,3174.61332558878,-4452.41205443249,5000,2297.16565005442,-2351.88553803245,0,0
3,A490,1,A_EXTEND_AFTER_P2,3512.87592410012,-3908.89270220084,833.536155343552,8502.99267633444,-3996.37334061973,1135.33399657542,1,1
3,A490,2,B_EXTEND_BEFORE_P1,9.88324776567924,-3847.48250862867,621.678261017648,5000,-3934.96314704756,923.476102249517,0,0
3,A491,1,A_EXTEND_AFTER_P2,3529.52302702487,-1770.42110056799,-1042.75460219955,8219.30941139707,-1643.08063301095,-2771.82605077521,1,1
3,A491,2,B_EXTEND_BEFORE_P1,310.213615627804,-1857.83411516161,144.168539103127,5000,-1730.49364760457,-1584.90290947253,0,0
3,A492,1,A_EXTEND_AFTER_P2,3577.94567223215,-517.485852962534,3925.85781203698,3655.09398305123,-1261.8430225512,8869.53868181607,1,1
3,A492,2,B_EXTEND_BEFORE_P1,3517.55982192856,65.1405213283209,56.3191302209125,3594.70813274764,-679.216648260341,5000,0,0
3,A493,1,A_EXTEND_AFTER_P2,3585.07779964407,5000,-2721.12122547492,5195.24729621795,274.004392336266,-2990.04446479448,0,0
3,A493,2,B_EXTEND_BEFORE_P1,2974.91581199982,6790.88156849692,-2619.21472521138,4585.08530857369,2064.88596083319,-2888.13796453094,1,2
3,A494,1,A_EXTEND_AFTER_P2,3594.70813274764,-679.216648260341,-5000,3671.85644356675,-1423.57381784901,-56.3191302209136,0,0
3,A494,2,B_EXTEND_BEFORE_P1,3577.94567223214,-517.485852962534,-6074.14218796302,3655.09398305125,-1261.8430225512,-1130.46131818393,1,2
3,A495,1,A_EXTEND_AFTER_P2,3618.82653707032,5000,-3859.51850674994,4572.86253873521,235.943908223562,-5040.0204601304,0,0
3,A495,2,B_EXTEND_BEFORE_P1,2788.07639586738,9148.41815616533,-2831.56760893294,3742.11239753227,4384.36206438889,-4012.0695623134,1,2
3,A496,1,A_EXTEND_AFTER_P2,3629.0204802409,5000,-4249.16419837464,8160.00763546105,3622.85501494571,-5853.41701179585,1,1
3,A496,2,B_EXTEND_BEFORE_P1,469.012844779854,5960.45045347232,-3130.32387374905,5000,4583.30546841803,-4734.57668717026,1,2
3,A497,1,A_EXTEND_AFTER_P2,3708.81963961953,73.4954595251484,2118.95903323431,7621.62984041104,3020.94096491726,1117.71913924001,1,1
3,A497,2,B_EXTEND_BEFORE_P1,1087.18979920849,-1901.3284377235,2789.80179043589,5000,1046.11706766861,1788.56189644159,0,0
3,A498,1,A_EXTEND_AFTER_P2,3834.62293655403,-506.295200470953,2125.67594923218,8652.26823599072,-169.264629335,3420.55206799232,1,1
3,A498,2,B_EXTEND_BEFORE_P1,182.35470056331,-761.7988693819,1144.0273171414,5000,-424.768298245947,2438.90343590154,0,0
3,A499,1,A_EXTEND_AFTER_P2,3864.28520273758,319.864290043192,-282.432451387936,8808.24882134474,518.842460481698,-1001.89852117701,1,1
3,A499,2,B_EXTEND_BEFORE_P1,56.0363813928393,166.594880819818,271.759695568773,5000,365.573051258324,-447.706374220298,0,0
3,A500,1,A_EXTEND_AFTER_P2,3871.62491870093,844.90849683124,-4276.14084971973,7311.89043635041,-2232.55516649171,-2354.21718604344,1,1
3,A500,2,B_EXTEND_BEFORE_P1,1559.73448235052,2912.99271153839,-5567.69143343298,5000,-164.470951784556,-3645.76776975669,0,0
3,A501,1,A_EXTEND_AFTER_P2,3872.16250000045,4296.49481642619,2348.90129974546,7396.3412955833,1039.72095580789,944.056882182574,1,1
3,A501,2,B_EXTEND_BEFORE_P1,1475.82120441715,6511.00836561323,3304.15552688488,5000,3254.23450499493,1899.31110932199,0,0
3,A502,1,A_EXTEND_AFTER_P2,3888.74551072484,-31.3664051409514,1617.80884706797,8756.40907779937,1068.96624807132,1309.3944342237,1,1
3,A502,2,B_EXTEND_BEFORE_P1,132.336432925468,-880.500596559562,1855.81434686644,5000,219.832056652714,1547.39993402217,0,0
3,A503,1,A_EXTEND_AFTER_P2,3907.247749323,4051.68894718334,-4381.70758343813,6514.01749298811,8064.45951996522,-2931.73384790775,1,1
3,A503,2,B_EXTEND_BEFORE_P1,1916.51834866508,987.229427218117,-5489.01878824125,4523.28809233018,5000,-4039.04505271087,0,0
3,A504,1,A_EXTEND_AFTER_P2,3941.97856997146,-2592.1566237605,4508.83742012003,8047.78743644732,148.897971568056,3715.77168678108,1,1
3,A504,2,B_EXTEND_BEFORE_P1,894.191133524144,-4626.87183577893,5097.5389054919,5000,-1885.81724045037,4304.47317215295,0,0
3,A505,1,A_EXTEND_AFTER_P2,3965.33559940482,-4944.15626562438,-316.987420275041,7500.33285472774,-4677.41226432861,-3842.98260498987,1,1
3,A505,2,B_EXTEND_BEFORE_P1,1465.00274467708,-5132.82650836278,2176.97819530758,5000,-4866.08250706701,-1349.01698940725,0,0
3,A506,1,A_EXTEND_AFTER_P2,3966.59987515512,-1723.44607031509,1110.01620415164,8962.37036816622,-1563.1498267326,981.243942181341,1,1
3,A506,2,B_EXTEND_BEFORE_P1,4.22950698889827,-1850.58423380522,1212.1512793691,5000,-1690.28799022273,1083.3790173988,0,0
3,A507,1,A_EXTEND_AFTER_P2,3997.33005539518,936.385010562742,3995.20101820592,8859.43746017508,30.939360221889,3260.29982847813,1,1
3,A507,2,B_EXTEND_BEFORE_P1,137.892595220104,1655.10851256573,4578.54995417848,5000,749.662862224878,3843.64876445069,0,0
3,A508,1,A_EXTEND_AFTER_P2,4007.62434656254,3580.26727887345,1467.64157531646,7164.38152144688,5771.10595019483,4666.87743018228,1,1
3,A508,2,B_EXTEND_BEFORE_P1,1843.24282511566,2078.15277529179,-725.864793216809,5000,4268.99144661317,2473.37106164901,0,0
3,A509,1,A_EXTEND_AFTER_P2,4021.40006053063,-1357.76387813387,2505.56433286008,8613.47944105767,-3296.09996253494,2900.10227380759,1,1
3,A509,2,B_EXTEND_BEFORE_P1,407.920619472959,167.501042273414,2195.10481763989,5000,-1770.83504212766,2589.6427585874,0,0
3,A510,1,A_EXTEND_AFTER_P2,4049.46947707715,1819.36027626139,-2766.319343881,6322.30640431312,5834.23794989798,-4693.74497614987,1,1
3,A510,2,B_EXTEND_BEFORE_P1,2727.16307276404,-516.442348540047,-1644.96865354096,5000,3498.43532509654,-3572.39428580983,0,0
3,A511,1,A_EXTEND_AFTER_P2,4091.84608263077,5000,-4251.6094105475,7561.6723773915,2406.93171863887,-1754.35043871741,1,1
3,A511,2,B_EXTEND_BEFORE_P1,1530.17370523927,6914.38729918061,-6095.26346809777,5000,4321.31901781948,-3598.00449626768,1,3
3,A512,1,A_EXTEND_AFTER_P2,4116.00215602141,-2323.41298522058,2932.9824985829,8703.60706294568,-544.587260835784,3821.61080121074,1,1
3,A512,2,B_EXTEND_BEFORE_P1,412.395093075727,-3759.4720291538,2215.58635730263,5000,-1980.646304769,3104.21465993047,0,0
3,A513,1,A_EXTEND_AFTER_P2,4116.20353736329,-1155.42203826977,-5000,7045.66886661708,-1175.91986762122,-948.109981293685,0,0
3,A513,2,B_EXTEND_BEFORE_P1,1926.06627797376,-1140.0973783904,-8029.28838662096,4855.53160722755,-1160.59520774185,-3977.39836791464,1,2
3,A514,1,A_EXTEND_AFTER_P2,4117.8861574476,3795.58849197618,-3708.86649677219,8957.79382138928,3853.29927026518,-4962.64609087469,1,1
3,A514,2,B_EXTEND_BEFORE_P1,160.092336058317,3748.3959879866,-2683.59876947808,5000,3806.1067662756,-3937.37836358058,0,0
3,A515,1,A_EXTEND_AFTER_P2,4193.64451642271,2188.20628558915,846.644790811998,7357.7861070763,3910.39189723333,4313.96143532861,1,1
3,A515,2,B_EXTEND_BEFORE_P1,1835.85840934641,904.905525302185,-1737.05469894029,5000,2627.09113694637,1730.26194557632,0,0
3,A516,1,A_EXTEND_AFTER_P2,4203.73277612177,-1221.95108410427,-3535.95774239944,9140.40641810757,-464.392719794675,-3300.67349476014,1,1
3,A516,2,B_EXTEND_BEFORE_P1,63.3263580141966,-1857.31808244139,-3733.29150996312,5000,-1099.7597181318,-3498.00726232382,0,0
3,A517,1,A_EXTEND_AFTER_P2,4207.5945219733,2069.91400679435,467.110873810386,8573.41828760042,-365.593857143036,378.317336970382,1,1
3,A517,2,B_EXTEND_BEFORE_P1,634.176234372876,4063.37247140518,539.788211558859,5000,1627.86460746779,450.994674718855,0,0
3,A518,1,A_EXTEND_AFTER_P2,4219.88009867758,598.353222358301,4781.78126632245,8287.8240394028,2828.37713075327,6646.94224144062,1,1
3,A518,2,B_EXTEND_BEFORE_P1,627.874474944045,-1370.76398690858,3134.83902488183,4695.81841566927,859.259921486391,5000,0,0
3,A519,1,A_EXTEND_AFTER_P2,4264.91944510701,2719.66656545626,-2717.73697995722,8295.09981451955,2529.88414160761,-5670.97737342335,1,1
3,A519,2,B_EXTEND_BEFORE_P1,969.819630587463,2874.83382158428,-303.149795076374,5000,2685.05139773563,-3256.3901885425,0,0
3,A520,1,A_EXTEND_AFTER_P2,4282.87138818864,-1914.2426538574,-120.190611144002,6596.25510143776,-4013.07197165804,-4024.44102447743,1,1
3,A520,2,B_EXTEND_BEFORE_P1,2686.61628675088,-466.031971643774,2573.77650027001,5000,-2564.86128944441,-1330.47391306341,0,0
3,A521,1,A_EXTEND_AFTER_P2,4290.87680487786,-1961.10631399335,-4070.08071759942,6948.13092206936,-3726.31167480153,-220.009212959161,1,1
3,A521,2,B_EXTEND_BEFORE_P1,2342.7458828085,-666.969210227154,-6892.7100257422,5000,-2432.17457103533,-3042.63852110194,0,0
3,A522,1,A_EXTEND_AFTER_P2,4299.79896780538,1349.80283907628,1835.79803419742,7380.70901555297,4561.01415799684,4115.29691397877,1,1
3,A522,2,B_EXTEND_BEFORE_P1,1919.08995225241,-1131.59376754943,74.3627926830407,5000,2079.61755137113,2353.86167246439,0,0
3,A523,1,A_EXTEND_AFTER_P2,4321.64254992263,2847.06674126333,401.469916902103,9314.44665618272,2637.72908546577,233.884409242307,1,1
3,A523,2,B_EXTEND_BEFORE_P1,7.19589373991312,3027.96231213832,546.286079875717,5000,2818.62465634076,378.700572215921,0,0
3,A524,1,A_EXTEND_AFTER_P2,4325.20163426424,-1412.75606927509,-1448.18219569766,5537.00423071558,-6263.27990741842,-1511.05478779547,1,1
3,A524,2,B_EXTEND_BEFORE_P1,3788.19740354866,736.729193339087,-1420.3205224751,5000,-4113.79464480424,-1483.19311457291,0,0
3,A525,1,A_EXTEND_AFTER_P2,4357.51711076798,-4345.88343765612,1246.1786196431,9240.95089679447,-3308.2619136661,1520.79841217021,1,1
3,A525,2,B_EXTEND_BEFORE_P1,116.566213973511,-5246.99157703345,1007.68883838961,5000,-4209.37005304343,1282.30863091672,0,0
3,A526,1,A_EXTEND_AFTER_P2,4407.7330623889,4841.08262603594,2760.95781151037,9214.18634356008,5463.1304600886,3990.21097830278,1,1
3,A526,2,B_EXTEND_BEFORE_P1,193.546718828818,4295.68556630064,1683.17725166016,5000,4917.7334003533,2912.43041845257,0,0
3,A527,1,A_EXTEND_AFTER_P2,4430.11098840597,5000,77.3087692586194,8232.72590937403,1770.81849808157,412.728790275372,1,1
3,A527,2,B_EXTEND_BEFORE_P1,1197.38507903194,7745.23161673849,-207.842637076155,5000,4516.05011482006,127.577383940598,1,2
3,A528,1,A_EXTEND_AFTER_P2,4446.18561480136,-1294.29525485802,4558.56428408025,8994.71274920411,82.0158712142118,6113.12807879943,1,1
3,A528,2,B_EXTEND_BEFORE_P1,451.472865597251,-2503.03105872041,3193.27929693655,5000,-1126.71993264818,4747.84309165573,0,0
3,A529,1,A_EXTEND_AFTER_P2,4472.37546899875,-1620.35756654936,-1336.03639488305,6004.26383580022,-2209.34600138376,3386.92990346057,1,1
3,A529,2,B_EXTEND_BEFORE_P1,3468.11163319853,-1234.23296528759,-4432.28306266941,5000,-1823.22140012199,290.683235674212,0,0
3,A530,1,A_EXTEND_AFTER_P2,4484.2193071036,-1361.265828981,2855.42176825384,7586.32353140851,-2347.43049850614,-939.894901818636,1,1
3,A530,2,B_EXTEND_BEFORE_P1,1897.89577569509,-539.06879554378,6019.69869230042,5000,-1525.23346506892,2224.38202222794,0,0
3,A531,1,A_EXTEND_AFTER_P2,4506.68923613271,-883.7606239925,39.3922598071495,6060.6372080186,3784.94787024668,-848.530426292623,1,1
3,A531,2,B_EXTEND_BEFORE_P1,3446.05202811411,-4070.35762207153,645.438186543232,5000,598.350872167653,-242.484499556541,0,0
3,A532,1,A_EXTEND_AFTER_P2,4523.28809233018,-5000,-4039.04505271087,7130.05783599528,-987.229427218133,-2589.07131718043,1,1
3,A532,2,B_EXTEND_BEFORE_P1,2393.2302563349,-8278.93686175276,-5223.85545833247,5000,-4266.16628897089,-3773.88172280203,1,3
3,A533,1,A_EXTEND_AFTER_P2,4527.48521921945,-3051.06585963938,-3566.1500096106,6522.09759845528,-539.990915338513,269.997026244985,1,1
3,A533,2,B_EXTEND_BEFORE_P1,3005.38762076417,-4967.27834385443,-6493.53091398168,5000,-2456.20339955356,-2657.38387812609,0,0
3,A534,1,A_EXTEND_AFTER_P2,4546.06572458795,-2333.105646127,1439.41223578663,8863.51423120501,-3251.23992689054,-909.346550295267,1,1
3,A534,2,B_EXTEND_BEFORE_P1,682.551493382937,-1511.50352291684,3541.22375288693,5000,-2429.63780368038,1192.46496680503,0,0
3,A535,1,A_EXTEND_AFTER_P2,4671.56701386959,-4610.19129894059,59.5967397559434,7516.60247213786,-4066.21125355775,-4015.92273037563,1,1
3,A535,2,B_EXTEND_BEFORE_P1,2154.96454173173,-5091.37388772892,3664.63524427499,5000,-4547.39384234608,-410.884225856586,0,0
